{
  "entity": "Abraham Lincoln",
  "cosine_similarities": {
    "query_1": {
      "answer_1": 0.7169353791830703,
      "answer_2": 0.6117417887856644,
      "answer_3": 0.490100096032954,
      "answer_4": 0.5361016375110225,
      "answer_5": 0.4945899120146928,
      "answer_6": 0.5407333532792733
    },
    "query_2": {
      "answer_1": 0.6545789099560125,
      "answer_2": 0.7959720820859951,
      "answer_3": 0.4972096166641773,
      "answer_4": 0.5365965807038597,
      "answer_5": 0.5351632830653128,
      "answer_6": 0.6019395823080672
    },
    "query_3": {
      "answer_1": 0.5043227612025353,
      "answer_2": 0.5864478949890272,
      "answer_3": 0.8076924971080474,
      "answer_4": 0.4273275533743262,
      "answer_5": 0.47991297038704195,
      "answer_6": 0.44861363682691446
    },
    "query_4": {
      "answer_1": 0.5049309909841041,
      "answer_2": 0.55287279725984,
      "answer_3": 0.4357762211810777,
      "answer_4": 0.6779481174246446,
      "answer_5": 0.4341051148950822,
      "answer_6": 0.5383709969234988
    },
    "query_5": {
      "answer_1": 0.6046216041597762,
      "answer_2": 0.664109884025752,
      "answer_3": 0.4917963164827525,
      "answer_4": 0.419971789485018,
      "answer_5": 0.788924756396171,
      "answer_6": 0.45449534391809776
    },
    "query_6": {
      "answer_1": 0.533805850372522,
      "answer_2": 0.5531450439793316,
      "answer_3": 0.411701179820122,
      "answer_4": 0.46888746687566946,
      "answer_5": 0.4167319772722822,
      "answer_6": 0.8438596943914897
    }
  }
}