{
  "entity": "Abraham Lincoln",
  "cosine_similarities": {
    "query_1": {
      "answer_1": 0.8754682427913378,
      "answer_2": 0.6263394838413292,
      "answer_3": 0.6361634082613401,
      "answer_4": 0.5724164726175414,
      "answer_5": 0.5838597222899699,
      "answer_6": 0.5567347194081417
    },
    "query_2": {
      "answer_1": 0.6256064580498882,
      "answer_2": 0.8630375916074788,
      "answer_3": 0.6218150767186942,
      "answer_4": 0.49519993492253167,
      "answer_5": 0.5353614217463181,
      "answer_6": 0.45608599795914145
    },
    "query_3": {
      "answer_1": 0.5842061905986683,
      "answer_2": 0.5950024244638721,
      "answer_3": 0.8939718988800901,
      "answer_4": 0.47721062113814916,
      "answer_5": 0.4873981132238512,
      "answer_6": 0.4386251604872022
    },
    "query_4": {
      "answer_1": 0.597295130050286,
      "answer_2": 0.5254130570632564,
      "answer_3": 0.512175550625141,
      "answer_4": 0.8356679720733198,
      "answer_5": 0.5465598961914526,
      "answer_6": 0.6210406951198946
    },
    "query_5": {
      "answer_1": 0.5939519854178095,
      "answer_2": 0.5317689924124934,
      "answer_3": 0.5235609526699494,
      "answer_4": 0.5251569947064858,
      "answer_5": 0.85932437606969,
      "answer_6": 0.44622788441687783
    },
    "query_6": {
      "answer_1": 0.5588633773949673,
      "answer_2": 0.511858478071041,
      "answer_3": 0.4690059183031263,
      "answer_4": 0.5666621023351037,
      "answer_5": 0.4842465389890795,
      "answer_6": 0.8693371362039924
    }
  }
}