{
  "entity": "Abraham Lincoln",
  "cosine_similarities": {
    "query_1": {
      "answer_1": 0.863697961200432,
      "answer_2": 0.5890267295469547,
      "answer_3": 0.610463921930558,
      "answer_4": 0.5336638251253872,
      "answer_5": 0.5537160174571514,
      "answer_6": 0.5579677831888271
    },
    "query_2": {
      "answer_1": 0.5975262281264014,
      "answer_2": 0.856326465888869,
      "answer_3": 0.6069681247821714,
      "answer_4": 0.4374246641308823,
      "answer_5": 0.4879998041250519,
      "answer_6": 0.4682317252247809
    },
    "query_3": {
      "answer_1": 0.6158853417543757,
      "answer_2": 0.6114963191170772,
      "answer_3": 0.9012672229665158,
      "answer_4": 0.4466016743149266,
      "answer_5": 0.4938628119159761,
      "answer_6": 0.46668275664189796
    },
    "query_4": {
      "answer_1": 0.5395520327757494,
      "answer_2": 0.48124145074767893,
      "answer_3": 0.4857713629525145,
      "answer_4": 0.8288548647627159,
      "answer_5": 0.5025063441765526,
      "answer_6": 0.554471649573465
    },
    "query_5": {
      "answer_1": 0.5611556031252156,
      "answer_2": 0.4890276167994496,
      "answer_3": 0.5177840820653951,
      "answer_4": 0.4471296922442572,
      "answer_5": 0.8386830657517729,
      "answer_6": 0.42849936835145175
    },
    "query_6": {
      "answer_1": 0.560961658152008,
      "answer_2": 0.4730686340718075,
      "answer_3": 0.4629080978981152,
      "answer_4": 0.5167962005999837,
      "answer_5": 0.4504368547354844,
      "answer_6": 0.8616014966060478
    }
  }
}