{
  "entity": "Abraham Lincoln",
  "cosine_similarities": {
    "query_1": {
      "answer_1": 0.8191443938690629,
      "answer_2": 0.6021535782811615,
      "answer_3": 0.5914504694005837,
      "answer_4": 0.5025033021949588,
      "answer_5": 0.5596676439765813,
      "answer_6": 0.5484339617210948
    },
    "query_2": {
      "answer_1": 0.6285985655605139,
      "answer_2": 0.8515496688590711,
      "answer_3": 0.588217108535575,
      "answer_4": 0.4664778292391787,
      "answer_5": 0.5200859220694372,
      "answer_6": 0.46359685344522517
    },
    "query_3": {
      "answer_1": 0.5599724209194576,
      "answer_2": 0.5760508588707108,
      "answer_3": 0.9132037322707968,
      "answer_4": 0.4324581629536596,
      "answer_5": 0.47342193210649897,
      "answer_6": 0.448168904895992
    },
    "query_4": {
      "answer_1": 0.4559792607604817,
      "answer_2": 0.44107241787488594,
      "answer_3": 0.45768012017516646,
      "answer_4": 0.8140397608131608,
      "answer_5": 0.4692090733479412,
      "answer_6": 0.6544845514778689
    },
    "query_5": {
      "answer_1": 0.5767080458416616,
      "answer_2": 0.5179722391037886,
      "answer_3": 0.5267524850616039,
      "answer_4": 0.4634730171357183,
      "answer_5": 0.833732355334043,
      "answer_6": 0.44895342072005406
    },
    "query_6": {
      "answer_1": 0.5282971499380542,
      "answer_2": 0.4728201117563806,
      "answer_3": 0.4720485827056798,
      "answer_4": 0.6198422717592398,
      "answer_5": 0.5078082504630294,
      "answer_6": 0.8214648359689953
    }
  }
}