{
  "entity": "Abraham Lincoln",
  "cosine_similarities": {
    "query_1": {
      "answer_1": 0.8227652386013488,
      "answer_2": 0.5692014909842334,
      "answer_3": 0.6040116916210905,
      "answer_4": 0.5465198718683802,
      "answer_5": 0.5820781870803754,
      "answer_6": 0.5111273426650748
    },
    "query_2": {
      "answer_1": 0.6001643931177411,
      "answer_2": 0.8469128554577464,
      "answer_3": 0.618762554559543,
      "answer_4": 0.45776433715862913,
      "answer_5": 0.5045287238502026,
      "answer_6": 0.46022681551060496
    },
    "query_3": {
      "answer_1": 0.583097435645979,
      "answer_2": 0.6042994935454519,
      "answer_3": 0.9042593926751462,
      "answer_4": 0.47683296379640344,
      "answer_5": 0.5135091742167583,
      "answer_6": 0.42275581390969286
    },
    "query_4": {
      "answer_1": 0.5218120223849088,
      "answer_2": 0.4703898384849888,
      "answer_3": 0.4896995030894984,
      "answer_4": 0.8411961855230701,
      "answer_5": 0.5285861242260108,
      "answer_6": 0.5660186009645949
    },
    "query_5": {
      "answer_1": 0.5474207547868603,
      "answer_2": 0.4747733738596389,
      "answer_3": 0.5040264928383887,
      "answer_4": 0.4737424179152112,
      "answer_5": 0.8273104665897314,
      "answer_6": 0.3949252589178826
    },
    "query_6": {
      "answer_1": 0.5227470178607906,
      "answer_2": 0.4769589680559721,
      "answer_3": 0.4418769020735206,
      "answer_4": 0.5859762857065615,
      "answer_5": 0.4861633011760898,
      "answer_6": 0.8338771934511542
    }
  }
}