{
  "entity": "Abraham Lincoln",
  "cosine_similarities": {
    "query_1": {
      "answer_1": 0.8591159335226599,
      "answer_2": 0.6086200866765115,
      "answer_3": 0.588672812194538,
      "answer_4": 0.4537894954492521,
      "answer_5": 0.5756952464518236,
      "answer_6": 0.5106459229764934
    },
    "query_2": {
      "answer_1": 0.6342887677092678,
      "answer_2": 0.8487164931297164,
      "answer_3": 0.5917187042356673,
      "answer_4": 0.44122618405419683,
      "answer_5": 0.4938893693172761,
      "answer_6": 0.5215285265825121
    },
    "query_3": {
      "answer_1": 0.5962852496672808,
      "answer_2": 0.5852978887262112,
      "answer_3": 0.8982800270134571,
      "answer_4": 0.4129738004401308,
      "answer_5": 0.47745458975967064,
      "answer_6": 0.4023544829133281
    },
    "query_4": {
      "answer_1": 0.4447423478657994,
      "answer_2": 0.4774963416583248,
      "answer_3": 0.44010690446611106,
      "answer_4": 0.8305808727530325,
      "answer_5": 0.44227487413032635,
      "answer_6": 0.5011616158500041
    },
    "query_5": {
      "answer_1": 0.5590055422991849,
      "answer_2": 0.4936804121811579,
      "answer_3": 0.4634750128435973,
      "answer_4": 0.43622708393188125,
      "answer_5": 0.8884860554033154,
      "answer_6": 0.41437998897380945
    },
    "query_6": {
      "answer_1": 0.5457742750571805,
      "answer_2": 0.5293918527945418,
      "answer_3": 0.4600290399993351,
      "answer_4": 0.546904646875433,
      "answer_5": 0.4497507998479543,
      "answer_6": 0.8725253349586212
    }
  }
}