{
  "entity": "Abraham Lincoln",
  "cosine_similarities": {
    "query_1": {
      "answer_1": 0.8849634376658625,
      "answer_2": 0.6071030201105965,
      "answer_3": 0.6044439736355709,
      "answer_4": 0.5443707078915321,
      "answer_5": 0.6080546338418036,
      "answer_6": 0.4912170929471599
    },
    "query_2": {
      "answer_1": 0.6184888034353306,
      "answer_2": 0.8927522907051761,
      "answer_3": 0.7104099580553083,
      "answer_4": 0.4775255875802437,
      "answer_5": 0.5046390073146699,
      "answer_6": 0.44937861381691185
    },
    "query_3": {
      "answer_1": 0.6394418666015246,
      "answer_2": 0.6876964961505267,
      "answer_3": 0.8664629890251468,
      "answer_4": 0.5008427190406465,
      "answer_5": 0.4906616714149409,
      "answer_6": 0.4455910123535873
    },
    "query_4": {
      "answer_1": 0.5599033175829978,
      "answer_2": 0.510622552814316,
      "answer_3": 0.5025046941724945,
      "answer_4": 0.8215189507730667,
      "answer_5": 0.5617185730552078,
      "answer_6": 0.5755240676257636
    },
    "query_5": {
      "answer_1": 0.659284929557146,
      "answer_2": 0.5424759801501767,
      "answer_3": 0.52414637929934,
      "answer_4": 0.5653060653510971,
      "answer_5": 0.8717986380396892,
      "answer_6": 0.47704352087666807
    },
    "query_6": {
      "answer_1": 0.5377107351822936,
      "answer_2": 0.48984426096680467,
      "answer_3": 0.458698672531632,
      "answer_4": 0.5996704746977916,
      "answer_5": 0.5059772811792473,
      "answer_6": 0.8789490965980706
    }
  }
}