{
  "entity": "Abraham Lincoln",
  "cosine_similarities": {
    "query_1": {
      "answer_1": 0.8462115697056877,
      "answer_2": 0.5208256971327735,
      "answer_3": 0.5610922209699011,
      "answer_4": 0.4114213039808179,
      "answer_5": 0.48328820259396793,
      "answer_6": 0.4478486820794785
    },
    "query_2": {
      "answer_1": 0.5859465275935669,
      "answer_2": 0.8925426382733787,
      "answer_3": 0.6836077422621869,
      "answer_4": 0.47594087911701977,
      "answer_5": 0.5106901781349653,
      "answer_6": 0.542303828067435
    },
    "query_3": {
      "answer_1": 0.5683976805195997,
      "answer_2": 0.6177608473476546,
      "answer_3": 0.8761936508334721,
      "answer_4": 0.44824891921918375,
      "answer_5": 0.5086782349373135,
      "answer_6": 0.47538438063796384
    },
    "query_4": {
      "answer_1": 0.42408228068671394,
      "answer_2": 0.4580748789128837,
      "answer_3": 0.44685547589957475,
      "answer_4": 0.7492448099722858,
      "answer_5": 0.5037813065654324,
      "answer_6": 0.5949743353911682
    },
    "query_5": {
      "answer_1": 0.5371586588185782,
      "answer_2": 0.5654093668597379,
      "answer_3": 0.5556457827795341,
      "answer_4": 0.5112226312018937,
      "answer_5": 0.9019369452345685,
      "answer_6": 0.5330597030419749
    },
    "query_6": {
      "answer_1": 0.4895374006937218,
      "answer_2": 0.5316181849713661,
      "answer_3": 0.4893213542377924,
      "answer_4": 0.5842793616217391,
      "answer_5": 0.5211725336640493,
      "answer_6": 0.8027692906655456
    }
  }
}