{
  "entity": "Abraham Lincoln",
  "cosine_similarities": {
    "query_1": {
      "answer_1": 0.8669995627050421,
      "answer_2": 0.6120357449000191,
      "answer_3": 0.623934937566868,
      "answer_4": 0.5430268266653476,
      "answer_5": 0.6437179334070586,
      "answer_6": 0.5242019716787847
    },
    "query_2": {
      "answer_1": 0.6290900657030294,
      "answer_2": 0.8795251520951044,
      "answer_3": 0.6273165508040006,
      "answer_4": 0.5093638412888387,
      "answer_5": 0.5547729041576751,
      "answer_6": 0.4779943769319404
    },
    "query_3": {
      "answer_1": 0.5941368399171154,
      "answer_2": 0.6014312157429006,
      "answer_3": 0.8424116107625539,
      "answer_4": 0.555642807700883,
      "answer_5": 0.5460016644009271,
      "answer_6": 0.47664936777808237
    },
    "query_4": {
      "answer_1": 0.5583165605116827,
      "answer_2": 0.5161594037145233,
      "answer_3": 0.5496416620466802,
      "answer_4": 0.8125872712595784,
      "answer_5": 0.5602609656040708,
      "answer_6": 0.6499512332264724
    },
    "query_5": {
      "answer_1": 0.6403135193912942,
      "answer_2": 0.5758150001412811,
      "answer_3": 0.5475060117597179,
      "answer_4": 0.5504443703668181,
      "answer_5": 0.8761351175993234,
      "answer_6": 0.49952720297144587
    },
    "query_6": {
      "answer_1": 0.5492204694333408,
      "answer_2": 0.5316054186375796,
      "answer_3": 0.4934508665327847,
      "answer_4": 0.6300809205330591,
      "answer_5": 0.5095883420072074,
      "answer_6": 0.8517168222116833
    }
  }
}