{
  "entity": "Abraham Lincoln",
  "cosine_similarities": {
    "query_1": {
      "answer_1": 0.8770033730965746,
      "answer_2": 0.6407688289257469,
      "answer_3": 0.6165504861544978,
      "answer_4": 0.5056023271168795,
      "answer_5": 0.5938682146539287,
      "answer_6": 0.5566341372495937
    },
    "query_2": {
      "answer_1": 0.6459620673972316,
      "answer_2": 0.8821739004213393,
      "answer_3": 0.6052100458530382,
      "answer_4": 0.4849499525495107,
      "answer_5": 0.5431241244562479,
      "answer_6": 0.4707266052300456
    },
    "query_3": {
      "answer_1": 0.5788376569342967,
      "answer_2": 0.5907092979917994,
      "answer_3": 0.8611867728696837,
      "answer_4": 0.48270771288193076,
      "answer_5": 0.5067124565765748,
      "answer_6": 0.4683834930397601
    },
    "query_4": {
      "answer_1": 0.4834860027215468,
      "answer_2": 0.4639890763058997,
      "answer_3": 0.4555892780426891,
      "answer_4": 0.8139217153591304,
      "answer_5": 0.5171064289387439,
      "answer_6": 0.5803730826729858
    },
    "query_5": {
      "answer_1": 0.5916661063691798,
      "answer_2": 0.5481729291448257,
      "answer_3": 0.553808661670157,
      "answer_4": 0.5442017189442915,
      "answer_5": 0.8921703127603472,
      "answer_6": 0.5331572522460839
    },
    "query_6": {
      "answer_1": 0.5693760152276672,
      "answer_2": 0.5156180448256544,
      "answer_3": 0.48701965722780743,
      "answer_4": 0.5751582155713968,
      "answer_5": 0.5380920851238173,
      "answer_6": 0.870451690120058
    }
  }
}