{
  "entity": "Abraham Lincoln",
  "cosine_similarities": {
    "query_1": {
      "answer_1": 0.8824484133985909,
      "answer_2": 0.6241976161358173,
      "answer_3": 0.6426822294219532,
      "answer_4": 0.49041871167369466,
      "answer_5": 0.5712400864703318,
      "answer_6": 0.5034997294938376
    },
    "query_2": {
      "answer_1": 0.6116659023125058,
      "answer_2": 0.8875900256724798,
      "answer_3": 0.6486280538185083,
      "answer_4": 0.46894985684349644,
      "answer_5": 0.5028143882175979,
      "answer_6": 0.4596756469420106
    },
    "query_3": {
      "answer_1": 0.6215655324099586,
      "answer_2": 0.6321512708856449,
      "answer_3": 0.8898207038818239,
      "answer_4": 0.44958249233649367,
      "answer_5": 0.5422332707732387,
      "answer_6": 0.44103652277818944
    },
    "query_4": {
      "answer_1": 0.5365423680536341,
      "answer_2": 0.5219873826914763,
      "answer_3": 0.49490089928434083,
      "answer_4": 0.8006924985224126,
      "answer_5": 0.5062010226356359,
      "answer_6": 0.6185366714841448
    },
    "query_5": {
      "answer_1": 0.6095383294321582,
      "answer_2": 0.5610377660993525,
      "answer_3": 0.5855556785993438,
      "answer_4": 0.4684758696383246,
      "answer_5": 0.8670062895421279,
      "answer_6": 0.46656790605508164
    },
    "query_6": {
      "answer_1": 0.5217693612693056,
      "answer_2": 0.47541869102678835,
      "answer_3": 0.4816379656714017,
      "answer_4": 0.6261287755157127,
      "answer_5": 0.5291297071281773,
      "answer_6": 0.8417250450838774
    }
  }
}