{
  "entity": "Abraham Lincoln",
  "cosine_similarities": {
    "query_1": {
      "answer_1": 0.8666933003038132,
      "answer_2": 0.5744610342943075,
      "answer_3": 0.5775935087436248,
      "answer_4": 0.47062317171504214,
      "answer_5": 0.5415501250118997,
      "answer_6": 0.47602331789354485
    },
    "query_2": {
      "answer_1": 0.6197502975122272,
      "answer_2": 0.8723704232088472,
      "answer_3": 0.6234406349535478,
      "answer_4": 0.5320285358817174,
      "answer_5": 0.5944355939440562,
      "answer_6": 0.534224459251103
    },
    "query_3": {
      "answer_1": 0.6265714827273934,
      "answer_2": 0.5752735242200133,
      "answer_3": 0.8250749733117428,
      "answer_4": 0.47215488210689227,
      "answer_5": 0.5033017648230294,
      "answer_6": 0.4588656609496536
    },
    "query_4": {
      "answer_1": 0.508062387011072,
      "answer_2": 0.5662524318746537,
      "answer_3": 0.47945195656275186,
      "answer_4": 0.8457209431538946,
      "answer_5": 0.6266273034004977,
      "answer_6": 0.7062526599647263
    },
    "query_5": {
      "answer_1": 0.5754057867349259,
      "answer_2": 0.6107743355644698,
      "answer_3": 0.5322591080680136,
      "answer_4": 0.577675908874105,
      "answer_5": 0.8518013751913887,
      "answer_6": 0.5573868159259463
    },
    "query_6": {
      "answer_1": 0.5340313317457761,
      "answer_2": 0.5371161938518353,
      "answer_3": 0.47874024961256956,
      "answer_4": 0.649226180164886,
      "answer_5": 0.559225853903072,
      "answer_6": 0.8417373824230805
    }
  }
}