{
  "entity": "Abraham Lincoln",
  "cosine_similarities": {
    "query_1": {
      "answer_1": 0.8254263952074082,
      "answer_2": 0.5748127334938259,
      "answer_3": 0.6026741211896981,
      "answer_4": 0.48801431686074087,
      "answer_5": 0.5911191323758515,
      "answer_6": 0.46234604006337887
    },
    "query_2": {
      "answer_1": 0.6181807125851934,
      "answer_2": 0.8657168102422358,
      "answer_3": 0.5942176393076616,
      "answer_4": 0.4538372425023429,
      "answer_5": 0.5296924763218884,
      "answer_6": 0.41420624529706257
    },
    "query_3": {
      "answer_1": 0.6070513666856318,
      "answer_2": 0.5924834150852872,
      "answer_3": 0.766965786903214,
      "answer_4": 0.5140855458251896,
      "answer_5": 0.5362291203596479,
      "answer_6": 0.4064626310651261
    },
    "query_4": {
      "answer_1": 0.4944201296081878,
      "answer_2": 0.4711206176376858,
      "answer_3": 0.489579782020918,
      "answer_4": 0.7803795094300799,
      "answer_5": 0.5149677047505244,
      "answer_6": 0.5383716415150017
    },
    "query_5": {
      "answer_1": 0.6505965891495783,
      "answer_2": 0.54228464833043,
      "answer_3": 0.5291646797754791,
      "answer_4": 0.4751221074358689,
      "answer_5": 0.8436211555711968,
      "answer_6": 0.4222317844667546
    },
    "query_6": {
      "answer_1": 0.487325203737801,
      "answer_2": 0.4690980735332536,
      "answer_3": 0.4233166929390432,
      "answer_4": 0.6069410763739206,
      "answer_5": 0.46833699670235823,
      "answer_6": 0.8321890421721906
    }
  }
}