{
  "entity": "Abraham Lincoln",
  "cosine_similarities": {
    "query_1": {
      "answer_1": 0.8719758889342674,
      "answer_2": 0.6210590043883268,
      "answer_3": 0.623691811188973,
      "answer_4": 0.48021953408779894,
      "answer_5": 0.6371257218315104,
      "answer_6": 0.5561721666063889
    },
    "query_2": {
      "answer_1": 0.6313522355320587,
      "answer_2": 0.8870568200093668,
      "answer_3": 0.6216807582259197,
      "answer_4": 0.4683170339276513,
      "answer_5": 0.545326049891024,
      "answer_6": 0.5191344519387628
    },
    "query_3": {
      "answer_1": 0.5794146331134283,
      "answer_2": 0.5997345068091422,
      "answer_3": 0.8934447784202361,
      "answer_4": 0.4950775145162163,
      "answer_5": 0.5006702932318859,
      "answer_6": 0.46778970855569596
    },
    "query_4": {
      "answer_1": 0.461333635820427,
      "answer_2": 0.4990760595062142,
      "answer_3": 0.4610137515500867,
      "answer_4": 0.8074208042554145,
      "answer_5": 0.459655079761693,
      "answer_6": 0.5696358826840672
    },
    "query_5": {
      "answer_1": 0.6347655043312804,
      "answer_2": 0.557142143994891,
      "answer_3": 0.5202450665674502,
      "answer_4": 0.4868903078949514,
      "answer_5": 0.8574523168688013,
      "answer_6": 0.5057333400552512
    },
    "query_6": {
      "answer_1": 0.5620066988078937,
      "answer_2": 0.5657921850588677,
      "answer_3": 0.4860754590947109,
      "answer_4": 0.5608562822582233,
      "answer_5": 0.49606009807153945,
      "answer_6": 0.8661557333595876
    }
  }
}