{
  "entity": "Abraham Lincoln",
  "cosine_similarities": {
    "query_1": {
      "answer_1": 0.8400333647010279,
      "answer_2": 0.6173994931456445,
      "answer_3": 0.674236512246545,
      "answer_4": 0.4882127918227225,
      "answer_5": 0.5427268862654056,
      "answer_6": 0.5284245227457481
    },
    "query_2": {
      "answer_1": 0.661451973352137,
      "answer_2": 0.8876179940418937,
      "answer_3": 0.6422616749354516,
      "answer_4": 0.4820875234338496,
      "answer_5": 0.5065710474031947,
      "answer_6": 0.46729751139584985
    },
    "query_3": {
      "answer_1": 0.6423557221346851,
      "answer_2": 0.6290112345921293,
      "answer_3": 0.8648032308914924,
      "answer_4": 0.5265865102826132,
      "answer_5": 0.517180083131743,
      "answer_6": 0.47163620275759544
    },
    "query_4": {
      "answer_1": 0.5087270880437201,
      "answer_2": 0.4680633351397564,
      "answer_3": 0.5204355488203379,
      "answer_4": 0.7816615907039669,
      "answer_5": 0.496576020206194,
      "answer_6": 0.6007723984733784
    },
    "query_5": {
      "answer_1": 0.5755979046048905,
      "answer_2": 0.5082012712974351,
      "answer_3": 0.5376387743973257,
      "answer_4": 0.43644499881396454,
      "answer_5": 0.8457892829096608,
      "answer_6": 0.44814032941157056
    },
    "query_6": {
      "answer_1": 0.5212016436598231,
      "answer_2": 0.47685168169196707,
      "answer_3": 0.4774934913718547,
      "answer_4": 0.530411846230947,
      "answer_5": 0.47473704617469054,
      "answer_6": 0.8367755919289536
    }
  }
}