{
  "entity": "Abraham Lincoln",
  "cosine_similarities": {
    "query_1": {
      "answer_1": 0.7803956705338622,
      "answer_2": 0.5574288496701097,
      "answer_3": 0.5886676842464094,
      "answer_4": 0.41285734475499297,
      "answer_5": 0.5039250931980731,
      "answer_6": 0.3938180979476557
    },
    "query_2": {
      "answer_1": 0.552386065071188,
      "answer_2": 0.8858951181019311,
      "answer_3": 0.7347388401585068,
      "answer_4": 0.45503551720030205,
      "answer_5": 0.5062268224115017,
      "answer_6": 0.3905978117971556
    },
    "query_3": {
      "answer_1": 0.5347760878844305,
      "answer_2": 0.7306733968810979,
      "answer_3": 0.9067497176605478,
      "answer_4": 0.43908208169327073,
      "answer_5": 0.48143304298236855,
      "answer_6": 0.3680331156644889
    },
    "query_4": {
      "answer_1": 0.4460486267407503,
      "answer_2": 0.47458140889335443,
      "answer_3": 0.4568545264682785,
      "answer_4": 0.8241997308766347,
      "answer_5": 0.5535911581585078,
      "answer_6": 0.5063158209279479
    },
    "query_5": {
      "answer_1": 0.5012255759982057,
      "answer_2": 0.519691340039057,
      "answer_3": 0.5198842437092908,
      "answer_4": 0.5344346463527192,
      "answer_5": 0.8771020892601875,
      "answer_6": 0.39344535955771276
    },
    "query_6": {
      "answer_1": 0.44075605810478663,
      "answer_2": 0.4536271160933245,
      "answer_3": 0.4565161487175824,
      "answer_4": 0.6009915968434993,
      "answer_5": 0.5097036204071905,
      "answer_6": 0.8677017991762344
    }
  }
}