{
  "entity": "Abraham Lincoln",
  "cosine_similarities": {
    "query_1": {
      "answer_1": 0.870436166450343,
      "answer_2": 0.6041486654229233,
      "answer_3": 0.5732093113294222,
      "answer_4": 0.490253847047997,
      "answer_5": 0.6057871081888171,
      "answer_6": 0.4809372683636688
    },
    "query_2": {
      "answer_1": 0.6757423198860457,
      "answer_2": 0.8760091738434556,
      "answer_3": 0.5543851001617528,
      "answer_4": 0.465233364880624,
      "answer_5": 0.5086832668617516,
      "answer_6": 0.4201176074845814
    },
    "query_3": {
      "answer_1": 0.5978747907833474,
      "answer_2": 0.5259976139355083,
      "answer_3": 0.8400994161169656,
      "answer_4": 0.5252965229038534,
      "answer_5": 0.457752523315252,
      "answer_6": 0.43166649110701694
    },
    "query_4": {
      "answer_1": 0.53152868835699,
      "answer_2": 0.47468556312985416,
      "answer_3": 0.5383624288069859,
      "answer_4": 0.8257361356448353,
      "answer_5": 0.513644966768598,
      "answer_6": 0.5634135377693147
    },
    "query_5": {
      "answer_1": 0.5706732934696384,
      "answer_2": 0.4665800440947581,
      "answer_3": 0.4375680434835343,
      "answer_4": 0.4695575517601418,
      "answer_5": 0.8934981074452191,
      "answer_6": 0.413786913383887
    },
    "query_6": {
      "answer_1": 0.5402196421922232,
      "answer_2": 0.4939804909699781,
      "answer_3": 0.4663479873037708,
      "answer_4": 0.6183666709910233,
      "answer_5": 0.4796854028174413,
      "answer_6": 0.8681567890428851
    }
  }
}