{
  "entity": "Abraham Lincoln",
  "cosine_similarities": {
    "query_1": {
      "answer_1": 0.8637105030352527,
      "answer_2": 0.5444706099323328,
      "answer_3": 0.5595648027432177,
      "answer_4": 0.47555398834646573,
      "answer_5": 0.5426803382621909,
      "answer_6": 0.45905331619781065
    },
    "query_2": {
      "answer_1": 0.6384942312537807,
      "answer_2": 0.8560884344410462,
      "answer_3": 0.6253859577926929,
      "answer_4": 0.5227766481917301,
      "answer_5": 0.5891892149700916,
      "answer_6": 0.4729934342926355
    },
    "query_3": {
      "answer_1": 0.635166469041102,
      "answer_2": 0.5648219721307398,
      "answer_3": 0.842212624370871,
      "answer_4": 0.47106016668301426,
      "answer_5": 0.49552079235429186,
      "answer_6": 0.42315975384205357
    },
    "query_4": {
      "answer_1": 0.5211163101422516,
      "answer_2": 0.5532437842473314,
      "answer_3": 0.4625704393350963,
      "answer_4": 0.8451086338433468,
      "answer_5": 0.6109611945679547,
      "answer_6": 0.7112394871860143
    },
    "query_5": {
      "answer_1": 0.5801995024311148,
      "answer_2": 0.6118571128665324,
      "answer_3": 0.5115551889623091,
      "answer_4": 0.5632811245220695,
      "answer_5": 0.8656624000910015,
      "answer_6": 0.4995823621319348
    },
    "query_6": {
      "answer_1": 0.529235680285894,
      "answer_2": 0.5338927577126447,
      "answer_3": 0.45751266649166844,
      "answer_4": 0.6503951470940692,
      "answer_5": 0.5631362418337659,
      "answer_6": 0.8118677089041342
    }
  }
}