{
  "entity": "Abraham Lincoln",
  "cosine_similarities": {
    "query_1": {
      "answer_1": 0.7505679775224641,
      "answer_2": 0.5508817176531039,
      "answer_3": 0.5563643005360764,
      "answer_4": 0.4065086579068426,
      "answer_5": 0.5436007715172698,
      "answer_6": 0.4657435193329574
    },
    "query_2": {
      "answer_1": 0.5473504910401195,
      "answer_2": 0.8391695247852982,
      "answer_3": 0.5777616339948599,
      "answer_4": 0.45330016681594515,
      "answer_5": 0.600121331940594,
      "answer_6": 0.46975894606968993
    },
    "query_3": {
      "answer_1": 0.547370343589416,
      "answer_2": 0.5924053232598752,
      "answer_3": 0.7898776980312407,
      "answer_4": 0.462845130324736,
      "answer_5": 0.5345097454473872,
      "answer_6": 0.45264668264284325
    },
    "query_4": {
      "answer_1": 0.41103462266889984,
      "answer_2": 0.4440271121093284,
      "answer_3": 0.4357830519816141,
      "answer_4": 0.784976883369061,
      "answer_5": 0.48023288907147627,
      "answer_6": 0.5867169819659699
    },
    "query_5": {
      "answer_1": 0.529990721086615,
      "answer_2": 0.5370364747994342,
      "answer_3": 0.5103779719071978,
      "answer_4": 0.46267817202060363,
      "answer_5": 0.8593114651536026,
      "answer_6": 0.48607696551540863
    },
    "query_6": {
      "answer_1": 0.4818829213957558,
      "answer_2": 0.48724124200101543,
      "answer_3": 0.4023591779088519,
      "answer_4": 0.4959758555570493,
      "answer_5": 0.519709164983923,
      "answer_6": 0.8363867780683601
    }
  }
}