{
  "entity": "Abraham Lincoln",
  "cosine_similarities": {
    "query_1": {
      "answer_1": 0.8562076765887003,
      "answer_2": 0.5591442475555781,
      "answer_3": 0.5800778378845082,
      "answer_4": 0.4303209393622132,
      "answer_5": 0.6144912957516234,
      "answer_6": 0.43357327465057466
    },
    "query_2": {
      "answer_1": 0.6419265124516846,
      "answer_2": 0.8840739890419141,
      "answer_3": 0.6439229555384213,
      "answer_4": 0.5135652879604656,
      "answer_5": 0.6530913235889863,
      "answer_6": 0.4531519047222023
    },
    "query_3": {
      "answer_1": 0.6106668453929537,
      "answer_2": 0.562606894942632,
      "answer_3": 0.8377239449727354,
      "answer_4": 0.5090918517750889,
      "answer_5": 0.5260183548481552,
      "answer_6": 0.4072883641910333
    },
    "query_4": {
      "answer_1": 0.46511011704465993,
      "answer_2": 0.5189725618063504,
      "answer_3": 0.5226943035304905,
      "answer_4": 0.7940489555032026,
      "answer_5": 0.580801410809946,
      "answer_6": 0.5433191765271087
    },
    "query_5": {
      "answer_1": 0.6473628442441695,
      "answer_2": 0.6373627389062458,
      "answer_3": 0.5821690865812066,
      "answer_4": 0.5678339629942304,
      "answer_5": 0.8635618354443779,
      "answer_6": 0.48636960129705176
    },
    "query_6": {
      "answer_1": 0.4901066297916642,
      "answer_2": 0.5015654361169486,
      "answer_3": 0.45033989892004467,
      "answer_4": 0.6253752201577732,
      "answer_5": 0.5419396860868007,
      "answer_6": 0.8974836165569778
    }
  }
}