{
  "entity": "Abraham Lincoln",
  "cosine_similarities": {
    "query_1": {
      "answer_1": 0.8420937293810135,
      "answer_2": 0.5462984399547298,
      "answer_3": 0.5986238998181828,
      "answer_4": 0.4465149765595771,
      "answer_5": 0.6432235732027116,
      "answer_6": 0.4609004964784874
    },
    "query_2": {
      "answer_1": 0.6248494678790979,
      "answer_2": 0.8708848307904945,
      "answer_3": 0.6057920970853526,
      "answer_4": 0.5341715315219282,
      "answer_5": 0.6458305554092905,
      "answer_6": 0.48084204483010745
    },
    "query_3": {
      "answer_1": 0.6150245468653694,
      "answer_2": 0.5661662401143045,
      "answer_3": 0.8003241873998871,
      "answer_4": 0.5196758179521597,
      "answer_5": 0.5508273880510209,
      "answer_6": 0.4384877504912404
    },
    "query_4": {
      "answer_1": 0.4743096878253339,
      "answer_2": 0.5480278425462473,
      "answer_3": 0.5439881005355192,
      "answer_4": 0.7766201688706909,
      "answer_5": 0.605589802842588,
      "answer_6": 0.6052799751463271
    },
    "query_5": {
      "answer_1": 0.6625683947617934,
      "answer_2": 0.6432237382534084,
      "answer_3": 0.5847889571544511,
      "answer_4": 0.5975078856810343,
      "answer_5": 0.8560033920286753,
      "answer_6": 0.5274667413463175
    },
    "query_6": {
      "answer_1": 0.4943873124504603,
      "answer_2": 0.5234542916523406,
      "answer_3": 0.484457951941346,
      "answer_4": 0.6320148930200554,
      "answer_5": 0.548996990891579,
      "answer_6": 0.8712716615098256
    }
  }
}