{
  "entity": "Abraham Lincoln",
  "cosine_similarities": {
    "query_1": {
      "answer_1": 0.8671897463988164,
      "answer_2": 0.622649281974901,
      "answer_3": 0.6504468365637747,
      "answer_4": 0.4915472331780288,
      "answer_5": 0.6661023801613686,
      "answer_6": 0.5392168141127266
    },
    "query_2": {
      "answer_1": 0.6245426734953365,
      "answer_2": 0.8860687929575441,
      "answer_3": 0.6448731421084971,
      "answer_4": 0.4610706984703381,
      "answer_5": 0.5504102275356264,
      "answer_6": 0.5111756332088858
    },
    "query_3": {
      "answer_1": 0.5761188279476588,
      "answer_2": 0.601058870555858,
      "answer_3": 0.8845280557969578,
      "answer_4": 0.48780700547006917,
      "answer_5": 0.516619259419396,
      "answer_6": 0.43786035094684994
    },
    "query_4": {
      "answer_1": 0.44414888934620184,
      "answer_2": 0.4713478129767087,
      "answer_3": 0.49121653143811905,
      "answer_4": 0.8065625398863725,
      "answer_5": 0.4756282233320657,
      "answer_6": 0.5927955296044967
    },
    "query_5": {
      "answer_1": 0.6369857659700551,
      "answer_2": 0.5315832814751814,
      "answer_3": 0.5623492422383283,
      "answer_4": 0.5016098664557801,
      "answer_5": 0.8711535558973874,
      "answer_6": 0.4785303085478419
    },
    "query_6": {
      "answer_1": 0.5451717314593645,
      "answer_2": 0.5597655729182385,
      "answer_3": 0.51230459974934,
      "answer_4": 0.5587612465163464,
      "answer_5": 0.5055171491812177,
      "answer_6": 0.8585521342511581
    }
  }
}