{
  "entity": "Abraham Lincoln",
  "cosine_similarities": {
    "query_1": {
      "answer_1": 0.8403098936079294,
      "answer_2": 0.6050293949734428,
      "answer_3": 0.5937922393863955,
      "answer_4": 0.44699662376435206,
      "answer_5": 0.6402532077294029,
      "answer_6": 0.4226320432517416
    },
    "query_2": {
      "answer_1": 0.6252970369993717,
      "answer_2": 0.8724760943919817,
      "answer_3": 0.6560000189981439,
      "answer_4": 0.524295423827531,
      "answer_5": 0.64922240043404,
      "answer_6": 0.4484032736039151
    },
    "query_3": {
      "answer_1": 0.6344334243934954,
      "answer_2": 0.5822804790452141,
      "answer_3": 0.836807867182745,
      "answer_4": 0.5199337144453896,
      "answer_5": 0.5281477174144263,
      "answer_6": 0.41349460791871734
    },
    "query_4": {
      "answer_1": 0.4886202878472676,
      "answer_2": 0.545024467847279,
      "answer_3": 0.5369358208040412,
      "answer_4": 0.8093772852775841,
      "answer_5": 0.5636781772942504,
      "answer_6": 0.559917428440113
    },
    "query_5": {
      "answer_1": 0.6693295092214774,
      "answer_2": 0.6679290043393603,
      "answer_3": 0.5954483924181047,
      "answer_4": 0.5881631308601083,
      "answer_5": 0.8649782552378447,
      "answer_6": 0.48292745961114814
    },
    "query_6": {
      "answer_1": 0.5151305805425995,
      "answer_2": 0.5548333756523839,
      "answer_3": 0.46650711862001715,
      "answer_4": 0.6326857832570737,
      "answer_5": 0.5311000136582238,
      "answer_6": 0.8694815628079845
    }
  }
}