{
  "entity": "Abraham Lincoln",
  "cosine_similarities": {
    "query_1": {
      "answer_1": 0.8695562044846787,
      "answer_2": 0.584978830804073,
      "answer_3": 0.6237438088370831,
      "answer_4": 0.5296566197299065,
      "answer_5": 0.6106259556566115,
      "answer_6": 0.49731904721947623
    },
    "query_2": {
      "answer_1": 0.6323314230880266,
      "answer_2": 0.8677918358693906,
      "answer_3": 0.7121435538081002,
      "answer_4": 0.47442827634656126,
      "answer_5": 0.5121565377785677,
      "answer_6": 0.44381765668846
    },
    "query_3": {
      "answer_1": 0.640189268204643,
      "answer_2": 0.6887965774558055,
      "answer_3": 0.8713672645912165,
      "answer_4": 0.4987289943932897,
      "answer_5": 0.49543385693477393,
      "answer_6": 0.44982316599128075
    },
    "query_4": {
      "answer_1": 0.5437244434777992,
      "answer_2": 0.5022114709837097,
      "answer_3": 0.5066501366312046,
      "answer_4": 0.8288909954376139,
      "answer_5": 0.558050625825927,
      "answer_6": 0.5745031547653932
    },
    "query_5": {
      "answer_1": 0.6294119077194257,
      "answer_2": 0.514780839629762,
      "answer_3": 0.5177420565205143,
      "answer_4": 0.5458301895203032,
      "answer_5": 0.8805149782638995,
      "answer_6": 0.4688233780743729
    },
    "query_6": {
      "answer_1": 0.530835299617778,
      "answer_2": 0.4840991876607061,
      "answer_3": 0.4812381774331837,
      "answer_4": 0.6169285189029811,
      "answer_5": 0.48848351670830803,
      "answer_6": 0.8768932600863741
    }
  }
}