{
  "entity": "Abraham Lincoln",
  "cosine_similarities": {
    "query_1": {
      "answer_1": 0.8478101155485457,
      "answer_2": 0.5953593287695713,
      "answer_3": 0.637821595078548,
      "answer_4": 0.5635995727424937,
      "answer_5": 0.6156740216157159,
      "answer_6": 0.48733290048034766
    },
    "query_2": {
      "answer_1": 0.6131516423260768,
      "answer_2": 0.872327476343041,
      "answer_3": 0.6255794363910684,
      "answer_4": 0.4965274000264547,
      "answer_5": 0.5145830164604752,
      "answer_6": 0.44903781493010875
    },
    "query_3": {
      "answer_1": 0.6294224877593605,
      "answer_2": 0.621774731890714,
      "answer_3": 0.9100969878746302,
      "answer_4": 0.5091390426160324,
      "answer_5": 0.544518544504729,
      "answer_6": 0.43812306524853223
    },
    "query_4": {
      "answer_1": 0.5365588012194533,
      "answer_2": 0.5041149618881468,
      "answer_3": 0.5155709096895641,
      "answer_4": 0.8291228268217499,
      "answer_5": 0.5666365106027167,
      "answer_6": 0.5782940832984541
    },
    "query_5": {
      "answer_1": 0.6017982913053831,
      "answer_2": 0.5208605548749486,
      "answer_3": 0.5748104190715227,
      "answer_4": 0.5492519203190199,
      "answer_5": 0.8512997605680411,
      "answer_6": 0.44324465429404647
    },
    "query_6": {
      "answer_1": 0.5266781474347657,
      "answer_2": 0.487423691352684,
      "answer_3": 0.49555765460762724,
      "answer_4": 0.6146842255564874,
      "answer_5": 0.5394123189113114,
      "answer_6": 0.8796309152382095
    }
  }
}