{
  "entity": "Abraham Lincoln",
  "cosine_similarities": {
    "query_1": {
      "answer_1": 0.8781522878044072,
      "answer_2": 0.6108181619190582,
      "answer_3": 0.6291241759318656,
      "answer_4": 0.5557998404933847,
      "answer_5": 0.6196085000181905,
      "answer_6": 0.5205041261659138
    },
    "query_2": {
      "answer_1": 0.6370376962661682,
      "answer_2": 0.8969806180628165,
      "answer_3": 0.6365970402657082,
      "answer_4": 0.5187830410476555,
      "answer_5": 0.5504593504337207,
      "answer_6": 0.5194638044209245
    },
    "query_3": {
      "answer_1": 0.6115414075423048,
      "answer_2": 0.5845748175462278,
      "answer_3": 0.8950268883435564,
      "answer_4": 0.47552493423593595,
      "answer_5": 0.5259945301479704,
      "answer_6": 0.44000632960848535
    },
    "query_4": {
      "answer_1": 0.5655707223543655,
      "answer_2": 0.47573031267499766,
      "answer_3": 0.5048844306220324,
      "answer_4": 0.8049723010377208,
      "answer_5": 0.5693183631202995,
      "answer_6": 0.6258649813198606
    },
    "query_5": {
      "answer_1": 0.6035688236513849,
      "answer_2": 0.5100559804265353,
      "answer_3": 0.5354789744165874,
      "answer_4": 0.5670443869370224,
      "answer_5": 0.8591336773955421,
      "answer_6": 0.48464962095262126
    },
    "query_6": {
      "answer_1": 0.5386109748058132,
      "answer_2": 0.5103994415249473,
      "answer_3": 0.48047336855703104,
      "answer_4": 0.601854955591134,
      "answer_5": 0.5163452138745696,
      "answer_6": 0.8489381545799987
    }
  }
}