{
  "entity": "Abraham Lincoln",
  "cosine_similarities": {
    "query_1": {
      "answer_1": 0.8110446063573277,
      "answer_2": 0.5639899820152793,
      "answer_3": 0.5693260070965037,
      "answer_4": 0.5060143723392868,
      "answer_5": 0.5492381266100382,
      "answer_6": 0.5198010421870463
    },
    "query_2": {
      "answer_1": 0.5991318655162725,
      "answer_2": 0.838325450847687,
      "answer_3": 0.6174518411711735,
      "answer_4": 0.4538821731625733,
      "answer_5": 0.47190734325436545,
      "answer_6": 0.45660302221134075
    },
    "query_3": {
      "answer_1": 0.6098802793860079,
      "answer_2": 0.6283017319033518,
      "answer_3": 0.7523663295459372,
      "answer_4": 0.5166932357552803,
      "answer_5": 0.4971081102857755,
      "answer_6": 0.46401913120394883
    },
    "query_4": {
      "answer_1": 0.528370557762125,
      "answer_2": 0.5034379908841661,
      "answer_3": 0.4846239008153606,
      "answer_4": 0.7844984858285968,
      "answer_5": 0.5260078118726088,
      "answer_6": 0.6200290553168728
    },
    "query_5": {
      "answer_1": 0.5435622894038883,
      "answer_2": 0.4471049948137864,
      "answer_3": 0.41083793092824294,
      "answer_4": 0.4614995608001413,
      "answer_5": 0.8875425904916207,
      "answer_6": 0.4171642378357411
    },
    "query_6": {
      "answer_1": 0.4983418558419334,
      "answer_2": 0.460040639073282,
      "answer_3": 0.39107259599382327,
      "answer_4": 0.542080301821607,
      "answer_5": 0.4444308560579859,
      "answer_6": 0.8070860564669736
    }
  }
}