{
  "entity": "Abraham Lincoln",
  "cosine_similarities": {
    "query_1": {
      "answer_1": 0.7841449081006672,
      "answer_2": 0.5381568586513682,
      "answer_3": 0.5546494336551325,
      "answer_4": 0.405277950999567,
      "answer_5": 0.4526999439378969,
      "answer_6": 0.4193232485926255
    },
    "query_2": {
      "answer_1": 0.5371677097865405,
      "answer_2": 0.872843440012488,
      "answer_3": 0.6549919908952178,
      "answer_4": 0.47418681319258127,
      "answer_5": 0.5145714927516398,
      "answer_6": 0.4842654953705988
    },
    "query_3": {
      "answer_1": 0.575763378536814,
      "answer_2": 0.6349914317460569,
      "answer_3": 0.86055142385956,
      "answer_4": 0.48795743203443276,
      "answer_5": 0.4857753526680617,
      "answer_6": 0.4400960351116478
    },
    "query_4": {
      "answer_1": 0.4384295815747544,
      "answer_2": 0.44117290722246316,
      "answer_3": 0.44619822108156376,
      "answer_4": 0.827981904228653,
      "answer_5": 0.49761903468854957,
      "answer_6": 0.6150001557557414
    },
    "query_5": {
      "answer_1": 0.5316835985950418,
      "answer_2": 0.538846511572046,
      "answer_3": 0.5335814123871163,
      "answer_4": 0.5582126025307912,
      "answer_5": 0.9015126746128042,
      "answer_6": 0.5040201405900997
    },
    "query_6": {
      "answer_1": 0.47206661597455307,
      "answer_2": 0.5205441582646726,
      "answer_3": 0.447329358418651,
      "answer_4": 0.5711947210596996,
      "answer_5": 0.5202215999471459,
      "answer_6": 0.7755158101419244
    }
  }
}