{
  "entity": "Abraham Lincoln",
  "cosine_similarities": {
    "query_1": {
      "answer_1": 0.8803276511819795,
      "answer_2": 0.614171845673017,
      "answer_3": 0.6323003600502372,
      "answer_4": 0.5719008941906277,
      "answer_5": 0.6013649840237065,
      "answer_6": 0.5430069134744058
    },
    "query_2": {
      "answer_1": 0.6099243320496165,
      "answer_2": 0.8744146451265247,
      "answer_3": 0.6412790722886669,
      "answer_4": 0.48937499538003126,
      "answer_5": 0.48974341964897783,
      "answer_6": 0.48023836743074827
    },
    "query_3": {
      "answer_1": 0.6212953280370233,
      "answer_2": 0.627484808962548,
      "answer_3": 0.9028729374447453,
      "answer_4": 0.48151174873716474,
      "answer_5": 0.5043800066286553,
      "answer_6": 0.45619875824496625
    },
    "query_4": {
      "answer_1": 0.5401166214419199,
      "answer_2": 0.5100317529630689,
      "answer_3": 0.4925116150037844,
      "answer_4": 0.8320903017670042,
      "answer_5": 0.5372118325381661,
      "answer_6": 0.6090954783218261
    },
    "query_5": {
      "answer_1": 0.5581920746491956,
      "answer_2": 0.5126634370779956,
      "answer_3": 0.5219761707952848,
      "answer_4": 0.49824664117517664,
      "answer_5": 0.8649540533314413,
      "answer_6": 0.46552753804684827
    },
    "query_6": {
      "answer_1": 0.5365791025395628,
      "answer_2": 0.518427050613754,
      "answer_3": 0.4657922270129385,
      "answer_4": 0.6104465639523541,
      "answer_5": 0.5156160667334103,
      "answer_6": 0.8781606960571484
    }
  }
}