{
  "entity": "Abraham Lincoln",
  "cosine_similarities": {
    "query_1": {
      "answer_1": 0.8707055466879153,
      "answer_2": 0.6146994028459181,
      "answer_3": 0.5960476550278134,
      "answer_4": 0.516907979500561,
      "answer_5": 0.6012150785921869,
      "answer_6": 0.554874747732752
    },
    "query_2": {
      "answer_1": 0.6403203010935774,
      "answer_2": 0.8986680569943,
      "answer_3": 0.6002473737286378,
      "answer_4": 0.49422698504385537,
      "answer_5": 0.5416315709889755,
      "answer_6": 0.46740814742265824
    },
    "query_3": {
      "answer_1": 0.587434230333715,
      "answer_2": 0.584632685769893,
      "answer_3": 0.8632474099920647,
      "answer_4": 0.4910918976824629,
      "answer_5": 0.49339746235188986,
      "answer_6": 0.4534345305424095
    },
    "query_4": {
      "answer_1": 0.4961596927466631,
      "answer_2": 0.44447370717873325,
      "answer_3": 0.4451633408910975,
      "answer_4": 0.8301669529911934,
      "answer_5": 0.5434140931097452,
      "answer_6": 0.5576055000019506
    },
    "query_5": {
      "answer_1": 0.5915753681591545,
      "answer_2": 0.550470416634224,
      "answer_3": 0.5503945127708249,
      "answer_4": 0.547373636276548,
      "answer_5": 0.8861363133284752,
      "answer_6": 0.5202099228415529
    },
    "query_6": {
      "answer_1": 0.5574166608062487,
      "answer_2": 0.4769250992374335,
      "answer_3": 0.464009473382869,
      "answer_4": 0.5597156213755076,
      "answer_5": 0.5234686259855497,
      "answer_6": 0.8727947248927505
    }
  }
}