{
  "entity": "Abraham Lincoln",
  "cosine_similarities": {
    "query_1": {
      "answer_1": 0.7368611626074942,
      "answer_2": 0.5295244677575947,
      "answer_3": 0.5631808092729415,
      "answer_4": 0.4079968005222485,
      "answer_5": 0.4913223591371575,
      "answer_6": 0.39419376682581525
    },
    "query_2": {
      "answer_1": 0.5387890370090698,
      "answer_2": 0.8731731714998862,
      "answer_3": 0.6827040559355099,
      "answer_4": 0.47364671246499324,
      "answer_5": 0.48965021933274055,
      "answer_6": 0.4439153735896468
    },
    "query_3": {
      "answer_1": 0.5294071587682883,
      "answer_2": 0.6430704229857086,
      "answer_3": 0.9036380188464442,
      "answer_4": 0.4558663553922167,
      "answer_5": 0.4936713790089979,
      "answer_6": 0.3912264855415598
    },
    "query_4": {
      "answer_1": 0.42440457867639836,
      "answer_2": 0.4599562306203132,
      "answer_3": 0.45810613213999696,
      "answer_4": 0.7720361826099128,
      "answer_5": 0.5002670052760462,
      "answer_6": 0.514741357954131
    },
    "query_5": {
      "answer_1": 0.46700269536148853,
      "answer_2": 0.5227187204238574,
      "answer_3": 0.5187150613732918,
      "answer_4": 0.48652478134010746,
      "answer_5": 0.8885032746009089,
      "answer_6": 0.39540385124617816
    },
    "query_6": {
      "answer_1": 0.4519280458438763,
      "answer_2": 0.5099470554224957,
      "answer_3": 0.4663896746954848,
      "answer_4": 0.5447098406979598,
      "answer_5": 0.4530255464074601,
      "answer_6": 0.7467854048046507
    }
  }
}