{
  "entity": "Abraham Lincoln",
  "cosine_similarities": {
    "query_1": {
      "answer_1": 0.866818935325884,
      "answer_2": 0.6131651653992838,
      "answer_3": 0.639407117659975,
      "answer_4": 0.5041127883709674,
      "answer_5": 0.5966234999423006,
      "answer_6": 0.5774840474050725
    },
    "query_2": {
      "answer_1": 0.6237484134728969,
      "answer_2": 0.9006741541986331,
      "answer_3": 0.6410052212316595,
      "answer_4": 0.4699758798905777,
      "answer_5": 0.5223411224232437,
      "answer_6": 0.4998475155758485
    },
    "query_3": {
      "answer_1": 0.6191053805912933,
      "answer_2": 0.6029320751478626,
      "answer_3": 0.8565995454341484,
      "answer_4": 0.5175688311543636,
      "answer_5": 0.5204245479864492,
      "answer_6": 0.4885565836744723
    },
    "query_4": {
      "answer_1": 0.574195208768032,
      "answer_2": 0.4928116400808104,
      "answer_3": 0.5386460777085267,
      "answer_4": 0.7756896408918993,
      "answer_5": 0.5401664519250966,
      "answer_6": 0.6324132286068429
    },
    "query_5": {
      "answer_1": 0.6481776565960072,
      "answer_2": 0.543659781402555,
      "answer_3": 0.5517364264029665,
      "answer_4": 0.5041510120670587,
      "answer_5": 0.8534219164083089,
      "answer_6": 0.5216709440897169
    },
    "query_6": {
      "answer_1": 0.5513011511262532,
      "answer_2": 0.4860196635056484,
      "answer_3": 0.46979125456153176,
      "answer_4": 0.5706678757689746,
      "answer_5": 0.48426100778577974,
      "answer_6": 0.8653188544675446
    }
  }
}