{
  "entity": "Abraham Lincoln",
  "cosine_similarities": {
    "query_1": {
      "answer_1": 0.8514698274366013,
      "answer_2": 0.6048413989273788,
      "answer_3": 0.5948292043584925,
      "answer_4": 0.5245644902838928,
      "answer_5": 0.615807568764725,
      "answer_6": 0.5507899289148301
    },
    "query_2": {
      "answer_1": 0.6481379371329322,
      "answer_2": 0.877165469070513,
      "answer_3": 0.62339226767648,
      "answer_4": 0.4784426656301511,
      "answer_5": 0.5251273535078934,
      "answer_6": 0.4742302678332884
    },
    "query_3": {
      "answer_1": 0.6099917227602568,
      "answer_2": 0.574588970913102,
      "answer_3": 0.848862276229025,
      "answer_4": 0.5184690973984672,
      "answer_5": 0.5222617871152649,
      "answer_6": 0.4719790715935662
    },
    "query_4": {
      "answer_1": 0.5373255489974712,
      "answer_2": 0.49691761083690594,
      "answer_3": 0.5322088661446914,
      "answer_4": 0.7683567621050046,
      "answer_5": 0.5378254608827402,
      "answer_6": 0.620762802339225
    },
    "query_5": {
      "answer_1": 0.6223471083241697,
      "answer_2": 0.5777123296400514,
      "answer_3": 0.5134651921712486,
      "answer_4": 0.5203739608328526,
      "answer_5": 0.8621152278056172,
      "answer_6": 0.49206096498901425
    },
    "query_6": {
      "answer_1": 0.5334656860641276,
      "answer_2": 0.49797217655109316,
      "answer_3": 0.4400760227333434,
      "answer_4": 0.5734782635188181,
      "answer_5": 0.46570779552044167,
      "answer_6": 0.8652207671203962
    }
  }
}