{
  "entity": "Abraham Lincoln",
  "cosine_similarities": {
    "query_1": {
      "answer_1": 0.828102599792964,
      "answer_2": 0.5570867086941573,
      "answer_3": 0.5744489655733496,
      "answer_4": 0.447042619461976,
      "answer_5": 0.4945664765322096,
      "answer_6": 0.49834788723785167
    },
    "query_2": {
      "answer_1": 0.61714041104888,
      "answer_2": 0.8672036215394637,
      "answer_3": 0.6557401193688132,
      "answer_4": 0.5002108657636936,
      "answer_5": 0.5295855745364885,
      "answer_6": 0.516144735453165
    },
    "query_3": {
      "answer_1": 0.5664165725910318,
      "answer_2": 0.6134245228240548,
      "answer_3": 0.8748250277336405,
      "answer_4": 0.4691595838968207,
      "answer_5": 0.4855055363153349,
      "answer_6": 0.5050786127302778
    },
    "query_4": {
      "answer_1": 0.4413929785401168,
      "answer_2": 0.49732628195197287,
      "answer_3": 0.436487192403859,
      "answer_4": 0.7818954397047062,
      "answer_5": 0.5170571590896885,
      "answer_6": 0.6045187455930244
    },
    "query_5": {
      "answer_1": 0.515310410548292,
      "answer_2": 0.5548065629708459,
      "answer_3": 0.5127571144242162,
      "answer_4": 0.5028854229750144,
      "answer_5": 0.892016334787404,
      "answer_6": 0.4901040355499985
    },
    "query_6": {
      "answer_1": 0.5190963160649941,
      "answer_2": 0.5278705372043537,
      "answer_3": 0.5124996055798342,
      "answer_4": 0.5928027843956937,
      "answer_5": 0.5034523302880849,
      "answer_6": 0.8464690877955706
    }
  }
}