{
  "entity": "Abraham Lincoln",
  "cosine_similarities": {
    "query_1": {
      "answer_1": 0.7636699047525621,
      "answer_2": 0.5018469770852345,
      "answer_3": 0.5683409462804521,
      "answer_4": 0.4066335208286701,
      "answer_5": 0.48947888079818047,
      "answer_6": 0.4182607791500125
    },
    "query_2": {
      "answer_1": 0.5419011525666103,
      "answer_2": 0.8725711088511666,
      "answer_3": 0.6514306035442041,
      "answer_4": 0.4582989293841671,
      "answer_5": 0.48766272748817446,
      "answer_6": 0.44399647013529214
    },
    "query_3": {
      "answer_1": 0.6035340885508763,
      "answer_2": 0.6476570560276936,
      "answer_3": 0.9065268045103119,
      "answer_4": 0.46884506953734867,
      "answer_5": 0.49852613597319817,
      "answer_6": 0.4545198501845241
    },
    "query_4": {
      "answer_1": 0.49431379038452133,
      "answer_2": 0.4710779339389654,
      "answer_3": 0.45478476652217315,
      "answer_4": 0.8021971416271583,
      "answer_5": 0.5255223333594754,
      "answer_6": 0.5529384765869662
    },
    "query_5": {
      "answer_1": 0.495642003762441,
      "answer_2": 0.4786936658606132,
      "answer_3": 0.4705468459689962,
      "answer_4": 0.46880714471393287,
      "answer_5": 0.8804803742515991,
      "answer_6": 0.4358123759035847
    },
    "query_6": {
      "answer_1": 0.5043225908734557,
      "answer_2": 0.48532586536775973,
      "answer_3": 0.4755885958321549,
      "answer_4": 0.633596522783145,
      "answer_5": 0.477942743185642,
      "answer_6": 0.8847047809588267
    }
  }
}