{
  "entity": "Abraham Lincoln",
  "cosine_similarities": {
    "query_1": {
      "answer_1": 0.8183759393632951,
      "answer_2": 0.5593010290649898,
      "answer_3": 0.5820012072685544,
      "answer_4": 0.43251215636229945,
      "answer_5": 0.4882334243569461,
      "answer_6": 0.48202019955982767
    },
    "query_2": {
      "answer_1": 0.579671367485303,
      "answer_2": 0.8777062524327081,
      "answer_3": 0.6646852672076412,
      "answer_4": 0.4924482888812799,
      "answer_5": 0.5306315691983927,
      "answer_6": 0.5006909013491552
    },
    "query_3": {
      "answer_1": 0.5419386986846234,
      "answer_2": 0.6187849727723947,
      "answer_3": 0.8789161814365767,
      "answer_4": 0.45643248186328383,
      "answer_5": 0.4952000617151344,
      "answer_6": 0.4565420182241091
    },
    "query_4": {
      "answer_1": 0.44623094408362063,
      "answer_2": 0.4836977444166425,
      "answer_3": 0.44358510015082087,
      "answer_4": 0.7794542721779804,
      "answer_5": 0.5100272068014372,
      "answer_6": 0.5589156829096376
    },
    "query_5": {
      "answer_1": 0.5101062802728835,
      "answer_2": 0.5474995592962454,
      "answer_3": 0.5068181330883498,
      "answer_4": 0.49858221650193124,
      "answer_5": 0.8974143934290676,
      "answer_6": 0.47379813662182263
    },
    "query_6": {
      "answer_1": 0.49947577692934675,
      "answer_2": 0.5128340274146317,
      "answer_3": 0.4579208905924365,
      "answer_4": 0.5475777052524092,
      "answer_5": 0.46534233174568124,
      "answer_6": 0.8616301418524316
    }
  }
}