{
  "entity": "George Washington",
  "cosine_similarities": {
    "query_1": {
      "answer_1": 0.6738260283321634,
      "answer_2": 0.4736696760610165,
      "answer_3": 0.5246024216646176,
      "answer_4": 0.4888043499039876,
      "answer_5": 0.5995236018070246,
      "answer_6": 0.5124737926265579
    },
    "query_2": {
      "answer_1": 0.5364673989793484,
      "answer_2": 0.8005470139037956,
      "answer_3": 0.46523727314174945,
      "answer_4": 0.5368910895990019,
      "answer_5": 0.5488171754420874,
      "answer_6": 0.5220682691554909
    },
    "query_3": {
      "answer_1": 0.5879843815712761,
      "answer_2": 0.37983279336073994,
      "answer_3": 0.7425208035270536,
      "answer_4": 0.368463540873825,
      "answer_5": 0.42853126204986164,
      "answer_6": 0.46327121594539517
    },
    "query_4": {
      "answer_1": 0.5537557733745029,
      "answer_2": 0.5091576031539696,
      "answer_3": 0.4448640532444202,
      "answer_4": 0.7879365589110647,
      "answer_5": 0.5249443723584457,
      "answer_6": 0.5761859766362711
    },
    "query_5": {
      "answer_1": 0.6535174038069109,
      "answer_2": 0.47872985588879213,
      "answer_3": 0.5486857818221388,
      "answer_4": 0.494112854508317,
      "answer_5": 0.8102178002013654,
      "answer_6": 0.5401693782043802
    },
    "query_6": {
      "answer_1": 0.5878656194838856,
      "answer_2": 0.5173731299365336,
      "answer_3": 0.548966666254255,
      "answer_4": 0.5507351694022197,
      "answer_5": 0.5769299498015218,
      "answer_6": 0.7971453943525283
    }
  }
}