{
  "entity": "George Washington",
  "cosine_similarities": {
    "query_1": {
      "answer_1": 0.6375272946830649,
      "answer_2": 0.4320601178972344,
      "answer_3": 0.5046535365657282,
      "answer_4": 0.5316468184843037,
      "answer_5": 0.5844596707113229,
      "answer_6": 0.4826677506146862
    },
    "query_2": {
      "answer_1": 0.5660710196594969,
      "answer_2": 0.7582829076727297,
      "answer_3": 0.5243453090767527,
      "answer_4": 0.4463772640197235,
      "answer_5": 0.4775934741050304,
      "answer_6": 0.5555497313074735
    },
    "query_3": {
      "answer_1": 0.6313519911493801,
      "answer_2": 0.5221635316853481,
      "answer_3": 0.7586051949211888,
      "answer_4": 0.5210595566703596,
      "answer_5": 0.46635039971196407,
      "answer_6": 0.423818433910661
    },
    "query_4": {
      "answer_1": 0.5023605630448027,
      "answer_2": 0.4066685527403069,
      "answer_3": 0.4332901501564747,
      "answer_4": 0.6845019385962712,
      "answer_5": 0.461576092500743,
      "answer_6": 0.4721650586098801
    },
    "query_5": {
      "answer_1": 0.6679331441935813,
      "answer_2": 0.44836979362521995,
      "answer_3": 0.47688699989766903,
      "answer_4": 0.5098404336005601,
      "answer_5": 0.8059349266894982,
      "answer_6": 0.5143627260371617
    },
    "query_6": {
      "answer_1": 0.591034618279729,
      "answer_2": 0.4849215336796316,
      "answer_3": 0.42074318675037364,
      "answer_4": 0.5116810840626971,
      "answer_5": 0.5363596405784085,
      "answer_6": 0.827073261868909
    }
  }
}