{
  "entity": "George Washington",
  "cosine_similarities": {
    "query_1": {
      "answer_1": 0.5906547475631636,
      "answer_2": 0.4850291543678546,
      "answer_3": 0.5125387363486854,
      "answer_4": 0.5177337940470124,
      "answer_5": 0.572892620233198,
      "answer_6": 0.5120151120497278
    },
    "query_2": {
      "answer_1": 0.5495966315617896,
      "answer_2": 0.7668888902572587,
      "answer_3": 0.4773844197944222,
      "answer_4": 0.5110577136097731,
      "answer_5": 0.5603450034732781,
      "answer_6": 0.5018315943012721
    },
    "query_3": {
      "answer_1": 0.4874959164830157,
      "answer_2": 0.3502231648857746,
      "answer_3": 0.6797893740672846,
      "answer_4": 0.3995437544153852,
      "answer_5": 0.450185196702471,
      "answer_6": 0.43925970321446883
    },
    "query_4": {
      "answer_1": 0.5247909250383068,
      "answer_2": 0.45180906657368747,
      "answer_3": 0.4373512242402965,
      "answer_4": 0.6894824826915631,
      "answer_5": 0.5096352339813515,
      "answer_6": 0.45973786475400885
    },
    "query_5": {
      "answer_1": 0.6282098396177711,
      "answer_2": 0.43910019182544996,
      "answer_3": 0.5501396792277056,
      "answer_4": 0.4935003964480231,
      "answer_5": 0.7440494741594967,
      "answer_6": 0.5145207444552996
    },
    "query_6": {
      "answer_1": 0.6498277965136924,
      "answer_2": 0.5224864855730988,
      "answer_3": 0.5755997790670264,
      "answer_4": 0.5120279151655242,
      "answer_5": 0.5901271049611853,
      "answer_6": 0.7656974709126065
    }
  }
}