{
  "entity": "George Washington",
  "cosine_similarities": {
    "query_1": {
      "answer_1": 0.590026886178172,
      "answer_2": 0.5015092262401121,
      "answer_3": 0.5291726652562637,
      "answer_4": 0.4816116159578449,
      "answer_5": 0.5504824065910219,
      "answer_6": 0.47959223570580356
    },
    "query_2": {
      "answer_1": 0.543463608451951,
      "answer_2": 0.7601389997452759,
      "answer_3": 0.4758098072079322,
      "answer_4": 0.5009407041769988,
      "answer_5": 0.5332078104772172,
      "answer_6": 0.47394723048596743
    },
    "query_3": {
      "answer_1": 0.5213426307343766,
      "answer_2": 0.34979687470001186,
      "answer_3": 0.6463709428486468,
      "answer_4": 0.36968742193919557,
      "answer_5": 0.4271015965399476,
      "answer_6": 0.4069130554123024
    },
    "query_4": {
      "answer_1": 0.5442567832964429,
      "answer_2": 0.49854698127736086,
      "answer_3": 0.5044286653540414,
      "answer_4": 0.7248216393627801,
      "answer_5": 0.5504435424518536,
      "answer_6": 0.5323479229935175
    },
    "query_5": {
      "answer_1": 0.5832392069040973,
      "answer_2": 0.4782030216178438,
      "answer_3": 0.5545488583898874,
      "answer_4": 0.46466618341613203,
      "answer_5": 0.7165210874791826,
      "answer_6": 0.4900316224416449
    },
    "query_6": {
      "answer_1": 0.6262159168660605,
      "answer_2": 0.5829201067755031,
      "answer_3": 0.5762967975701747,
      "answer_4": 0.5850696737048936,
      "answer_5": 0.592602193059857,
      "answer_6": 0.6705962852102321
    }
  }
}