{
  "entity": "George Washington",
  "cosine_similarities": {
    "query_1": {
      "answer_1": 0.6685837642207519,
      "answer_2": 0.43367094195901057,
      "answer_3": 0.5335191109007946,
      "answer_4": 0.5311241711631204,
      "answer_5": 0.6105268527849117,
      "answer_6": 0.5020285571317434
    },
    "query_2": {
      "answer_1": 0.6195796328891191,
      "answer_2": 0.7768873100383435,
      "answer_3": 0.6310890221369135,
      "answer_4": 0.5395861493078395,
      "answer_5": 0.5603105562705658,
      "answer_6": 0.6085893870578993
    },
    "query_3": {
      "answer_1": 0.6789680165544874,
      "answer_2": 0.5483614703927732,
      "answer_3": 0.7366238908078898,
      "answer_4": 0.48687300037637216,
      "answer_5": 0.5352642953829287,
      "answer_6": 0.515013555781987
    },
    "query_4": {
      "answer_1": 0.5594264713107115,
      "answer_2": 0.4235666328276831,
      "answer_3": 0.4784303219994893,
      "answer_4": 0.7457775329245515,
      "answer_5": 0.5495817407465484,
      "answer_6": 0.49952021081579173
    },
    "query_5": {
      "answer_1": 0.6311368822363567,
      "answer_2": 0.4279087562804935,
      "answer_3": 0.5532251774465915,
      "answer_4": 0.5303906735838728,
      "answer_5": 0.8289627839132699,
      "answer_6": 0.5292112041682736
    },
    "query_6": {
      "answer_1": 0.6317728750921108,
      "answer_2": 0.5559712998990795,
      "answer_3": 0.5714957219833599,
      "answer_4": 0.5620038806839318,
      "answer_5": 0.5976803252375201,
      "answer_6": 0.8002004326689057
    }
  }
}