{
  "entity": "George Washington",
  "cosine_similarities": {
    "query_1": {
      "answer_1": 0.594794142768797,
      "answer_2": 0.49599152132698116,
      "answer_3": 0.4959790030705853,
      "answer_4": 0.5005677239050488,
      "answer_5": 0.5610879879008775,
      "answer_6": 0.48821329258754315
    },
    "query_2": {
      "answer_1": 0.5414037981658557,
      "answer_2": 0.7498875379615652,
      "answer_3": 0.46127143842804486,
      "answer_4": 0.5108237811696165,
      "answer_5": 0.5199038665992851,
      "answer_6": 0.45033824687849583
    },
    "query_3": {
      "answer_1": 0.5158096104611828,
      "answer_2": 0.3669473842938713,
      "answer_3": 0.6489360844852285,
      "answer_4": 0.3935693464001221,
      "answer_5": 0.41852476130501093,
      "answer_6": 0.4022140805904065
    },
    "query_4": {
      "answer_1": 0.5624265381954676,
      "answer_2": 0.5032872120632959,
      "answer_3": 0.4552266435623132,
      "answer_4": 0.7328817789483731,
      "answer_5": 0.5379068443634896,
      "answer_6": 0.5260105179198187
    },
    "query_5": {
      "answer_1": 0.5978633424416847,
      "answer_2": 0.47210894499201245,
      "answer_3": 0.5222848444068832,
      "answer_4": 0.4874949300423383,
      "answer_5": 0.7332948489545117,
      "answer_6": 0.491910330110184
    },
    "query_6": {
      "answer_1": 0.6638918506819289,
      "answer_2": 0.6011081356361018,
      "answer_3": 0.5556538789597764,
      "answer_4": 0.6069041607149557,
      "answer_5": 0.646106476686662,
      "answer_6": 0.6996259148800329
    }
  }
}