{
  "entity": "Abraham Lincoln",
  "cosine_similarities": {
    "query_1": {
      "answer_1": 0.8745186444229648,
      "answer_2": 0.8654173956648183,
      "answer_3": 0.8510014848878844,
      "answer_4": 0.8497838131449904,
      "answer_5": 0.7995300969417571,
      "answer_6": 0.8328780355967568
    },
    "query_2": {
      "answer_1": 0.8721057115408523,
      "answer_2": 0.9224765603839298,
      "answer_3": 0.8681292924092495,
      "answer_4": 0.8501070590406608,
      "answer_5": 0.8165853061756732,
      "answer_6": 0.862262517668359
    },
    "query_3": {
      "answer_1": 0.872850111508133,
      "answer_2": 0.8733264887899168,
      "answer_3": 0.9149228120961256,
      "answer_4": 0.8500664838965071,
      "answer_5": 0.8062982254370668,
      "answer_6": 0.8370543686695253
    },
    "query_4": {
      "answer_1": 0.8376244876756368,
      "answer_2": 0.8416173626548551,
      "answer_3": 0.8501601350719468,
      "answer_4": 0.9029063837696591,
      "answer_5": 0.7942703889866176,
      "answer_6": 0.8245317000788945
    },
    "query_5": {
      "answer_1": 0.853621894653754,
      "answer_2": 0.8637587527390632,
      "answer_3": 0.8544240338329852,
      "answer_4": 0.829660093346423,
      "answer_5": 0.9085817019534482,
      "answer_6": 0.836254430420898
    },
    "query_6": {
      "answer_1": 0.8713340117583337,
      "answer_2": 0.8836601186375797,
      "answer_3": 0.867449143986776,
      "answer_4": 0.8354752591867316,
      "answer_5": 0.8345523889978503,
      "answer_6": 0.9163125479614989
    }
  }
}