{
  "entity": "George Washington",
  "cosine_similarities": {
    "query_1": {
      "answer_1": 0.8526243362274619,
      "answer_2": 0.6786203596808679,
      "answer_3": 0.6224105043407884,
      "answer_4": 0.5351058192695104,
      "answer_5": 0.6191013997735297,
      "answer_6": 0.6072283902396878
    },
    "query_2": {
      "answer_1": 0.669850161211734,
      "answer_2": 0.8968958971547136,
      "answer_3": 0.6998218829486368,
      "answer_4": 0.5254128763595152,
      "answer_5": 0.5670124568015237,
      "answer_6": 0.5392513512478357
    },
    "query_3": {
      "answer_1": 0.6739122119664721,
      "answer_2": 0.6411922234474553,
      "answer_3": 0.8131075475204248,
      "answer_4": 0.6141402448878888,
      "answer_5": 0.5966330551803032,
      "answer_6": 0.5308714035771706
    },
    "query_4": {
      "answer_1": 0.5316108486952509,
      "answer_2": 0.49445439767629856,
      "answer_3": 0.5792244388598162,
      "answer_4": 0.8329920866712047,
      "answer_5": 0.5741188875169511,
      "answer_6": 0.5507096857294723
    },
    "query_5": {
      "answer_1": 0.5971061602426757,
      "answer_2": 0.5470070815667654,
      "answer_3": 0.5232667847434409,
      "answer_4": 0.5325711651087291,
      "answer_5": 0.8888458392387472,
      "answer_6": 0.5827319954560821
    },
    "query_6": {
      "answer_1": 0.5880424683465119,
      "answer_2": 0.5189038825045634,
      "answer_3": 0.44825372693122484,
      "answer_4": 0.5108454192033953,
      "answer_5": 0.5804909665918845,
      "answer_6": 0.8521565645959671
    }
  }
}