{
  "entity": "George Washington",
  "cosine_similarities": {
    "query_1": {
      "answer_1": 0.8025611226817764,
      "answer_2": 0.6207065378696333,
      "answer_3": 0.5881753545343719,
      "answer_4": 0.523643764091309,
      "answer_5": 0.5843455208224352,
      "answer_6": 0.5627224563870786
    },
    "query_2": {
      "answer_1": 0.670067555288571,
      "answer_2": 0.828309973654595,
      "answer_3": 0.5867056462758341,
      "answer_4": 0.5178181917978777,
      "answer_5": 0.504600553169794,
      "answer_6": 0.5384729260704624
    },
    "query_3": {
      "answer_1": 0.5806287368303563,
      "answer_2": 0.5883290736991582,
      "answer_3": 0.8053812352731939,
      "answer_4": 0.5774174034527385,
      "answer_5": 0.46419906601301847,
      "answer_6": 0.45491286921297314
    },
    "query_4": {
      "answer_1": 0.5451202892957152,
      "answer_2": 0.5365566449626239,
      "answer_3": 0.5971973151379325,
      "answer_4": 0.8114493964540814,
      "answer_5": 0.5528696268886834,
      "answer_6": 0.5426942554409783
    },
    "query_5": {
      "answer_1": 0.5464377636285823,
      "answer_2": 0.515601293308573,
      "answer_3": 0.46475594877239723,
      "answer_4": 0.5215646252591616,
      "answer_5": 0.8506508943473702,
      "answer_6": 0.5400845921080838
    },
    "query_6": {
      "answer_1": 0.5733125505116977,
      "answer_2": 0.4788287143062254,
      "answer_3": 0.42370920697720965,
      "answer_4": 0.495283816260877,
      "answer_5": 0.5741593678489593,
      "answer_6": 0.7951856240484602
    }
  }
}