{
  "entity": "George Washington",
  "cosine_similarities": {
    "query_1": {
      "answer_1": 0.822339177155452,
      "answer_2": 0.6875648189699973,
      "answer_3": 0.6615720071204483,
      "answer_4": 0.5027170007584315,
      "answer_5": 0.6394376768672907,
      "answer_6": 0.6278152982688912
    },
    "query_2": {
      "answer_1": 0.6653121229196679,
      "answer_2": 0.8757065023248908,
      "answer_3": 0.6802080469550669,
      "answer_4": 0.5149449083606423,
      "answer_5": 0.6108546640592017,
      "answer_6": 0.6362147922682111
    },
    "query_3": {
      "answer_1": 0.6658231244799961,
      "answer_2": 0.6565919834279227,
      "answer_3": 0.8227998193741988,
      "answer_4": 0.5344983988755229,
      "answer_5": 0.5989651464245317,
      "answer_6": 0.6167560916924383
    },
    "query_4": {
      "answer_1": 0.5945761129342162,
      "answer_2": 0.5411209911506706,
      "answer_3": 0.582202929657831,
      "answer_4": 0.8169193197212047,
      "answer_5": 0.631325856844528,
      "answer_6": 0.6769438769009075
    },
    "query_5": {
      "answer_1": 0.6354602417536532,
      "answer_2": 0.5940066073293111,
      "answer_3": 0.5705304077245318,
      "answer_4": 0.5715836752275091,
      "answer_5": 0.8586036581516608,
      "answer_6": 0.6532954438733217
    },
    "query_6": {
      "answer_1": 0.5913691725753492,
      "answer_2": 0.5823889851164761,
      "answer_3": 0.5607299548994066,
      "answer_4": 0.6124969933013686,
      "answer_5": 0.6535727023397448,
      "answer_6": 0.8444445013906647
    }
  }
}