{
  "entity": "George Washington",
  "cosine_similarities": {
    "query_1": {
      "answer_1": 0.864543619806358,
      "answer_2": 0.6504768562803924,
      "answer_3": 0.604447319001109,
      "answer_4": 0.6038046096993737,
      "answer_5": 0.6184442833268508,
      "answer_6": 0.6271603369822372
    },
    "query_2": {
      "answer_1": 0.6558799679091637,
      "answer_2": 0.8877138626997578,
      "answer_3": 0.6374841546935451,
      "answer_4": 0.5984326009730251,
      "answer_5": 0.5761250278260162,
      "answer_6": 0.5975019195988135
    },
    "query_3": {
      "answer_1": 0.5754709407054687,
      "answer_2": 0.5499100815808154,
      "answer_3": 0.7865102734449264,
      "answer_4": 0.5582213614423365,
      "answer_5": 0.48779172131788107,
      "answer_6": 0.4652331893680913
    },
    "query_4": {
      "answer_1": 0.5740955764309724,
      "answer_2": 0.5750258224676423,
      "answer_3": 0.6233327376429879,
      "answer_4": 0.8377867056937103,
      "answer_5": 0.6323316850162999,
      "answer_6": 0.6497800673631827
    },
    "query_5": {
      "answer_1": 0.6503078925106521,
      "answer_2": 0.58767842001291,
      "answer_3": 0.542074211291742,
      "answer_4": 0.662283692178347,
      "answer_5": 0.8584220709252798,
      "answer_6": 0.7008371918922166
    },
    "query_6": {
      "answer_1": 0.6211904870713459,
      "answer_2": 0.5436302393471427,
      "answer_3": 0.46633270944737987,
      "answer_4": 0.6397682969956963,
      "answer_5": 0.6647564987146923,
      "answer_6": 0.831998067307344
    }
  }
}