{
  "entity": "George Washington",
  "cosine_similarities": {
    "query_1": {
      "answer_1": 0.8645035059748413,
      "answer_2": 0.7104132557816399,
      "answer_3": 0.6628646997973193,
      "answer_4": 0.5335418591804248,
      "answer_5": 0.6427691592254793,
      "answer_6": 0.5902856687431349
    },
    "query_2": {
      "answer_1": 0.6533661962941639,
      "answer_2": 0.8799028622636014,
      "answer_3": 0.690878147280963,
      "answer_4": 0.5364361230211764,
      "answer_5": 0.6115913876913767,
      "answer_6": 0.5525688378167894
    },
    "query_3": {
      "answer_1": 0.6485010660745487,
      "answer_2": 0.6783170454288039,
      "answer_3": 0.8468319169040579,
      "answer_4": 0.5517312246254634,
      "answer_5": 0.601198782230379,
      "answer_6": 0.5490763131660678
    },
    "query_4": {
      "answer_1": 0.5135231038525444,
      "answer_2": 0.5221923621194426,
      "answer_3": 0.5268715201072043,
      "answer_4": 0.8130793744265229,
      "answer_5": 0.6023299739734651,
      "answer_6": 0.6603833298104385
    },
    "query_5": {
      "answer_1": 0.6400807208312889,
      "answer_2": 0.6127659474210722,
      "answer_3": 0.5884115887016071,
      "answer_4": 0.6038195101707596,
      "answer_5": 0.8651746686234675,
      "answer_6": 0.6460499590244523
    },
    "query_6": {
      "answer_1": 0.5654930275647759,
      "answer_2": 0.5458709044935705,
      "answer_3": 0.5294236292374934,
      "answer_4": 0.6287333364120472,
      "answer_5": 0.6409805364239469,
      "answer_6": 0.8681989199697717
    }
  }
}