{
  "entity": "George Washington",
  "cosine_similarities": {
    "query_1": {
      "answer_1": 0.825124848612488,
      "answer_2": 0.6434179056112458,
      "answer_3": 0.6343811285124198,
      "answer_4": 0.5032022761621414,
      "answer_5": 0.6294135136493416,
      "answer_6": 0.6127477495823703
    },
    "query_2": {
      "answer_1": 0.589946222907659,
      "answer_2": 0.8493650664228136,
      "answer_3": 0.6232814752185946,
      "answer_4": 0.5062728980738059,
      "answer_5": 0.5695583771287004,
      "answer_6": 0.5325694941972233
    },
    "query_3": {
      "answer_1": 0.6382737644694689,
      "answer_2": 0.650410402108217,
      "answer_3": 0.8502204005412399,
      "answer_4": 0.5813608740743013,
      "answer_5": 0.6070841849168458,
      "answer_6": 0.5990081429121931
    },
    "query_4": {
      "answer_1": 0.561375376399508,
      "answer_2": 0.5573374870700071,
      "answer_3": 0.5417549185147076,
      "answer_4": 0.7949839107380586,
      "answer_5": 0.5857544782705615,
      "answer_6": 0.6644166029576088
    },
    "query_5": {
      "answer_1": 0.6376883969387905,
      "answer_2": 0.5884479159612094,
      "answer_3": 0.5662115881277355,
      "answer_4": 0.5745352469297123,
      "answer_5": 0.8613797930294311,
      "answer_6": 0.6556431063831746
    },
    "query_6": {
      "answer_1": 0.6121191000509327,
      "answer_2": 0.5314648462929081,
      "answer_3": 0.5002721379256874,
      "answer_4": 0.587812489663641,
      "answer_5": 0.6462916509580043,
      "answer_6": 0.8591100069990536
    }
  }
}