{
  "entity": "George Washington",
  "cosine_similarities": {
    "query_1": {
      "answer_1": 0.8877784438003287,
      "answer_2": 0.6446869423430288,
      "answer_3": 0.626397973941647,
      "answer_4": 0.48768896029514025,
      "answer_5": 0.6346125978593843,
      "answer_6": 0.6204551463741725
    },
    "query_2": {
      "answer_1": 0.6078642324572028,
      "answer_2": 0.8548127094894422,
      "answer_3": 0.6374774274037074,
      "answer_4": 0.5095807349162865,
      "answer_5": 0.580930711480579,
      "answer_6": 0.5296827965823386
    },
    "query_3": {
      "answer_1": 0.6555383363761171,
      "answer_2": 0.6593249125168238,
      "answer_3": 0.8445245242697057,
      "answer_4": 0.574942446348672,
      "answer_5": 0.6166621209748865,
      "answer_6": 0.592795962205015
    },
    "query_4": {
      "answer_1": 0.5594292718309726,
      "answer_2": 0.5485219161427398,
      "answer_3": 0.5616075874931932,
      "answer_4": 0.7787012025466816,
      "answer_5": 0.6022583921780599,
      "answer_6": 0.6434756153388348
    },
    "query_5": {
      "answer_1": 0.6553633989252262,
      "answer_2": 0.5798339672551267,
      "answer_3": 0.5734241344628263,
      "answer_4": 0.5784589091180729,
      "answer_5": 0.8689489936972584,
      "answer_6": 0.6407552393743177
    },
    "query_6": {
      "answer_1": 0.6214641021779165,
      "answer_2": 0.5455687486234525,
      "answer_3": 0.5053703006498462,
      "answer_4": 0.5752634385258558,
      "answer_5": 0.6379090575217375,
      "answer_6": 0.8463339120215807
    }
  }
}