{
  "entity": "George Washington",
  "cosine_similarities": {
    "query_1": {
      "answer_1": 0.747841934245506,
      "answer_2": 0.6492050279231654,
      "answer_3": 0.6480521090742144,
      "answer_4": 0.5351385622080944,
      "answer_5": 0.6407036314182059,
      "answer_6": 0.5808032581632852
    },
    "query_2": {
      "answer_1": 0.5974593984833504,
      "answer_2": 0.8662055441276039,
      "answer_3": 0.6817177931906345,
      "answer_4": 0.5408781118007084,
      "answer_5": 0.5972080547985227,
      "answer_6": 0.5384819950223023
    },
    "query_3": {
      "answer_1": 0.6173991577243189,
      "answer_2": 0.636223449173644,
      "answer_3": 0.8351811592335835,
      "answer_4": 0.5646786290257224,
      "answer_5": 0.5821680907671569,
      "answer_6": 0.5282614554593451
    },
    "query_4": {
      "answer_1": 0.5115384161210971,
      "answer_2": 0.5236517985284734,
      "answer_3": 0.5043491647179871,
      "answer_4": 0.8130719105007126,
      "answer_5": 0.6538238446058718,
      "answer_6": 0.6969191813728939
    },
    "query_5": {
      "answer_1": 0.5870685917030619,
      "answer_2": 0.6012499796778329,
      "answer_3": 0.5360492883470709,
      "answer_4": 0.6081012809845816,
      "answer_5": 0.8443326728348449,
      "answer_6": 0.6503551371702068
    },
    "query_6": {
      "answer_1": 0.5316720505591486,
      "answer_2": 0.5277319161621511,
      "answer_3": 0.48706127233767676,
      "answer_4": 0.6430569176099574,
      "answer_5": 0.6576184303807608,
      "answer_6": 0.8372546738143891
    }
  }
}