{
  "entity": "George Washington",
  "cosine_similarities": {
    "query_1": {
      "answer_1": 0.8156205150465794,
      "answer_2": 0.7084900678154054,
      "answer_3": 0.5850241468781775,
      "answer_4": 0.4980342626727781,
      "answer_5": 0.6311628009088159,
      "answer_6": 0.5795376908463146
    },
    "query_2": {
      "answer_1": 0.6431792489843623,
      "answer_2": 0.8650699406399338,
      "answer_3": 0.6268830207389802,
      "answer_4": 0.5088654732672737,
      "answer_5": 0.5874978169007152,
      "answer_6": 0.591761721649723
    },
    "query_3": {
      "answer_1": 0.5922980986443884,
      "answer_2": 0.6435441237777826,
      "answer_3": 0.814113335522351,
      "answer_4": 0.47598132169358265,
      "answer_5": 0.4804714531375444,
      "answer_6": 0.5077272579753892
    },
    "query_4": {
      "answer_1": 0.5724495031577621,
      "answer_2": 0.5567551381940482,
      "answer_3": 0.4866901201148547,
      "answer_4": 0.804885428543515,
      "answer_5": 0.6117615871236387,
      "answer_6": 0.6858464681103043
    },
    "query_5": {
      "answer_1": 0.5992956617873153,
      "answer_2": 0.5916199851904034,
      "answer_3": 0.460612173977982,
      "answer_4": 0.527121627315024,
      "answer_5": 0.8471854007725258,
      "answer_6": 0.5758963696829505
    },
    "query_6": {
      "answer_1": 0.5595793328638625,
      "answer_2": 0.5800019766804461,
      "answer_3": 0.449229697791421,
      "answer_4": 0.614334497241903,
      "answer_5": 0.6092670081448769,
      "answer_6": 0.8564008253003191
    }
  }
}