{
  "entity": "George Washington",
  "cosine_similarities": {
    "query_1": {
      "answer_1": 0.7903641890364018,
      "answer_2": 0.6049253760136428,
      "answer_3": 0.5307427346990908,
      "answer_4": 0.6060831786225215,
      "answer_5": 0.6326167651801163,
      "answer_6": 0.5931190392371969
    },
    "query_2": {
      "answer_1": 0.6425886589025561,
      "answer_2": 0.8244087438354142,
      "answer_3": 0.5422981667756498,
      "answer_4": 0.5793995667455424,
      "answer_5": 0.5694929361534559,
      "answer_6": 0.5325130907398095
    },
    "query_3": {
      "answer_1": 0.5893260550772609,
      "answer_2": 0.5534312107898953,
      "answer_3": 0.7174601904535235,
      "answer_4": 0.5677775094795134,
      "answer_5": 0.5170839699032415,
      "answer_6": 0.45551634578850325
    },
    "query_4": {
      "answer_1": 0.6297627718075713,
      "answer_2": 0.571385363036729,
      "answer_3": 0.5153494578956862,
      "answer_4": 0.8024946747415238,
      "answer_5": 0.6284275397434238,
      "answer_6": 0.7175502755747626
    },
    "query_5": {
      "answer_1": 0.5759943435045577,
      "answer_2": 0.5167279319075088,
      "answer_3": 0.43569531187388205,
      "answer_4": 0.5767461352951327,
      "answer_5": 0.8391624464065043,
      "answer_6": 0.5806840788366273
    },
    "query_6": {
      "answer_1": 0.5835892311492173,
      "answer_2": 0.4782737257658684,
      "answer_3": 0.41405613257047147,
      "answer_4": 0.6520808561183306,
      "answer_5": 0.6195294150246213,
      "answer_6": 0.7968799658185094
    }
  }
}