{
  "entity": "George Washington",
  "cosine_similarities": {
    "query_1": {
      "answer_1": 0.8326977677952973,
      "answer_2": 0.6690532933667878,
      "answer_3": 0.5843620282807669,
      "answer_4": 0.6184351912614653,
      "answer_5": 0.6175591105122572,
      "answer_6": 0.5941256332598727
    },
    "query_2": {
      "answer_1": 0.675201322108403,
      "answer_2": 0.8836356807881374,
      "answer_3": 0.6066348155767035,
      "answer_4": 0.6063889253122218,
      "answer_5": 0.5638982933806642,
      "answer_6": 0.5436427892376292
    },
    "query_3": {
      "answer_1": 0.5669308151661274,
      "answer_2": 0.5490287326318654,
      "answer_3": 0.8144364642864026,
      "answer_4": 0.5719670327059275,
      "answer_5": 0.49245777580145933,
      "answer_6": 0.4539020451896499
    },
    "query_4": {
      "answer_1": 0.6080832987633947,
      "answer_2": 0.6011574578446456,
      "answer_3": 0.5815804685177669,
      "answer_4": 0.8690029641265996,
      "answer_5": 0.6249814726645373,
      "answer_6": 0.7174572374109957
    },
    "query_5": {
      "answer_1": 0.5868523999646366,
      "answer_2": 0.569626785863699,
      "answer_3": 0.47485310599871866,
      "answer_4": 0.6013262275094602,
      "answer_5": 0.867555669326405,
      "answer_6": 0.5840682874586557
    },
    "query_6": {
      "answer_1": 0.6219589121135612,
      "answer_2": 0.545601310220432,
      "answer_3": 0.46734119127450185,
      "answer_4": 0.6976055177155767,
      "answer_5": 0.6486424827856748,
      "answer_6": 0.869060798528763
    }
  }
}