{
  "entity": "George Washington",
  "cosine_similarities": {
    "query_1": {
      "answer_1": 0.8561313571835225,
      "answer_2": 0.7097100683392343,
      "answer_3": 0.5716359687547226,
      "answer_4": 0.5140702424920794,
      "answer_5": 0.610295346602369,
      "answer_6": 0.596256537014788
    },
    "query_2": {
      "answer_1": 0.678079085566872,
      "answer_2": 0.8830803269341448,
      "answer_3": 0.6248002235789054,
      "answer_4": 0.5279568947278627,
      "answer_5": 0.5631747590161402,
      "answer_6": 0.5826276271152737
    },
    "query_3": {
      "answer_1": 0.5993737843301554,
      "answer_2": 0.6348347861615955,
      "answer_3": 0.7802764566365066,
      "answer_4": 0.48259624730641515,
      "answer_5": 0.47696256451934516,
      "answer_6": 0.5037148854844535
    },
    "query_4": {
      "answer_1": 0.5678614158207689,
      "answer_2": 0.5526387022728678,
      "answer_3": 0.48446349631183405,
      "answer_4": 0.8008012817983395,
      "answer_5": 0.6012106739257317,
      "answer_6": 0.64832198338094
    },
    "query_5": {
      "answer_1": 0.6030162811522647,
      "answer_2": 0.5876019041420358,
      "answer_3": 0.45735631695905293,
      "answer_4": 0.5343376471777983,
      "answer_5": 0.874687584191014,
      "answer_6": 0.6033989790791778
    },
    "query_6": {
      "answer_1": 0.6214528556418157,
      "answer_2": 0.5882014882221702,
      "answer_3": 0.46286279663797614,
      "answer_4": 0.6305571572549081,
      "answer_5": 0.6194219356030162,
      "answer_6": 0.8470350151976027
    }
  }
}