{
  "entity": "George Washington",
  "cosine_similarities": {
    "query_1": {
      "answer_1": 0.8010733159575539,
      "answer_2": 0.670322227590019,
      "answer_3": 0.6301994921592836,
      "answer_4": 0.5055360544794747,
      "answer_5": 0.6340899673427396,
      "answer_6": 0.5733649855850982
    },
    "query_2": {
      "answer_1": 0.6426064862556218,
      "answer_2": 0.8746638770702667,
      "answer_3": 0.6685104875706014,
      "answer_4": 0.500388669567625,
      "answer_5": 0.6009805141532937,
      "answer_6": 0.5281487173315943
    },
    "query_3": {
      "answer_1": 0.6431767631589435,
      "answer_2": 0.6465522142032362,
      "answer_3": 0.8144730018758533,
      "answer_4": 0.5414710585464864,
      "answer_5": 0.5685707551710726,
      "answer_6": 0.5154951114487032
    },
    "query_4": {
      "answer_1": 0.5287641290715545,
      "answer_2": 0.5245971260342682,
      "answer_3": 0.5256611946018873,
      "answer_4": 0.7882411713486477,
      "answer_5": 0.6204321147496935,
      "answer_6": 0.6776214001337665
    },
    "query_5": {
      "answer_1": 0.6123010501984265,
      "answer_2": 0.595537053344545,
      "answer_3": 0.5540427696198053,
      "answer_4": 0.5787406258476281,
      "answer_5": 0.8415240854616732,
      "answer_6": 0.6515259188592001
    },
    "query_6": {
      "answer_1": 0.5528958331963667,
      "answer_2": 0.5228814933550836,
      "answer_3": 0.49878030933285367,
      "answer_4": 0.6002128543631267,
      "answer_5": 0.6336539780285227,
      "answer_6": 0.8485035626886522
    }
  }
}