{
  "entity": "George Washington",
  "cosine_similarities": {
    "query_1": {
      "answer_1": 0.8405088952665386,
      "answer_2": 0.6450032249872505,
      "answer_3": 0.6367939107788422,
      "answer_4": 0.5471798858640463,
      "answer_5": 0.5972134173366983,
      "answer_6": 0.5830574241988171
    },
    "query_2": {
      "answer_1": 0.6612429473889896,
      "answer_2": 0.8461455826514513,
      "answer_3": 0.7018826584030826,
      "answer_4": 0.5364550199801122,
      "answer_5": 0.5389700693415772,
      "answer_6": 0.5218751962585217
    },
    "query_3": {
      "answer_1": 0.6647705735313592,
      "answer_2": 0.656791531599685,
      "answer_3": 0.8136995965492745,
      "answer_4": 0.6440082026126649,
      "answer_5": 0.5897420716531296,
      "answer_6": 0.5395741592145584
    },
    "query_4": {
      "answer_1": 0.5134963290384086,
      "answer_2": 0.5247899996460466,
      "answer_3": 0.5882006237938127,
      "answer_4": 0.8536574250189171,
      "answer_5": 0.5912464558204621,
      "answer_6": 0.5617568258514613
    },
    "query_5": {
      "answer_1": 0.5411474770947365,
      "answer_2": 0.5020833598962465,
      "answer_3": 0.5348548725498741,
      "answer_4": 0.545214030850209,
      "answer_5": 0.8714868216961129,
      "answer_6": 0.5786463971709902
    },
    "query_6": {
      "answer_1": 0.5487539365483849,
      "answer_2": 0.48605394815081976,
      "answer_3": 0.45712145932452364,
      "answer_4": 0.5243867460545737,
      "answer_5": 0.5748016020368523,
      "answer_6": 0.8180246263767927
    }
  }
}