{
  "entity": "George Washington",
  "cosine_similarities": {
    "query_1": {
      "answer_1": 0.8468437716609432,
      "answer_2": 0.6686679899025175,
      "answer_3": 0.6317982183229434,
      "answer_4": 0.5131866176440215,
      "answer_5": 0.5622463295874737,
      "answer_6": 0.5590894765772341
    },
    "query_2": {
      "answer_1": 0.6405396896537989,
      "answer_2": 0.8936155181942819,
      "answer_3": 0.7040220802453201,
      "answer_4": 0.5241008329941585,
      "answer_5": 0.5464684256152008,
      "answer_6": 0.5507043276935818
    },
    "query_3": {
      "answer_1": 0.6385901671991842,
      "answer_2": 0.6489602389185665,
      "answer_3": 0.8330780637806289,
      "answer_4": 0.6207012693041583,
      "answer_5": 0.5174288462192385,
      "answer_6": 0.5396438642064424
    },
    "query_4": {
      "answer_1": 0.5035169461965336,
      "answer_2": 0.5020443185968726,
      "answer_3": 0.5919695892164036,
      "answer_4": 0.8423434761683454,
      "answer_5": 0.4906895100470395,
      "answer_6": 0.5517517069847605
    },
    "query_5": {
      "answer_1": 0.5706377075889407,
      "answer_2": 0.5211303199015593,
      "answer_3": 0.4743386324609154,
      "answer_4": 0.47957409704276477,
      "answer_5": 0.8481115083893075,
      "answer_6": 0.5742803051880818
    },
    "query_6": {
      "answer_1": 0.5366086446254074,
      "answer_2": 0.533591540679327,
      "answer_3": 0.48838919543470183,
      "answer_4": 0.4941878729668639,
      "answer_5": 0.5942172280523189,
      "answer_6": 0.7750738007211179
    }
  }
}