{
  "entity": "George Washington",
  "cosine_similarities": {
    "query_1": {
      "answer_1": 0.8659522020600862,
      "answer_2": 0.6558747419596723,
      "answer_3": 0.6371383136973132,
      "answer_4": 0.5437607845869274,
      "answer_5": 0.5896882833718751,
      "answer_6": 0.5808291064346632
    },
    "query_2": {
      "answer_1": 0.602329410299135,
      "answer_2": 0.8585805114632991,
      "answer_3": 0.6269972659130431,
      "answer_4": 0.490938785724838,
      "answer_5": 0.50807627822069,
      "answer_6": 0.5373292460821154
    },
    "query_3": {
      "answer_1": 0.6295383517742499,
      "answer_2": 0.637264973105176,
      "answer_3": 0.8251925251206608,
      "answer_4": 0.6588481611750444,
      "answer_5": 0.5380833378009618,
      "answer_6": 0.5786449363997328
    },
    "query_4": {
      "answer_1": 0.5555335084126755,
      "answer_2": 0.549489867422845,
      "answer_3": 0.6581041795942582,
      "answer_4": 0.8583026424140233,
      "answer_5": 0.5526922685489393,
      "answer_6": 0.584848974401542
    },
    "query_5": {
      "answer_1": 0.6110410329357717,
      "answer_2": 0.5637355357072323,
      "answer_3": 0.5336538751193559,
      "answer_4": 0.5160529369429179,
      "answer_5": 0.8628081872290936,
      "answer_6": 0.5527456261089136
    },
    "query_6": {
      "answer_1": 0.5966173503139706,
      "answer_2": 0.5421852324676034,
      "answer_3": 0.5280426924230179,
      "answer_4": 0.5685579962686975,
      "answer_5": 0.5628888846940991,
      "answer_6": 0.8560989519335626
    }
  }
}