{
  "entity": "George Washington",
  "cosine_similarities": {
    "query_1": {
      "answer_1": 0.862403130004701,
      "answer_2": 0.6417512446359324,
      "answer_3": 0.6252688897570984,
      "answer_4": 0.6317888993402077,
      "answer_5": 0.6213993541073968,
      "answer_6": 0.6010077633374189
    },
    "query_2": {
      "answer_1": 0.6504932826944568,
      "answer_2": 0.8756570979991222,
      "answer_3": 0.6480266832434066,
      "answer_4": 0.5979642943699007,
      "answer_5": 0.5663573465120519,
      "answer_6": 0.5685169815380131
    },
    "query_3": {
      "answer_1": 0.5635777903296492,
      "answer_2": 0.5415236664001412,
      "answer_3": 0.7956433482495273,
      "answer_4": 0.556228617384529,
      "answer_5": 0.49873474428624326,
      "answer_6": 0.463460155882167
    },
    "query_4": {
      "answer_1": 0.5869152423666323,
      "answer_2": 0.5831844053477111,
      "answer_3": 0.6125449573386671,
      "answer_4": 0.8754395982439709,
      "answer_5": 0.6278515217436709,
      "answer_6": 0.7149004386522281
    },
    "query_5": {
      "answer_1": 0.6016481772547072,
      "answer_2": 0.5562102456309497,
      "answer_3": 0.5148396182818497,
      "answer_4": 0.6087247619814649,
      "answer_5": 0.8578508287970951,
      "answer_6": 0.5804725189720285
    },
    "query_6": {
      "answer_1": 0.5831486296187496,
      "answer_2": 0.5405627549787249,
      "answer_3": 0.48391624911462316,
      "answer_4": 0.7061441498721104,
      "answer_5": 0.6241989028924138,
      "answer_6": 0.847642299504574
    }
  }
}