{
  "entity": "George Washington",
  "cosine_similarities": {
    "query_1": {
      "answer_1": 0.8285798111876874,
      "answer_2": 0.6700604032259632,
      "answer_3": 0.5763687207687053,
      "answer_4": 0.5867875004308128,
      "answer_5": 0.6349042302651825,
      "answer_6": 0.591070571904734
    },
    "query_2": {
      "answer_1": 0.6495183383417774,
      "answer_2": 0.8676585501104873,
      "answer_3": 0.5895621994110379,
      "answer_4": 0.5834412231912328,
      "answer_5": 0.5928090599153304,
      "answer_6": 0.5586514900630266
    },
    "query_3": {
      "answer_1": 0.5720853817902309,
      "answer_2": 0.5478463346326437,
      "answer_3": 0.8239613034989062,
      "answer_4": 0.5874780484179635,
      "answer_5": 0.5066781598328614,
      "answer_6": 0.4658766916146029
    },
    "query_4": {
      "answer_1": 0.5929939902834114,
      "answer_2": 0.5695040108480979,
      "answer_3": 0.5599628696729507,
      "answer_4": 0.8830416232461755,
      "answer_5": 0.6908455133476868,
      "answer_6": 0.6703514659413385
    },
    "query_5": {
      "answer_1": 0.597715399975306,
      "answer_2": 0.5673870175982685,
      "answer_3": 0.4781497396518688,
      "answer_4": 0.620766219016411,
      "answer_5": 0.8348369034630501,
      "answer_6": 0.631774918070717
    },
    "query_6": {
      "answer_1": 0.5966869298489008,
      "answer_2": 0.5780994669814385,
      "answer_3": 0.4664449719539755,
      "answer_4": 0.6283002842992848,
      "answer_5": 0.6615587635647623,
      "answer_6": 0.8280251191705644
    }
  }
}