{
  "entity": "George Washington",
  "cosine_similarities": {
    "query_1": {
      "answer_1": 0.8038487310522723,
      "answer_2": 0.6960132714012663,
      "answer_3": 0.6606961934489534,
      "answer_4": 0.49495457308311225,
      "answer_5": 0.6419645035669409,
      "answer_6": 0.6039758251147275
    },
    "query_2": {
      "answer_1": 0.6383632991695319,
      "answer_2": 0.869851462426306,
      "answer_3": 0.684754035447265,
      "answer_4": 0.5129400214324099,
      "answer_5": 0.613849370804993,
      "answer_6": 0.5686419220095036
    },
    "query_3": {
      "answer_1": 0.6461528059773753,
      "answer_2": 0.6726311204020669,
      "answer_3": 0.8410987795484816,
      "answer_4": 0.5338432920649736,
      "answer_5": 0.5950684154926903,
      "answer_6": 0.5668413701338203
    },
    "query_4": {
      "answer_1": 0.5271680222561158,
      "answer_2": 0.5377687598854805,
      "answer_3": 0.5289846822985801,
      "answer_4": 0.8089716824688515,
      "answer_5": 0.6231648575080868,
      "answer_6": 0.6841355387127055
    },
    "query_5": {
      "answer_1": 0.6178522740428071,
      "answer_2": 0.6045343729453786,
      "answer_3": 0.5698129971996692,
      "answer_4": 0.5714990213878085,
      "answer_5": 0.8629174109195811,
      "answer_6": 0.6270106496173629
    },
    "query_6": {
      "answer_1": 0.5593677784104829,
      "answer_2": 0.5772464433901855,
      "answer_3": 0.5459299740595137,
      "answer_4": 0.6214745702775316,
      "answer_5": 0.6360650020113335,
      "answer_6": 0.8512982804030669
    }
  }
}