{
  "entity": "George Washington",
  "cosine_similarities": {
    "query_1": {
      "answer_1": 0.841423554491533,
      "answer_2": 0.6681322294637014,
      "answer_3": 0.6066192375420898,
      "answer_4": 0.5138891714549331,
      "answer_5": 0.6252733969579534,
      "answer_6": 0.6167343037515388
    },
    "query_2": {
      "answer_1": 0.6556772027721394,
      "answer_2": 0.895714211898183,
      "answer_3": 0.6404103189845904,
      "answer_4": 0.5402499968237965,
      "answer_5": 0.5785240620950652,
      "answer_6": 0.5745488975625966
    },
    "query_3": {
      "answer_1": 0.6100958844666338,
      "answer_2": 0.55304356693709,
      "answer_3": 0.8058396301790042,
      "answer_4": 0.5234709957104943,
      "answer_5": 0.5293575611633181,
      "answer_6": 0.5244839113797729
    },
    "query_4": {
      "answer_1": 0.5588345973040164,
      "answer_2": 0.5317396443533509,
      "answer_3": 0.48834027918475265,
      "answer_4": 0.7645873335065589,
      "answer_5": 0.5573847442119926,
      "answer_6": 0.7319801113653155
    },
    "query_5": {
      "answer_1": 0.6085397086541893,
      "answer_2": 0.5527437745816889,
      "answer_3": 0.5063466622048498,
      "answer_4": 0.5472721730875659,
      "answer_5": 0.8771739602020752,
      "answer_6": 0.5692530202446885
    },
    "query_6": {
      "answer_1": 0.6456420986224832,
      "answer_2": 0.572891539690206,
      "answer_3": 0.5368536805786702,
      "answer_4": 0.6787186387741165,
      "answer_5": 0.6123138322968079,
      "answer_6": 0.8444393408340419
    }
  }
}