{
  "entity": "George Washington",
  "cosine_similarities": {
    "query_1": {
      "answer_1": 0.8420803182044833,
      "answer_2": 0.6452507988377862,
      "answer_3": 0.6078147160710354,
      "answer_4": 0.6179557650536014,
      "answer_5": 0.6171760011305261,
      "answer_6": 0.5998536098287307
    },
    "query_2": {
      "answer_1": 0.6117658926550128,
      "answer_2": 0.882043688832388,
      "answer_3": 0.6440052336107558,
      "answer_4": 0.6156045122421555,
      "answer_5": 0.5714294180090533,
      "answer_6": 0.5536795858503625
    },
    "query_3": {
      "answer_1": 0.5514789897800081,
      "answer_2": 0.5522723402991143,
      "answer_3": 0.7777046831442503,
      "answer_4": 0.5680824897523199,
      "answer_5": 0.4868363503501296,
      "answer_6": 0.4751045014364037
    },
    "query_4": {
      "answer_1": 0.5858398602326518,
      "answer_2": 0.5978548891558384,
      "answer_3": 0.5965888891323982,
      "answer_4": 0.8681888494106743,
      "answer_5": 0.6252162380063407,
      "answer_6": 0.7537870020047884
    },
    "query_5": {
      "answer_1": 0.6072392904878251,
      "answer_2": 0.556872689603507,
      "answer_3": 0.500368725350811,
      "answer_4": 0.607167430936496,
      "answer_5": 0.8578338851740801,
      "answer_6": 0.5866762778803294
    },
    "query_6": {
      "answer_1": 0.6057890468441839,
      "answer_2": 0.5368635665006631,
      "answer_3": 0.4738719591944144,
      "answer_4": 0.6807310166043513,
      "answer_5": 0.653985767142933,
      "answer_6": 0.8389512617040358
    }
  }
}