{
  "entity": "George Washington",
  "cosine_similarities": {
    "query_1": {
      "answer_1": 0.7078678765992947,
      "answer_2": 0.6915789366772468,
      "answer_3": 0.620490292027957,
      "answer_4": 0.5328573086228608,
      "answer_5": 0.6480580534190217,
      "answer_6": 0.5821054604855433
    },
    "query_2": {
      "answer_1": 0.5706340973875456,
      "answer_2": 0.8385140241355573,
      "answer_3": 0.6486462604754198,
      "answer_4": 0.5280870580973913,
      "answer_5": 0.6044533011824225,
      "answer_6": 0.580721714453761
    },
    "query_3": {
      "answer_1": 0.5731224868977718,
      "answer_2": 0.6859870925552563,
      "answer_3": 0.7989342746708279,
      "answer_4": 0.5572440996068442,
      "answer_5": 0.5822567562055602,
      "answer_6": 0.5698776329658929
    },
    "query_4": {
      "answer_1": 0.550135852366681,
      "answer_2": 0.5648868284255595,
      "answer_3": 0.5246941026853075,
      "answer_4": 0.8332843004922841,
      "answer_5": 0.6266301103006349,
      "answer_6": 0.7066727312683879
    },
    "query_5": {
      "answer_1": 0.5637176225446534,
      "answer_2": 0.6149817707853295,
      "answer_3": 0.5360437550157934,
      "answer_4": 0.600352585400672,
      "answer_5": 0.8411659596549295,
      "answer_6": 0.6327608222613379
    },
    "query_6": {
      "answer_1": 0.5321337709057153,
      "answer_2": 0.6164469978256112,
      "answer_3": 0.5071141766900237,
      "answer_4": 0.6432502104908961,
      "answer_5": 0.6613264263595467,
      "answer_6": 0.7960593060231136
    }
  }
}