{
  "entity": "George Washington",
  "cosine_similarities": {
    "query_1": {
      "answer_1": 0.833431845305456,
      "answer_2": 0.6441561761737228,
      "answer_3": 0.6134118939446344,
      "answer_4": 0.5242729090963458,
      "answer_5": 0.6370138762850666,
      "answer_6": 0.5963067799298347
    },
    "query_2": {
      "answer_1": 0.6635302010314091,
      "answer_2": 0.881426319830186,
      "answer_3": 0.6943606458366048,
      "answer_4": 0.5192156057483829,
      "answer_5": 0.5727442454403525,
      "answer_6": 0.5415478336334348
    },
    "query_3": {
      "answer_1": 0.6627937331877405,
      "answer_2": 0.6471381956881969,
      "answer_3": 0.8058705757268828,
      "answer_4": 0.621579969116479,
      "answer_5": 0.6051341789209503,
      "answer_6": 0.5391545497459285
    },
    "query_4": {
      "answer_1": 0.5313696072550959,
      "answer_2": 0.513826281702069,
      "answer_3": 0.5754852456809211,
      "answer_4": 0.8513724370935206,
      "answer_5": 0.5688130240922756,
      "answer_6": 0.5559750512294535
    },
    "query_5": {
      "answer_1": 0.5811776119437959,
      "answer_2": 0.5354189446708664,
      "answer_3": 0.5225892878673344,
      "answer_4": 0.540383106453853,
      "answer_5": 0.8856495553686454,
      "answer_6": 0.5900422260166281
    },
    "query_6": {
      "answer_1": 0.5934847983124558,
      "answer_2": 0.5223503610236594,
      "answer_3": 0.4641078119286206,
      "answer_4": 0.5031282197269258,
      "answer_5": 0.5890633284210262,
      "answer_6": 0.836063567770894
    }
  }
}