{
  "entity": "George Washington",
  "cosine_similarities": {
    "query_1": {
      "answer_1": 0.8626989772134288,
      "answer_2": 0.6424527910441672,
      "answer_3": 0.653703671050378,
      "answer_4": 0.5482222644256601,
      "answer_5": 0.6080827261934098,
      "answer_6": 0.5716990748065813
    },
    "query_2": {
      "answer_1": 0.6062740668208614,
      "answer_2": 0.8701972407800804,
      "answer_3": 0.6388759734405388,
      "answer_4": 0.5018616131371952,
      "answer_5": 0.5510767212658705,
      "answer_6": 0.5277890598762127
    },
    "query_3": {
      "answer_1": 0.6690391622799163,
      "answer_2": 0.6404003483421015,
      "answer_3": 0.8156512508426993,
      "answer_4": 0.6368596526735483,
      "answer_5": 0.6107413793963319,
      "answer_6": 0.5885101889037612
    },
    "query_4": {
      "answer_1": 0.5677703414765372,
      "answer_2": 0.544648325939628,
      "answer_3": 0.6202634186640344,
      "answer_4": 0.847714388364052,
      "answer_5": 0.6012251398260218,
      "answer_6": 0.5595752947017126
    },
    "query_5": {
      "answer_1": 0.5962834589196622,
      "answer_2": 0.5579366297676933,
      "answer_3": 0.5578985729567492,
      "answer_4": 0.5959666228306362,
      "answer_5": 0.838628922121865,
      "answer_6": 0.6252210460881956
    },
    "query_6": {
      "answer_1": 0.5850582991319992,
      "answer_2": 0.5420959208777267,
      "answer_3": 0.5411478770914181,
      "answer_4": 0.5900703659582774,
      "answer_5": 0.6467792566901868,
      "answer_6": 0.8424115880565395
    }
  }
}