{
  "entity": "George Washington",
  "cosine_similarities": {
    "query_1": {
      "answer_1": 0.7935605782216657,
      "answer_2": 0.6816124513889398,
      "answer_3": 0.6079698877139558,
      "answer_4": 0.5470732930309438,
      "answer_5": 0.5771616888668797,
      "answer_6": 0.6032568702349578
    },
    "query_2": {
      "answer_1": 0.6040294075232656,
      "answer_2": 0.8734990455031091,
      "answer_3": 0.6188698892304317,
      "answer_4": 0.5290716203451941,
      "answer_5": 0.5008263707491497,
      "answer_6": 0.5907504228404835
    },
    "query_3": {
      "answer_1": 0.615639873226128,
      "answer_2": 0.6685488131683186,
      "answer_3": 0.7845986850392178,
      "answer_4": 0.6359534329587266,
      "answer_5": 0.5325967877065819,
      "answer_6": 0.6096980690532942
    },
    "query_4": {
      "answer_1": 0.5556455139267916,
      "answer_2": 0.5657499331547475,
      "answer_3": 0.6152650150690658,
      "answer_4": 0.8392290680697985,
      "answer_5": 0.5655933327229703,
      "answer_6": 0.6122555762749794
    },
    "query_5": {
      "answer_1": 0.5165527126025995,
      "answer_2": 0.5272330427461946,
      "answer_3": 0.4742948063706772,
      "answer_4": 0.4952353667101948,
      "answer_5": 0.8201723778275536,
      "answer_6": 0.5452081172181983
    },
    "query_6": {
      "answer_1": 0.5654029611623277,
      "answer_2": 0.5940436678546756,
      "answer_3": 0.5050523589114179,
      "answer_4": 0.5895891525549632,
      "answer_5": 0.5662751268231543,
      "answer_6": 0.8561356658475086
    }
  }
}