{
  "entity": "George Washington",
  "cosine_similarities": {
    "query_1": {
      "answer_1": 0.8590948955995393,
      "answer_2": 0.646566523240299,
      "answer_3": 0.6339919338803011,
      "answer_4": 0.48734753065844344,
      "answer_5": 0.6390133400905087,
      "answer_6": 0.5717108458645522
    },
    "query_2": {
      "answer_1": 0.6168378605370486,
      "answer_2": 0.8699276528498884,
      "answer_3": 0.6334335592170449,
      "answer_4": 0.4970657301212271,
      "answer_5": 0.5729143997506223,
      "answer_6": 0.5226993485320146
    },
    "query_3": {
      "answer_1": 0.6421204437050901,
      "answer_2": 0.6593654359864946,
      "answer_3": 0.8439560130183827,
      "answer_4": 0.5613170883514734,
      "answer_5": 0.6164715849568196,
      "answer_6": 0.569487125284504
    },
    "query_4": {
      "answer_1": 0.5390007484993677,
      "answer_2": 0.5515656444599308,
      "answer_3": 0.5463705188020714,
      "answer_4": 0.7656778407222236,
      "answer_5": 0.6238713266790593,
      "answer_6": 0.6673110890502526
    },
    "query_5": {
      "answer_1": 0.6409822437310136,
      "answer_2": 0.571810293687743,
      "answer_3": 0.5798995549986984,
      "answer_4": 0.5516264025652524,
      "answer_5": 0.8559474204534149,
      "answer_6": 0.6333762090049525
    },
    "query_6": {
      "answer_1": 0.5471873862343577,
      "answer_2": 0.5156105665663396,
      "answer_3": 0.4879959302221032,
      "answer_4": 0.568205630336287,
      "answer_5": 0.6240988307808839,
      "answer_6": 0.8241317713577766
    }
  }
}