{
  "entity": "George Washington",
  "cosine_similarities": {
    "query_1": {
      "answer_1": 0.7787205938569107,
      "answer_2": 0.6816422315597932,
      "answer_3": 0.6247360418901197,
      "answer_4": 0.518264977296301,
      "answer_5": 0.6499709694365299,
      "answer_6": 0.6229434252403759
    },
    "query_2": {
      "answer_1": 0.6099017155116985,
      "answer_2": 0.8503100441968102,
      "answer_3": 0.6509655061101473,
      "answer_4": 0.5287304502457236,
      "answer_5": 0.6047390128868874,
      "answer_6": 0.5838757128943454
    },
    "query_3": {
      "answer_1": 0.6230136270418448,
      "answer_2": 0.6739589445018018,
      "answer_3": 0.8158455720202896,
      "answer_4": 0.5616620505751911,
      "answer_5": 0.5893373134990828,
      "answer_6": 0.6030005990509142
    },
    "query_4": {
      "answer_1": 0.5487638281844035,
      "answer_2": 0.5410935908125121,
      "answer_3": 0.5426620575363912,
      "answer_4": 0.8050298175506096,
      "answer_5": 0.6238185402978692,
      "answer_6": 0.6990677730435806
    },
    "query_5": {
      "answer_1": 0.5870064885977502,
      "answer_2": 0.5978008265686273,
      "answer_3": 0.539262976423756,
      "answer_4": 0.5888261097890823,
      "answer_5": 0.8534811623358523,
      "answer_6": 0.6505983454951608
    },
    "query_6": {
      "answer_1": 0.5470051486003293,
      "answer_2": 0.5752459546254031,
      "answer_3": 0.5044336612815984,
      "answer_4": 0.6509015539495677,
      "answer_5": 0.6352753327972578,
      "answer_6": 0.8240851506535535
    }
  }
}