{
  "entity": "George Washington",
  "cosine_similarities": {
    "query_1": {
      "answer_1": 0.83164466967537,
      "answer_2": 0.6484906333285945,
      "answer_3": 0.5996749736708976,
      "answer_4": 0.6288035024559254,
      "answer_5": 0.6165393782262275,
      "answer_6": 0.6158911459468497
    },
    "query_2": {
      "answer_1": 0.674654833278256,
      "answer_2": 0.8523110129520519,
      "answer_3": 0.6259160466946481,
      "answer_4": 0.5836489009409243,
      "answer_5": 0.56814784452199,
      "answer_6": 0.5539293244003803
    },
    "query_3": {
      "answer_1": 0.5706221584557496,
      "answer_2": 0.562160759991227,
      "answer_3": 0.7808975968628283,
      "answer_4": 0.5597369292507041,
      "answer_5": 0.4985110892260606,
      "answer_6": 0.45955560700727355
    },
    "query_4": {
      "answer_1": 0.6497098005213525,
      "answer_2": 0.6013229319633803,
      "answer_3": 0.6172490041598253,
      "answer_4": 0.806755091938658,
      "answer_5": 0.6445080469308074,
      "answer_6": 0.714671644925932
    },
    "query_5": {
      "answer_1": 0.6073288511970263,
      "answer_2": 0.5483239978259362,
      "answer_3": 0.49075140940230244,
      "answer_4": 0.5854170300028126,
      "answer_5": 0.8552186481221531,
      "answer_6": 0.5813120139862131
    },
    "query_6": {
      "answer_1": 0.6371063755350227,
      "answer_2": 0.5324797532722398,
      "answer_3": 0.4765427292489324,
      "answer_4": 0.6693763351256862,
      "answer_5": 0.6441826261966057,
      "answer_6": 0.8578117187919447
    }
  }
}