{
  "entity": "George Washington",
  "cosine_similarities": {
    "query_1": {
      "answer_1": 0.7795010837259789,
      "answer_2": 0.6550548815973262,
      "answer_3": 0.5984657697373414,
      "answer_4": 0.518034150375417,
      "answer_5": 0.6117075118593686,
      "answer_6": 0.5718583972131308
    },
    "query_2": {
      "answer_1": 0.6239489990505556,
      "answer_2": 0.8874880449648757,
      "answer_3": 0.6356890898147708,
      "answer_4": 0.5315122565930155,
      "answer_5": 0.5674896809819551,
      "answer_6": 0.5312565496736535
    },
    "query_3": {
      "answer_1": 0.5557052918444171,
      "answer_2": 0.5901627911103545,
      "answer_3": 0.8049961237367181,
      "answer_4": 0.49836221168173156,
      "answer_5": 0.4829680508605528,
      "answer_6": 0.45881142890585375
    },
    "query_4": {
      "answer_1": 0.5469753352456532,
      "answer_2": 0.513974437446645,
      "answer_3": 0.508546798503757,
      "answer_4": 0.8109890727209138,
      "answer_5": 0.6239548442839127,
      "answer_6": 0.6311566649919769
    },
    "query_5": {
      "answer_1": 0.570825307158519,
      "answer_2": 0.5474828286495833,
      "answer_3": 0.47425553933205916,
      "answer_4": 0.5265960366297018,
      "answer_5": 0.8684994429640368,
      "answer_6": 0.5693174703050882
    },
    "query_6": {
      "answer_1": 0.5640993554299567,
      "answer_2": 0.5150651407051665,
      "answer_3": 0.4457377423275877,
      "answer_4": 0.6059548076791559,
      "answer_5": 0.6158085395869529,
      "answer_6": 0.831443279263476
    }
  }
}