{
  "entity": "George Washington",
  "cosine_similarities": {
    "query_1": {
      "answer_1": 0.8823315953983112,
      "answer_2": 0.644323241298179,
      "answer_3": 0.6229203242298575,
      "answer_4": 0.4912421012790318,
      "answer_5": 0.6129373986917168,
      "answer_6": 0.5775261174432355
    },
    "query_2": {
      "answer_1": 0.6135857920185694,
      "answer_2": 0.8651119267448238,
      "answer_3": 0.6244433170942976,
      "answer_4": 0.5067348183638624,
      "answer_5": 0.5705060461395824,
      "answer_6": 0.5205900130562563
    },
    "query_3": {
      "answer_1": 0.608180319657266,
      "answer_2": 0.6357796830404124,
      "answer_3": 0.8605354042983431,
      "answer_4": 0.486128391876457,
      "answer_5": 0.5311406611235177,
      "answer_6": 0.4709786265953104
    },
    "query_4": {
      "answer_1": 0.5441262856762021,
      "answer_2": 0.5498922485387807,
      "answer_3": 0.5286630772202017,
      "answer_4": 0.7781047462713104,
      "answer_5": 0.5956537580930331,
      "answer_6": 0.6614112053295373
    },
    "query_5": {
      "answer_1": 0.599372200828322,
      "answer_2": 0.5475391010537535,
      "answer_3": 0.5311114584730231,
      "answer_4": 0.5204713476000274,
      "answer_5": 0.8683301454275129,
      "answer_6": 0.5689832268731349
    },
    "query_6": {
      "answer_1": 0.5930075755905557,
      "answer_2": 0.535929869240141,
      "answer_3": 0.5215081267063062,
      "answer_4": 0.6184918815833713,
      "answer_5": 0.6102996261611442,
      "answer_6": 0.8490373398147013
    }
  }
}