{
  "entity": "George Washington",
  "cosine_similarities": {
    "query_1": {
      "answer_1": 0.8291220325350234,
      "answer_2": 0.6352716349769245,
      "answer_3": 0.6065973032758137,
      "answer_4": 0.4680792974800448,
      "answer_5": 0.611664239587597,
      "answer_6": 0.5924521466300163
    },
    "query_2": {
      "answer_1": 0.6483196334359902,
      "answer_2": 0.8483523400735614,
      "answer_3": 0.6467874232242896,
      "answer_4": 0.4857195161385956,
      "answer_5": 0.545643140118069,
      "answer_6": 0.5550069318523424
    },
    "query_3": {
      "answer_1": 0.5883212550208993,
      "answer_2": 0.5716220598155981,
      "answer_3": 0.8124106758720953,
      "answer_4": 0.45634967170507507,
      "answer_5": 0.4667619334078148,
      "answer_6": 0.45698194437174855
    },
    "query_4": {
      "answer_1": 0.5564146324215988,
      "answer_2": 0.5340509896815456,
      "answer_3": 0.5231474400364406,
      "answer_4": 0.7756153201755315,
      "answer_5": 0.5946193228813946,
      "answer_6": 0.6240837533278638
    },
    "query_5": {
      "answer_1": 0.5639758492647801,
      "answer_2": 0.5336676134249463,
      "answer_3": 0.47472002124639245,
      "answer_4": 0.46426395729334546,
      "answer_5": 0.8753805128049764,
      "answer_6": 0.5617285138070425
    },
    "query_6": {
      "answer_1": 0.5776051808316126,
      "answer_2": 0.5130756599378361,
      "answer_3": 0.43788601528449506,
      "answer_4": 0.545808778133713,
      "answer_5": 0.593552519179812,
      "answer_6": 0.816126556830085
    }
  }
}