{
  "entity": "George Washington",
  "cosine_similarities": {
    "query_1": {
      "answer_1": 0.8395471588542643,
      "answer_2": 0.6407582700959827,
      "answer_3": 0.640762944318493,
      "answer_4": 0.5236524155669996,
      "answer_5": 0.5924931752094138,
      "answer_6": 0.5574451626526794
    },
    "query_2": {
      "answer_1": 0.6060889741333829,
      "answer_2": 0.8267286592981903,
      "answer_3": 0.6243981715234699,
      "answer_4": 0.4558751574185811,
      "answer_5": 0.5312967463764705,
      "answer_6": 0.4980936323265048
    },
    "query_3": {
      "answer_1": 0.6976636050102815,
      "answer_2": 0.6375862314110462,
      "answer_3": 0.7888208396226677,
      "answer_4": 0.5632500620279982,
      "answer_5": 0.5698778784969071,
      "answer_6": 0.5616418049744802
    },
    "query_4": {
      "answer_1": 0.57720297588914,
      "answer_2": 0.5273878242567187,
      "answer_3": 0.6812315373450453,
      "answer_4": 0.8199510237779118,
      "answer_5": 0.5654270371969808,
      "answer_6": 0.5442901698158589
    },
    "query_5": {
      "answer_1": 0.6174131541578199,
      "answer_2": 0.539859525522571,
      "answer_3": 0.5418293728072783,
      "answer_4": 0.5615738148865259,
      "answer_5": 0.8584885218916147,
      "answer_6": 0.6125260788519233
    },
    "query_6": {
      "answer_1": 0.605669681012249,
      "answer_2": 0.5221611183297062,
      "answer_3": 0.5186845779912669,
      "answer_4": 0.5432400335624988,
      "answer_5": 0.6222443440632751,
      "answer_6": 0.8016789179010417
    }
  }
}