{
  "entity": "George Washington",
  "cosine_similarities": {
    "query_1": {
      "answer_1": 0.8634414724870958,
      "answer_2": 0.6714049161788388,
      "answer_3": 0.6427064560826088,
      "answer_4": 0.5217351947084529,
      "answer_5": 0.6223176904874956,
      "answer_6": 0.5989183241555668
    },
    "query_2": {
      "answer_1": 0.6570130026880064,
      "answer_2": 0.8745188669795511,
      "answer_3": 0.6927301509705088,
      "answer_4": 0.5160395714542007,
      "answer_5": 0.5658522185119067,
      "answer_6": 0.5727543217475836
    },
    "query_3": {
      "answer_1": 0.6478784075317648,
      "answer_2": 0.6580479997968287,
      "answer_3": 0.8324414960884325,
      "answer_4": 0.6085862059228286,
      "answer_5": 0.5939217618355652,
      "answer_6": 0.5270647867151427
    },
    "query_4": {
      "answer_1": 0.49711991010524986,
      "answer_2": 0.5263893765230856,
      "answer_3": 0.5902509580398139,
      "answer_4": 0.8385277275492027,
      "answer_5": 0.5741410154217564,
      "answer_6": 0.5439827176154056
    },
    "query_5": {
      "answer_1": 0.5892954911734125,
      "answer_2": 0.5410439736651284,
      "answer_3": 0.5455707594678116,
      "answer_4": 0.541843625814899,
      "answer_5": 0.8788921661620432,
      "answer_6": 0.5711929608082945
    },
    "query_6": {
      "answer_1": 0.5717467097026179,
      "answer_2": 0.5386737096971659,
      "answer_3": 0.4869252434483959,
      "answer_4": 0.49992103389820824,
      "answer_5": 0.5689726384013669,
      "answer_6": 0.806925646267178
    }
  }
}