{
  "entity": "George Washington",
  "cosine_similarities": {
    "query_1": {
      "answer_1": 0.7726588272992266,
      "answer_2": 0.6529234559431872,
      "answer_3": 0.6356682979109632,
      "answer_4": 0.5147527912037821,
      "answer_5": 0.62532980925179,
      "answer_6": 0.6087584208843383
    },
    "query_2": {
      "answer_1": 0.6140259642606853,
      "answer_2": 0.8626790008071139,
      "answer_3": 0.6723577292714402,
      "answer_4": 0.5186712878701792,
      "answer_5": 0.5943682491476961,
      "answer_6": 0.5752124724386131
    },
    "query_3": {
      "answer_1": 0.6203883388935894,
      "answer_2": 0.6458429831018159,
      "answer_3": 0.8373789108241437,
      "answer_4": 0.5503444507244074,
      "answer_5": 0.5593443402722097,
      "answer_6": 0.5551090180106202
    },
    "query_4": {
      "answer_1": 0.5333608332198129,
      "answer_2": 0.5370024425583754,
      "answer_3": 0.53107816355199,
      "answer_4": 0.8099800030025974,
      "answer_5": 0.6251187244709487,
      "answer_6": 0.6682609288801297
    },
    "query_5": {
      "answer_1": 0.6006612109055955,
      "answer_2": 0.5966634737886606,
      "answer_3": 0.5583789962262214,
      "answer_4": 0.5883079432336882,
      "answer_5": 0.8505758761416524,
      "answer_6": 0.616520001688624
    },
    "query_6": {
      "answer_1": 0.5647029290410996,
      "answer_2": 0.577446657062345,
      "answer_3": 0.5264971035116365,
      "answer_4": 0.6338324256173431,
      "answer_5": 0.6344171610654972,
      "answer_6": 0.8478435552200787
    }
  }
}