{
  "entity": "George Washington",
  "cosine_similarities": {
    "query_1": {
      "answer_1": 0.8688085116133556,
      "answer_2": 0.6968510411306293,
      "answer_3": 0.6263520539010569,
      "answer_4": 0.5048950298107654,
      "answer_5": 0.6437422333056895,
      "answer_6": 0.6054958367966311
    },
    "query_2": {
      "answer_1": 0.6803991468611985,
      "answer_2": 0.8718834083455056,
      "answer_3": 0.6075237622429579,
      "answer_4": 0.5212689275416753,
      "answer_5": 0.6218610087581222,
      "answer_6": 0.5745158332225576
    },
    "query_3": {
      "answer_1": 0.6355687042328694,
      "answer_2": 0.6255911618792456,
      "answer_3": 0.7851177562246766,
      "answer_4": 0.5846661295677195,
      "answer_5": 0.5688090391118266,
      "answer_6": 0.5591894455166445
    },
    "query_4": {
      "answer_1": 0.5456244463953762,
      "answer_2": 0.5429720193797503,
      "answer_3": 0.5334101000616825,
      "answer_4": 0.8075729019126503,
      "answer_5": 0.6384621234891502,
      "answer_6": 0.6507248162206132
    },
    "query_5": {
      "answer_1": 0.6617166893388716,
      "answer_2": 0.6272274780264986,
      "answer_3": 0.5424586476767298,
      "answer_4": 0.5731639193756752,
      "answer_5": 0.8484425425094958,
      "answer_6": 0.6680556887156825
    },
    "query_6": {
      "answer_1": 0.5990731814132676,
      "answer_2": 0.5841292011741449,
      "answer_3": 0.4963793944573428,
      "answer_4": 0.61005207922063,
      "answer_5": 0.6567436376703696,
      "answer_6": 0.8715882404824157
    }
  }
}