{
  "entity": "George Washington",
  "cosine_similarities": {
    "query_1": {
      "answer_1": 0.8401402192056387,
      "answer_2": 0.6559672783388121,
      "answer_3": 0.6774068429902212,
      "answer_4": 0.575054579835253,
      "answer_5": 0.6229087764218004,
      "answer_6": 0.6002306102200482
    },
    "query_2": {
      "answer_1": 0.6579908650139465,
      "answer_2": 0.8821920724305969,
      "answer_3": 0.7507030479467341,
      "answer_4": 0.5696042544732317,
      "answer_5": 0.561860928439042,
      "answer_6": 0.5403406339400079
    },
    "query_3": {
      "answer_1": 0.6740763957464059,
      "answer_2": 0.6442254748265682,
      "answer_3": 0.8310359293787726,
      "answer_4": 0.644752104174557,
      "answer_5": 0.5928453254636272,
      "answer_6": 0.528503574602017
    },
    "query_4": {
      "answer_1": 0.5345867547869152,
      "answer_2": 0.49660623361847694,
      "answer_3": 0.5764189943473045,
      "answer_4": 0.8306927447072088,
      "answer_5": 0.570029162310094,
      "answer_6": 0.5557524189610071
    },
    "query_5": {
      "answer_1": 0.581326840715447,
      "answer_2": 0.5246254810324062,
      "answer_3": 0.5620574276745508,
      "answer_4": 0.5860881083732602,
      "answer_5": 0.8878386247557156,
      "answer_6": 0.5892138258621883
    },
    "query_6": {
      "answer_1": 0.5934416132392956,
      "answer_2": 0.5097280035028664,
      "answer_3": 0.4926666156396129,
      "answer_4": 0.5694103725291312,
      "answer_5": 0.6012796069687201,
      "answer_6": 0.8381719607096546
    }
  }
}