{
  "entity": "George Washington",
  "cosine_similarities": {
    "query_1": {
      "answer_1": 0.865698973149562,
      "answer_2": 0.6712651431633044,
      "answer_3": 0.6375715718119256,
      "answer_4": 0.5011391031339683,
      "answer_5": 0.6117722276561147,
      "answer_6": 0.6047217811577286
    },
    "query_2": {
      "answer_1": 0.6649574504913623,
      "answer_2": 0.8847232343739444,
      "answer_3": 0.691351979446137,
      "answer_4": 0.5125817139830369,
      "answer_5": 0.58611299360048,
      "answer_6": 0.5632308875483554
    },
    "query_3": {
      "answer_1": 0.617270810573176,
      "answer_2": 0.6785428303019709,
      "answer_3": 0.8827870109591264,
      "answer_4": 0.4661063696516129,
      "answer_5": 0.5325508026913609,
      "answer_6": 0.49422785297329097
    },
    "query_4": {
      "answer_1": 0.5263068798817339,
      "answer_2": 0.5255486770066675,
      "answer_3": 0.5085312210205288,
      "answer_4": 0.8365833999748636,
      "answer_5": 0.6179567502856331,
      "answer_6": 0.6694393431183658
    },
    "query_5": {
      "answer_1": 0.5678382707136166,
      "answer_2": 0.5541297839764038,
      "answer_3": 0.4886377875275232,
      "answer_4": 0.5361496189732996,
      "answer_5": 0.8816591588426275,
      "answer_6": 0.5759032416301142
    },
    "query_6": {
      "answer_1": 0.5936055198988769,
      "answer_2": 0.5464237545073851,
      "answer_3": 0.5067860010955929,
      "answer_4": 0.6061684782536921,
      "answer_5": 0.6079903250166447,
      "answer_6": 0.8416628342807604
    }
  }
}