{
  "entity": "George Washington",
  "cosine_similarities": {
    "query_1": {
      "answer_1": 0.7726123101580652,
      "answer_2": 0.6537065090261959,
      "answer_3": 0.6278929234845069,
      "answer_4": 0.4822630176523275,
      "answer_5": 0.6318642900624845,
      "answer_6": 0.5807782513649337
    },
    "query_2": {
      "answer_1": 0.5967075508413938,
      "answer_2": 0.842307477315105,
      "answer_3": 0.621484569937855,
      "answer_4": 0.4860932593162531,
      "answer_5": 0.6150193964676159,
      "answer_6": 0.5771533135318577
    },
    "query_3": {
      "answer_1": 0.5972221241874256,
      "answer_2": 0.6545538079566734,
      "answer_3": 0.7938390061745226,
      "answer_4": 0.5571994465336206,
      "answer_5": 0.5974807079905884,
      "answer_6": 0.6080330533516435
    },
    "query_4": {
      "answer_1": 0.564068770267458,
      "answer_2": 0.5375653496811349,
      "answer_3": 0.5613243612767046,
      "answer_4": 0.762320367735079,
      "answer_5": 0.6981588899424305,
      "answer_6": 0.6945838741933672
    },
    "query_5": {
      "answer_1": 0.5547791852189828,
      "answer_2": 0.583867587463315,
      "answer_3": 0.5275416391892472,
      "answer_4": 0.5579219193515228,
      "answer_5": 0.8027692959846342,
      "answer_6": 0.6162433355143355
    },
    "query_6": {
      "answer_1": 0.5264383927558592,
      "answer_2": 0.48446537860609235,
      "answer_3": 0.4386969396663877,
      "answer_4": 0.5615462350892436,
      "answer_5": 0.6427824020963618,
      "answer_6": 0.6920742378639252
    }
  }
}