{
  "entity": "George Washington",
  "cosine_similarities": {
    "query_1": {
      "answer_1": 0.8384898229308809,
      "answer_2": 0.68311938715169,
      "answer_3": 0.6225560938809326,
      "answer_4": 0.5028320248503974,
      "answer_5": 0.6242906150082427,
      "answer_6": 0.582244630812153
    },
    "query_2": {
      "answer_1": 0.6858464659646946,
      "answer_2": 0.8611687450747372,
      "answer_3": 0.6569854761280182,
      "answer_4": 0.5372518765082988,
      "answer_5": 0.5924529469325573,
      "answer_6": 0.5559472125126438
    },
    "query_3": {
      "answer_1": 0.667737576194198,
      "answer_2": 0.6593690527746349,
      "answer_3": 0.7977396014255457,
      "answer_4": 0.5885150777053744,
      "answer_5": 0.6039122768901994,
      "answer_6": 0.5558188921636327
    },
    "query_4": {
      "answer_1": 0.5551560542307992,
      "answer_2": 0.5387213868260281,
      "answer_3": 0.5274157046665894,
      "answer_4": 0.7859942257791669,
      "answer_5": 0.5888378291539996,
      "answer_6": 0.6282492320511577
    },
    "query_5": {
      "answer_1": 0.6411372446748491,
      "answer_2": 0.5952510044646455,
      "answer_3": 0.5537562977534639,
      "answer_4": 0.5731311069526993,
      "answer_5": 0.8575972084516571,
      "answer_6": 0.6552597432565146
    },
    "query_6": {
      "answer_1": 0.5627103062716546,
      "answer_2": 0.5288781100886922,
      "answer_3": 0.46531302626151544,
      "answer_4": 0.5723938230972401,
      "answer_5": 0.6080102938492281,
      "answer_6": 0.8250177293985163
    }
  }
}