{
  "entity": "George Washington",
  "cosine_similarities": {
    "query_1": {
      "answer_1": 0.8513640122061714,
      "answer_2": 0.6454903689420675,
      "answer_3": 0.6390783870513449,
      "answer_4": 0.5383674637584185,
      "answer_5": 0.5521646976112292,
      "answer_6": 0.5803906785433783
    },
    "query_2": {
      "answer_1": 0.6607004384321647,
      "answer_2": 0.8643105970425042,
      "answer_3": 0.7047390564804218,
      "answer_4": 0.5402227536228154,
      "answer_5": 0.5290204975632595,
      "answer_6": 0.5478888923698885
    },
    "query_3": {
      "answer_1": 0.6632615794947467,
      "answer_2": 0.6477437295776278,
      "answer_3": 0.8002119069219732,
      "answer_4": 0.6188671595301618,
      "answer_5": 0.5026384197512122,
      "answer_6": 0.5148783882939717
    },
    "query_4": {
      "answer_1": 0.5242037911965314,
      "answer_2": 0.503981308139418,
      "answer_3": 0.5532674329629139,
      "answer_4": 0.8391509161360977,
      "answer_5": 0.47867468358615123,
      "answer_6": 0.511412428998332
    },
    "query_5": {
      "answer_1": 0.5833341565165595,
      "answer_2": 0.5013623944830857,
      "answer_3": 0.4609081188755464,
      "answer_4": 0.49048013173114113,
      "answer_5": 0.8601752731307066,
      "answer_6": 0.5827985448007441
    },
    "query_6": {
      "answer_1": 0.5645983704465155,
      "answer_2": 0.5061514823636151,
      "answer_3": 0.473565866959989,
      "answer_4": 0.511816079537504,
      "answer_5": 0.5647690831134137,
      "answer_6": 0.8216138402426489
    }
  }
}