{
  "entity": "George Washington",
  "cosine_similarities": {
    "query_1": {
      "answer_1": 0.8290005069960723,
      "answer_2": 0.6433423997447557,
      "answer_3": 0.6307022457650029,
      "answer_4": 0.47734090295339443,
      "answer_5": 0.6527191721797482,
      "answer_6": 0.581869286955064
    },
    "query_2": {
      "answer_1": 0.5928943617134748,
      "answer_2": 0.8491397189436285,
      "answer_3": 0.6379316668398793,
      "answer_4": 0.48712693028241955,
      "answer_5": 0.5801773050006888,
      "answer_6": 0.5407753797531837
    },
    "query_3": {
      "answer_1": 0.6450004718881168,
      "answer_2": 0.656691242062306,
      "answer_3": 0.85326292293984,
      "answer_4": 0.5582015192394952,
      "answer_5": 0.6154729593374121,
      "answer_6": 0.5630074108264956
    },
    "query_4": {
      "answer_1": 0.5530794728163635,
      "answer_2": 0.5413102620279985,
      "answer_3": 0.5634473730051377,
      "answer_4": 0.7583693516700357,
      "answer_5": 0.6190145372195877,
      "answer_6": 0.6756129119221853
    },
    "query_5": {
      "answer_1": 0.625016926133865,
      "answer_2": 0.5678773268230546,
      "answer_3": 0.5853322243876855,
      "answer_4": 0.5470784288058468,
      "answer_5": 0.851857763732264,
      "answer_6": 0.6494827018914789
    },
    "query_6": {
      "answer_1": 0.544728110746062,
      "answer_2": 0.5119642430454551,
      "answer_3": 0.4914542688764532,
      "answer_4": 0.5528168234383416,
      "answer_5": 0.6334838484605337,
      "answer_6": 0.829557817246315
    }
  }
}