{
  "entity": "George Washington",
  "cosine_similarities": {
    "query_1": {
      "answer_1": 0.7905677279207781,
      "answer_2": 0.687655797043523,
      "answer_3": 0.6456123598463757,
      "answer_4": 0.526540679108727,
      "answer_5": 0.6343094127594013,
      "answer_6": 0.599778673825027
    },
    "query_2": {
      "answer_1": 0.6332856548136608,
      "answer_2": 0.848684083120274,
      "answer_3": 0.6581752095876655,
      "answer_4": 0.5317383845236981,
      "answer_5": 0.6008226678080373,
      "answer_6": 0.5681920205239956
    },
    "query_3": {
      "answer_1": 0.6311860249557143,
      "answer_2": 0.672446023176036,
      "answer_3": 0.8411857703312796,
      "answer_4": 0.5568688908454569,
      "answer_5": 0.5771692548220798,
      "answer_6": 0.5524126172542068
    },
    "query_4": {
      "answer_1": 0.567478894147027,
      "answer_2": 0.5359072997423963,
      "answer_3": 0.5326409005319445,
      "answer_4": 0.8281361810183697,
      "answer_5": 0.6343112408103632,
      "answer_6": 0.7101381518054166
    },
    "query_5": {
      "answer_1": 0.6014494701191883,
      "answer_2": 0.6097070539133651,
      "answer_3": 0.5521581256122045,
      "answer_4": 0.6051979512607297,
      "answer_5": 0.865610689270153,
      "answer_6": 0.655237958915155
    },
    "query_6": {
      "answer_1": 0.5915238266642598,
      "answer_2": 0.5750064524637627,
      "answer_3": 0.5422981892965851,
      "answer_4": 0.6551123864218575,
      "answer_5": 0.6739979033841698,
      "answer_6": 0.8279702603598845
    }
  }
}