{
  "entity": "George Washington",
  "scores": {
    "query_1": {
      "answer_1": 4.336401908757937,
      "answer_2": 2.8401466384813756,
      "answer_3": 3.3680957119148838,
      "answer_4": 3.3051938915493917,
      "answer_5": 3.8542656743182055,
      "answer_6": 2.424419543157545
    },
    "query_2": {
      "answer_1": 3.037432517787404,
      "answer_2": 4.24282285368577,
      "answer_3": 2.0017521817705757,
      "answer_4": 2.135478548308731,
      "answer_5": 2.3073881471626247,
      "answer_6": 3.6837469420680273
    },
    "query_3": {
      "answer_1": 4.663756061742341,
      "answer_2": 2.9233931819587218,
      "answer_3": 3.893780186791815,
      "answer_4": 3.6439841389834102,
      "answer_5": 4.117965566339917,
      "answer_6": 2.516898825596764
    },
    "query_4": {
      "answer_1": 1.7673073126916736,
      "answer_2": 1.1812735442475555,
      "answer_3": 1.1183590310395632,
      "answer_4": 9.258071072155232,
      "answer_5": 1.693970361133422,
      "answer_6": 1.6617540628649428
    },
    "query_5": {
      "answer_1": 5.390100116912445,
      "answer_2": 1.6188343051103875,
      "answer_3": 2.2171958859252676,
      "answer_4": 2.1354785483087313,
      "answer_5": 5.984963022321178,
      "answer_6": 2.017570143304093
    },
    "query_6": {
      "answer_1": 2.847537861556284,
      "answer_2": 2.546090865147661,
      "answer_3": 2.150344548335705,
      "answer_4": 2.8046612752680184,
      "answer_5": 2.714546677682841,
      "answer_6": 7.694059978216869
    }
  }
}