{
  "entity": "George Washington",
  "scores": {
    "query_1": {
      "answer_1": 3.8272566232012535,
      "answer_2": 3.053161313425492,
      "answer_3": 4.486089610280795,
      "answer_4": 3.0732405591483065,
      "answer_5": 4.606766883040174,
      "answer_6": 2.504978359154473
    },
    "query_2": {
      "answer_1": 2.1041069086341415,
      "answer_2": 6.3792836717299775,
      "answer_3": 2.095150677891272,
      "answer_4": 1.9648881955921818,
      "answer_5": 2.397996735017654,
      "answer_6": 0.9721097551193718
    },
    "query_3": {
      "answer_1": 3.0534729517269077,
      "answer_2": 2.325788202549558,
      "answer_3": 5.0138228702073535,
      "answer_4": 2.3889531864472535,
      "answer_5": 3.025182018006093,
      "answer_6": 1.5711308492338265
    },
    "query_4": {
      "answer_1": 2.145265257836796,
      "answer_2": 1.6463772384960027,
      "answer_3": 2.1505674291062844,
      "answer_4": 6.736773635888398,
      "answer_5": 3.44132378783836,
      "answer_6": 1.5281248364133126
    },
    "query_5": {
      "answer_1": 2.8063139933612287,
      "answer_2": 2.333975259413538,
      "answer_3": 2.706672057884134,
      "answer_4": 2.284207246323466,
      "answer_5": 2.858287547301355,
      "answer_6": 1.81768625395388
    },
    "query_6": {
      "answer_1": 2.527926921266073,
      "answer_2": 2.355624587783601,
      "answer_3": 2.4095254199811094,
      "answer_4": 2.2613131365962342,
      "answer_5": 2.4478709370474854,
      "answer_6": 4.394802972496697
    }
  }
}