{
  "entity": "Jeanne d'Arc",
  "cosine_similarities": {
    "query_1": {
      "answer_1": 0.9075855284831565,
      "answer_2": 0.8829758643567969,
      "answer_3": 0.8878071824938114,
      "answer_4": 0.8988377145318588,
      "answer_5": 0.908400351473066,
      "answer_6": 0.9005833849520051
    },
    "query_2": {
      "answer_1": 0.8806514319044909,
      "answer_2": 0.9341198265709248,
      "answer_3": 0.8765606761016158,
      "answer_4": 0.8760612072578619,
      "answer_5": 0.8770455834703712,
      "answer_6": 0.8812132153764604
    },
    "query_3": {
      "answer_1": 0.896433182522738,
      "answer_2": 0.861119008025221,
      "answer_3": 0.9361086108823331,
      "answer_4": 0.8620568985197852,
      "answer_5": 0.8722592317986486,
      "answer_6": 0.8668523928508142
    },
    "query_4": {
      "answer_1": 0.8806232018948111,
      "answer_2": 0.8804617494066994,
      "answer_3": 0.8791149075136087,
      "answer_4": 0.9177018096697039,
      "answer_5": 0.8820228568071738,
      "answer_6": 0.8827564724379676
    },
    "query_5": {
      "answer_1": 0.8986115940972896,
      "answer_2": 0.8769451033804601,
      "answer_3": 0.8927936131457352,
      "answer_4": 0.8920259696653914,
      "answer_5": 0.9377226793029046,
      "answer_6": 0.907242283052511
    },
    "query_6": {
      "answer_1": 0.8935325730621031,
      "answer_2": 0.8895304279636111,
      "answer_3": 0.8810724627076157,
      "answer_4": 0.8978166201869029,
      "answer_5": 0.8969686474842133,
      "answer_6": 0.9255137772376523
    }
  }
}