{
  "entity": "Jeanne d'Arc",
  "cosine_similarities": {
    "query_1": {
      "answer_1": 0.9144814227688963,
      "answer_2": 0.8928355563260008,
      "answer_3": 0.8929490745815226,
      "answer_4": 0.9009357817531795,
      "answer_5": 0.8820633936731168,
      "answer_6": 0.8973051380949595
    },
    "query_2": {
      "answer_1": 0.905882420689097,
      "answer_2": 0.9334731861343949,
      "answer_3": 0.9024335730123662,
      "answer_4": 0.9010734186120091,
      "answer_5": 0.8801412548225074,
      "answer_6": 0.8955226252369981
    },
    "query_3": {
      "answer_1": 0.9062350611824627,
      "answer_2": 0.9103328061237073,
      "answer_3": 0.9509394238932739,
      "answer_4": 0.8695162414251041,
      "answer_5": 0.8373945438965114,
      "answer_6": 0.8679406883362878
    },
    "query_4": {
      "answer_1": 0.899293014854147,
      "answer_2": 0.8926201911898608,
      "answer_3": 0.8903505475610647,
      "answer_4": 0.9332986012252783,
      "answer_5": 0.8890230375419714,
      "answer_6": 0.9117587008813759
    },
    "query_5": {
      "answer_1": 0.886411758741836,
      "answer_2": 0.8807053385780355,
      "answer_3": 0.8710580234499052,
      "answer_4": 0.8876942918902034,
      "answer_5": 0.937971805629528,
      "answer_6": 0.8774145014542248
    },
    "query_6": {
      "answer_1": 0.8860597771055395,
      "answer_2": 0.8821962476781194,
      "answer_3": 0.8846391434152795,
      "answer_4": 0.8986129802709104,
      "answer_5": 0.8676400054502125,
      "answer_6": 0.9236599689802149
    }
  }
}