{
  "entity": "Jeanne d'Arc",
  "cosine_similarities": {
    "query_1": {
      "answer_1": 0.9037061090701302,
      "answer_2": 0.8964605296467522,
      "answer_3": 0.8986427687117097,
      "answer_4": 0.9004153680162958,
      "answer_5": 0.8898491877666408,
      "answer_6": 0.9003547578071519
    },
    "query_2": {
      "answer_1": 0.8934342388604417,
      "answer_2": 0.9333550064794623,
      "answer_3": 0.8927827843625965,
      "answer_4": 0.908638804385986,
      "answer_5": 0.9008384020075815,
      "answer_6": 0.9007033328847719
    },
    "query_3": {
      "answer_1": 0.8712258321400269,
      "answer_2": 0.880207725740042,
      "answer_3": 0.9082643879678333,
      "answer_4": 0.87535658384434,
      "answer_5": 0.8625180745974927,
      "answer_6": 0.8627236623942133
    },
    "query_4": {
      "answer_1": 0.8842749369273976,
      "answer_2": 0.8914966345304031,
      "answer_3": 0.878321903271322,
      "answer_4": 0.9169169795077363,
      "answer_5": 0.8916757808683236,
      "answer_6": 0.8894519732126143
    },
    "query_5": {
      "answer_1": 0.9038159269953546,
      "answer_2": 0.9059206644651816,
      "answer_3": 0.8921381463769198,
      "answer_4": 0.9013522890570004,
      "answer_5": 0.9509868986826465,
      "answer_6": 0.8987258045833574
    },
    "query_6": {
      "answer_1": 0.8924774822044826,
      "answer_2": 0.9022386167206135,
      "answer_3": 0.8858714147054043,
      "answer_4": 0.9035831445295472,
      "answer_5": 0.8984134325652278,
      "answer_6": 0.9276397769707628
    }
  }
}