{
  "entity": "Winston Churchill",
  "cosine_similarities": {
    "query_1": {
      "answer_1": 0.8491035058088335,
      "answer_2": 0.7096750664320486,
      "answer_3": 0.7135966185735443,
      "answer_4": 0.5849564876027668,
      "answer_5": 0.6837771644173495,
      "answer_6": 0.5872735920468685
    },
    "query_2": {
      "answer_1": 0.6801009813978742,
      "answer_2": 0.8940785707905571,
      "answer_3": 0.6750961754281751,
      "answer_4": 0.5797839850388048,
      "answer_5": 0.6037868838618985,
      "answer_6": 0.5631494629559912
    },
    "query_3": {
      "answer_1": 0.6569145257227526,
      "answer_2": 0.6297435243094359,
      "answer_3": 0.8615505347685739,
      "answer_4": 0.606664918032144,
      "answer_5": 0.598512342947642,
      "answer_6": 0.5688398255510205
    },
    "query_4": {
      "answer_1": 0.6153932196371334,
      "answer_2": 0.6231313278135618,
      "answer_3": 0.6859168637349861,
      "answer_4": 0.8504676532506412,
      "answer_5": 0.6486089195232135,
      "answer_6": 0.6967668400706943
    },
    "query_5": {
      "answer_1": 0.7428644623183613,
      "answer_2": 0.6777988980668225,
      "answer_3": 0.7024510351509199,
      "answer_4": 0.6667174155245316,
      "answer_5": 0.8676005422612008,
      "answer_6": 0.6426670380853069
    },
    "query_6": {
      "answer_1": 0.610466096394479,
      "answer_2": 0.5285406142378113,
      "answer_3": 0.5991718187038071,
      "answer_4": 0.6425194878028989,
      "answer_5": 0.5898444089915256,
      "answer_6": 0.8275329864926185
    }
  }
}