{
  "entity": "Winston Churchill",
  "cosine_similarities": {
    "query_1": {
      "answer_1": 0.8843088400946301,
      "answer_2": 0.7360363045131708,
      "answer_3": 0.7503762881035598,
      "answer_4": 0.6046023923057732,
      "answer_5": 0.7593391341495052,
      "answer_6": 0.6291534149318155
    },
    "query_2": {
      "answer_1": 0.73378739673969,
      "answer_2": 0.896350653645696,
      "answer_3": 0.6535133419692192,
      "answer_4": 0.5855574766461131,
      "answer_5": 0.6528358467867117,
      "answer_6": 0.5900379836934356
    },
    "query_3": {
      "answer_1": 0.658023278913436,
      "answer_2": 0.6232705428828343,
      "answer_3": 0.8473477177264435,
      "answer_4": 0.6308802548566703,
      "answer_5": 0.6121376377025507,
      "answer_6": 0.5723164410617139
    },
    "query_4": {
      "answer_1": 0.6330532868242508,
      "answer_2": 0.6504649334395488,
      "answer_3": 0.7248415011050113,
      "answer_4": 0.8467432160472103,
      "answer_5": 0.6984902893050823,
      "answer_6": 0.6979892512762013
    },
    "query_5": {
      "answer_1": 0.7820013972994969,
      "answer_2": 0.6743676790653068,
      "answer_3": 0.7160428244572699,
      "answer_4": 0.6559245529291342,
      "answer_5": 0.8808647097552892,
      "answer_6": 0.6549932864950728
    },
    "query_6": {
      "answer_1": 0.6029588948557035,
      "answer_2": 0.5512813546016693,
      "answer_3": 0.6193102656916836,
      "answer_4": 0.6482357622254022,
      "answer_5": 0.6117592834774352,
      "answer_6": 0.8166312446355868
    }
  }
}