{
  "entity": "Winston Churchill",
  "cosine_similarities": {
    "query_1": {
      "answer_1": 0.843763068476494,
      "answer_2": 0.7350868941989162,
      "answer_3": 0.7277107318721757,
      "answer_4": 0.5844447667586185,
      "answer_5": 0.6610417245431208,
      "answer_6": 0.6418844760114156
    },
    "query_2": {
      "answer_1": 0.7087782929875382,
      "answer_2": 0.9066017245487601,
      "answer_3": 0.6474268001074763,
      "answer_4": 0.5532338418508801,
      "answer_5": 0.5938141510882049,
      "answer_6": 0.5941276280139015
    },
    "query_3": {
      "answer_1": 0.6888225260299093,
      "answer_2": 0.6618215420491274,
      "answer_3": 0.8766660941572071,
      "answer_4": 0.6407196443954175,
      "answer_5": 0.6648190104016695,
      "answer_6": 0.5923265870508756
    },
    "query_4": {
      "answer_1": 0.6003472939250976,
      "answer_2": 0.5841027117914577,
      "answer_3": 0.7239889683093579,
      "answer_4": 0.8438508272360553,
      "answer_5": 0.7355480424215127,
      "answer_6": 0.6531076545365991
    },
    "query_5": {
      "answer_1": 0.6882679469343298,
      "answer_2": 0.6494045145883578,
      "answer_3": 0.7127335745953379,
      "answer_4": 0.6132410706605327,
      "answer_5": 0.8674774259646019,
      "answer_6": 0.6550839822797171
    },
    "query_6": {
      "answer_1": 0.6431092653966447,
      "answer_2": 0.6147147970465936,
      "answer_3": 0.6398131388514824,
      "answer_4": 0.5907445057095343,
      "answer_5": 0.6596059582024177,
      "answer_6": 0.8550657370547404
    }
  }
}