{
  "entity": "Winston Churchill",
  "cosine_similarities": {
    "query_1": {
      "answer_1": 0.8350891064255086,
      "answer_2": 0.7351128747584396,
      "answer_3": 0.662293838040509,
      "answer_4": 0.6080500217705181,
      "answer_5": 0.6970355356509038,
      "answer_6": 0.6703680568161183
    },
    "query_2": {
      "answer_1": 0.7342854454823884,
      "answer_2": 0.9156334122516351,
      "answer_3": 0.5814340774516746,
      "answer_4": 0.5788008296265256,
      "answer_5": 0.6143793045259245,
      "answer_6": 0.6035637257356669
    },
    "query_3": {
      "answer_1": 0.7050187485030548,
      "answer_2": 0.6049027567241734,
      "answer_3": 0.8200011118125461,
      "answer_4": 0.7170641007843235,
      "answer_5": 0.6904575180495561,
      "answer_6": 0.6519265008159739
    },
    "query_4": {
      "answer_1": 0.6371527768198547,
      "answer_2": 0.5640800487297049,
      "answer_3": 0.6880114561788891,
      "answer_4": 0.8435636492148877,
      "answer_5": 0.7004560056065531,
      "answer_6": 0.6284903983593343
    },
    "query_5": {
      "answer_1": 0.687261324824488,
      "answer_2": 0.6662730171039308,
      "answer_3": 0.6271715165159847,
      "answer_4": 0.6601698810757304,
      "answer_5": 0.8786319901855405,
      "answer_6": 0.7667735948659155
    },
    "query_6": {
      "answer_1": 0.6385458673010918,
      "answer_2": 0.5928256540401498,
      "answer_3": 0.6050701863474313,
      "answer_4": 0.6203043113235205,
      "answer_5": 0.6936492490863337,
      "answer_6": 0.8414318675551766
    }
  }
}