{
  "entity": "Winston Churchill",
  "cosine_similarities": {
    "query_1": {
      "answer_1": 0.8857501178938034,
      "answer_2": 0.730940694986155,
      "answer_3": 0.7057828807915097,
      "answer_4": 0.5844048915170743,
      "answer_5": 0.6915308702560924,
      "answer_6": 0.6587076513284067
    },
    "query_2": {
      "answer_1": 0.7326597861476462,
      "answer_2": 0.904707624304999,
      "answer_3": 0.641640535432898,
      "answer_4": 0.5728217791623198,
      "answer_5": 0.6281314990199998,
      "answer_6": 0.5915769081629567
    },
    "query_3": {
      "answer_1": 0.6895548534631102,
      "answer_2": 0.625347757612771,
      "answer_3": 0.8394616691388663,
      "answer_4": 0.7171399901403693,
      "answer_5": 0.6623130845056269,
      "answer_6": 0.6489684328101181
    },
    "query_4": {
      "answer_1": 0.5896998291187173,
      "answer_2": 0.6026823418794409,
      "answer_3": 0.745409271633021,
      "answer_4": 0.8453460646352894,
      "answer_5": 0.6930991253589779,
      "answer_6": 0.6352801309768145
    },
    "query_5": {
      "answer_1": 0.7158406630937698,
      "answer_2": 0.6742821192125736,
      "answer_3": 0.6672694259879067,
      "answer_4": 0.6411195987150655,
      "answer_5": 0.873490968193765,
      "answer_6": 0.7260698673558503
    },
    "query_6": {
      "answer_1": 0.6673238525465929,
      "answer_2": 0.5922305876560107,
      "answer_3": 0.6583396128000656,
      "answer_4": 0.622181857780751,
      "answer_5": 0.6831456270373665,
      "answer_6": 0.8612581980916195
    }
  }
}