{
  "entity": "Winston Churchill",
  "cosine_similarities": {
    "query_1": {
      "answer_1": 0.8451324357959543,
      "answer_2": 0.737395766668708,
      "answer_3": 0.7077856819849063,
      "answer_4": 0.6260684928978839,
      "answer_5": 0.7335819257030521,
      "answer_6": 0.6161639345478978
    },
    "query_2": {
      "answer_1": 0.7531672860866792,
      "answer_2": 0.9020941842906974,
      "answer_3": 0.6103636927865838,
      "answer_4": 0.5901407276884717,
      "answer_5": 0.6192938900889051,
      "answer_6": 0.5603636980485853
    },
    "query_3": {
      "answer_1": 0.67097289884636,
      "answer_2": 0.6004007795344851,
      "answer_3": 0.8578111538013812,
      "answer_4": 0.6371028110838105,
      "answer_5": 0.5864657358573425,
      "answer_6": 0.5445087267255447
    },
    "query_4": {
      "answer_1": 0.6506096275186745,
      "answer_2": 0.6499135303098231,
      "answer_3": 0.7027313375796838,
      "answer_4": 0.8397543236129676,
      "answer_5": 0.6605903660090866,
      "answer_6": 0.669015296326021
    },
    "query_5": {
      "answer_1": 0.7462383231210533,
      "answer_2": 0.6709536885038615,
      "answer_3": 0.675631676387019,
      "answer_4": 0.6645528965051836,
      "answer_5": 0.8799126678552532,
      "answer_6": 0.6310733026096648
    },
    "query_6": {
      "answer_1": 0.5846295075774524,
      "answer_2": 0.5465864892551456,
      "answer_3": 0.5588799955340694,
      "answer_4": 0.6335666484617792,
      "answer_5": 0.5680956098461516,
      "answer_6": 0.8084174420893353
    }
  }
}