{
  "entity": "Winston Churchill",
  "cosine_similarities": {
    "query_1": {
      "answer_1": 0.8496665807410583,
      "answer_2": 0.7201585813755541,
      "answer_3": 0.6590443350703545,
      "answer_4": 0.5925652428961534,
      "answer_5": 0.6964021185744068,
      "answer_6": 0.6503547632718155
    },
    "query_2": {
      "answer_1": 0.7039893663727349,
      "answer_2": 0.9205224015137201,
      "answer_3": 0.5662509292208938,
      "answer_4": 0.5576391689588857,
      "answer_5": 0.6020908137730878,
      "answer_6": 0.5963182551191837
    },
    "query_3": {
      "answer_1": 0.6309023204530151,
      "answer_2": 0.5857208730381772,
      "answer_3": 0.8222196233736279,
      "answer_4": 0.6237985231124847,
      "answer_5": 0.5985785467882223,
      "answer_6": 0.5793037592101821
    },
    "query_4": {
      "answer_1": 0.6205301130672602,
      "answer_2": 0.6463988210281321,
      "answer_3": 0.6764495178233534,
      "answer_4": 0.8031692144173611,
      "answer_5": 0.7008399949554455,
      "answer_6": 0.7094541631157784
    },
    "query_5": {
      "answer_1": 0.7020006924786499,
      "answer_2": 0.645262785184215,
      "answer_3": 0.650094048181242,
      "answer_4": 0.6314695695684779,
      "answer_5": 0.8485416095317801,
      "answer_6": 0.6542321280445578
    },
    "query_6": {
      "answer_1": 0.5974746405149907,
      "answer_2": 0.5739633380254616,
      "answer_3": 0.5514582056759091,
      "answer_4": 0.6025574663484039,
      "answer_5": 0.6159732973161733,
      "answer_6": 0.8208904343070995
    }
  }
}