{
  "entity": "Winston Churchill",
  "cosine_similarities": {
    "query_1": {
      "answer_1": 0.8532535334796679,
      "answer_2": 0.7005046002895366,
      "answer_3": 0.6937386732363087,
      "answer_4": 0.6022444843070677,
      "answer_5": 0.6188297529447807,
      "answer_6": 0.6236095823145871
    },
    "query_2": {
      "answer_1": 0.6423772979370929,
      "answer_2": 0.9006899278739009,
      "answer_3": 0.6926929754527139,
      "answer_4": 0.5696082191159884,
      "answer_5": 0.565969133069024,
      "answer_6": 0.5637259620638599
    },
    "query_3": {
      "answer_1": 0.6622425944514181,
      "answer_2": 0.683157380886651,
      "answer_3": 0.8674352030738873,
      "answer_4": 0.6422422866309444,
      "answer_5": 0.6280149263822598,
      "answer_6": 0.6144817144865685
    },
    "query_4": {
      "answer_1": 0.6197244120621342,
      "answer_2": 0.6035634940305871,
      "answer_3": 0.7150605603849373,
      "answer_4": 0.8798294550719671,
      "answer_5": 0.762411794611331,
      "answer_6": 0.7289471646329547
    },
    "query_5": {
      "answer_1": 0.6500605403341633,
      "answer_2": 0.6005509622582123,
      "answer_3": 0.6789718093989515,
      "answer_4": 0.730594998888147,
      "answer_5": 0.8736398392995026,
      "answer_6": 0.7101561792432091
    },
    "query_6": {
      "answer_1": 0.598853499059175,
      "answer_2": 0.572570257688408,
      "answer_3": 0.5908242763238662,
      "answer_4": 0.6809943122468534,
      "answer_5": 0.6351451159664094,
      "answer_6": 0.8324954497105066
    }
  }
}