{
  "entity": "Winston Churchill",
  "cosine_similarities": {
    "query_1": {
      "answer_1": 0.8210218647918806,
      "answer_2": 0.6992769658754706,
      "answer_3": 0.6665949605627208,
      "answer_4": 0.5931172864149599,
      "answer_5": 0.7021873288622462,
      "answer_6": 0.7071857782125749
    },
    "query_2": {
      "answer_1": 0.6881226534134472,
      "answer_2": 0.8669159839672858,
      "answer_3": 0.6681459434805602,
      "answer_4": 0.551809026077556,
      "answer_5": 0.6105485059559853,
      "answer_6": 0.6379034649191012
    },
    "query_3": {
      "answer_1": 0.7265376501545846,
      "answer_2": 0.6407045134094285,
      "answer_3": 0.7764646202002032,
      "answer_4": 0.6400067924754833,
      "answer_5": 0.6771334849105578,
      "answer_6": 0.6565355409436767
    },
    "query_4": {
      "answer_1": 0.6079209270283844,
      "answer_2": 0.6167770310714151,
      "answer_3": 0.6130923530764288,
      "answer_4": 0.8482800914169532,
      "answer_5": 0.7142731975883226,
      "answer_6": 0.7257377315392627
    },
    "query_5": {
      "answer_1": 0.6882598099597034,
      "answer_2": 0.6418330725142689,
      "answer_3": 0.6279276363796128,
      "answer_4": 0.6442129537365909,
      "answer_5": 0.8353893441092993,
      "answer_6": 0.6891121568916408
    },
    "query_6": {
      "answer_1": 0.5811302580846658,
      "answer_2": 0.5587862190668497,
      "answer_3": 0.5257609369183978,
      "answer_4": 0.6092752664678734,
      "answer_5": 0.6134084904603706,
      "answer_6": 0.7984240082383759
    }
  }
}