{
  "entity": "Winston Churchill",
  "cosine_similarities": {
    "query_1": {
      "answer_1": 0.8459204165737821,
      "answer_2": 0.7375360493850518,
      "answer_3": 0.7296118928832562,
      "answer_4": 0.6012513399880199,
      "answer_5": 0.7029864731319315,
      "answer_6": 0.6832575981946419
    },
    "query_2": {
      "answer_1": 0.7508071576666758,
      "answer_2": 0.9124976633320188,
      "answer_3": 0.6810363560762417,
      "answer_4": 0.568356356076222,
      "answer_5": 0.6023766008881557,
      "answer_6": 0.6284395302375053
    },
    "query_3": {
      "answer_1": 0.7520353383166762,
      "answer_2": 0.6502106311520539,
      "answer_3": 0.8580488923850366,
      "answer_4": 0.6463138986613167,
      "answer_5": 0.6797497692976089,
      "answer_6": 0.6103948228843572
    },
    "query_4": {
      "answer_1": 0.6632979186788189,
      "answer_2": 0.6068934968874156,
      "answer_3": 0.6463082592722214,
      "answer_4": 0.8533392237657588,
      "answer_5": 0.7120804207333259,
      "answer_6": 0.6984208712328456
    },
    "query_5": {
      "answer_1": 0.7207666013672255,
      "answer_2": 0.6494775990456728,
      "answer_3": 0.6789681749834544,
      "answer_4": 0.6644080838144972,
      "answer_5": 0.8503179341995305,
      "answer_6": 0.6743985137797528
    },
    "query_6": {
      "answer_1": 0.702225824856197,
      "answer_2": 0.6500879369313207,
      "answer_3": 0.5986828481427571,
      "answer_4": 0.697295877045963,
      "answer_5": 0.6816380884863168,
      "answer_6": 0.8773885667076676
    }
  }
}