{
  "entity": "Winston Churchill",
  "cosine_similarities": {
    "query_1": {
      "answer_1": 0.8282225363100827,
      "answer_2": 0.7419697865486188,
      "answer_3": 0.7312046133503881,
      "answer_4": 0.6119026744472684,
      "answer_5": 0.7187230762809435,
      "answer_6": 0.6120661535154353
    },
    "query_2": {
      "answer_1": 0.7377842958698252,
      "answer_2": 0.9038984354449372,
      "answer_3": 0.7305654934859531,
      "answer_4": 0.580183889168778,
      "answer_5": 0.6205802811778737,
      "answer_6": 0.5866218526189082
    },
    "query_3": {
      "answer_1": 0.673772302428245,
      "answer_2": 0.647178046449644,
      "answer_3": 0.8620855071214512,
      "answer_4": 0.6273180321989912,
      "answer_5": 0.5934704582717394,
      "answer_6": 0.5984470198784867
    },
    "query_4": {
      "answer_1": 0.6179449720487608,
      "answer_2": 0.6192974959026436,
      "answer_3": 0.6789501849806188,
      "answer_4": 0.8522683767530247,
      "answer_5": 0.6995298641188376,
      "answer_6": 0.7018872576678246
    },
    "query_5": {
      "answer_1": 0.7052772144555817,
      "answer_2": 0.65153669132858,
      "answer_3": 0.6741167843044494,
      "answer_4": 0.6513045431958224,
      "answer_5": 0.8518875576526043,
      "answer_6": 0.6340927260855256
    },
    "query_6": {
      "answer_1": 0.6051909827959701,
      "answer_2": 0.5921643933338879,
      "answer_3": 0.6663696689040458,
      "answer_4": 0.7008457531784498,
      "answer_5": 0.6361618799627801,
      "answer_6": 0.8340190932451322
    }
  }
}