{
  "entity": "Winston Churchill",
  "cosine_similarities": {
    "query_1": {
      "answer_1": 0.88933947960262,
      "answer_2": 0.7289161953914017,
      "answer_3": 0.7019348636359921,
      "answer_4": 0.6067544677005894,
      "answer_5": 0.7047136918017927,
      "answer_6": 0.6489989294944499
    },
    "query_2": {
      "answer_1": 0.7383423159080934,
      "answer_2": 0.8892301233098239,
      "answer_3": 0.6508458664149097,
      "answer_4": 0.5850702354907062,
      "answer_5": 0.6341983734054982,
      "answer_6": 0.587216198009905
    },
    "query_3": {
      "answer_1": 0.6703733753304967,
      "answer_2": 0.6134374818456843,
      "answer_3": 0.8616743124290651,
      "answer_4": 0.6737573825611577,
      "answer_5": 0.6467316678279826,
      "answer_6": 0.5606066233642888
    },
    "query_4": {
      "answer_1": 0.6331405847232097,
      "answer_2": 0.6390617414102862,
      "answer_3": 0.7099683606092314,
      "answer_4": 0.8732055259909764,
      "answer_5": 0.7205444762096357,
      "answer_6": 0.6196133431919721
    },
    "query_5": {
      "answer_1": 0.7028853920337604,
      "answer_2": 0.6545634004281438,
      "answer_3": 0.6876755351551228,
      "answer_4": 0.6701170233789067,
      "answer_5": 0.8715242640370512,
      "answer_6": 0.6325122655728938
    },
    "query_6": {
      "answer_1": 0.6639137708448458,
      "answer_2": 0.6224160425544979,
      "answer_3": 0.5842737270469217,
      "answer_4": 0.6112643785919577,
      "answer_5": 0.6288530236294076,
      "answer_6": 0.8468997237123744
    }
  }
}