{
  "entity": "Winston Churchill",
  "cosine_similarities": {
    "query_1": {
      "answer_1": 0.8701452264960406,
      "answer_2": 0.7081965231918474,
      "answer_3": 0.7084987818607007,
      "answer_4": 0.6366995753614899,
      "answer_5": 0.7375902618113107,
      "answer_6": 0.6627177702947431
    },
    "query_2": {
      "answer_1": 0.7075759126841591,
      "answer_2": 0.8850859262883796,
      "answer_3": 0.6392839066939474,
      "answer_4": 0.5909207442718738,
      "answer_5": 0.6326019242667342,
      "answer_6": 0.5921000952357901
    },
    "query_3": {
      "answer_1": 0.6544988661977638,
      "answer_2": 0.5890114102440371,
      "answer_3": 0.854898093929397,
      "answer_4": 0.6234907003100649,
      "answer_5": 0.6223161662427084,
      "answer_6": 0.5631027876680287
    },
    "query_4": {
      "answer_1": 0.6257028733954738,
      "answer_2": 0.6185644937183676,
      "answer_3": 0.7128254307601823,
      "answer_4": 0.8254686290402253,
      "answer_5": 0.6843540989044686,
      "answer_6": 0.7037377503444481
    },
    "query_5": {
      "answer_1": 0.7581456928748018,
      "answer_2": 0.6176325769331694,
      "answer_3": 0.7152020581176958,
      "answer_4": 0.6594123855683209,
      "answer_5": 0.8472155730774249,
      "answer_6": 0.6629232513873773
    },
    "query_6": {
      "answer_1": 0.6781781997709528,
      "answer_2": 0.6529037543748148,
      "answer_3": 0.6764640441614603,
      "answer_4": 0.7530706937838502,
      "answer_5": 0.6906273894721959,
      "answer_6": 0.8593906867604527
    }
  }
}