{
  "entity": "Winston Churchill",
  "cosine_similarities": {
    "query_1": {
      "answer_1": 0.8893661256125542,
      "answer_2": 0.7308177237913659,
      "answer_3": 0.7068345452615575,
      "answer_4": 0.5944522141076045,
      "answer_5": 0.7026827138837655,
      "answer_6": 0.6723347622293079
    },
    "query_2": {
      "answer_1": 0.7289145290890953,
      "answer_2": 0.8997186768241111,
      "answer_3": 0.6311784925833652,
      "answer_4": 0.5751538907158525,
      "answer_5": 0.6372456714663366,
      "answer_6": 0.6013706792400999
    },
    "query_3": {
      "answer_1": 0.6902508942104397,
      "answer_2": 0.6318055529183033,
      "answer_3": 0.8628853313304955,
      "answer_4": 0.7231427688612954,
      "answer_5": 0.6919644313499339,
      "answer_6": 0.6541875508450036
    },
    "query_4": {
      "answer_1": 0.5941082386719602,
      "answer_2": 0.6193520030634653,
      "answer_3": 0.7510922022034127,
      "answer_4": 0.8474156248505599,
      "answer_5": 0.7386663188570033,
      "answer_6": 0.6413708684783402
    },
    "query_5": {
      "answer_1": 0.7152956762664666,
      "answer_2": 0.6857800856320669,
      "answer_3": 0.6784992394658774,
      "answer_4": 0.6607013989245971,
      "answer_5": 0.8716697331550004,
      "answer_6": 0.7274891958958963
    },
    "query_6": {
      "answer_1": 0.6718586712951612,
      "answer_2": 0.6088780214065038,
      "answer_3": 0.6554471172655219,
      "answer_4": 0.6366280850722273,
      "answer_5": 0.6768507060167329,
      "answer_6": 0.8445006668271533
    }
  }
}