{
  "entity": "Winston Churchill",
  "cosine_similarities": {
    "query_1": {
      "answer_1": 0.8880030690394557,
      "answer_2": 0.718427075738724,
      "answer_3": 0.7088344208553323,
      "answer_4": 0.6159708240452146,
      "answer_5": 0.7182087037359408,
      "answer_6": 0.6514213128036715
    },
    "query_2": {
      "answer_1": 0.6847423420733538,
      "answer_2": 0.8944619629685158,
      "answer_3": 0.6509966357199388,
      "answer_4": 0.5653999707689108,
      "answer_5": 0.585934917651434,
      "answer_6": 0.5845647555356818
    },
    "query_3": {
      "answer_1": 0.6783470057682619,
      "answer_2": 0.6159164499080961,
      "answer_3": 0.8914415164007368,
      "answer_4": 0.6032609749329823,
      "answer_5": 0.5893519313979055,
      "answer_6": 0.5708491660881291
    },
    "query_4": {
      "answer_1": 0.657476972007663,
      "answer_2": 0.6016667836466544,
      "answer_3": 0.6814896104550047,
      "answer_4": 0.8725807734871369,
      "answer_5": 0.6766060838341377,
      "answer_6": 0.6789522751474943
    },
    "query_5": {
      "answer_1": 0.7369726535709019,
      "answer_2": 0.6230392935943011,
      "answer_3": 0.6585452684426346,
      "answer_4": 0.6454705840764252,
      "answer_5": 0.866983667353891,
      "answer_6": 0.6402936728382137
    },
    "query_6": {
      "answer_1": 0.659066410995621,
      "answer_2": 0.6203960689820276,
      "answer_3": 0.6136525554252437,
      "answer_4": 0.6609263755485766,
      "answer_5": 0.655075641299079,
      "answer_6": 0.8497686619600705
    }
  }
}