{
  "entity": "Winston Churchill",
  "cosine_similarities": {
    "query_1": {
      "answer_1": 0.8635480050895488,
      "answer_2": 0.7335038674736281,
      "answer_3": 0.7661677265731621,
      "answer_4": 0.5987831469958211,
      "answer_5": 0.7439196835789518,
      "answer_6": 0.6151437936143496
    },
    "query_2": {
      "answer_1": 0.7105160299198181,
      "answer_2": 0.9141970460512409,
      "answer_3": 0.680755091436378,
      "answer_4": 0.5594364458097176,
      "answer_5": 0.638973763928068,
      "answer_6": 0.5501921569490958
    },
    "query_3": {
      "answer_1": 0.7700607134754452,
      "answer_2": 0.697251736240444,
      "answer_3": 0.8692509639029559,
      "answer_4": 0.699154435668102,
      "answer_5": 0.7255663876417402,
      "answer_6": 0.6282196690895878
    },
    "query_4": {
      "answer_1": 0.6187508340901418,
      "answer_2": 0.5947869363616741,
      "answer_3": 0.7053033616439464,
      "answer_4": 0.8522738205142038,
      "answer_5": 0.6961686308111337,
      "answer_6": 0.6924657758395094
    },
    "query_5": {
      "answer_1": 0.7240132902012326,
      "answer_2": 0.6687262181572936,
      "answer_3": 0.7220325348172114,
      "answer_4": 0.6371354748578656,
      "answer_5": 0.8620465310446469,
      "answer_6": 0.5992751348790389
    },
    "query_6": {
      "answer_1": 0.6127819680965543,
      "answer_2": 0.56839557936517,
      "answer_3": 0.6480147370937714,
      "answer_4": 0.6627020384794367,
      "answer_5": 0.6638424091429784,
      "answer_6": 0.8038263216701849
    }
  }
}