{
  "entity": "Winston Churchill",
  "cosine_similarities": {
    "query_1": {
      "answer_1": 0.8866352978923598,
      "answer_2": 0.7264161268966226,
      "answer_3": 0.7052846613091617,
      "answer_4": 0.5954332597530428,
      "answer_5": 0.7032508213274832,
      "answer_6": 0.6509143295534545
    },
    "query_2": {
      "answer_1": 0.7191468990848745,
      "answer_2": 0.8890990688389404,
      "answer_3": 0.6173508234754858,
      "answer_4": 0.5858053088172304,
      "answer_5": 0.6351020589644129,
      "answer_6": 0.5952041868890148
    },
    "query_3": {
      "answer_1": 0.6944938371444042,
      "answer_2": 0.6243181952709383,
      "answer_3": 0.8706695068107179,
      "answer_4": 0.7077021317125118,
      "answer_5": 0.6801220767977354,
      "answer_6": 0.653482067961362
    },
    "query_4": {
      "answer_1": 0.6750947869698483,
      "answer_2": 0.6534864429657015,
      "answer_3": 0.7736391500388857,
      "answer_4": 0.8434720757452921,
      "answer_5": 0.7401001681651368,
      "answer_6": 0.7644392135328942
    },
    "query_5": {
      "answer_1": 0.7192139638784663,
      "answer_2": 0.6755263854403321,
      "answer_3": 0.7031082757212082,
      "answer_4": 0.6739479705175269,
      "answer_5": 0.876891019214474,
      "answer_6": 0.7028821478521927
    },
    "query_6": {
      "answer_1": 0.6419697223021493,
      "answer_2": 0.5644927747350579,
      "answer_3": 0.6686454919548749,
      "answer_4": 0.6445247407726237,
      "answer_5": 0.662598492803718,
      "answer_6": 0.8434435974737149
    }
  }
}