{
  "entity": "Winston Churchill",
  "cosine_similarities": {
    "query_1": {
      "answer_1": 0.829804082291796,
      "answer_2": 0.6874835956048418,
      "answer_3": 0.6437926306097478,
      "answer_4": 0.5449181646804541,
      "answer_5": 0.6940779994800681,
      "answer_6": 0.6497022175608914
    },
    "query_2": {
      "answer_1": 0.641538492555964,
      "answer_2": 0.8552162669166361,
      "answer_3": 0.5867772927834254,
      "answer_4": 0.5368110159048074,
      "answer_5": 0.599789076966306,
      "answer_6": 0.6063552036750128
    },
    "query_3": {
      "answer_1": 0.6436465270188567,
      "answer_2": 0.5943568098031538,
      "answer_3": 0.8013930434285998,
      "answer_4": 0.5655222299445433,
      "answer_5": 0.5852425331308759,
      "answer_6": 0.5747527809557478
    },
    "query_4": {
      "answer_1": 0.6338839547887216,
      "answer_2": 0.618957238461278,
      "answer_3": 0.5937689779407128,
      "answer_4": 0.7756310084103729,
      "answer_5": 0.6646929101778396,
      "answer_6": 0.7206197264622081
    },
    "query_5": {
      "answer_1": 0.7172158986739248,
      "answer_2": 0.6401595425094108,
      "answer_3": 0.6306561807472408,
      "answer_4": 0.5651158277577606,
      "answer_5": 0.8601185200434591,
      "answer_6": 0.6588571447141378
    },
    "query_6": {
      "answer_1": 0.6019449770912894,
      "answer_2": 0.5586163846318785,
      "answer_3": 0.5378895641893296,
      "answer_4": 0.5473600685745574,
      "answer_5": 0.6194305955182507,
      "answer_6": 0.8314111861861668
    }
  }
}