{
  "entity": "Winston Churchill",
  "cosine_similarities": {
    "query_1": {
      "answer_1": 0.8827738979287016,
      "answer_2": 0.7423826819134358,
      "answer_3": 0.7020756888552502,
      "answer_4": 0.6353521834706409,
      "answer_5": 0.7022248353142716,
      "answer_6": 0.6637044025465958
    },
    "query_2": {
      "answer_1": 0.7164046742381295,
      "answer_2": 0.9029649197893543,
      "answer_3": 0.6341196922076636,
      "answer_4": 0.6048856382278177,
      "answer_5": 0.6439140675559626,
      "answer_6": 0.6299592070768112
    },
    "query_3": {
      "answer_1": 0.6848842978106636,
      "answer_2": 0.6389285096432462,
      "answer_3": 0.8574927563654287,
      "answer_4": 0.7371748887285564,
      "answer_5": 0.6814360950735948,
      "answer_6": 0.6176268436255025
    },
    "query_4": {
      "answer_1": 0.641314166297631,
      "answer_2": 0.6182748273766414,
      "answer_3": 0.7501604336811757,
      "answer_4": 0.849347076025701,
      "answer_5": 0.6959891062658167,
      "answer_6": 0.6778361933217503
    },
    "query_5": {
      "answer_1": 0.7109731933010343,
      "answer_2": 0.6769165204375583,
      "answer_3": 0.672840174909471,
      "answer_4": 0.6915846782396364,
      "answer_5": 0.8618435949812936,
      "answer_6": 0.7032897256961066
    },
    "query_6": {
      "answer_1": 0.6768933011748941,
      "answer_2": 0.6271326451997765,
      "answer_3": 0.6367552506755704,
      "answer_4": 0.6845720332604125,
      "answer_5": 0.6784002672366073,
      "answer_6": 0.8379156305358273
    }
  }
}