{
  "entity": "Winston Churchill",
  "cosine_similarities": {
    "query_1": {
      "answer_1": 0.8514661310140567,
      "answer_2": 0.670029656282773,
      "answer_3": 0.7046512908868037,
      "answer_4": 0.5403181018431542,
      "answer_5": 0.659732097234545,
      "answer_6": 0.6128692362111218
    },
    "query_2": {
      "answer_1": 0.6812571868209489,
      "answer_2": 0.8983913607964801,
      "answer_3": 0.6459076489201797,
      "answer_4": 0.5798239464085406,
      "answer_5": 0.6038914724505545,
      "answer_6": 0.590776434704497
    },
    "query_3": {
      "answer_1": 0.6614655012749411,
      "answer_2": 0.6016367653944164,
      "answer_3": 0.8779890113758169,
      "answer_4": 0.5855430926919813,
      "answer_5": 0.5773386623050639,
      "answer_6": 0.5743143241382129
    },
    "query_4": {
      "answer_1": 0.6227147935270988,
      "answer_2": 0.6276524910233685,
      "answer_3": 0.6739820656998688,
      "answer_4": 0.8557585397638753,
      "answer_5": 0.6859328772847981,
      "answer_6": 0.7399390070485378
    },
    "query_5": {
      "answer_1": 0.7098922356241048,
      "answer_2": 0.6420865802826422,
      "answer_3": 0.6825438595288276,
      "answer_4": 0.6065390227100517,
      "answer_5": 0.8367474002909597,
      "answer_6": 0.6504906381969474
    },
    "query_6": {
      "answer_1": 0.5784988957622618,
      "answer_2": 0.5161866388351015,
      "answer_3": 0.5738929600619005,
      "answer_4": 0.6129554704341094,
      "answer_5": 0.5788101506200846,
      "answer_6": 0.8190498667560744
    }
  }
}