{
  "entity": "Winston Churchill",
  "cosine_similarities": {
    "query_1": {
      "answer_1": 0.7758489777473419,
      "answer_2": 0.7016171122687344,
      "answer_3": 0.7015016089462355,
      "answer_4": 0.5942394861894297,
      "answer_5": 0.6104916151299182,
      "answer_6": 0.6363749137782349
    },
    "query_2": {
      "answer_1": 0.6695887289287675,
      "answer_2": 0.8730558998007766,
      "answer_3": 0.6343001507591022,
      "answer_4": 0.5453115823616976,
      "answer_5": 0.546437895565091,
      "answer_6": 0.5893366530374522
    },
    "query_3": {
      "answer_1": 0.6860869402456216,
      "answer_2": 0.6434019261997197,
      "answer_3": 0.8213145262292385,
      "answer_4": 0.6921279659767625,
      "answer_5": 0.6258822322455173,
      "answer_6": 0.6522482962873903
    },
    "query_4": {
      "answer_1": 0.572263174850623,
      "answer_2": 0.5525517274126723,
      "answer_3": 0.6918184812408839,
      "answer_4": 0.8223877571486974,
      "answer_5": 0.7053209543089918,
      "answer_6": 0.7340578887892567
    },
    "query_5": {
      "answer_1": 0.6260191932870476,
      "answer_2": 0.5731902118625788,
      "answer_3": 0.6378052864690436,
      "answer_4": 0.651292375956883,
      "answer_5": 0.7709662952810988,
      "answer_6": 0.6788696877045414
    },
    "query_6": {
      "answer_1": 0.5969167258435378,
      "answer_2": 0.5925051428059627,
      "answer_3": 0.6571288748956252,
      "answer_4": 0.6928848288977483,
      "answer_5": 0.7190649648750651,
      "answer_6": 0.8173324829626424
    }
  }
}