{
  "entity": "Winston Churchill",
  "cosine_similarities": {
    "query_1": {
      "answer_1": 0.8888905348390624,
      "answer_2": 0.7389846930478615,
      "answer_3": 0.702229567302939,
      "answer_4": 0.6029765084249317,
      "answer_5": 0.6840630952823601,
      "answer_6": 0.6724557548117099
    },
    "query_2": {
      "answer_1": 0.7169604918151462,
      "answer_2": 0.8950874036102088,
      "answer_3": 0.6379033056233359,
      "answer_4": 0.564389524914458,
      "answer_5": 0.6394563769929947,
      "answer_6": 0.642915769710002
    },
    "query_3": {
      "answer_1": 0.6795815703759127,
      "answer_2": 0.6189212110050526,
      "answer_3": 0.8304806844628189,
      "answer_4": 0.6715046269982299,
      "answer_5": 0.6351521305213891,
      "answer_6": 0.5870929049173106
    },
    "query_4": {
      "answer_1": 0.6324714743440999,
      "answer_2": 0.6477521564752549,
      "answer_3": 0.6996870014022611,
      "answer_4": 0.8728998888734327,
      "answer_5": 0.7289231031215022,
      "answer_6": 0.6963964921325103
    },
    "query_5": {
      "answer_1": 0.7245864329528234,
      "answer_2": 0.6797147963555166,
      "answer_3": 0.6935679961574345,
      "answer_4": 0.6643297387358786,
      "answer_5": 0.8513108887682196,
      "answer_6": 0.6852743442411525
    },
    "query_6": {
      "answer_1": 0.6460870995663652,
      "answer_2": 0.6431344618253724,
      "answer_3": 0.6127448463321578,
      "answer_4": 0.6436572190236376,
      "answer_5": 0.6628165630348708,
      "answer_6": 0.8577415554779048
    }
  }
}