{
  "entity": "Winston Churchill",
  "cosine_similarities": {
    "query_1": {
      "answer_1": 0.8806568038979928,
      "answer_2": 0.7279220210491328,
      "answer_3": 0.7406548405938808,
      "answer_4": 0.589294925393675,
      "answer_5": 0.7325962100252632,
      "answer_6": 0.6538530917879468
    },
    "query_2": {
      "answer_1": 0.734888932574911,
      "answer_2": 0.892944944279778,
      "answer_3": 0.7027055995846243,
      "answer_4": 0.5742633578821835,
      "answer_5": 0.6504053682516828,
      "answer_6": 0.6127249750014747
    },
    "query_3": {
      "answer_1": 0.7370536081485995,
      "answer_2": 0.6750088980292467,
      "answer_3": 0.852180175530068,
      "answer_4": 0.6591965511773092,
      "answer_5": 0.6853947192121052,
      "answer_6": 0.6002717754343058
    },
    "query_4": {
      "answer_1": 0.6346505002225589,
      "answer_2": 0.608010610582624,
      "answer_3": 0.7004185959780765,
      "answer_4": 0.8629425125369801,
      "answer_5": 0.7025599133997384,
      "answer_6": 0.67983983020045
    },
    "query_5": {
      "answer_1": 0.7400735135165436,
      "answer_2": 0.6673645357829241,
      "answer_3": 0.7163907714237855,
      "answer_4": 0.6551264555214819,
      "answer_5": 0.8724834653408384,
      "answer_6": 0.668831288343578
    },
    "query_6": {
      "answer_1": 0.70286745944402,
      "answer_2": 0.650244599967182,
      "answer_3": 0.6681995765623477,
      "answer_4": 0.6858257260608353,
      "answer_5": 0.7076528797748357,
      "answer_6": 0.8899691335268461
    }
  }
}