{
  "entity": "Winston Churchill",
  "cosine_similarities": {
    "query_1": {
      "answer_1": 0.8888929096901368,
      "answer_2": 0.7365144406814521,
      "answer_3": 0.7627401694901733,
      "answer_4": 0.616145575626566,
      "answer_5": 0.6709624717647823,
      "answer_6": 0.6562148727081316
    },
    "query_2": {
      "answer_1": 0.7082478535774595,
      "answer_2": 0.8986879775709479,
      "answer_3": 0.6774023405231647,
      "answer_4": 0.5593439986078227,
      "answer_5": 0.5995525237585972,
      "answer_6": 0.5997518930405866
    },
    "query_3": {
      "answer_1": 0.7691677572599869,
      "answer_2": 0.7020515587703478,
      "answer_3": 0.866909912467959,
      "answer_4": 0.7011339081320033,
      "answer_5": 0.6844701718109579,
      "answer_6": 0.6658844477138628
    },
    "query_4": {
      "answer_1": 0.6413760347667211,
      "answer_2": 0.6232096996726274,
      "answer_3": 0.7239169231439224,
      "answer_4": 0.8575961335880458,
      "answer_5": 0.743490586841126,
      "answer_6": 0.7353586948380815
    },
    "query_5": {
      "answer_1": 0.7056096513486123,
      "answer_2": 0.6336065517599833,
      "answer_3": 0.691401131803858,
      "answer_4": 0.6719532430056459,
      "answer_5": 0.8730892925695634,
      "answer_6": 0.7100077491284319
    },
    "query_6": {
      "answer_1": 0.6591399922590558,
      "answer_2": 0.6283111958404265,
      "answer_3": 0.6833506432309672,
      "answer_4": 0.7253843167060177,
      "answer_5": 0.7217842470678199,
      "answer_6": 0.849933700493937
    }
  }
}