{
  "entity": "Winston Churchill",
  "cosine_similarities": {
    "query_1": {
      "answer_1": 0.8649869263988199,
      "answer_2": 0.7353807426252224,
      "answer_3": 0.6796688365307588,
      "answer_4": 0.5997591212297467,
      "answer_5": 0.7135269455297003,
      "answer_6": 0.6842934614853793
    },
    "query_2": {
      "answer_1": 0.7157192175109668,
      "answer_2": 0.9004099187929943,
      "answer_3": 0.5798192703648339,
      "answer_4": 0.5699084441617237,
      "answer_5": 0.6362672538566402,
      "answer_6": 0.6287349370518945
    },
    "query_3": {
      "answer_1": 0.6959011798746073,
      "answer_2": 0.6075445281084899,
      "answer_3": 0.8313252533454418,
      "answer_4": 0.7216786165334644,
      "answer_5": 0.6919493973577026,
      "answer_6": 0.6148666705957694
    },
    "query_4": {
      "answer_1": 0.6493753517884466,
      "answer_2": 0.5753062043531394,
      "answer_3": 0.7098756726582061,
      "answer_4": 0.8332620950319914,
      "answer_5": 0.6927584544635598,
      "answer_6": 0.6613086372496952
    },
    "query_5": {
      "answer_1": 0.7065159967325717,
      "answer_2": 0.6778260573578553,
      "answer_3": 0.6453335831592643,
      "answer_4": 0.6801607107737614,
      "answer_5": 0.8380387022474926,
      "answer_6": 0.6973762360538787
    },
    "query_6": {
      "answer_1": 0.6576029744702572,
      "answer_2": 0.6287622458933936,
      "answer_3": 0.6108995027648392,
      "answer_4": 0.6296030722138521,
      "answer_5": 0.6719854530902324,
      "answer_6": 0.8400188449255853
    }
  }
}