{
  "entity": "Winston Churchill",
  "cosine_similarities": {
    "query_1": {
      "answer_1": 0.8767483765741189,
      "answer_2": 0.7303081013373997,
      "answer_3": 0.7236352756221037,
      "answer_4": 0.5672549894453713,
      "answer_5": 0.7034619281088325,
      "answer_6": 0.6157727270200272
    },
    "query_2": {
      "answer_1": 0.7137144300793474,
      "answer_2": 0.9044657555689255,
      "answer_3": 0.684593517018472,
      "answer_4": 0.5553747655449006,
      "answer_5": 0.615715586176888,
      "answer_6": 0.561360445592121
    },
    "query_3": {
      "answer_1": 0.6613409979203663,
      "answer_2": 0.6150710625013749,
      "answer_3": 0.8432048337864398,
      "answer_4": 0.5742785346139512,
      "answer_5": 0.6088487722883783,
      "answer_6": 0.554047677278967
    },
    "query_4": {
      "answer_1": 0.6539505560892577,
      "answer_2": 0.6388567997943337,
      "answer_3": 0.7011329396817327,
      "answer_4": 0.8504109366325955,
      "answer_5": 0.6923418759449342,
      "answer_6": 0.707488210274014
    },
    "query_5": {
      "answer_1": 0.7410699917484351,
      "answer_2": 0.680537552211468,
      "answer_3": 0.7193906478759493,
      "answer_4": 0.5994761394943707,
      "answer_5": 0.8587621204592868,
      "answer_6": 0.6238920403121564
    },
    "query_6": {
      "answer_1": 0.6008716669306358,
      "answer_2": 0.5464753877046643,
      "answer_3": 0.5957040925302001,
      "answer_4": 0.5961553712773977,
      "answer_5": 0.6018679061819489,
      "answer_6": 0.8377467001113352
    }
  }
}