{
  "entity": "Winston Churchill",
  "cosine_similarities": {
    "query_1": {
      "answer_1": 0.8193735053183563,
      "answer_2": 0.7149334794279915,
      "answer_3": 0.6380548367447813,
      "answer_4": 0.5835203008459644,
      "answer_5": 0.6593856985318058,
      "answer_6": 0.6875273697038309
    },
    "query_2": {
      "answer_1": 0.7128244362399002,
      "answer_2": 0.9059143292564543,
      "answer_3": 0.5602292417712066,
      "answer_4": 0.5451042728133948,
      "answer_5": 0.5977547177387997,
      "answer_6": 0.5852691754107351
    },
    "query_3": {
      "answer_1": 0.6778422396133762,
      "answer_2": 0.6038141283636463,
      "answer_3": 0.7753471518855388,
      "answer_4": 0.7092213511999237,
      "answer_5": 0.6880035515809229,
      "answer_6": 0.6530191859446833
    },
    "query_4": {
      "answer_1": 0.5927985541600114,
      "answer_2": 0.5621102181943651,
      "answer_3": 0.6800706944073275,
      "answer_4": 0.8299017342590866,
      "answer_5": 0.7166415373636177,
      "answer_6": 0.6238308310864615
    },
    "query_5": {
      "answer_1": 0.6438472257849378,
      "answer_2": 0.6666449164240758,
      "answer_3": 0.5804984915240814,
      "answer_4": 0.637779329889027,
      "answer_5": 0.8376645598150134,
      "answer_6": 0.7301919356543275
    },
    "query_6": {
      "answer_1": 0.6217356529425786,
      "answer_2": 0.5749579769277013,
      "answer_3": 0.5656083532656381,
      "answer_4": 0.605328366921492,
      "answer_5": 0.6591777863849507,
      "answer_6": 0.8416460519076755
    }
  }
}