{
  "entity": "Winston Churchill",
  "cosine_similarities": {
    "query_1": {
      "answer_1": 0.8696504562678637,
      "answer_2": 0.6832815216306676,
      "answer_3": 0.7127386375991802,
      "answer_4": 0.6130828693972701,
      "answer_5": 0.7047099788300404,
      "answer_6": 0.6745877988776591
    },
    "query_2": {
      "answer_1": 0.7297589059324838,
      "answer_2": 0.8980074605028148,
      "answer_3": 0.6657530332782353,
      "answer_4": 0.5569940204900857,
      "answer_5": 0.5894767258727832,
      "answer_6": 0.5627051910281566
    },
    "query_3": {
      "answer_1": 0.6775217992678008,
      "answer_2": 0.6095581001411626,
      "answer_3": 0.8777248696818984,
      "answer_4": 0.5866830451358503,
      "answer_5": 0.5939731889336967,
      "answer_6": 0.5842874673303661
    },
    "query_4": {
      "answer_1": 0.6755858115662111,
      "answer_2": 0.6175179147617198,
      "answer_3": 0.6871411454839654,
      "answer_4": 0.8628347683303309,
      "answer_5": 0.7489252226323354,
      "answer_6": 0.724132997140685
    },
    "query_5": {
      "answer_1": 0.7139130047950933,
      "answer_2": 0.6130559098097994,
      "answer_3": 0.6799345082259354,
      "answer_4": 0.6720830705898204,
      "answer_5": 0.8813555936579426,
      "answer_6": 0.7178579514441722
    },
    "query_6": {
      "answer_1": 0.664875730676201,
      "answer_2": 0.5529222446608301,
      "answer_3": 0.6024706738246216,
      "answer_4": 0.6471277019298022,
      "answer_5": 0.6738497978423422,
      "answer_6": 0.8560082021063095
    }
  }
}