{
  "entity": "Winston Churchill",
  "cosine_similarities": {
    "query_1": {
      "answer_1": 0.8560326124678639,
      "answer_2": 0.7246305606581276,
      "answer_3": 0.6878996227643778,
      "answer_4": 0.609029750972345,
      "answer_5": 0.699841936384018,
      "answer_6": 0.6627696391936124
    },
    "query_2": {
      "answer_1": 0.6959299829854432,
      "answer_2": 0.8978549361338435,
      "answer_3": 0.6295497626281177,
      "answer_4": 0.5935828996061373,
      "answer_5": 0.6406825152721857,
      "answer_6": 0.6226524860644026
    },
    "query_3": {
      "answer_1": 0.6949968869499876,
      "answer_2": 0.6158166947136257,
      "answer_3": 0.8458401138263932,
      "answer_4": 0.7186425717682992,
      "answer_5": 0.6740867569388918,
      "answer_6": 0.6242482875946498
    },
    "query_4": {
      "answer_1": 0.6781280963486173,
      "answer_2": 0.6384486263506746,
      "answer_3": 0.7432467232083737,
      "answer_4": 0.8708211925883245,
      "answer_5": 0.734606201302619,
      "answer_6": 0.740276683182371
    },
    "query_5": {
      "answer_1": 0.7150961406078028,
      "answer_2": 0.671681955496236,
      "answer_3": 0.677933089727727,
      "answer_4": 0.7124375726372674,
      "answer_5": 0.8960813832936804,
      "answer_6": 0.7205686908839963
    },
    "query_6": {
      "answer_1": 0.6948696325499156,
      "answer_2": 0.6585195752623012,
      "answer_3": 0.6118225961750796,
      "answer_4": 0.6999498972744699,
      "answer_5": 0.7101767166157941,
      "answer_6": 0.8864643524638489
    }
  }
}