{
  "entity": "Winston Churchill",
  "cosine_similarities": {
    "query_1": {
      "answer_1": 0.8565767750930624,
      "answer_2": 0.7277799555164064,
      "answer_3": 0.7275782270812172,
      "answer_4": 0.6108014649901986,
      "answer_5": 0.7221059228774833,
      "answer_6": 0.624777656717258
    },
    "query_2": {
      "answer_1": 0.6917339327617563,
      "answer_2": 0.9090378072680168,
      "answer_3": 0.6796284935755691,
      "answer_4": 0.5924761597160403,
      "answer_5": 0.6208323119908892,
      "answer_6": 0.5952721575777997
    },
    "query_3": {
      "answer_1": 0.6725399944992401,
      "answer_2": 0.6131616379359446,
      "answer_3": 0.8633577724965421,
      "answer_4": 0.6361953657563737,
      "answer_5": 0.5982539468819268,
      "answer_6": 0.5658500339556033
    },
    "query_4": {
      "answer_1": 0.6808511920040525,
      "answer_2": 0.65605834039767,
      "answer_3": 0.7527995173730292,
      "answer_4": 0.8517274511738466,
      "answer_5": 0.6886748704606195,
      "answer_6": 0.7098022224238555
    },
    "query_5": {
      "answer_1": 0.7492751718059049,
      "answer_2": 0.6653941860948883,
      "answer_3": 0.7142785324788784,
      "answer_4": 0.658178621026061,
      "answer_5": 0.8594951511540763,
      "answer_6": 0.637351979179516
    },
    "query_6": {
      "answer_1": 0.6054331271244341,
      "answer_2": 0.5375391340341081,
      "answer_3": 0.6058349422256675,
      "answer_4": 0.6124995042707091,
      "answer_5": 0.575834920322178,
      "answer_6": 0.8136318137060534
    }
  }
}