{
  "entity": "Winston Churchill",
  "cosine_similarities": {
    "query_1": {
      "answer_1": 0.8494892703463061,
      "answer_2": 0.7303511967102844,
      "answer_3": 0.6871417476158915,
      "answer_4": 0.602943757972954,
      "answer_5": 0.6886861389701975,
      "answer_6": 0.6771760540810549
    },
    "query_2": {
      "answer_1": 0.7084917071194216,
      "answer_2": 0.8960880825156882,
      "answer_3": 0.5951263905893367,
      "answer_4": 0.5806105484561498,
      "answer_5": 0.6253678945542651,
      "answer_6": 0.6089805851484954
    },
    "query_3": {
      "answer_1": 0.6694804821706768,
      "answer_2": 0.6160033337414196,
      "answer_3": 0.8439947786452164,
      "answer_4": 0.7220997430136843,
      "answer_5": 0.6815414464710196,
      "answer_6": 0.669253111833648
    },
    "query_4": {
      "answer_1": 0.5896724558531948,
      "answer_2": 0.5862250005193029,
      "answer_3": 0.7582000271790917,
      "answer_4": 0.8596234685214451,
      "answer_5": 0.7112012517976274,
      "answer_6": 0.6736348554278554
    },
    "query_5": {
      "answer_1": 0.6968506370722292,
      "answer_2": 0.6853328814442257,
      "answer_3": 0.6427681571844845,
      "answer_4": 0.6651368537210961,
      "answer_5": 0.889926316394105,
      "answer_6": 0.7335040233177418
    },
    "query_6": {
      "answer_1": 0.6750190483270755,
      "answer_2": 0.5922824119799955,
      "answer_3": 0.6453091759271141,
      "answer_4": 0.6280184870604663,
      "answer_5": 0.659168043146834,
      "answer_6": 0.8471200281429895
    }
  }
}