{
  "entity": "Winston Churchill",
  "cosine_similarities": {
    "query_1": {
      "answer_1": 0.8887766596843539,
      "answer_2": 0.7382754648007869,
      "answer_3": 0.6960085539586107,
      "answer_4": 0.617919114376713,
      "answer_5": 0.6837197778222872,
      "answer_6": 0.6739400708875007
    },
    "query_2": {
      "answer_1": 0.7061748649513926,
      "answer_2": 0.8955022692371475,
      "answer_3": 0.6021715945368981,
      "answer_4": 0.5787216096408677,
      "answer_5": 0.6194792429525899,
      "answer_6": 0.6071650074370297
    },
    "query_3": {
      "answer_1": 0.6731147856163322,
      "answer_2": 0.618739928423298,
      "answer_3": 0.8757175943198229,
      "answer_4": 0.7306353911780394,
      "answer_5": 0.6825446744778768,
      "answer_6": 0.6434325968832334
    },
    "query_4": {
      "answer_1": 0.5851286414350034,
      "answer_2": 0.6110788389054833,
      "answer_3": 0.7419511592846767,
      "answer_4": 0.8471422236681323,
      "answer_5": 0.7296760183350582,
      "answer_6": 0.6359632742756666
    },
    "query_5": {
      "answer_1": 0.678825980687049,
      "answer_2": 0.6966652301782318,
      "answer_3": 0.6643863260036715,
      "answer_4": 0.6715558194275224,
      "answer_5": 0.872450462237863,
      "answer_6": 0.7340548918772629
    },
    "query_6": {
      "answer_1": 0.6588207044855038,
      "answer_2": 0.6158774859201764,
      "answer_3": 0.6624836777487958,
      "answer_4": 0.654906427005237,
      "answer_5": 0.6686556663624112,
      "answer_6": 0.8498787106692528
    }
  }
}