{
  "entity": "Winston Churchill",
  "cosine_similarities": {
    "query_1": {
      "answer_1": 0.8969083501549091,
      "answer_2": 0.7257500085545542,
      "answer_3": 0.698263733375556,
      "answer_4": 0.6154497519830491,
      "answer_5": 0.6921827608760516,
      "answer_6": 0.6651275405353549
    },
    "query_2": {
      "answer_1": 0.7408991928182641,
      "answer_2": 0.8951760429410105,
      "answer_3": 0.6412746507084861,
      "answer_4": 0.5808567095283526,
      "answer_5": 0.6208473148562975,
      "answer_6": 0.6019913926237943
    },
    "query_3": {
      "answer_1": 0.6747789711672845,
      "answer_2": 0.6178240778817838,
      "answer_3": 0.8535454200908061,
      "answer_4": 0.7317242986976693,
      "answer_5": 0.6659593379657986,
      "answer_6": 0.6774296716821577
    },
    "query_4": {
      "answer_1": 0.6554896468535082,
      "answer_2": 0.6374199804371474,
      "answer_3": 0.7458605396874433,
      "answer_4": 0.8655346826299065,
      "answer_5": 0.7256782283519869,
      "answer_6": 0.7674408520987794
    },
    "query_5": {
      "answer_1": 0.7119432071996162,
      "answer_2": 0.6625972895066649,
      "answer_3": 0.6853418286395228,
      "answer_4": 0.7031612157709304,
      "answer_5": 0.8881020923861019,
      "answer_6": 0.7071444117756223
    },
    "query_6": {
      "answer_1": 0.6315231173317009,
      "answer_2": 0.592243383641761,
      "answer_3": 0.6558325499891983,
      "answer_4": 0.7008510833343075,
      "answer_5": 0.6771389465046215,
      "answer_6": 0.8366173986489884
    }
  }
}