{
  "entity": "Jeanne d'Arc",
  "cosine_similarities": {
    "query_1": {
      "answer_1": 0.7658442674944463,
      "answer_2": 0.6763723185994028,
      "answer_3": 0.7361453751799304,
      "answer_4": 0.7773486469776785,
      "answer_5": 0.6956024110514077,
      "answer_6": 0.7473586723914775
    },
    "query_2": {
      "answer_1": 0.7439254323726844,
      "answer_2": 0.8848199030084091,
      "answer_3": 0.7743808425071892,
      "answer_4": 0.7305245752379599,
      "answer_5": 0.6705728970372448,
      "answer_6": 0.7104341338536837
    },
    "query_3": {
      "answer_1": 0.6733392713856521,
      "answer_2": 0.6298494258085744,
      "answer_3": 0.784421160935507,
      "answer_4": 0.6705698630935671,
      "answer_5": 0.6046296386748163,
      "answer_6": 0.6436210127829264
    },
    "query_4": {
      "answer_1": 0.6716634366276943,
      "answer_2": 0.638816598192237,
      "answer_3": 0.6693669282647396,
      "answer_4": 0.7811347705362968,
      "answer_5": 0.6184951545583894,
      "answer_6": 0.6940045715834381
    },
    "query_5": {
      "answer_1": 0.7940433564618379,
      "answer_2": 0.6397080939044533,
      "answer_3": 0.7259372535257779,
      "answer_4": 0.7207795200780683,
      "answer_5": 0.8123775106474892,
      "answer_6": 0.7929215819031237
    },
    "query_6": {
      "answer_1": 0.7739961016912733,
      "answer_2": 0.7255827755035098,
      "answer_3": 0.7506941149792099,
      "answer_4": 0.8148779108492121,
      "answer_5": 0.7105582594477752,
      "answer_6": 0.8317076605919778
    }
  }
}