{
  "entity": "George Washington",
  "cosine_similarities": {
    "query_1": {
      "answer_1": 0.6760711060933293,
      "answer_2": 0.5364606711513569,
      "answer_3": 0.5210802490959712,
      "answer_4": 0.5675828597686623,
      "answer_5": 0.5788039979318984,
      "answer_6": 0.5003721292158855
    },
    "query_2": {
      "answer_1": 0.6053062997376443,
      "answer_2": 0.8004599584331108,
      "answer_3": 0.5179118441677042,
      "answer_4": 0.6163293457371711,
      "answer_5": 0.6266728059964667,
      "answer_6": 0.6166822428749836
    },
    "query_3": {
      "answer_1": 0.6306844786481542,
      "answer_2": 0.5025589928661515,
      "answer_3": 0.7059608331006896,
      "answer_4": 0.5741064553541225,
      "answer_5": 0.49056242627091395,
      "answer_6": 0.4388819739591246
    },
    "query_4": {
      "answer_1": 0.5869805724487392,
      "answer_2": 0.5792630289352932,
      "answer_3": 0.4799586698911333,
      "answer_4": 0.7413099519925989,
      "answer_5": 0.5532880958755121,
      "answer_6": 0.5228513233183478
    },
    "query_5": {
      "answer_1": 0.6749273577384785,
      "answer_2": 0.5894651947742358,
      "answer_3": 0.5082385534521375,
      "answer_4": 0.5981890467699574,
      "answer_5": 0.7716476235915369,
      "answer_6": 0.5231194299552356
    },
    "query_6": {
      "answer_1": 0.5921648132364953,
      "answer_2": 0.6256798569654174,
      "answer_3": 0.51894291371118,
      "answer_4": 0.5841021591887541,
      "answer_5": 0.6290905068832734,
      "answer_6": 0.7923677067054105
    }
  }
}