{
  "entity": "George Washington",
  "cosine_similarities": {
    "query_1": {
      "answer_1": 0.6111233581940235,
      "answer_2": 0.4849950397476707,
      "answer_3": 0.5712424941862582,
      "answer_4": 0.5271718424439528,
      "answer_5": 0.5627653880410253,
      "answer_6": 0.481959009482163
    },
    "query_2": {
      "answer_1": 0.6333791361742053,
      "answer_2": 0.7601495111441336,
      "answer_3": 0.6555056799109776,
      "answer_4": 0.505041505679275,
      "answer_5": 0.5836366871961742,
      "answer_6": 0.5344300423127072
    },
    "query_3": {
      "answer_1": 0.6594816618842743,
      "answer_2": 0.5215553726005137,
      "answer_3": 0.663170292327544,
      "answer_4": 0.47409116050730293,
      "answer_5": 0.4928177993238111,
      "answer_6": 0.3769807875871844
    },
    "query_4": {
      "answer_1": 0.6110388863322965,
      "answer_2": 0.4601913843004276,
      "answer_3": 0.5410263471423128,
      "answer_4": 0.7298758517739644,
      "answer_5": 0.5404094549930728,
      "answer_6": 0.4767492581600907
    },
    "query_5": {
      "answer_1": 0.6294113747920379,
      "answer_2": 0.4868201763756792,
      "answer_3": 0.5847281785788739,
      "answer_4": 0.5059203495110061,
      "answer_5": 0.7457637547009905,
      "answer_6": 0.4687561632338177
    },
    "query_6": {
      "answer_1": 0.584820330498532,
      "answer_2": 0.5224088356504001,
      "answer_3": 0.5462268670570231,
      "answer_4": 0.5536937590224533,
      "answer_5": 0.5969667909175396,
      "answer_6": 0.7647716053872051
    }
  }
}