{
  "entity": "George Washington",
  "cosine_similarities": {
    "query_1": {
      "answer_1": 0.6237061269030247,
      "answer_2": 0.466742884626703,
      "answer_3": 0.5184662571791763,
      "answer_4": 0.4980740082027533,
      "answer_5": 0.5783215214470356,
      "answer_6": 0.42865541875223007
    },
    "query_2": {
      "answer_1": 0.6453771008532856,
      "answer_2": 0.7469571449824924,
      "answer_3": 0.6674177096759675,
      "answer_4": 0.5112959229985995,
      "answer_5": 0.5857962101977205,
      "answer_6": 0.5169936187303723
    },
    "query_3": {
      "answer_1": 0.6492528093097708,
      "answer_2": 0.519976931521994,
      "answer_3": 0.722454017788133,
      "answer_4": 0.46403019118001826,
      "answer_5": 0.4947225459154262,
      "answer_6": 0.3692296541177501
    },
    "query_4": {
      "answer_1": 0.5986506347921217,
      "answer_2": 0.4585286168652126,
      "answer_3": 0.48089269712414556,
      "answer_4": 0.8149188848937413,
      "answer_5": 0.542318099206559,
      "answer_6": 0.5283515880674052
    },
    "query_5": {
      "answer_1": 0.6649123769631118,
      "answer_2": 0.4955308169980067,
      "answer_3": 0.5262800386584233,
      "answer_4": 0.5397786105425284,
      "answer_5": 0.8126881123954807,
      "answer_6": 0.4401213120926333
    },
    "query_6": {
      "answer_1": 0.55172618732152,
      "answer_2": 0.4730605116602005,
      "answer_3": 0.42819089215515405,
      "answer_4": 0.5309857984994407,
      "answer_5": 0.5666885966637012,
      "answer_6": 0.8437026497808112
    }
  }
}