{
  "entity": "George Washington",
  "cosine_similarities": {
    "query_1": {
      "answer_1": 0.607283515286897,
      "answer_2": 0.504616637135682,
      "answer_3": 0.5435910331753687,
      "answer_4": 0.53643207136907,
      "answer_5": 0.5751693389323816,
      "answer_6": 0.5250038685192762
    },
    "query_2": {
      "answer_1": 0.5619735702716127,
      "answer_2": 0.8064558916344576,
      "answer_3": 0.4934412078117488,
      "answer_4": 0.5463427401254698,
      "answer_5": 0.5583726749769408,
      "answer_6": 0.508255893657901
    },
    "query_3": {
      "answer_1": 0.6555923240251395,
      "answer_2": 0.40774649018354026,
      "answer_3": 0.728468503514985,
      "answer_4": 0.5063772957930327,
      "answer_5": 0.5065553788380613,
      "answer_6": 0.5295550014114719
    },
    "query_4": {
      "answer_1": 0.5719219227323808,
      "answer_2": 0.5223009362723898,
      "answer_3": 0.5000343959844675,
      "answer_4": 0.7917741343711621,
      "answer_5": 0.5557599541489578,
      "answer_6": 0.5294013891574028
    },
    "query_5": {
      "answer_1": 0.6195706329088603,
      "answer_2": 0.48581373333257033,
      "answer_3": 0.550362222475192,
      "answer_4": 0.5482589527460455,
      "answer_5": 0.8128978234793118,
      "answer_6": 0.5170565572457824
    },
    "query_6": {
      "answer_1": 0.6527544799576616,
      "answer_2": 0.5790214882201848,
      "answer_3": 0.6465120588688498,
      "answer_4": 0.6617438194142864,
      "answer_5": 0.634788263538818,
      "answer_6": 0.8032640087430979
    }
  }
}