{
  "entity": "George Washington",
  "cosine_similarities": {
    "query_1": {
      "answer_1": 0.6253169541546068,
      "answer_2": 0.482979715163033,
      "answer_3": 0.5242391839439978,
      "answer_4": 0.5596561497681471,
      "answer_5": 0.5752719640038243,
      "answer_6": 0.4568720667057777
    },
    "query_2": {
      "answer_1": 0.5910579024740293,
      "answer_2": 0.7667167820087034,
      "answer_3": 0.6335440259222554,
      "answer_4": 0.5002179894302332,
      "answer_5": 0.5638119844921518,
      "answer_6": 0.4900189954240173
    },
    "query_3": {
      "answer_1": 0.6140744778123138,
      "answer_2": 0.5245868098497631,
      "answer_3": 0.6501341976585171,
      "answer_4": 0.5071661869145794,
      "answer_5": 0.4908386183602121,
      "answer_6": 0.34565242833776016
    },
    "query_4": {
      "answer_1": 0.5806292241213757,
      "answer_2": 0.46505830374806545,
      "answer_3": 0.49278378170932996,
      "answer_4": 0.756190193682955,
      "answer_5": 0.5784907991201973,
      "answer_6": 0.48378125186612125
    },
    "query_5": {
      "answer_1": 0.6308882506686567,
      "answer_2": 0.4887363211947425,
      "answer_3": 0.5449335929334884,
      "answer_4": 0.5597565871946951,
      "answer_5": 0.7426906705214326,
      "answer_6": 0.4224815721592671
    },
    "query_6": {
      "answer_1": 0.5458273364388588,
      "answer_2": 0.4757399980774927,
      "answer_3": 0.43881013356346465,
      "answer_4": 0.5374477750001948,
      "answer_5": 0.5922838733048176,
      "answer_6": 0.7903393886475436
    }
  }
}