{
  "entity": "George Washington",
  "cosine_similarities": {
    "query_1": {
      "answer_1": 0.5562090863877236,
      "answer_2": 0.509686220661155,
      "answer_3": 0.5071883967784575,
      "answer_4": 0.5201563221276767,
      "answer_5": 0.5399894085727492,
      "answer_6": 0.4435292567476345
    },
    "query_2": {
      "answer_1": 0.5365700169848012,
      "answer_2": 0.7062997669110284,
      "answer_3": 0.47245569155517214,
      "answer_4": 0.5417191618168048,
      "answer_5": 0.5071481626071962,
      "answer_6": 0.44657226797741084
    },
    "query_3": {
      "answer_1": 0.5219986050018571,
      "answer_2": 0.4186943138984931,
      "answer_3": 0.6473568770917858,
      "answer_4": 0.4125680011071438,
      "answer_5": 0.4028909496335517,
      "answer_6": 0.4246841223323479
    },
    "query_4": {
      "answer_1": 0.5636850142381656,
      "answer_2": 0.5476947074623527,
      "answer_3": 0.49365730588694506,
      "answer_4": 0.7307662515555885,
      "answer_5": 0.5315476808447261,
      "answer_6": 0.5173265324296037
    },
    "query_5": {
      "answer_1": 0.5946968962091922,
      "answer_2": 0.531498011590802,
      "answer_3": 0.5381323903204237,
      "answer_4": 0.5195284203854855,
      "answer_5": 0.7198897783081182,
      "answer_6": 0.4484196007513376
    },
    "query_6": {
      "answer_1": 0.5755115213931017,
      "answer_2": 0.6110981503358329,
      "answer_3": 0.6145537725901753,
      "answer_4": 0.603968023661028,
      "answer_5": 0.5320070221243344,
      "answer_6": 0.69888761924887
    }
  }
}