{
  "entity": "Jeanne d'Arc",
  "cosine_similarities": {
    "query_1": {
      "answer_1": 0.7192429732394446,
      "answer_2": 0.5354671848149949,
      "answer_3": 0.6121072635929641,
      "answer_4": 0.6553830638101668,
      "answer_5": 0.6072511786918149,
      "answer_6": 0.6075525008216782
    },
    "query_2": {
      "answer_1": 0.6774324705264249,
      "answer_2": 0.8530286471138674,
      "answer_3": 0.6865515996928471,
      "answer_4": 0.636535805764467,
      "answer_5": 0.65151392011161,
      "answer_6": 0.5454137566866579
    },
    "query_3": {
      "answer_1": 0.5934171201451452,
      "answer_2": 0.5303755770985791,
      "answer_3": 0.7251044461780917,
      "answer_4": 0.6163288645838497,
      "answer_5": 0.5712768894559377,
      "answer_6": 0.5155232180630949
    },
    "query_4": {
      "answer_1": 0.6831661404131051,
      "answer_2": 0.5654794063186269,
      "answer_3": 0.6245557145580138,
      "answer_4": 0.7890182647624211,
      "answer_5": 0.6503462243606257,
      "answer_6": 0.5722229133409811
    },
    "query_5": {
      "answer_1": 0.646656302036849,
      "answer_2": 0.5286326582464771,
      "answer_3": 0.6029229893260262,
      "answer_4": 0.6445028987757014,
      "answer_5": 0.8082394768879458,
      "answer_6": 0.6021589902373098
    },
    "query_6": {
      "answer_1": 0.6497799774718169,
      "answer_2": 0.5321642712044249,
      "answer_3": 0.605766470405311,
      "answer_4": 0.6142442254451373,
      "answer_5": 0.6288362029242851,
      "answer_6": 0.8564490067903725
    }
  }
}