{
  "entity": "Jeanne d'Arc",
  "cosine_similarities": {
    "query_1": {
      "answer_1": 0.6382731849988906,
      "answer_2": 0.5176451072459638,
      "answer_3": 0.5950606076751799,
      "answer_4": 0.5623982388240891,
      "answer_5": 0.6289034497675616,
      "answer_6": 0.6274106246791813
    },
    "query_2": {
      "answer_1": 0.655715698952905,
      "answer_2": 0.7811777106745249,
      "answer_3": 0.6301244327484764,
      "answer_4": 0.5806346700966026,
      "answer_5": 0.5652400843667674,
      "answer_6": 0.5743621551182374
    },
    "query_3": {
      "answer_1": 0.5226526255198854,
      "answer_2": 0.45163928296712536,
      "answer_3": 0.6368889313016421,
      "answer_4": 0.4482702938793563,
      "answer_5": 0.45873827860694355,
      "answer_6": 0.44831588865083327
    },
    "query_4": {
      "answer_1": 0.5593511996070416,
      "answer_2": 0.4795073703007158,
      "answer_3": 0.5249856929170793,
      "answer_4": 0.6871606348670233,
      "answer_5": 0.5303885692962037,
      "answer_6": 0.5685997318371906
    },
    "query_5": {
      "answer_1": 0.6869302501126034,
      "answer_2": 0.5909993100242089,
      "answer_3": 0.6818682401332663,
      "answer_4": 0.6257791150430703,
      "answer_5": 0.7676538117561521,
      "answer_6": 0.6379860189433411
    },
    "query_6": {
      "answer_1": 0.6978546047778605,
      "answer_2": 0.6028004282285514,
      "answer_3": 0.6797642842265008,
      "answer_4": 0.6779258818723713,
      "answer_5": 0.6900597158846362,
      "answer_6": 0.7628044956413723
    }
  }
}