{
  "entity": "Jeanne d'Arc",
  "cosine_similarities": {
    "query_1": {
      "answer_1": 0.7132570154648864,
      "answer_2": 0.5931933941134098,
      "answer_3": 0.6406120741127889,
      "answer_4": 0.5523249050867532,
      "answer_5": 0.6595091787911899,
      "answer_6": 0.5280250664365999
    },
    "query_2": {
      "answer_1": 0.6685659652850098,
      "answer_2": 0.7942170103204703,
      "answer_3": 0.6543702308783388,
      "answer_4": 0.6153137640281439,
      "answer_5": 0.6557623299632109,
      "answer_6": 0.5690902930711743
    },
    "query_3": {
      "answer_1": 0.5555279734037285,
      "answer_2": 0.583887447648246,
      "answer_3": 0.6779159229209812,
      "answer_4": 0.512814808664311,
      "answer_5": 0.5489592072969235,
      "answer_6": 0.42729362465677684
    },
    "query_4": {
      "answer_1": 0.5327384320874978,
      "answer_2": 0.5797459074114958,
      "answer_3": 0.5863752838463004,
      "answer_4": 0.6561104138724294,
      "answer_5": 0.5485465492289676,
      "answer_6": 0.4542274016568104
    },
    "query_5": {
      "answer_1": 0.6982702304069138,
      "answer_2": 0.65989835412064,
      "answer_3": 0.6700395930575178,
      "answer_4": 0.6508405087478439,
      "answer_5": 0.7918054950406785,
      "answer_6": 0.6753402494309436
    },
    "query_6": {
      "answer_1": 0.6521264448107593,
      "answer_2": 0.6299236852068643,
      "answer_3": 0.6238328959828634,
      "answer_4": 0.7365352150478401,
      "answer_5": 0.6622800431008417,
      "answer_6": 0.7535035378865341
    }
  }
}