{
  "entity": "Jeanne d'Arc",
  "cosine_similarities": {
    "query_1": {
      "answer_1": 0.7039742587899736,
      "answer_2": 0.5394169493242588,
      "answer_3": 0.5544593672701097,
      "answer_4": 0.603035662266036,
      "answer_5": 0.6674612358380931,
      "answer_6": 0.6541925888962855
    },
    "query_2": {
      "answer_1": 0.6552381549256995,
      "answer_2": 0.8132691282686935,
      "answer_3": 0.6312883240111171,
      "answer_4": 0.591545525576069,
      "answer_5": 0.6119400617484726,
      "answer_6": 0.6049536081585193
    },
    "query_3": {
      "answer_1": 0.5712374710444231,
      "answer_2": 0.5053894713691559,
      "answer_3": 0.6814183649457308,
      "answer_4": 0.4955901477471389,
      "answer_5": 0.53966786353201,
      "answer_6": 0.5081312026626088
    },
    "query_4": {
      "answer_1": 0.5890563498035237,
      "answer_2": 0.5188662696788343,
      "answer_3": 0.5197396067334403,
      "answer_4": 0.6824148679876776,
      "answer_5": 0.5618282833385878,
      "answer_6": 0.5875277964157727
    },
    "query_5": {
      "answer_1": 0.7202622278325974,
      "answer_2": 0.595623120066445,
      "answer_3": 0.6153881028512823,
      "answer_4": 0.619140763183532,
      "answer_5": 0.8107689875669802,
      "answer_6": 0.673068490978528
    },
    "query_6": {
      "answer_1": 0.7284871378530073,
      "answer_2": 0.6099032588008003,
      "answer_3": 0.6206909463429454,
      "answer_4": 0.7058088243028829,
      "answer_5": 0.7024978027682254,
      "answer_6": 0.7887193946799163
    }
  }
}