{
  "entity": "Jeanne d'Arc",
  "cosine_similarities": {
    "query_1": {
      "answer_1": 0.7366470853537525,
      "answer_2": 0.5478914400565082,
      "answer_3": 0.5570754159967024,
      "answer_4": 0.6064113168603563,
      "answer_5": 0.6691000541490295,
      "answer_6": 0.6760404687675494
    },
    "query_2": {
      "answer_1": 0.628005170512216,
      "answer_2": 0.8506390638570699,
      "answer_3": 0.5673171808641391,
      "answer_4": 0.5544914526620038,
      "answer_5": 0.5315331830745421,
      "answer_6": 0.5832327123871578
    },
    "query_3": {
      "answer_1": 0.5925837420329919,
      "answer_2": 0.5196508803679204,
      "answer_3": 0.8423282745406868,
      "answer_4": 0.4876708161127643,
      "answer_5": 0.45007847179964344,
      "answer_6": 0.5017670050675201
    },
    "query_4": {
      "answer_1": 0.6468665346524478,
      "answer_2": 0.5328582517532934,
      "answer_3": 0.5246269245414753,
      "answer_4": 0.7671912702642868,
      "answer_5": 0.5597782670003473,
      "answer_6": 0.657695282237227
    },
    "query_5": {
      "answer_1": 0.7140325886061692,
      "answer_2": 0.6032079357298588,
      "answer_3": 0.584026419066945,
      "answer_4": 0.6308092279408343,
      "answer_5": 0.8456867038159614,
      "answer_6": 0.730988304910932
    },
    "query_6": {
      "answer_1": 0.7173092749549609,
      "answer_2": 0.6403583246994797,
      "answer_3": 0.5983598974951059,
      "answer_4": 0.6841199380136657,
      "answer_5": 0.70834416286857,
      "answer_6": 0.8217588788944612
    }
  }
}