{
  "entity": "Jeanne d'Arc",
  "cosine_similarities": {
    "query_1": {
      "answer_1": 0.7178429754569441,
      "answer_2": 0.5846199823647085,
      "answer_3": 0.5965220289298064,
      "answer_4": 0.6507744243034536,
      "answer_5": 0.6373481497404963,
      "answer_6": 0.574076126051006
    },
    "query_2": {
      "answer_1": 0.7542868500657874,
      "answer_2": 0.8300249140066593,
      "answer_3": 0.7039596538090028,
      "answer_4": 0.6945735627953323,
      "answer_5": 0.723736914485223,
      "answer_6": 0.6515403136696634
    },
    "query_3": {
      "answer_1": 0.6188509845428555,
      "answer_2": 0.6146704074025229,
      "answer_3": 0.776472725729974,
      "answer_4": 0.5354587600456945,
      "answer_5": 0.5602751637511908,
      "answer_6": 0.44009560561160366
    },
    "query_4": {
      "answer_1": 0.5711348511984977,
      "answer_2": 0.5098040631803487,
      "answer_3": 0.4964510547688091,
      "answer_4": 0.738508263003805,
      "answer_5": 0.5425565179906975,
      "answer_6": 0.434361879277707
    },
    "query_5": {
      "answer_1": 0.6020969984539024,
      "answer_2": 0.6078522469063049,
      "answer_3": 0.5613170635996501,
      "answer_4": 0.5778961950595383,
      "answer_5": 0.7098946703916825,
      "answer_6": 0.4720875247528022
    },
    "query_6": {
      "answer_1": 0.7281793457483413,
      "answer_2": 0.6579897155717561,
      "answer_3": 0.6511304969447808,
      "answer_4": 0.6136993269817274,
      "answer_5": 0.6866344348209473,
      "answer_6": 0.8616082623102568
    }
  }
}