{
  "entity": "Jeanne d'Arc",
  "cosine_similarities": {
    "query_1": {
      "answer_1": 0.7373752902788222,
      "answer_2": 0.7375547653607905,
      "answer_3": 0.5693277640503603,
      "answer_4": 0.5777022408636256,
      "answer_5": 0.6684583640018364,
      "answer_6": 0.6145779916690187
    },
    "query_2": {
      "answer_1": 0.7172543512915007,
      "answer_2": 0.8043917945378019,
      "answer_3": 0.704758198728309,
      "answer_4": 0.7410567806429946,
      "answer_5": 0.6383220513154578,
      "answer_6": 0.7047521812333948
    },
    "query_3": {
      "answer_1": 0.6427122917495037,
      "answer_2": 0.6842124377237662,
      "answer_3": 0.7993149849778889,
      "answer_4": 0.698916406602061,
      "answer_5": 0.5661910832054625,
      "answer_6": 0.6139576266258374
    },
    "query_4": {
      "answer_1": 0.623153193148184,
      "answer_2": 0.6946115377844736,
      "answer_3": 0.6876516009779854,
      "answer_4": 0.7756578014866586,
      "answer_5": 0.5457036092937899,
      "answer_6": 0.5746165385891375
    },
    "query_5": {
      "answer_1": 0.6918068940886296,
      "answer_2": 0.6720466874547124,
      "answer_3": 0.5966451462681392,
      "answer_4": 0.5699141396310187,
      "answer_5": 0.8472996470081476,
      "answer_6": 0.6779878308989007
    },
    "query_6": {
      "answer_1": 0.6574403103202711,
      "answer_2": 0.6563204212016154,
      "answer_3": 0.6163423296835673,
      "answer_4": 0.5805425559908858,
      "answer_5": 0.6212495326263069,
      "answer_6": 0.8425690431225733
    }
  }
}