{
  "entity": "Jeanne d'Arc",
  "cosine_similarities": {
    "query_1": {
      "answer_1": 0.7300302867351527,
      "answer_2": 0.5886433735038956,
      "answer_3": 0.5677157924037133,
      "answer_4": 0.6156720356031572,
      "answer_5": 0.5651529827443557,
      "answer_6": 0.6635651155067883
    },
    "query_2": {
      "answer_1": 0.7231423225466629,
      "answer_2": 0.8550562739367663,
      "answer_3": 0.6440973540514585,
      "answer_4": 0.6599971219551828,
      "answer_5": 0.6177906974322377,
      "answer_6": 0.6863684047049591
    },
    "query_3": {
      "answer_1": 0.625874458547681,
      "answer_2": 0.6780328794124398,
      "answer_3": 0.8198876479120814,
      "answer_4": 0.5371604336989042,
      "answer_5": 0.48755195215219505,
      "answer_6": 0.5235428421508839
    },
    "query_4": {
      "answer_1": 0.6653204233402799,
      "answer_2": 0.6225085393895493,
      "answer_3": 0.6007228444215292,
      "answer_4": 0.761557028601114,
      "answer_5": 0.5727257097037205,
      "answer_6": 0.6908283418276691
    },
    "query_5": {
      "answer_1": 0.6247276694912084,
      "answer_2": 0.6272990210518605,
      "answer_3": 0.5384950821406175,
      "answer_4": 0.5468642985324786,
      "answer_5": 0.8446612374037273,
      "answer_6": 0.5443109565982494
    },
    "query_6": {
      "answer_1": 0.6600788392019499,
      "answer_2": 0.6399433742221212,
      "answer_3": 0.6081763438068518,
      "answer_4": 0.6768169814162329,
      "answer_5": 0.5726971457033084,
      "answer_6": 0.8482547549363372
    }
  }
}