{
  "entity": "Jeanne d'Arc",
  "cosine_similarities": {
    "query_1": {
      "answer_1": 0.631898514529729,
      "answer_2": 0.5780228705239088,
      "answer_3": 0.5511502859810852,
      "answer_4": 0.5809320920880539,
      "answer_5": 0.5910763266973266,
      "answer_6": 0.4907242126041373
    },
    "query_2": {
      "answer_1": 0.6309696534654078,
      "answer_2": 0.7237175704680414,
      "answer_3": 0.5798501675950419,
      "answer_4": 0.6150445813048029,
      "answer_5": 0.6126521228044615,
      "answer_6": 0.5322408841136672
    },
    "query_3": {
      "answer_1": 0.5605933500768233,
      "answer_2": 0.5329351168606512,
      "answer_3": 0.6107379625501389,
      "answer_4": 0.46957717117793446,
      "answer_5": 0.4960492789976606,
      "answer_6": 0.41343545646705987
    },
    "query_4": {
      "answer_1": 0.5485751642770107,
      "answer_2": 0.5502374807050044,
      "answer_3": 0.48466080368102243,
      "answer_4": 0.6763302225719263,
      "answer_5": 0.5345248884835808,
      "answer_6": 0.41383307963294913
    },
    "query_5": {
      "answer_1": 0.7019950000771266,
      "answer_2": 0.6572879919871103,
      "answer_3": 0.6410024457288696,
      "answer_4": 0.6220791463544973,
      "answer_5": 0.7087326784963568,
      "answer_6": 0.6129171842540344
    },
    "query_6": {
      "answer_1": 0.6691832649295769,
      "answer_2": 0.6870569458229457,
      "answer_3": 0.6339727605939097,
      "answer_4": 0.5787113288510586,
      "answer_5": 0.6306545209565364,
      "answer_6": 0.7265528112403289
    }
  }
}