{
  "entity": "Jeanne d'Arc",
  "cosine_similarities": {
    "query_1": {
      "answer_1": 0.72589622129907,
      "answer_2": 0.5926542825545218,
      "answer_3": 0.6371660285578815,
      "answer_4": 0.637201913368151,
      "answer_5": 0.6075910294374103,
      "answer_6": 0.5611029737962853
    },
    "query_2": {
      "answer_1": 0.6939012555488993,
      "answer_2": 0.8074723337282086,
      "answer_3": 0.693593708032519,
      "answer_4": 0.6823148044131598,
      "answer_5": 0.6293654011914633,
      "answer_6": 0.5818617365790835
    },
    "query_3": {
      "answer_1": 0.6305014535281719,
      "answer_2": 0.6469568928854017,
      "answer_3": 0.7349478364276301,
      "answer_4": 0.5588413207938961,
      "answer_5": 0.5770432598505495,
      "answer_6": 0.44602988232273405
    },
    "query_4": {
      "answer_1": 0.6177676774371399,
      "answer_2": 0.6373458841644497,
      "answer_3": 0.6036243791366336,
      "answer_4": 0.7602296613510132,
      "answer_5": 0.5323624115012159,
      "answer_6": 0.48929817709355167
    },
    "query_5": {
      "answer_1": 0.6632562957135463,
      "answer_2": 0.6488119721485905,
      "answer_3": 0.6709865585692507,
      "answer_4": 0.590049914958899,
      "answer_5": 0.8015063940202555,
      "answer_6": 0.5377231675571804
    },
    "query_6": {
      "answer_1": 0.7262634107429412,
      "answer_2": 0.6496576573086106,
      "answer_3": 0.6948046953778808,
      "answer_4": 0.6550060859561001,
      "answer_5": 0.6914413304298781,
      "answer_6": 0.8564669274798277
    }
  }
}