{
  "entity": "Jeanne d'Arc",
  "cosine_similarities": {
    "query_1": {
      "answer_1": 0.7398352960086478,
      "answer_2": 0.4598593770663833,
      "answer_3": 0.5854889408793175,
      "answer_4": 0.6083690214187737,
      "answer_5": 0.7073296269505027,
      "answer_6": 0.6574272486055143
    },
    "query_2": {
      "answer_1": 0.5836132706573506,
      "answer_2": 0.8522149569961226,
      "answer_3": 0.5600531407593996,
      "answer_4": 0.5830137108956522,
      "answer_5": 0.5683558685437052,
      "answer_6": 0.5269121078848522
    },
    "query_3": {
      "answer_1": 0.6266252353985251,
      "answer_2": 0.532694071405755,
      "answer_3": 0.8144543903659379,
      "answer_4": 0.5143610461538725,
      "answer_5": 0.4996069767222223,
      "answer_6": 0.48445366113711785
    },
    "query_4": {
      "answer_1": 0.6712908816860141,
      "answer_2": 0.5363019722428722,
      "answer_3": 0.569786890427909,
      "answer_4": 0.7749039260412732,
      "answer_5": 0.6172199669130743,
      "answer_6": 0.5854665079073688
    },
    "query_5": {
      "answer_1": 0.6814426352235708,
      "answer_2": 0.4983287156031619,
      "answer_3": 0.5707929272947182,
      "answer_4": 0.596269316966387,
      "answer_5": 0.8204541059750884,
      "answer_6": 0.7650108129642491
    },
    "query_6": {
      "answer_1": 0.6684937052649352,
      "answer_2": 0.4884059397774875,
      "answer_3": 0.57251179790642,
      "answer_4": 0.5972383212363872,
      "answer_5": 0.7683281869646319,
      "answer_6": 0.8565729876668962
    }
  }
}