{
  "entity": "Jeanne d'Arc",
  "cosine_similarities": {
    "query_1": {
      "answer_1": 0.7169647426796311,
      "answer_2": 0.5802018032187789,
      "answer_3": 0.6060811084922396,
      "answer_4": 0.6331674242127951,
      "answer_5": 0.6642511985711678,
      "answer_6": 0.5575335522891487
    },
    "query_2": {
      "answer_1": 0.6629863969060023,
      "answer_2": 0.8050871205773134,
      "answer_3": 0.6438853720249538,
      "answer_4": 0.6449635826909331,
      "answer_5": 0.595163973241095,
      "answer_6": 0.6228082114101572
    },
    "query_3": {
      "answer_1": 0.6602492885603234,
      "answer_2": 0.6613018342247067,
      "answer_3": 0.7890041494009533,
      "answer_4": 0.565538341824052,
      "answer_5": 0.6136034992779222,
      "answer_6": 0.5702593584204163
    },
    "query_4": {
      "answer_1": 0.6783843298345391,
      "answer_2": 0.5634650943357389,
      "answer_3": 0.5784575168346358,
      "answer_4": 0.7161848413526403,
      "answer_5": 0.6124512063645631,
      "answer_6": 0.5511440126876327
    },
    "query_5": {
      "answer_1": 0.7467620072550922,
      "answer_2": 0.6622718069141393,
      "answer_3": 0.65849412850995,
      "answer_4": 0.6729665639362296,
      "answer_5": 0.8258171300585302,
      "answer_6": 0.6948298714124528
    },
    "query_6": {
      "answer_1": 0.6712795150186136,
      "answer_2": 0.630641380847365,
      "answer_3": 0.6168379903626001,
      "answer_4": 0.6394315891473308,
      "answer_5": 0.6493934800332598,
      "answer_6": 0.8337785855296272
    }
  }
}