{
  "entity": "Jeanne d'Arc",
  "cosine_similarities": {
    "query_1": {
      "answer_1": 0.7195572479068701,
      "answer_2": 0.5809436933625001,
      "answer_3": 0.6097969958834994,
      "answer_4": 0.6321915153898966,
      "answer_5": 0.5859444144011712,
      "answer_6": 0.5788088453401626
    },
    "query_2": {
      "answer_1": 0.7550780949365268,
      "answer_2": 0.8495855169461858,
      "answer_3": 0.7147570371344971,
      "answer_4": 0.709376535688642,
      "answer_5": 0.6741119219936047,
      "answer_6": 0.6474195037218079
    },
    "query_3": {
      "answer_1": 0.6040473375534569,
      "answer_2": 0.6174215522396131,
      "answer_3": 0.7548259273427115,
      "answer_4": 0.5040912449075013,
      "answer_5": 0.5518026550177012,
      "answer_6": 0.4135537323296532
    },
    "query_4": {
      "answer_1": 0.6421549141227763,
      "answer_2": 0.6113352677141107,
      "answer_3": 0.5808616435975842,
      "answer_4": 0.7737029752119344,
      "answer_5": 0.5757666547920385,
      "answer_6": 0.5610999994556092
    },
    "query_5": {
      "answer_1": 0.6756632574783147,
      "answer_2": 0.6399760328902204,
      "answer_3": 0.6741949667793117,
      "answer_4": 0.5761809788078353,
      "answer_5": 0.7954427751096724,
      "answer_6": 0.48653864810304354
    },
    "query_6": {
      "answer_1": 0.6844719079122121,
      "answer_2": 0.6308317837936807,
      "answer_3": 0.6109365938217322,
      "answer_4": 0.6563793101470794,
      "answer_5": 0.5787820041941153,
      "answer_6": 0.8562364646394737
    }
  }
}