{
  "entity": "Jeanne d'Arc",
  "cosine_similarities": {
    "query_1": {
      "answer_1": 0.6991904055973954,
      "answer_2": 0.5601228620823517,
      "answer_3": 0.6518752971309669,
      "answer_4": 0.5392560009314027,
      "answer_5": 0.6246429961108285,
      "answer_6": 0.5504050686456187
    },
    "query_2": {
      "answer_1": 0.6538940736859549,
      "answer_2": 0.8031954646598923,
      "answer_3": 0.6967314535111039,
      "answer_4": 0.5600808535298627,
      "answer_5": 0.6202548716368768,
      "answer_6": 0.5741342741054385
    },
    "query_3": {
      "answer_1": 0.5958642497954755,
      "answer_2": 0.5414874456611516,
      "answer_3": 0.6716833711730461,
      "answer_4": 0.5683384308335871,
      "answer_5": 0.5944243904157157,
      "answer_6": 0.5518726249871744
    },
    "query_4": {
      "answer_1": 0.620213574518497,
      "answer_2": 0.5716364862728613,
      "answer_3": 0.6703942325929559,
      "answer_4": 0.6881851966439695,
      "answer_5": 0.6042781465545192,
      "answer_6": 0.5753673679829843
    },
    "query_5": {
      "answer_1": 0.7020448871433539,
      "answer_2": 0.6335651754852835,
      "answer_3": 0.700858086522576,
      "answer_4": 0.6158057193242685,
      "answer_5": 0.7560713033887385,
      "answer_6": 0.6249144213406311
    },
    "query_6": {
      "answer_1": 0.6612552299210466,
      "answer_2": 0.6279005248352144,
      "answer_3": 0.6736918420757325,
      "answer_4": 0.6059346793622614,
      "answer_5": 0.6361836018231424,
      "answer_6": 0.7589873396744614
    }
  }
}