{
  "entity": "Jeanne d'Arc",
  "cosine_similarities": {
    "query_1": {
      "answer_1": 0.7309418481322475,
      "answer_2": 0.5913706835025803,
      "answer_3": 0.5981358931429656,
      "answer_4": 0.635925631497901,
      "answer_5": 0.6849079472239565,
      "answer_6": 0.5559149303745453
    },
    "query_2": {
      "answer_1": 0.7002072429682948,
      "answer_2": 0.819855603225581,
      "answer_3": 0.6852466413876124,
      "answer_4": 0.6794783453343326,
      "answer_5": 0.6387561986226847,
      "answer_6": 0.5903446385186552
    },
    "query_3": {
      "answer_1": 0.6150571049849566,
      "answer_2": 0.6547060228447121,
      "answer_3": 0.7957606639449823,
      "answer_4": 0.6719439451069342,
      "answer_5": 0.5559179730493442,
      "answer_6": 0.4908575869862158
    },
    "query_4": {
      "answer_1": 0.6271498835019842,
      "answer_2": 0.6343419862898769,
      "answer_3": 0.6688827017147645,
      "answer_4": 0.7770772330443009,
      "answer_5": 0.5828650482563025,
      "answer_6": 0.4881222869127075
    },
    "query_5": {
      "answer_1": 0.7512191418248209,
      "answer_2": 0.6617004733790871,
      "answer_3": 0.6344864454639664,
      "answer_4": 0.6511126175459224,
      "answer_5": 0.8420564257424178,
      "answer_6": 0.7255081304923825
    },
    "query_6": {
      "answer_1": 0.6051915408458192,
      "answer_2": 0.5614659473375798,
      "answer_3": 0.5113506379789882,
      "answer_4": 0.5456598938586023,
      "answer_5": 0.6026874109098448,
      "answer_6": 0.8194846997296319
    }
  }
}