{
  "entity": "Jeanne d'Arc",
  "cosine_similarities": {
    "query_1": {
      "answer_1": 0.7187513778505371,
      "answer_2": 0.5351357680614147,
      "answer_3": 0.5800422682821982,
      "answer_4": 0.637437923450887,
      "answer_5": 0.6910421771606546,
      "answer_6": 0.6649875512674974
    },
    "query_2": {
      "answer_1": 0.6754465545046808,
      "answer_2": 0.8526946536351966,
      "answer_3": 0.6382339862626274,
      "answer_4": 0.5870649480094452,
      "answer_5": 0.5949390163374039,
      "answer_6": 0.6040070487285021
    },
    "query_3": {
      "answer_1": 0.6269180236969665,
      "answer_2": 0.5406622616436338,
      "answer_3": 0.8085413469464527,
      "answer_4": 0.5297315324499753,
      "answer_5": 0.5479699358014879,
      "answer_6": 0.5144043364023854
    },
    "query_4": {
      "answer_1": 0.6120178918809589,
      "answer_2": 0.5535840144094983,
      "answer_3": 0.5688827155204574,
      "answer_4": 0.7704288029521622,
      "answer_5": 0.5972334503680252,
      "answer_6": 0.6380431897924272
    },
    "query_5": {
      "answer_1": 0.7439827515826843,
      "answer_2": 0.6003926761715751,
      "answer_3": 0.6444295192667755,
      "answer_4": 0.6598841246067104,
      "answer_5": 0.8456075905216003,
      "answer_6": 0.7314357427926261
    },
    "query_6": {
      "answer_1": 0.7401591652624084,
      "answer_2": 0.634085161229214,
      "answer_3": 0.6263461329759374,
      "answer_4": 0.7322215497941114,
      "answer_5": 0.7216156473351711,
      "answer_6": 0.8342302870093753
    }
  }
}