{
  "entity": "Abraham Lincoln",
  "cosine_similarities": {
    "query_1": {
      "answer_1": 0.9313148011837327,
      "answer_2": 0.8600706633086027,
      "answer_3": 0.8783165949791725,
      "answer_4": 0.828919623838241,
      "answer_5": 0.8732756272295015,
      "answer_6": 0.8282810948806256
    },
    "query_2": {
      "answer_1": 0.867511167681249,
      "answer_2": 0.9543097559159004,
      "answer_3": 0.8776563358680357,
      "answer_4": 0.8278981436008558,
      "answer_5": 0.8556500303296901,
      "answer_6": 0.8155368343254429
    },
    "query_3": {
      "answer_1": 0.8592758650080394,
      "answer_2": 0.8520910656768008,
      "answer_3": 0.9257129530871122,
      "answer_4": 0.8378035832985236,
      "answer_5": 0.8431391233581482,
      "answer_6": 0.8158282916436244
    },
    "query_4": {
      "answer_1": 0.8299485072926146,
      "answer_2": 0.8148497119995693,
      "answer_3": 0.8360562355339612,
      "answer_4": 0.9059776106192937,
      "answer_5": 0.8133547659117675,
      "answer_6": 0.8371342818470212
    },
    "query_5": {
      "answer_1": 0.8632195338655405,
      "answer_2": 0.8551592718232364,
      "answer_3": 0.8656527437661261,
      "answer_4": 0.8263476884625971,
      "answer_5": 0.9455196238531092,
      "answer_6": 0.8189151009175234
    },
    "query_6": {
      "answer_1": 0.830797951704413,
      "answer_2": 0.8167653767427582,
      "answer_3": 0.83383058136794,
      "answer_4": 0.8625114126836004,
      "answer_5": 0.8202807982999655,
      "answer_6": 0.9367184363586266
    }
  }
}