{
  "entity": "Abraham Lincoln",
  "cosine_similarities": {
    "query_1": {
      "answer_1": 0.9485094064627493,
      "answer_2": 0.8515888641518006,
      "answer_3": 0.8417935682384632,
      "answer_4": 0.8306663556676971,
      "answer_5": 0.8473302194439037,
      "answer_6": 0.8354739478714314
    },
    "query_2": {
      "answer_1": 0.8628453658754139,
      "answer_2": 0.9399150179724118,
      "answer_3": 0.84752835189697,
      "answer_4": 0.8538674502095855,
      "answer_5": 0.8563095669495311,
      "answer_6": 0.8399819052954952
    },
    "query_3": {
      "answer_1": 0.8654473711110428,
      "answer_2": 0.8647595007851222,
      "answer_3": 0.9230939480975122,
      "answer_4": 0.8529769843286198,
      "answer_5": 0.8594362398076385,
      "answer_6": 0.8462333962647857
    },
    "query_4": {
      "answer_1": 0.8504844486288321,
      "answer_2": 0.8454138463631142,
      "answer_3": 0.8344997830487557,
      "answer_4": 0.9120858955682081,
      "answer_5": 0.862187769344866,
      "answer_6": 0.892114830936169
    },
    "query_5": {
      "answer_1": 0.859309282311665,
      "answer_2": 0.8677702641285596,
      "answer_3": 0.8509862434449625,
      "answer_4": 0.8597206580125427,
      "answer_5": 0.9375554668440749,
      "answer_6": 0.8532536460837449
    },
    "query_6": {
      "answer_1": 0.8395400359679667,
      "answer_2": 0.8340969534290119,
      "answer_3": 0.8242529962295096,
      "answer_4": 0.8517540438621233,
      "answer_5": 0.8290498072101814,
      "answer_6": 0.9165447892027898
    }
  }
}