{
  "entity": "Abraham Lincoln",
  "cosine_similarities": {
    "query_1": {
      "answer_1": 0.9319065963829428,
      "answer_2": 0.8723629757537876,
      "answer_3": 0.8713874190170693,
      "answer_4": 0.8150748477894794,
      "answer_5": 0.8609417848318923,
      "answer_6": 0.8427093102398472
    },
    "query_2": {
      "answer_1": 0.8686118260256435,
      "answer_2": 0.9488668482878317,
      "answer_3": 0.8691006961897749,
      "answer_4": 0.8259084671021626,
      "answer_5": 0.8418683398529985,
      "answer_6": 0.831960607910802
    },
    "query_3": {
      "answer_1": 0.8653542254000185,
      "answer_2": 0.8562555089415204,
      "answer_3": 0.9457324118033805,
      "answer_4": 0.8308283137719661,
      "answer_5": 0.8484455821343018,
      "answer_6": 0.8434109044973104
    },
    "query_4": {
      "answer_1": 0.829809507172671,
      "answer_2": 0.830498560743299,
      "answer_3": 0.8342715607455891,
      "answer_4": 0.9059140699111233,
      "answer_5": 0.8105524989764156,
      "answer_6": 0.8551654333602581
    },
    "query_5": {
      "answer_1": 0.8620717037891573,
      "answer_2": 0.8509647893515677,
      "answer_3": 0.8603770666944526,
      "answer_4": 0.8058204916231692,
      "answer_5": 0.9416438447517446,
      "answer_6": 0.8186222302406867
    },
    "query_6": {
      "answer_1": 0.8378975626981257,
      "answer_2": 0.8144559488025644,
      "answer_3": 0.8321389990845568,
      "answer_4": 0.843565284699364,
      "answer_5": 0.8102025185275187,
      "answer_6": 0.9387558999472173
    }
  }
}