{
  "entity": "Abraham Lincoln",
  "cosine_similarities": {
    "query_1": {
      "answer_1": 0.93252044122979,
      "answer_2": 0.863502547820735,
      "answer_3": 0.8311973593235156,
      "answer_4": 0.8137426699218836,
      "answer_5": 0.8655030452310333,
      "answer_6": 0.803252137910931
    },
    "query_2": {
      "answer_1": 0.8624683645937167,
      "answer_2": 0.9414714706577055,
      "answer_3": 0.8608631298192718,
      "answer_4": 0.8347284632487696,
      "answer_5": 0.8743719185406851,
      "answer_6": 0.8099063714145756
    },
    "query_3": {
      "answer_1": 0.8641296225515119,
      "answer_2": 0.8637501178396031,
      "answer_3": 0.9109843710349367,
      "answer_4": 0.8624521933201795,
      "answer_5": 0.8543744935764301,
      "answer_6": 0.8220100761938219
    },
    "query_4": {
      "answer_1": 0.8245010215771607,
      "answer_2": 0.836961650218647,
      "answer_3": 0.8273635634295192,
      "answer_4": 0.9129082099975444,
      "answer_5": 0.8409743675250838,
      "answer_6": 0.822393727071315
    },
    "query_5": {
      "answer_1": 0.876288783181021,
      "answer_2": 0.8817212256842348,
      "answer_3": 0.842368900447502,
      "answer_4": 0.8526043405395061,
      "answer_5": 0.9279765113359036,
      "answer_6": 0.812093787256343
    },
    "query_6": {
      "answer_1": 0.830895641407239,
      "answer_2": 0.8428767697411278,
      "answer_3": 0.8106115858272948,
      "answer_4": 0.8585899546800053,
      "answer_5": 0.8279461272817734,
      "answer_6": 0.9179863693653882
    }
  }
}