{
  "entity": "Abraham Lincoln",
  "cosine_similarities": {
    "query_1": {
      "answer_1": 0.9303779990247468,
      "answer_2": 0.853614577599891,
      "answer_3": 0.8394717781408392,
      "answer_4": 0.8285415886869127,
      "answer_5": 0.8240452944658369,
      "answer_6": 0.823290833637374
    },
    "query_2": {
      "answer_1": 0.8603876926562689,
      "answer_2": 0.94570143649281,
      "answer_3": 0.8567105461364485,
      "answer_4": 0.8454200574697097,
      "answer_5": 0.8345702603196755,
      "answer_6": 0.8413513679409047
    },
    "query_3": {
      "answer_1": 0.8592205646830491,
      "answer_2": 0.8610027118409709,
      "answer_3": 0.9252415166142847,
      "answer_4": 0.8594777766110848,
      "answer_5": 0.8335312344936692,
      "answer_6": 0.8406742140859487
    },
    "query_4": {
      "answer_1": 0.839651327344034,
      "answer_2": 0.8533348812550207,
      "answer_3": 0.8344328642737314,
      "answer_4": 0.9281407673061418,
      "answer_5": 0.8353682175817438,
      "answer_6": 0.8795854609854911
    },
    "query_5": {
      "answer_1": 0.8590199315461415,
      "answer_2": 0.8590750649281673,
      "answer_3": 0.8495895500075119,
      "answer_4": 0.8525371712845733,
      "answer_5": 0.9205066995367699,
      "answer_6": 0.845129036334092
    },
    "query_6": {
      "answer_1": 0.8301168771869183,
      "answer_2": 0.8303803965499549,
      "answer_3": 0.8153442906042183,
      "answer_4": 0.854695126638896,
      "answer_5": 0.8058483421811673,
      "answer_6": 0.914290157503793
    }
  }
}