{
  "entity": "Abraham Lincoln",
  "cosine_similarities": {
    "query_1": {
      "answer_1": 0.9354985514000886,
      "answer_2": 0.8652736880919464,
      "answer_3": 0.8611520252666807,
      "answer_4": 0.8422330132070481,
      "answer_5": 0.8482439181131053,
      "answer_6": 0.8297925821118799
    },
    "query_2": {
      "answer_1": 0.8633774955168204,
      "answer_2": 0.9497697135257731,
      "answer_3": 0.8990842153379747,
      "answer_4": 0.8357836194254038,
      "answer_5": 0.8268949890525815,
      "answer_6": 0.8196905564753535
    },
    "query_3": {
      "answer_1": 0.8591255373058341,
      "answer_2": 0.8755445979267557,
      "answer_3": 0.9393488143775413,
      "answer_4": 0.8421040591757836,
      "answer_5": 0.808853741084327,
      "answer_6": 0.8150740519179228
    },
    "query_4": {
      "answer_1": 0.8243880138112115,
      "answer_2": 0.8183605033678342,
      "answer_3": 0.8282573730226934,
      "answer_4": 0.9232477964744169,
      "answer_5": 0.805607131943235,
      "answer_6": 0.8395460820981313
    },
    "query_5": {
      "answer_1": 0.8636424228577643,
      "answer_2": 0.8454317507664001,
      "answer_3": 0.8352115514172553,
      "answer_4": 0.8463526886412581,
      "answer_5": 0.9254500635773958,
      "answer_6": 0.8204533798765022
    },
    "query_6": {
      "answer_1": 0.8374024657385536,
      "answer_2": 0.8171761697643984,
      "answer_3": 0.8264732383316166,
      "answer_4": 0.857810720747601,
      "answer_5": 0.8073261544089644,
      "answer_6": 0.936905988729269
    }
  }
}