{
  "entity": "Abraham Lincoln",
  "cosine_similarities": {
    "query_1": {
      "answer_1": 0.9330073483150634,
      "answer_2": 0.8695121519459253,
      "answer_3": 0.8543461380321007,
      "answer_4": 0.8144181987740857,
      "answer_5": 0.8455384640880458,
      "answer_6": 0.8396219587303407
    },
    "query_2": {
      "answer_1": 0.8623129850135003,
      "answer_2": 0.9510642865895429,
      "answer_3": 0.8502201660268781,
      "answer_4": 0.82129033223451,
      "answer_5": 0.8238919535577425,
      "answer_6": 0.8227845439174625
    },
    "query_3": {
      "answer_1": 0.8558646566216409,
      "answer_2": 0.8531222290195931,
      "answer_3": 0.9340337106225861,
      "answer_4": 0.837175513628093,
      "answer_5": 0.830673948425421,
      "answer_6": 0.8365330383012692
    },
    "query_4": {
      "answer_1": 0.8232132764479995,
      "answer_2": 0.8293989267076797,
      "answer_3": 0.8157152911345995,
      "answer_4": 0.9054452886302367,
      "answer_5": 0.7949115648427126,
      "answer_6": 0.8491073744913537
    },
    "query_5": {
      "answer_1": 0.861137888705038,
      "answer_2": 0.84808001564533,
      "answer_3": 0.8452736344413435,
      "answer_4": 0.8098180513134482,
      "answer_5": 0.9204546117149695,
      "answer_6": 0.8152906933026689
    },
    "query_6": {
      "answer_1": 0.8273795169303018,
      "answer_2": 0.8175182638157159,
      "answer_3": 0.8206654302871823,
      "answer_4": 0.8514099796486629,
      "answer_5": 0.8025835303748651,
      "answer_6": 0.9310299738442929
    }
  }
}