{
  "entity": "Abraham Lincoln",
  "cosine_similarities": {
    "query_1": {
      "answer_1": 0.9356764224476698,
      "answer_2": 0.8673891900226923,
      "answer_3": 0.8765541188881254,
      "answer_4": 0.8248615341838508,
      "answer_5": 0.8593145767969828,
      "answer_6": 0.8406697784282442
    },
    "query_2": {
      "answer_1": 0.8715506189408198,
      "answer_2": 0.948199121264395,
      "answer_3": 0.9030571050928186,
      "answer_4": 0.8177417793691877,
      "answer_5": 0.8417169731187635,
      "answer_6": 0.8329077519692835
    },
    "query_3": {
      "answer_1": 0.8570080260801728,
      "answer_2": 0.8841139026085354,
      "answer_3": 0.9317353054251517,
      "answer_4": 0.8281386314027541,
      "answer_5": 0.8172880988670053,
      "answer_6": 0.8289158686062339
    },
    "query_4": {
      "answer_1": 0.8339339070972328,
      "answer_2": 0.8280694307293137,
      "answer_3": 0.8381168652196104,
      "answer_4": 0.9075600233772294,
      "answer_5": 0.8242686635994951,
      "answer_6": 0.8502583618108921
    },
    "query_5": {
      "answer_1": 0.8702141387335423,
      "answer_2": 0.8474918295044702,
      "answer_3": 0.8477186732663399,
      "answer_4": 0.8308743743955366,
      "answer_5": 0.9398422887742112,
      "answer_6": 0.8258969225039425
    },
    "query_6": {
      "answer_1": 0.8350769153312934,
      "answer_2": 0.830988142891854,
      "answer_3": 0.8428180946810334,
      "answer_4": 0.8539616693993557,
      "answer_5": 0.8057380283776361,
      "answer_6": 0.9441343568337442
    }
  }
}