{
  "entity": "Abraham Lincoln",
  "cosine_similarities": {
    "query_1": {
      "answer_1": 0.9359835014132949,
      "answer_2": 0.8543135338823152,
      "answer_3": 0.8708245067827107,
      "answer_4": 0.8470518811168289,
      "answer_5": 0.8771966164700462,
      "answer_6": 0.8435179026701135
    },
    "query_2": {
      "answer_1": 0.8752568242834279,
      "answer_2": 0.9449986962896069,
      "answer_3": 0.8605624949537741,
      "answer_4": 0.8410293772546643,
      "answer_5": 0.8488884575551542,
      "answer_6": 0.8205696052257643
    },
    "query_3": {
      "answer_1": 0.8637824196514686,
      "answer_2": 0.8402787281048166,
      "answer_3": 0.9108062071014311,
      "answer_4": 0.8543259193453411,
      "answer_5": 0.8467635925957923,
      "answer_6": 0.8305159013366259
    },
    "query_4": {
      "answer_1": 0.8405251581413774,
      "answer_2": 0.8111018874401676,
      "answer_3": 0.8343476207657755,
      "answer_4": 0.9034630230461627,
      "answer_5": 0.8295672014786516,
      "answer_6": 0.8612680852256078
    },
    "query_5": {
      "answer_1": 0.8760728878018725,
      "answer_2": 0.8491553945486461,
      "answer_3": 0.8487470223291911,
      "answer_4": 0.8480356612783692,
      "answer_5": 0.9455431188491455,
      "answer_6": 0.8245917124331096
    },
    "query_6": {
      "answer_1": 0.8460093149672842,
      "answer_2": 0.8159285307523644,
      "answer_3": 0.8301149036840416,
      "answer_4": 0.8598942214776601,
      "answer_5": 0.8257343392238997,
      "answer_6": 0.9224980188476588
    }
  }
}