{
  "entity": "Abraham Lincoln",
  "cosine_similarities": {
    "query_1": {
      "answer_1": 0.9310771578507339,
      "answer_2": 0.7997425793919911,
      "answer_3": 0.8604687501376646,
      "answer_4": 0.8147485294585659,
      "answer_5": 0.8323185199169791,
      "answer_6": 0.8096054836785902
    },
    "query_2": {
      "answer_1": 0.8483420400144341,
      "answer_2": 0.9258184923646996,
      "answer_3": 0.85937789344394,
      "answer_4": 0.8365907873660016,
      "answer_5": 0.8290357288059816,
      "answer_6": 0.8153057447097477
    },
    "query_3": {
      "answer_1": 0.8557794407957509,
      "answer_2": 0.8276841461500075,
      "answer_3": 0.9456484823724001,
      "answer_4": 0.8444394690402229,
      "answer_5": 0.8291209997014243,
      "answer_6": 0.8234002816256667
    },
    "query_4": {
      "answer_1": 0.8244398960806417,
      "answer_2": 0.8030430890265745,
      "answer_3": 0.8320296210082524,
      "answer_4": 0.9180906094145542,
      "answer_5": 0.8240194947525777,
      "answer_6": 0.8279552464590447
    },
    "query_5": {
      "answer_1": 0.8444752178547711,
      "answer_2": 0.8224082012166053,
      "answer_3": 0.840165409652024,
      "answer_4": 0.8354002466481699,
      "answer_5": 0.9420234149581544,
      "answer_6": 0.8175717373655604
    },
    "query_6": {
      "answer_1": 0.8168863494437765,
      "answer_2": 0.8057864693518403,
      "answer_3": 0.8200016676788041,
      "answer_4": 0.8478560753006581,
      "answer_5": 0.8084843448891345,
      "answer_6": 0.920598535535236
    }
  }
}