{
  "entity": "Abraham Lincoln",
  "cosine_similarities": {
    "query_1": {
      "answer_1": 0.9349499611215887,
      "answer_2": 0.859004388193573,
      "answer_3": 0.8477209475372838,
      "answer_4": 0.8215966451312005,
      "answer_5": 0.8255973007337384,
      "answer_6": 0.829593236015891
    },
    "query_2": {
      "answer_1": 0.8585862476393668,
      "answer_2": 0.9454088862214961,
      "answer_3": 0.8640558067402136,
      "answer_4": 0.8457513738075092,
      "answer_5": 0.8414935940089957,
      "answer_6": 0.8411556501775045
    },
    "query_3": {
      "answer_1": 0.857200477810061,
      "answer_2": 0.8655953962562596,
      "answer_3": 0.9209048224701731,
      "answer_4": 0.8561461874870109,
      "answer_5": 0.8426965102388368,
      "answer_6": 0.8428935544676814
    },
    "query_4": {
      "answer_1": 0.8399765239695807,
      "answer_2": 0.8495953827456235,
      "answer_3": 0.8328816127091325,
      "answer_4": 0.9192346556932809,
      "answer_5": 0.8452929139010165,
      "answer_6": 0.8987355968077049
    },
    "query_5": {
      "answer_1": 0.8559685223037312,
      "answer_2": 0.8651764746172231,
      "answer_3": 0.8534767692912991,
      "answer_4": 0.8462760609580274,
      "answer_5": 0.912547037769365,
      "answer_6": 0.8447118478250786
    },
    "query_6": {
      "answer_1": 0.8270614696833988,
      "answer_2": 0.8343582578902279,
      "answer_3": 0.8194450179380472,
      "answer_4": 0.8416021913097881,
      "answer_5": 0.8174014100207587,
      "answer_6": 0.91566148038864
    }
  }
}