{
  "entity": "Abraham Lincoln",
  "cosine_similarities": {
    "query_1": {
      "answer_1": 0.9290595064236361,
      "answer_2": 0.8680287254046091,
      "answer_3": 0.8563785892278774,
      "answer_4": 0.8404097976963758,
      "answer_5": 0.8507226560289545,
      "answer_6": 0.8548091643679768
    },
    "query_2": {
      "answer_1": 0.8792035097050868,
      "answer_2": 0.9476287876419098,
      "answer_3": 0.8502388977625497,
      "answer_4": 0.8293521917086601,
      "answer_5": 0.8492053255690521,
      "answer_6": 0.8317302265411396
    },
    "query_3": {
      "answer_1": 0.8531282607112601,
      "answer_2": 0.8447051369349653,
      "answer_3": 0.9576969111073614,
      "answer_4": 0.822306596894209,
      "answer_5": 0.8229818896242744,
      "answer_6": 0.827299589256031
    },
    "query_4": {
      "answer_1": 0.8433880849943783,
      "answer_2": 0.8253188653541783,
      "answer_3": 0.8280162906069387,
      "answer_4": 0.910300659226008,
      "answer_5": 0.8166785246285848,
      "answer_6": 0.8519298993343716
    },
    "query_5": {
      "answer_1": 0.8581007080885127,
      "answer_2": 0.8462184073039709,
      "answer_3": 0.8340557205795619,
      "answer_4": 0.8230220438217047,
      "answer_5": 0.9281571214735489,
      "answer_6": 0.8250121077134354
    },
    "query_6": {
      "answer_1": 0.8456956740628323,
      "answer_2": 0.8202786081269761,
      "answer_3": 0.831185125373195,
      "answer_4": 0.8353879699878876,
      "answer_5": 0.807236571551807,
      "answer_6": 0.9263528428581095
    }
  }
}