{
  "entity": "Abraham Lincoln",
  "cosine_similarities": {
    "query_1": {
      "answer_1": 0.9240589583914719,
      "answer_2": 0.869887340926196,
      "answer_3": 0.8544923591529688,
      "answer_4": 0.8263638855972423,
      "answer_5": 0.8648789255662701,
      "answer_6": 0.8350653848703697
    },
    "query_2": {
      "answer_1": 0.8747893671029894,
      "answer_2": 0.94303327102496,
      "answer_3": 0.8443402200361808,
      "answer_4": 0.836132538594916,
      "answer_5": 0.8456445426758992,
      "answer_6": 0.8227081222804469
    },
    "query_3": {
      "answer_1": 0.8612138834490815,
      "answer_2": 0.8553373754189917,
      "answer_3": 0.9249062991184392,
      "answer_4": 0.8608405378433288,
      "answer_5": 0.8321484462705734,
      "answer_6": 0.8330366361990519
    },
    "query_4": {
      "answer_1": 0.8355772830566915,
      "answer_2": 0.8178934196778285,
      "answer_3": 0.8460349387957563,
      "answer_4": 0.9011557894199664,
      "answer_5": 0.8156944079336957,
      "answer_6": 0.8443555989888322
    },
    "query_5": {
      "answer_1": 0.8553183545794544,
      "answer_2": 0.8446017916839845,
      "answer_3": 0.8233324188885824,
      "answer_4": 0.8376023836156873,
      "answer_5": 0.9267829592981383,
      "answer_6": 0.8310504665282505
    },
    "query_6": {
      "answer_1": 0.8489726577571274,
      "answer_2": 0.8332502596008481,
      "answer_3": 0.8108489176157407,
      "answer_4": 0.875564435249139,
      "answer_5": 0.8331042775506126,
      "answer_6": 0.9265169814013486
    }
  }
}