{
  "entity": "Abraham Lincoln",
  "cosine_similarities": {
    "query_1": {
      "answer_1": 0.9236827750231367,
      "answer_2": 0.8288240010128539,
      "answer_3": 0.8794230584196943,
      "answer_4": 0.8161164012404126,
      "answer_5": 0.8093042277556719,
      "answer_6": 0.8085690173783434
    },
    "query_2": {
      "answer_1": 0.8542192938046785,
      "answer_2": 0.9547455264217688,
      "answer_3": 0.8565968968170165,
      "answer_4": 0.8361458147212845,
      "answer_5": 0.8125018959627744,
      "answer_6": 0.8264627151181513
    },
    "query_3": {
      "answer_1": 0.8603206897616427,
      "answer_2": 0.8546736197876209,
      "answer_3": 0.9383480882323229,
      "answer_4": 0.8512232788224555,
      "answer_5": 0.8099741737100284,
      "answer_6": 0.8253675268612601
    },
    "query_4": {
      "answer_1": 0.8228404647999364,
      "answer_2": 0.8284132181728205,
      "answer_3": 0.8265576227863088,
      "answer_4": 0.9183808285522247,
      "answer_5": 0.8008757884645703,
      "answer_6": 0.8315458911656596
    },
    "query_5": {
      "answer_1": 0.8490704897582859,
      "answer_2": 0.846556463533349,
      "answer_3": 0.8416922830531975,
      "answer_4": 0.8333961652984996,
      "answer_5": 0.9227733536233419,
      "answer_6": 0.8207624071115694
    },
    "query_6": {
      "answer_1": 0.827677855496431,
      "answer_2": 0.8375398862025463,
      "answer_3": 0.8156553643926119,
      "answer_4": 0.848091628653043,
      "answer_5": 0.7876012915324261,
      "answer_6": 0.9284773735020271
    }
  }
}