{
  "entity": "Abraham Lincoln",
  "cosine_similarities": {
    "query_1": {
      "answer_1": 0.9290138807735329,
      "answer_2": 0.8630944953250896,
      "answer_3": 0.8523551252182392,
      "answer_4": 0.8193198172565044,
      "answer_5": 0.8410548317260396,
      "answer_6": 0.8551164740408567
    },
    "query_2": {
      "answer_1": 0.8866536374260467,
      "answer_2": 0.9405532812824217,
      "answer_3": 0.8457743189466935,
      "answer_4": 0.827914658343799,
      "answer_5": 0.838519317039269,
      "answer_6": 0.8431107561303843
    },
    "query_3": {
      "answer_1": 0.8514605017713263,
      "answer_2": 0.8489612571768533,
      "answer_3": 0.9530383205115484,
      "answer_4": 0.8178877656690243,
      "answer_5": 0.8175420365245027,
      "answer_6": 0.835795625921111
    },
    "query_4": {
      "answer_1": 0.832818004379934,
      "answer_2": 0.8242933921164132,
      "answer_3": 0.8307294952032632,
      "answer_4": 0.923472496090821,
      "answer_5": 0.8098876176716298,
      "answer_6": 0.8922855188774823
    },
    "query_5": {
      "answer_1": 0.8674728329762008,
      "answer_2": 0.8408610851053766,
      "answer_3": 0.8337932945988429,
      "answer_4": 0.8168366745727046,
      "answer_5": 0.9211173325671946,
      "answer_6": 0.8296225854085876
    },
    "query_6": {
      "answer_1": 0.844125570537839,
      "answer_2": 0.8205134740803637,
      "answer_3": 0.8313383733734317,
      "answer_4": 0.8583045167529259,
      "answer_5": 0.8044547170493033,
      "answer_6": 0.9205407583097679
    }
  }
}