{
  "entity": "Abraham Lincoln",
  "cosine_similarities": {
    "query_1": {
      "answer_1": 0.9335300710097802,
      "answer_2": 0.8676367809807839,
      "answer_3": 0.8835644502619425,
      "answer_4": 0.8193057736113726,
      "answer_5": 0.8554220778554176,
      "answer_6": 0.8484518037968296
    },
    "query_2": {
      "answer_1": 0.8771034454554512,
      "answer_2": 0.9522151220417568,
      "answer_3": 0.8784389091682835,
      "answer_4": 0.8200806270130113,
      "answer_5": 0.8401800292574548,
      "answer_6": 0.8328327726648473
    },
    "query_3": {
      "answer_1": 0.8670877529885915,
      "answer_2": 0.8596824506883274,
      "answer_3": 0.9152444960531795,
      "answer_4": 0.8267296923126468,
      "answer_5": 0.8438356266383921,
      "answer_6": 0.8350509544795665
    },
    "query_4": {
      "answer_1": 0.8291701209146648,
      "answer_2": 0.8274442285496935,
      "answer_3": 0.8465487662269207,
      "answer_4": 0.8922508193755077,
      "answer_5": 0.8093149747219358,
      "answer_6": 0.8643080511702482
    },
    "query_5": {
      "answer_1": 0.8607813733089714,
      "answer_2": 0.84318854925036,
      "answer_3": 0.858097477041805,
      "answer_4": 0.8141033127767545,
      "answer_5": 0.9333760398211693,
      "answer_6": 0.8285197170416357
    },
    "query_6": {
      "answer_1": 0.8306767218428063,
      "answer_2": 0.8174216528850925,
      "answer_3": 0.8282205916447003,
      "answer_4": 0.8355195778988889,
      "answer_5": 0.8074328742950748,
      "answer_6": 0.9208423349980257
    }
  }
}