{
  "entity": "Abraham Lincoln",
  "cosine_similarities": {
    "query_1": {
      "answer_1": 0.9417404324124307,
      "answer_2": 0.8489091022709978,
      "answer_3": 0.8458716017603806,
      "answer_4": 0.8225834231696693,
      "answer_5": 0.856636202127657,
      "answer_6": 0.8018407768653707
    },
    "query_2": {
      "answer_1": 0.8669818955222466,
      "answer_2": 0.9471848940540482,
      "answer_3": 0.8699066403887546,
      "answer_4": 0.8464421615436359,
      "answer_5": 0.8684969665476951,
      "answer_6": 0.8027703877174676
    },
    "query_3": {
      "answer_1": 0.8654698421668271,
      "answer_2": 0.8560621060447436,
      "answer_3": 0.9233747598758726,
      "answer_4": 0.8694222158203503,
      "answer_5": 0.8456069843848134,
      "answer_6": 0.8131864725350074
    },
    "query_4": {
      "answer_1": 0.8298505042025145,
      "answer_2": 0.8303957148582923,
      "answer_3": 0.8454089901379027,
      "answer_4": 0.915749536312711,
      "answer_5": 0.8313599930315968,
      "answer_6": 0.8285300387186624
    },
    "query_5": {
      "answer_1": 0.8837719560743463,
      "answer_2": 0.8731153950150822,
      "answer_3": 0.8558776899562601,
      "answer_4": 0.8624000914387259,
      "answer_5": 0.9187894784560969,
      "answer_6": 0.8125228696674582
    },
    "query_6": {
      "answer_1": 0.8355358599977216,
      "answer_2": 0.8284173298485291,
      "answer_3": 0.8218987583403039,
      "answer_4": 0.8656603871939582,
      "answer_5": 0.8292409638422275,
      "answer_6": 0.8985191234458256
    }
  }
}