{
  "entity": "Abraham Lincoln",
  "cosine_similarities": {
    "query_1": {
      "answer_1": 0.9275921584860597,
      "answer_2": 0.840823494726436,
      "answer_3": 0.8378059000633844,
      "answer_4": 0.8030218104245512,
      "answer_5": 0.8216715714170149,
      "answer_6": 0.8269346866338363
    },
    "query_2": {
      "answer_1": 0.8491083913912321,
      "answer_2": 0.9559485681411322,
      "answer_3": 0.8721197956273059,
      "answer_4": 0.8334891248025281,
      "answer_5": 0.8431752603992034,
      "answer_6": 0.8434306351780766
    },
    "query_3": {
      "answer_1": 0.8494149038984076,
      "answer_2": 0.8654694238628601,
      "answer_3": 0.9431138632774344,
      "answer_4": 0.8277634488015194,
      "answer_5": 0.8417711064118439,
      "answer_6": 0.8353168772144856
    },
    "query_4": {
      "answer_1": 0.8217268780674157,
      "answer_2": 0.8281611628546838,
      "answer_3": 0.8194695132435851,
      "answer_4": 0.926930790084991,
      "answer_5": 0.8361078216440528,
      "answer_6": 0.8602757767189265
    },
    "query_5": {
      "answer_1": 0.8351867586582304,
      "answer_2": 0.8505586024107784,
      "answer_3": 0.8362753260959246,
      "answer_4": 0.8152812787205944,
      "answer_5": 0.9451182494022747,
      "answer_6": 0.8245969870937793
    },
    "query_6": {
      "answer_1": 0.8272288878491427,
      "answer_2": 0.8468225485343359,
      "answer_3": 0.8343568219745926,
      "answer_4": 0.8567359325209835,
      "answer_5": 0.8380468777440634,
      "answer_6": 0.9386977504345061
    }
  }
}