{
  "entity": "Abraham Lincoln",
  "cosine_similarities": {
    "query_1": {
      "answer_1": 0.9237595999184128,
      "answer_2": 0.8674805770267575,
      "answer_3": 0.8732049260448072,
      "answer_4": 0.8350542566796304,
      "answer_5": 0.8410100346018542,
      "answer_6": 0.8545247943591545
    },
    "query_2": {
      "answer_1": 0.8561109946365993,
      "answer_2": 0.9560534945469863,
      "answer_3": 0.8636509275843308,
      "answer_4": 0.8316359480484402,
      "answer_5": 0.8234986356297308,
      "answer_6": 0.8289759772902119
    },
    "query_3": {
      "answer_1": 0.8601796056160331,
      "answer_2": 0.8523856425126649,
      "answer_3": 0.9073838089892395,
      "answer_4": 0.8403900800631343,
      "answer_5": 0.8157101969993502,
      "answer_6": 0.8355465657194596
    },
    "query_4": {
      "answer_1": 0.8359845000748403,
      "answer_2": 0.8217279689753689,
      "answer_3": 0.8295181857812296,
      "answer_4": 0.8922537384672337,
      "answer_5": 0.801920937842002,
      "answer_6": 0.8586018835599273
    },
    "query_5": {
      "answer_1": 0.8640936193940104,
      "answer_2": 0.8528665498281068,
      "answer_3": 0.8485596871373735,
      "answer_4": 0.835585172664888,
      "answer_5": 0.9040355357747486,
      "answer_6": 0.8334564822443317
    },
    "query_6": {
      "answer_1": 0.8351259737932982,
      "answer_2": 0.8233303657349297,
      "answer_3": 0.8340965352602691,
      "answer_4": 0.8450111381385024,
      "answer_5": 0.7915104403483578,
      "answer_6": 0.9311780979027023
    }
  }
}