{
  "entity": "Abraham Lincoln",
  "cosine_similarities": {
    "query_1": {
      "answer_1": 0.9335815093388183,
      "answer_2": 0.8726343122162148,
      "answer_3": 0.873104293211148,
      "answer_4": 0.8402472616526344,
      "answer_5": 0.8764255927222165,
      "answer_6": 0.8656110184129435
    },
    "query_2": {
      "answer_1": 0.8794530238072051,
      "answer_2": 0.9374672562249357,
      "answer_3": 0.8658251543629016,
      "answer_4": 0.8421245314194999,
      "answer_5": 0.8510871783951347,
      "answer_6": 0.8565664392607697
    },
    "query_3": {
      "answer_1": 0.866602653751937,
      "answer_2": 0.8610963379685457,
      "answer_3": 0.905424759317902,
      "answer_4": 0.8501615818067376,
      "answer_5": 0.8570265358825369,
      "answer_6": 0.8466225974001157
    },
    "query_4": {
      "answer_1": 0.8441996319283124,
      "answer_2": 0.8361456128125506,
      "answer_3": 0.833261288229492,
      "answer_4": 0.9185617566318863,
      "answer_5": 0.8342189840962607,
      "answer_6": 0.8913762280457358
    },
    "query_5": {
      "answer_1": 0.8640856661779135,
      "answer_2": 0.8424467605691348,
      "answer_3": 0.849819101585978,
      "answer_4": 0.8307818411518684,
      "answer_5": 0.9344463905380386,
      "answer_6": 0.8343733910882739
    },
    "query_6": {
      "answer_1": 0.8486042752144923,
      "answer_2": 0.8430576215691197,
      "answer_3": 0.8293867393251497,
      "answer_4": 0.8745339377689417,
      "answer_5": 0.8310501334305044,
      "answer_6": 0.9313283999408103
    }
  }
}