{
  "entity": "Abraham Lincoln",
  "cosine_similarities": {
    "query_1": {
      "answer_1": 0.9425998118492261,
      "answer_2": 0.8460698369354248,
      "answer_3": 0.8380242413735782,
      "answer_4": 0.8193536162121194,
      "answer_5": 0.8661920601666536,
      "answer_6": 0.8365425616073463
    },
    "query_2": {
      "answer_1": 0.8673227438124099,
      "answer_2": 0.9392410713237289,
      "answer_3": 0.8444130904388285,
      "answer_4": 0.8403742659203268,
      "answer_5": 0.8739004732469431,
      "answer_6": 0.8408097583821956
    },
    "query_3": {
      "answer_1": 0.8659198548719601,
      "answer_2": 0.8593613809939771,
      "answer_3": 0.9153366539262595,
      "answer_4": 0.8654017175681045,
      "answer_5": 0.8500018959768219,
      "answer_6": 0.8478658374655593
    },
    "query_4": {
      "answer_1": 0.8349457215938053,
      "answer_2": 0.8437280743958985,
      "answer_3": 0.8444542548497983,
      "answer_4": 0.9178665322939303,
      "answer_5": 0.8411695826935057,
      "answer_6": 0.8531606349133581
    },
    "query_5": {
      "answer_1": 0.8831316463202697,
      "answer_2": 0.86747896657348,
      "answer_3": 0.8466465956649536,
      "answer_4": 0.8532080728588076,
      "answer_5": 0.9220128408182601,
      "answer_6": 0.8438458799512539
    },
    "query_6": {
      "answer_1": 0.8387812780748727,
      "answer_2": 0.8330101440793435,
      "answer_3": 0.8170734958493985,
      "answer_4": 0.8679557099755063,
      "answer_5": 0.837105681031014,
      "answer_6": 0.9403748581169821
    }
  }
}