{
  "entity": "Abraham Lincoln",
  "cosine_similarities": {
    "query_1": {
      "answer_1": 0.9268500560918457,
      "answer_2": 0.8368971236935632,
      "answer_3": 0.8527796942959087,
      "answer_4": 0.8114827462928458,
      "answer_5": 0.8604569481937144,
      "answer_6": 0.8252291058287891
    },
    "query_2": {
      "answer_1": 0.8617414893939055,
      "answer_2": 0.9386941803601789,
      "answer_3": 0.8539533787130863,
      "answer_4": 0.8348542745441887,
      "answer_5": 0.8654923456391482,
      "answer_6": 0.8283468649232252
    },
    "query_3": {
      "answer_1": 0.8591704510971122,
      "answer_2": 0.8564189914265743,
      "answer_3": 0.9227615868931807,
      "answer_4": 0.859788640360178,
      "answer_5": 0.8605457393303111,
      "answer_6": 0.8385204186669051
    },
    "query_4": {
      "answer_1": 0.8205374437896064,
      "answer_2": 0.8324883208571074,
      "answer_3": 0.8452688980394082,
      "answer_4": 0.9035801255250702,
      "answer_5": 0.8444084066560906,
      "answer_6": 0.8485696038969992
    },
    "query_5": {
      "answer_1": 0.8762712354761052,
      "answer_2": 0.864831542603622,
      "answer_3": 0.8580449586779811,
      "answer_4": 0.8544448029307539,
      "answer_5": 0.9251649015812646,
      "answer_6": 0.8359167674495075
    },
    "query_6": {
      "answer_1": 0.8300243897455998,
      "answer_2": 0.8236068062374894,
      "answer_3": 0.8185773104754461,
      "answer_4": 0.8533555489680096,
      "answer_5": 0.8367845291680054,
      "answer_6": 0.9351342437750144
    }
  }
}