{
  "entity": "Abraham Lincoln",
  "cosine_similarities": {
    "query_1": {
      "answer_1": 0.9324510580700389,
      "answer_2": 0.8595868587894863,
      "answer_3": 0.8696542482459045,
      "answer_4": 0.8295678541824442,
      "answer_5": 0.870243448679683,
      "answer_6": 0.853437642752519
    },
    "query_2": {
      "answer_1": 0.8678636072952792,
      "answer_2": 0.9540284601059292,
      "answer_3": 0.8741406938899626,
      "answer_4": 0.8256413325562308,
      "answer_5": 0.8505455509167014,
      "answer_6": 0.8336910744315359
    },
    "query_3": {
      "answer_1": 0.8611693081823477,
      "answer_2": 0.8420074501740423,
      "answer_3": 0.9184397941576002,
      "answer_4": 0.8317836613697736,
      "answer_5": 0.8395851800372809,
      "answer_6": 0.8386389649117478
    },
    "query_4": {
      "answer_1": 0.8366057301370514,
      "answer_2": 0.8196670683019842,
      "answer_3": 0.8333411376727766,
      "answer_4": 0.8777993986706601,
      "answer_5": 0.8251958827023089,
      "answer_6": 0.8600704531937952
    },
    "query_5": {
      "answer_1": 0.8702471300924106,
      "answer_2": 0.8556033285147412,
      "answer_3": 0.8482741897652863,
      "answer_4": 0.8303111102698976,
      "answer_5": 0.9409470922376846,
      "answer_6": 0.842215454814516
    },
    "query_6": {
      "answer_1": 0.8448294140002988,
      "answer_2": 0.8266348654446842,
      "answer_3": 0.8275370561920737,
      "answer_4": 0.8314397243828759,
      "answer_5": 0.8132878559934669,
      "answer_6": 0.9224426322355543
    }
  }
}