{
  "entity": "Abraham Lincoln",
  "cosine_similarities": {
    "query_1": {
      "answer_1": 0.9232897384357892,
      "answer_2": 0.8673777313746436,
      "answer_3": 0.8656117872748317,
      "answer_4": 0.8111139982816544,
      "answer_5": 0.8790088110432892,
      "answer_6": 0.8529191930164197
    },
    "query_2": {
      "answer_1": 0.8662044578075874,
      "answer_2": 0.9525463222376775,
      "answer_3": 0.8633752514551459,
      "answer_4": 0.8220339727387304,
      "answer_5": 0.8601215918439815,
      "answer_6": 0.8517602833432291
    },
    "query_3": {
      "answer_1": 0.8434194576377682,
      "answer_2": 0.8566985830720591,
      "answer_3": 0.951359086925939,
      "answer_4": 0.8279013468483213,
      "answer_5": 0.8449837629080702,
      "answer_6": 0.8332246503799043
    },
    "query_4": {
      "answer_1": 0.8074800284882463,
      "answer_2": 0.8276150701259586,
      "answer_3": 0.8311250718620681,
      "answer_4": 0.9118553008569461,
      "answer_5": 0.8291079301649125,
      "answer_6": 0.8735703082753299
    },
    "query_5": {
      "answer_1": 0.8568127014019973,
      "answer_2": 0.8454040753153639,
      "answer_3": 0.8518912389110453,
      "answer_4": 0.8298880362417036,
      "answer_5": 0.9318073262895824,
      "answer_6": 0.8516675126262718
    },
    "query_6": {
      "answer_1": 0.8397394102445144,
      "answer_2": 0.8484253710789341,
      "answer_3": 0.840906615100062,
      "answer_4": 0.8332726591438483,
      "answer_5": 0.8360328026864939,
      "answer_6": 0.9246979757701799
    }
  }
}