{
  "entity": "Abraham Lincoln",
  "cosine_similarities": {
    "query_1": {
      "answer_1": 0.9363153500157358,
      "answer_2": 0.8645309027031002,
      "answer_3": 0.8520575520451787,
      "answer_4": 0.8015331968735887,
      "answer_5": 0.8630887925140256,
      "answer_6": 0.847843311531129
    },
    "query_2": {
      "answer_1": 0.880516817817117,
      "answer_2": 0.9424330504033567,
      "answer_3": 0.8516761378335911,
      "answer_4": 0.8121748186600385,
      "answer_5": 0.8370051693990048,
      "answer_6": 0.8467482993202474
    },
    "query_3": {
      "answer_1": 0.8509970568869368,
      "answer_2": 0.8487280158739983,
      "answer_3": 0.9482303299008449,
      "answer_4": 0.8032084251604341,
      "answer_5": 0.8382219197661306,
      "answer_6": 0.818467931568587
    },
    "query_4": {
      "answer_1": 0.8274093161630507,
      "answer_2": 0.8394094821488194,
      "answer_3": 0.8206947088300857,
      "answer_4": 0.9218574183396825,
      "answer_5": 0.8079265109276625,
      "answer_6": 0.8435179211707281
    },
    "query_5": {
      "answer_1": 0.8643966185157208,
      "answer_2": 0.8370002787518301,
      "answer_3": 0.8351753147697373,
      "answer_4": 0.8104105463426339,
      "answer_5": 0.9511231586235369,
      "answer_6": 0.8290184143932965
    },
    "query_6": {
      "answer_1": 0.8455977833923369,
      "answer_2": 0.8377946500641613,
      "answer_3": 0.8148730024079198,
      "answer_4": 0.8172154815633061,
      "answer_5": 0.8161544684988512,
      "answer_6": 0.9389263171733484
    }
  }
}