{
  "entity": "Abraham Lincoln",
  "cosine_similarities": {
    "query_1": {
      "answer_1": 0.9355928600055081,
      "answer_2": 0.8517512081881784,
      "answer_3": 0.854473425878004,
      "answer_4": 0.814000402930752,
      "answer_5": 0.8546071682737038,
      "answer_6": 0.8503766424851834
    },
    "query_2": {
      "answer_1": 0.877170576093335,
      "answer_2": 0.9225847322865506,
      "answer_3": 0.8524177341336465,
      "answer_4": 0.8183632512795902,
      "answer_5": 0.8430622075053561,
      "answer_6": 0.8299916629217482
    },
    "query_3": {
      "answer_1": 0.8634579586825665,
      "answer_2": 0.8366163558797961,
      "answer_3": 0.907755082894906,
      "answer_4": 0.8198430210731737,
      "answer_5": 0.8274694623361654,
      "answer_6": 0.8263075004976193
    },
    "query_4": {
      "answer_1": 0.8324076744955895,
      "answer_2": 0.7978846661478228,
      "answer_3": 0.8270795392878488,
      "answer_4": 0.9297416969666151,
      "answer_5": 0.831064213235712,
      "answer_6": 0.8731960577289121
    },
    "query_5": {
      "answer_1": 0.868960857192062,
      "answer_2": 0.8365579205575813,
      "answer_3": 0.8464926129274299,
      "answer_4": 0.8164902470869383,
      "answer_5": 0.9456673585757583,
      "answer_6": 0.8263161529290103
    },
    "query_6": {
      "answer_1": 0.8467872596360637,
      "answer_2": 0.8112512155592029,
      "answer_3": 0.8213758620595379,
      "answer_4": 0.8338914277185273,
      "answer_5": 0.821019691945185,
      "answer_6": 0.925903092257415
    }
  }
}