{
  "entity": "Abraham Lincoln",
  "cosine_similarities": {
    "query_1": {
      "answer_1": 0.9407825829332522,
      "answer_2": 0.8513365412445659,
      "answer_3": 0.8415012508071698,
      "answer_4": 0.8190792040704565,
      "answer_5": 0.8721324338727529,
      "answer_6": 0.8259345957864374
    },
    "query_2": {
      "answer_1": 0.8622374870350682,
      "answer_2": 0.9419238644284716,
      "answer_3": 0.8614465786254537,
      "answer_4": 0.8423185774088884,
      "answer_5": 0.8708312156216743,
      "answer_6": 0.8323104664432343
    },
    "query_3": {
      "answer_1": 0.8562559801075654,
      "answer_2": 0.8616247722395872,
      "answer_3": 0.9240723955255689,
      "answer_4": 0.8696222300841009,
      "answer_5": 0.8571371218464454,
      "answer_6": 0.8422671546131146
    },
    "query_4": {
      "answer_1": 0.8270782299861533,
      "answer_2": 0.8358658200135424,
      "answer_3": 0.8513720817818702,
      "answer_4": 0.9094613694012622,
      "answer_5": 0.8449675071236658,
      "answer_6": 0.8472951182529539
    },
    "query_5": {
      "answer_1": 0.8821772169240026,
      "answer_2": 0.875446755170449,
      "answer_3": 0.8544534426274315,
      "answer_4": 0.8608447537422238,
      "answer_5": 0.9287556783554992,
      "answer_6": 0.8345201215797281
    },
    "query_6": {
      "answer_1": 0.8363912375934154,
      "answer_2": 0.8314837308407307,
      "answer_3": 0.8204607578176486,
      "answer_4": 0.8657100428408504,
      "answer_5": 0.839620098694655,
      "answer_6": 0.9298426249678117
    }
  }
}