{
  "entity": "Napoleon Bonaparte",
  "cosine_similarities": {
    "query_1": {
      "answer_1": 0.6382574153160151,
      "answer_2": 0.5369880124732227,
      "answer_3": 0.5158460938892455,
      "answer_4": 0.48340706908552783,
      "answer_5": 0.47127988611243554,
      "answer_6": 0.38403072932257104
    },
    "query_2": {
      "answer_1": 0.5388480041771346,
      "answer_2": 0.751727384042191,
      "answer_3": 0.5213474836700909,
      "answer_4": 0.45227145419447146,
      "answer_5": 0.46743872750042614,
      "answer_6": 0.33430945152089714
    },
    "query_3": {
      "answer_1": 0.5209048899098612,
      "answer_2": 0.5485078465138347,
      "answer_3": 0.6827561786302264,
      "answer_4": 0.3648939395118873,
      "answer_5": 0.3830220847432881,
      "answer_6": 0.3460685647840534
    },
    "query_4": {
      "answer_1": 0.5882843781218383,
      "answer_2": 0.5774651435942273,
      "answer_3": 0.5107459574162155,
      "answer_4": 0.7228412406348159,
      "answer_5": 0.5376046710813608,
      "answer_6": 0.3211872006604667
    },
    "query_5": {
      "answer_1": 0.5544689752705408,
      "answer_2": 0.5662465693973316,
      "answer_3": 0.4806518204865475,
      "answer_4": 0.5371494031035775,
      "answer_5": 0.6751015378140597,
      "answer_6": 0.32458375917215876
    },
    "query_6": {
      "answer_1": 0.5428606838398311,
      "answer_2": 0.4459115197445071,
      "answer_3": 0.5637481326194396,
      "answer_4": 0.35658487440642456,
      "answer_5": 0.36153436621757457,
      "answer_6": 0.7415004398602605
    }
  }
}