{
  "entity": "Napoleon Bonaparte",
  "cosine_similarities": {
    "query_1": {
      "answer_1": 0.6810619337362086,
      "answer_2": 0.537947909790206,
      "answer_3": 0.5657839347539549,
      "answer_4": 0.5094222350935694,
      "answer_5": 0.45656660494201845,
      "answer_6": 0.4942287693235104
    },
    "query_2": {
      "answer_1": 0.5116537740420998,
      "answer_2": 0.7208417011950216,
      "answer_3": 0.5148633225898631,
      "answer_4": 0.37813867961034325,
      "answer_5": 0.46602101584110356,
      "answer_6": 0.4382764692729942
    },
    "query_3": {
      "answer_1": 0.44564529844295003,
      "answer_2": 0.4875690600722096,
      "answer_3": 0.6622202222089818,
      "answer_4": 0.28465532695331364,
      "answer_5": 0.34389122066514227,
      "answer_6": 0.38672299408723954
    },
    "query_4": {
      "answer_1": 0.5195269467819242,
      "answer_2": 0.513685536811452,
      "answer_3": 0.44558447017633895,
      "answer_4": 0.7341341042759837,
      "answer_5": 0.5090843104518489,
      "answer_6": 0.41394425640712884
    },
    "query_5": {
      "answer_1": 0.5741135493563512,
      "answer_2": 0.5845591922491123,
      "answer_3": 0.5332240442530234,
      "answer_4": 0.49071410045565395,
      "answer_5": 0.749677018838311,
      "answer_6": 0.4295475692684788
    },
    "query_6": {
      "answer_1": 0.5801333057320427,
      "answer_2": 0.5571024485250917,
      "answer_3": 0.6048613593961507,
      "answer_4": 0.39422400592505613,
      "answer_5": 0.42738238523412586,
      "answer_6": 0.7291728486822866
    }
  }
}