{
  "entity": "Napoleon Bonaparte",
  "cosine_similarities": {
    "query_1": {
      "answer_1": 0.7254470514531126,
      "answer_2": 0.48863338363411474,
      "answer_3": 0.5536537688271378,
      "answer_4": 0.5003931844201596,
      "answer_5": 0.4366053236971013,
      "answer_6": 0.5897548350713795
    },
    "query_2": {
      "answer_1": 0.5640701441052031,
      "answer_2": 0.8304204772581506,
      "answer_3": 0.6221547802828216,
      "answer_4": 0.43432977776961423,
      "answer_5": 0.47847987551886956,
      "answer_6": 0.4919297964198127
    },
    "query_3": {
      "answer_1": 0.5705482091821635,
      "answer_2": 0.6057455031270728,
      "answer_3": 0.787012782053937,
      "answer_4": 0.48573044248870245,
      "answer_5": 0.47230771020923834,
      "answer_6": 0.4730883038377752
    },
    "query_4": {
      "answer_1": 0.5637768851007386,
      "answer_2": 0.4787857883096383,
      "answer_3": 0.5734592428099573,
      "answer_4": 0.800677004702485,
      "answer_5": 0.5180214606398509,
      "answer_6": 0.5312138541371805
    },
    "query_5": {
      "answer_1": 0.5210896483598404,
      "answer_2": 0.49802628185178466,
      "answer_3": 0.5949317479260556,
      "answer_4": 0.5864352999342066,
      "answer_5": 0.7836264779357575,
      "answer_6": 0.5014489784764873
    },
    "query_6": {
      "answer_1": 0.711015305747589,
      "answer_2": 0.4852846171030046,
      "answer_3": 0.5476872674742373,
      "answer_4": 0.5584139305547416,
      "answer_5": 0.465022892662882,
      "answer_6": 0.8476358555114878
    }
  }
}