{
  "entity": "Napoleon Bonaparte",
  "cosine_similarities": {
    "query_1": {
      "answer_1": 0.7160526538248044,
      "answer_2": 0.4797596217198126,
      "answer_3": 0.5003376057146974,
      "answer_4": 0.4004143152430698,
      "answer_5": 0.5531250269556134,
      "answer_6": 0.4725988724513091
    },
    "query_2": {
      "answer_1": 0.5107370140910859,
      "answer_2": 0.7641426770703216,
      "answer_3": 0.5031085207005633,
      "answer_4": 0.38002527924482904,
      "answer_5": 0.5099414633037843,
      "answer_6": 0.3600493414959083
    },
    "query_3": {
      "answer_1": 0.513188586111374,
      "answer_2": 0.41919495094878106,
      "answer_3": 0.7361595535829348,
      "answer_4": 0.3845254680921509,
      "answer_5": 0.44349937970816605,
      "answer_6": 0.3623997373732656
    },
    "query_4": {
      "answer_1": 0.3856491700914221,
      "answer_2": 0.364243813111277,
      "answer_3": 0.45492387333700063,
      "answer_4": 0.7559702343218048,
      "answer_5": 0.36929223375033327,
      "answer_6": 0.2801649964733612
    },
    "query_5": {
      "answer_1": 0.5831414375568114,
      "answer_2": 0.5050639877102219,
      "answer_3": 0.514466878229022,
      "answer_4": 0.3695100013495843,
      "answer_5": 0.8393074646939841,
      "answer_6": 0.4396692014318236
    },
    "query_6": {
      "answer_1": 0.6104006355997326,
      "answer_2": 0.35094618586360377,
      "answer_3": 0.39742027608589764,
      "answer_4": 0.26759536187768335,
      "answer_5": 0.507786848473951,
      "answer_6": 0.8575842112720612
    }
  }
}