{
  "entity": "Napoleon Bonaparte",
  "cosine_similarities": {
    "query_1": {
      "answer_1": 0.724661159411021,
      "answer_2": 0.5194119525651557,
      "answer_3": 0.5212926310490064,
      "answer_4": 0.5251608095482901,
      "answer_5": 0.4653198251036408,
      "answer_6": 0.4479108424718216
    },
    "query_2": {
      "answer_1": 0.562111049096477,
      "answer_2": 0.7743101054106547,
      "answer_3": 0.5158264008808509,
      "answer_4": 0.43091015183276354,
      "answer_5": 0.4758355373023317,
      "answer_6": 0.3958230963061909
    },
    "query_3": {
      "answer_1": 0.5114124188387132,
      "answer_2": 0.5317766737257731,
      "answer_3": 0.8024500440413638,
      "answer_4": 0.3393647395456949,
      "answer_5": 0.4155607085155652,
      "answer_6": 0.3831123788828402
    },
    "query_4": {
      "answer_1": 0.5128885868021549,
      "answer_2": 0.48430317506585896,
      "answer_3": 0.3919915736047431,
      "answer_4": 0.768059711375538,
      "answer_5": 0.4812337082014688,
      "answer_6": 0.38396595454565086
    },
    "query_5": {
      "answer_1": 0.5082253745797334,
      "answer_2": 0.47967087914899137,
      "answer_3": 0.44784704066054914,
      "answer_4": 0.49316349586510905,
      "answer_5": 0.8088948563923677,
      "answer_6": 0.3616966979080419
    },
    "query_6": {
      "answer_1": 0.5809896901821828,
      "answer_2": 0.40976722658988807,
      "answer_3": 0.397076394023419,
      "answer_4": 0.42432641102880514,
      "answer_5": 0.35286411369123327,
      "answer_6": 0.8750370991330774
    }
  }
}