{
  "entity": "Napoleon Bonaparte",
  "cosine_similarities": {
    "query_1": {
      "answer_1": 0.6897223259348697,
      "answer_2": 0.46824129452032914,
      "answer_3": 0.4540466013333173,
      "answer_4": 0.5038791735378191,
      "answer_5": 0.43374120929600835,
      "answer_6": 0.3780892711003109
    },
    "query_2": {
      "answer_1": 0.5865631820060805,
      "answer_2": 0.7789169928918162,
      "answer_3": 0.4907030639383429,
      "answer_4": 0.4001373097817481,
      "answer_5": 0.47728559284851957,
      "answer_6": 0.37466943978423384
    },
    "query_3": {
      "answer_1": 0.5414090366087443,
      "answer_2": 0.5487975483320906,
      "answer_3": 0.7702901866741821,
      "answer_4": 0.3156746671885545,
      "answer_5": 0.39549441231961513,
      "answer_6": 0.3793588088035212
    },
    "query_4": {
      "answer_1": 0.5226321600853813,
      "answer_2": 0.4736791422737891,
      "answer_3": 0.4069787292999299,
      "answer_4": 0.7906341041949219,
      "answer_5": 0.5184467736662689,
      "answer_6": 0.36865007056620985
    },
    "query_5": {
      "answer_1": 0.44555157326071115,
      "answer_2": 0.4627449211833266,
      "answer_3": 0.4234591998500245,
      "answer_4": 0.4559263799699829,
      "answer_5": 0.810019332590234,
      "answer_6": 0.334896874044026
    },
    "query_6": {
      "answer_1": 0.43472120513445406,
      "answer_2": 0.40650238914144793,
      "answer_3": 0.4038687599975017,
      "answer_4": 0.37710134961283726,
      "answer_5": 0.3590849309534345,
      "answer_6": 0.8608997024294259
    }
  }
}