{
  "entity": "Napoleon Bonaparte",
  "cosine_similarities": {
    "query_1": {
      "answer_1": 0.6602588871827929,
      "answer_2": 0.5127850744595237,
      "answer_3": 0.516097322998939,
      "answer_4": 0.5035806226689558,
      "answer_5": 0.42427390254039415,
      "answer_6": 0.44196771436546284
    },
    "query_2": {
      "answer_1": 0.5262597165609529,
      "answer_2": 0.6679378320650455,
      "answer_3": 0.5140188239010425,
      "answer_4": 0.48093111914225367,
      "answer_5": 0.46875637888381494,
      "answer_6": 0.4312469885213683
    },
    "query_3": {
      "answer_1": 0.5332210587077126,
      "answer_2": 0.5375665103148162,
      "answer_3": 0.6058535735733604,
      "answer_4": 0.3988725246649585,
      "answer_5": 0.3915756968723823,
      "answer_6": 0.4095545324806883
    },
    "query_4": {
      "answer_1": 0.5599102775540775,
      "answer_2": 0.562926938429415,
      "answer_3": 0.5323156063840924,
      "answer_4": 0.7495770857050265,
      "answer_5": 0.5045379926607212,
      "answer_6": 0.4560972757056342
    },
    "query_5": {
      "answer_1": 0.5137574288736608,
      "answer_2": 0.5905980204795517,
      "answer_3": 0.5722025198281853,
      "answer_4": 0.5575396825088142,
      "answer_5": 0.7528595929018062,
      "answer_6": 0.4404280456308141
    },
    "query_6": {
      "answer_1": 0.5857100581662992,
      "answer_2": 0.5756963987503805,
      "answer_3": 0.5249832125460798,
      "answer_4": 0.449680579958784,
      "answer_5": 0.43672952319739033,
      "answer_6": 0.6893029404766263
    }
  }
}