{
  "entity": "Napoleon Bonaparte",
  "cosine_similarities": {
    "query_1": {
      "answer_1": 0.7216006444718747,
      "answer_2": 0.5021389361991856,
      "answer_3": 0.5684659288958944,
      "answer_4": 0.5626770871601526,
      "answer_5": 0.576489040198669,
      "answer_6": 0.5287787562125207
    },
    "query_2": {
      "answer_1": 0.6326303550703779,
      "answer_2": 0.8134595004957118,
      "answer_3": 0.5975792536196636,
      "answer_4": 0.479500179654395,
      "answer_5": 0.5152220903382342,
      "answer_6": 0.49630012709113935
    },
    "query_3": {
      "answer_1": 0.48766340022388716,
      "answer_2": 0.4230149167097052,
      "answer_3": 0.7562950033796133,
      "answer_4": 0.4124323931932102,
      "answer_5": 0.43945646283860434,
      "answer_6": 0.37643443143334077
    },
    "query_4": {
      "answer_1": 0.549019253882519,
      "answer_2": 0.4604693650292915,
      "answer_3": 0.53549934746425,
      "answer_4": 0.7978602589541801,
      "answer_5": 0.5469852897136764,
      "answer_6": 0.5420257643089268
    },
    "query_5": {
      "answer_1": 0.6053587312352826,
      "answer_2": 0.4852868354365393,
      "answer_3": 0.5366811979540361,
      "answer_4": 0.6154589830785017,
      "answer_5": 0.8382205914844727,
      "answer_6": 0.5352568980228617
    },
    "query_6": {
      "answer_1": 0.6439543509810678,
      "answer_2": 0.5202632276829241,
      "answer_3": 0.5453836142060847,
      "answer_4": 0.5915963963776948,
      "answer_5": 0.5578907734764966,
      "answer_6": 0.867679540117817
    }
  }
}