{
  "entity": "Napoleon Bonaparte",
  "cosine_similarities": {
    "query_1": {
      "answer_1": 0.6911992295416515,
      "answer_2": 0.5289397837226201,
      "answer_3": 0.5517024027755727,
      "answer_4": 0.57752937755734,
      "answer_5": 0.4582704472537266,
      "answer_6": 0.4188113652197704
    },
    "query_2": {
      "answer_1": 0.5394413775679289,
      "answer_2": 0.7773083894690583,
      "answer_3": 0.5681819656577595,
      "answer_4": 0.5005554002131695,
      "answer_5": 0.4936086872570996,
      "answer_6": 0.35575091158917255
    },
    "query_3": {
      "answer_1": 0.4771079440072366,
      "answer_2": 0.5789986510849633,
      "answer_3": 0.7194518214008194,
      "answer_4": 0.39283369372463056,
      "answer_5": 0.3686364525261027,
      "answer_6": 0.3566393222489959
    },
    "query_4": {
      "answer_1": 0.6410222767902315,
      "answer_2": 0.568480788993792,
      "answer_3": 0.5586121706959218,
      "answer_4": 0.8142564912586582,
      "answer_5": 0.523613126770023,
      "answer_6": 0.4282450430938904
    },
    "query_5": {
      "answer_1": 0.6044431305923593,
      "answer_2": 0.5672888112465512,
      "answer_3": 0.5934897209072665,
      "answer_4": 0.5300009991027679,
      "answer_5": 0.8141692716240626,
      "answer_6": 0.3564186622902594
    },
    "query_6": {
      "answer_1": 0.5676592108025029,
      "answer_2": 0.4090604050658265,
      "answer_3": 0.4808221125274703,
      "answer_4": 0.48865045398060053,
      "answer_5": 0.3385714895423625,
      "answer_6": 0.8557197856143377
    }
  }
}