{
  "entity": "Napoleon Bonaparte",
  "cosine_similarities": {
    "query_1": {
      "answer_1": 0.7193227957224103,
      "answer_2": 0.518085578857096,
      "answer_3": 0.5737247414000928,
      "answer_4": 0.5579620814152404,
      "answer_5": 0.4601025856935573,
      "answer_6": 0.47646648502688943
    },
    "query_2": {
      "answer_1": 0.5494189826120801,
      "answer_2": 0.7665560063382184,
      "answer_3": 0.563670045204517,
      "answer_4": 0.4763180074477828,
      "answer_5": 0.46641378704319525,
      "answer_6": 0.4053255902681268
    },
    "query_3": {
      "answer_1": 0.5378104050996596,
      "answer_2": 0.5733834122564924,
      "answer_3": 0.7879727350045416,
      "answer_4": 0.4142442043220592,
      "answer_5": 0.4339523887660665,
      "answer_6": 0.41626483812371223
    },
    "query_4": {
      "answer_1": 0.6055946854764955,
      "answer_2": 0.5464877695231016,
      "answer_3": 0.5064643845183593,
      "answer_4": 0.7801065642883194,
      "answer_5": 0.5755014749968347,
      "answer_6": 0.4344262246430717
    },
    "query_5": {
      "answer_1": 0.5495433976185293,
      "answer_2": 0.48970046202015166,
      "answer_3": 0.5324912669466687,
      "answer_4": 0.5828434877827411,
      "answer_5": 0.8130571008011074,
      "answer_6": 0.3811704391460013
    },
    "query_6": {
      "answer_1": 0.6194291172609541,
      "answer_2": 0.43300299825617095,
      "answer_3": 0.5634984083592947,
      "answer_4": 0.45328037025409956,
      "answer_5": 0.41223514843487225,
      "answer_6": 0.8487239066079842
    }
  }
}