{
  "entity": "Napoleon Bonaparte",
  "cosine_similarities": {
    "query_1": {
      "answer_1": 0.6836278905235269,
      "answer_2": 0.5257479700595478,
      "answer_3": 0.5353968571011888,
      "answer_4": 0.5387880893454873,
      "answer_5": 0.5156164156828932,
      "answer_6": 0.46065676841491415
    },
    "query_2": {
      "answer_1": 0.5312461490400104,
      "answer_2": 0.7349408180800302,
      "answer_3": 0.5248915137772358,
      "answer_4": 0.45257716999216724,
      "answer_5": 0.5046020998670062,
      "answer_6": 0.399109855074576
    },
    "query_3": {
      "answer_1": 0.49359217353350116,
      "answer_2": 0.5284038163501505,
      "answer_3": 0.6568460742244465,
      "answer_4": 0.3663998261417421,
      "answer_5": 0.4139450750679904,
      "answer_6": 0.37142940634951427
    },
    "query_4": {
      "answer_1": 0.6097086936659913,
      "answer_2": 0.547551885334225,
      "answer_3": 0.5045566366315958,
      "answer_4": 0.7510019488229539,
      "answer_5": 0.5565711015034366,
      "answer_6": 0.45878909183194444
    },
    "query_5": {
      "answer_1": 0.6413349909999045,
      "answer_2": 0.5502331546455866,
      "answer_3": 0.5997473240049662,
      "answer_4": 0.5512876173852401,
      "answer_5": 0.7839707980680207,
      "answer_6": 0.4580410887075346
    },
    "query_6": {
      "answer_1": 0.5914674178443576,
      "answer_2": 0.48387235733895323,
      "answer_3": 0.520918250286747,
      "answer_4": 0.4409397204146905,
      "answer_5": 0.4448540027500138,
      "answer_6": 0.7820434382122338
    }
  }
}