{
  "entity": "Napoleon Bonaparte",
  "cosine_similarities": {
    "query_1": {
      "answer_1": 0.7271228269794741,
      "answer_2": 0.535004872774926,
      "answer_3": 0.5128139182609557,
      "answer_4": 0.5242590999046433,
      "answer_5": 0.49512564703079737,
      "answer_6": 0.40326382246377657
    },
    "query_2": {
      "answer_1": 0.5025532021643377,
      "answer_2": 0.7440586602427802,
      "answer_3": 0.4924689556666914,
      "answer_4": 0.44385354347378897,
      "answer_5": 0.4242261527018857,
      "answer_6": 0.3071882936941832
    },
    "query_3": {
      "answer_1": 0.4515018250791506,
      "answer_2": 0.49129715013957337,
      "answer_3": 0.6799889876078614,
      "answer_4": 0.34972052615360216,
      "answer_5": 0.3697059412053867,
      "answer_6": 0.3251030496901863
    },
    "query_4": {
      "answer_1": 0.5636059696442015,
      "answer_2": 0.5818764496010522,
      "answer_3": 0.4587569986259563,
      "answer_4": 0.7235475041264049,
      "answer_5": 0.5374440886509398,
      "answer_6": 0.3281733527756424
    },
    "query_5": {
      "answer_1": 0.463386847883417,
      "answer_2": 0.5191493183491093,
      "answer_3": 0.4772606052656116,
      "answer_4": 0.5362814192616109,
      "answer_5": 0.7046101872719271,
      "answer_6": 0.31621309493408456
    },
    "query_6": {
      "answer_1": 0.5985134176621087,
      "answer_2": 0.4010128658029352,
      "answer_3": 0.45039720637400127,
      "answer_4": 0.39467048894129636,
      "answer_5": 0.3636381194339711,
      "answer_6": 0.7415573054781176
    }
  }
}