{
  "entity": "Napoleon Bonaparte",
  "cosine_similarities": {
    "query_1": {
      "answer_1": 0.7116919535835324,
      "answer_2": 0.49970016644437165,
      "answer_3": 0.5532304813428197,
      "answer_4": 0.4850260799026888,
      "answer_5": 0.5131087957285285,
      "answer_6": 0.5731597318379281
    },
    "query_2": {
      "answer_1": 0.6136548506107156,
      "answer_2": 0.8257791799812022,
      "answer_3": 0.5832999617910727,
      "answer_4": 0.4499645808557716,
      "answer_5": 0.5369285623006017,
      "answer_6": 0.6435613570811128
    },
    "query_3": {
      "answer_1": 0.563077391235405,
      "answer_2": 0.47274230630800584,
      "answer_3": 0.7723033102766008,
      "answer_4": 0.3990928991300245,
      "answer_5": 0.45149144691660553,
      "answer_6": 0.5168173099940567
    },
    "query_4": {
      "answer_1": 0.5394665697418303,
      "answer_2": 0.4922948507332993,
      "answer_3": 0.5223754583330753,
      "answer_4": 0.8182467833637117,
      "answer_5": 0.5327641273530862,
      "answer_6": 0.5528093186234596
    },
    "query_5": {
      "answer_1": 0.5697509101918923,
      "answer_2": 0.5020072365014345,
      "answer_3": 0.5376122461999828,
      "answer_4": 0.5745356390180248,
      "answer_5": 0.8097374601529258,
      "answer_6": 0.6023763994709159
    },
    "query_6": {
      "answer_1": 0.6627908721516311,
      "answer_2": 0.6216146380856578,
      "answer_3": 0.6499054293087063,
      "answer_4": 0.5520399417517439,
      "answer_5": 0.6493079072609533,
      "answer_6": 0.8426105649251342
    }
  }
}