{
  "entity": "Napoleon Bonaparte",
  "cosine_similarities": {
    "query_1": {
      "answer_1": 0.6869623419885564,
      "answer_2": 0.49387981147080334,
      "answer_3": 0.5650358929995596,
      "answer_4": 0.48945539201951366,
      "answer_5": 0.5354496782877218,
      "answer_6": 0.45321188856556194
    },
    "query_2": {
      "answer_1": 0.5647184971834615,
      "answer_2": 0.7663004840069113,
      "answer_3": 0.565144414844782,
      "answer_4": 0.6255321254029228,
      "answer_5": 0.5319905223355955,
      "answer_6": 0.3841987079933591
    },
    "query_3": {
      "answer_1": 0.4987336164257312,
      "answer_2": 0.4043293417581495,
      "answer_3": 0.7361070372825566,
      "answer_4": 0.3325083116794793,
      "answer_5": 0.4654777389896012,
      "answer_6": 0.33131399176855203
    },
    "query_4": {
      "answer_1": 0.5472320193211884,
      "answer_2": 0.6067865308579934,
      "answer_3": 0.5347509058170994,
      "answer_4": 0.7876848180422622,
      "answer_5": 0.5274879162109228,
      "answer_6": 0.43036060552891686
    },
    "query_5": {
      "answer_1": 0.5941144693161013,
      "answer_2": 0.5673289231221663,
      "answer_3": 0.5972217441825669,
      "answer_4": 0.523111197436396,
      "answer_5": 0.8170051273238138,
      "answer_6": 0.4318222694297963
    },
    "query_6": {
      "answer_1": 0.615417345733701,
      "answer_2": 0.34247296234019414,
      "answer_3": 0.4842348676336408,
      "answer_4": 0.3775140375095717,
      "answer_5": 0.45495558099231365,
      "answer_6": 0.844872874103659
    }
  }
}