{
  "entity": "Napoleon Bonaparte",
  "cosine_similarities": {
    "query_1": {
      "answer_1": 0.655289724302347,
      "answer_2": 0.5428812992229751,
      "answer_3": 0.5401881556584289,
      "answer_4": 0.5011370839029475,
      "answer_5": 0.476825651022148,
      "answer_6": 0.5176721831751693
    },
    "query_2": {
      "answer_1": 0.6431428032638983,
      "answer_2": 0.7553558085684776,
      "answer_3": 0.6624700030598467,
      "answer_4": 0.44486110376054755,
      "answer_5": 0.5118333188380338,
      "answer_6": 0.5011586577428138
    },
    "query_3": {
      "answer_1": 0.6110104289655796,
      "answer_2": 0.5747528837345566,
      "answer_3": 0.7691662880942406,
      "answer_4": 0.41840832745246215,
      "answer_5": 0.4813244353603808,
      "answer_6": 0.4554458124895631
    },
    "query_4": {
      "answer_1": 0.6156451418347801,
      "answer_2": 0.561799884760429,
      "answer_3": 0.5528162900492916,
      "answer_4": 0.7651411268902273,
      "answer_5": 0.5432404453463028,
      "answer_6": 0.5778885502089336
    },
    "query_5": {
      "answer_1": 0.5998428272312212,
      "answer_2": 0.6125799826323,
      "answer_3": 0.5727114364663003,
      "answer_4": 0.49373211323277455,
      "answer_5": 0.803173967171921,
      "answer_6": 0.47308609261217405
    },
    "query_6": {
      "answer_1": 0.6669461413214176,
      "answer_2": 0.5583963324472802,
      "answer_3": 0.5968561509676634,
      "answer_4": 0.5455304442966538,
      "answer_5": 0.5248691737041326,
      "answer_6": 0.8356798913521681
    }
  }
}