{
  "entity": "Napoleon Bonaparte",
  "cosine_similarities": {
    "query_1": {
      "answer_1": 0.7402276149731689,
      "answer_2": 0.5385444552743457,
      "answer_3": 0.45137754632740157,
      "answer_4": 0.5053630124134032,
      "answer_5": 0.42439981325635695,
      "answer_6": 0.47653319872278743
    },
    "query_2": {
      "answer_1": 0.5849472639229193,
      "answer_2": 0.7505053919752535,
      "answer_3": 0.495765270479086,
      "answer_4": 0.45350992941784557,
      "answer_5": 0.4859059052447268,
      "answer_6": 0.45725769203981653
    },
    "query_3": {
      "answer_1": 0.5051861594807416,
      "answer_2": 0.5626411112750885,
      "answer_3": 0.7585203484228686,
      "answer_4": 0.4241074049737529,
      "answer_5": 0.367042755144743,
      "answer_6": 0.3503061263726478
    },
    "query_4": {
      "answer_1": 0.46615405932557596,
      "answer_2": 0.42643801663265335,
      "answer_3": 0.3958740251495317,
      "answer_4": 0.7657731533463623,
      "answer_5": 0.5999721811851713,
      "answer_6": 0.4294308764702577
    },
    "query_5": {
      "answer_1": 0.4385184306308549,
      "answer_2": 0.47281975183271346,
      "answer_3": 0.3784206928932746,
      "answer_4": 0.5929657487517366,
      "answer_5": 0.8009471214179403,
      "answer_6": 0.3554286471947904
    },
    "query_6": {
      "answer_1": 0.6328281376813052,
      "answer_2": 0.5413116099524723,
      "answer_3": 0.4037092977024217,
      "answer_4": 0.4723953311873856,
      "answer_5": 0.48364184427844586,
      "answer_6": 0.8500673432347454
    }
  }
}