{
  "entity": "Napoleon Bonaparte",
  "cosine_similarities": {
    "query_1": {
      "answer_1": 0.7987526446743073,
      "answer_2": 0.5199678473698051,
      "answer_3": 0.5770763548387186,
      "answer_4": 0.4171960490648993,
      "answer_5": 0.39726518496164326,
      "answer_6": 0.49828491033898026
    },
    "query_2": {
      "answer_1": 0.5768182244345034,
      "answer_2": 0.8335055846016992,
      "answer_3": 0.4722127235119264,
      "answer_4": 0.3695312317459839,
      "answer_5": 0.37445188045311834,
      "answer_6": 0.5007749583750556
    },
    "query_3": {
      "answer_1": 0.6822658441040783,
      "answer_2": 0.4843209921222584,
      "answer_3": 0.7750680560202574,
      "answer_4": 0.45794118478482304,
      "answer_5": 0.38249103172266663,
      "answer_6": 0.40090440114180365
    },
    "query_4": {
      "answer_1": 0.4543058909174153,
      "answer_2": 0.40212876664535396,
      "answer_3": 0.43282823193457065,
      "answer_4": 0.8291086116831914,
      "answer_5": 0.4034258610335164,
      "answer_6": 0.3192464209140384
    },
    "query_5": {
      "answer_1": 0.4409548952393195,
      "answer_2": 0.3186859944841585,
      "answer_3": 0.3248476264345569,
      "answer_4": 0.38297614169055416,
      "answer_5": 0.8399705839699784,
      "answer_6": 0.465011156360864
    },
    "query_6": {
      "answer_1": 0.5872352819704607,
      "answer_2": 0.49975199884424404,
      "answer_3": 0.41665507378771793,
      "answer_4": 0.3868879177119934,
      "answer_5": 0.44532951498552203,
      "answer_6": 0.8535974823302894
    }
  }
}