{
  "entity": "Napoleon Bonaparte",
  "cosine_similarities": {
    "query_1": {
      "answer_1": 0.7538230728425154,
      "answer_2": 0.5517096926310248,
      "answer_3": 0.5975460684739853,
      "answer_4": 0.6524638936911286,
      "answer_5": 0.6432818691323624,
      "answer_6": 0.5345281043343607
    },
    "query_2": {
      "answer_1": 0.6226320105019195,
      "answer_2": 0.8185404613290246,
      "answer_3": 0.6333284668292856,
      "answer_4": 0.5774178133042952,
      "answer_5": 0.5985492350920106,
      "answer_6": 0.5200715387768213
    },
    "query_3": {
      "answer_1": 0.6020432550689045,
      "answer_2": 0.5228379401917438,
      "answer_3": 0.7788098241534144,
      "answer_4": 0.522447768114296,
      "answer_5": 0.547169972110402,
      "answer_6": 0.4434672910770957
    },
    "query_4": {
      "answer_1": 0.593101458492635,
      "answer_2": 0.49771800062868315,
      "answer_3": 0.5305915073010515,
      "answer_4": 0.7746942410625924,
      "answer_5": 0.541380634784692,
      "answer_6": 0.5899595022375446
    },
    "query_5": {
      "answer_1": 0.6399619986702555,
      "answer_2": 0.5100495117725423,
      "answer_3": 0.5506820257488392,
      "answer_4": 0.6643894213165612,
      "answer_5": 0.8047969127341649,
      "answer_6": 0.5627050832917719
    },
    "query_6": {
      "answer_1": 0.5778131493385851,
      "answer_2": 0.5007012286773603,
      "answer_3": 0.5081592274062892,
      "answer_4": 0.6340109964293145,
      "answer_5": 0.5196688903522041,
      "answer_6": 0.8595555875748928
    }
  }
}