{
  "entity": "Napoleon Bonaparte",
  "cosine_similarities": {
    "query_1": {
      "answer_1": 0.7267840700967013,
      "answer_2": 0.5876619751256104,
      "answer_3": 0.5164544455659554,
      "answer_4": 0.6023714274615025,
      "answer_5": 0.5301096394479752,
      "answer_6": 0.4682088913603286
    },
    "query_2": {
      "answer_1": 0.6767194684844814,
      "answer_2": 0.8500968732510077,
      "answer_3": 0.5829902575136391,
      "answer_4": 0.5008231950258225,
      "answer_5": 0.5415149669987968,
      "answer_6": 0.4474974369362131
    },
    "query_3": {
      "answer_1": 0.65440930006638,
      "answer_2": 0.6109606614705252,
      "answer_3": 0.6994129106112332,
      "answer_4": 0.4371777859819183,
      "answer_5": 0.5011112691880949,
      "answer_6": 0.4312976414744012
    },
    "query_4": {
      "answer_1": 0.5914891679333916,
      "answer_2": 0.5241365945284332,
      "answer_3": 0.425807436052888,
      "answer_4": 0.8183109977548696,
      "answer_5": 0.5420859281658444,
      "answer_6": 0.41446863394805045
    },
    "query_5": {
      "answer_1": 0.4964213877752679,
      "answer_2": 0.5160000366078025,
      "answer_3": 0.4589501639084149,
      "answer_4": 0.4527133982210997,
      "answer_5": 0.7952346298767105,
      "answer_6": 0.37983387747935277
    },
    "query_6": {
      "answer_1": 0.5112450289714601,
      "answer_2": 0.4649189303950562,
      "answer_3": 0.4678597536111342,
      "answer_4": 0.458936826198789,
      "answer_5": 0.4125807452800391,
      "answer_6": 0.8965220670032575
    }
  }
}