{
  "entity": "Napoleon Bonaparte",
  "cosine_similarities": {
    "query_1": {
      "answer_1": 0.7508918527568461,
      "answer_2": 0.5978029945147506,
      "answer_3": 0.6361826918192135,
      "answer_4": 0.6415879833952914,
      "answer_5": 0.5189127417210123,
      "answer_6": 0.5275831019659989
    },
    "query_2": {
      "answer_1": 0.6520825762425414,
      "answer_2": 0.8238524716372361,
      "answer_3": 0.6658605218340956,
      "answer_4": 0.584385434406132,
      "answer_5": 0.5756139731159823,
      "answer_6": 0.5155992887629411
    },
    "query_3": {
      "answer_1": 0.6693547539732551,
      "answer_2": 0.6312399101566497,
      "answer_3": 0.7923832316792762,
      "answer_4": 0.5570603422895081,
      "answer_5": 0.5381724319793548,
      "answer_6": 0.4972749837090829
    },
    "query_4": {
      "answer_1": 0.6170732590792828,
      "answer_2": 0.5464598700875736,
      "answer_3": 0.5349641807703696,
      "answer_4": 0.7626973783808645,
      "answer_5": 0.5743053030541858,
      "answer_6": 0.4599338844274937
    },
    "query_5": {
      "answer_1": 0.5518094819252612,
      "answer_2": 0.5408438605895899,
      "answer_3": 0.5346098061906175,
      "answer_4": 0.537913833708207,
      "answer_5": 0.7714674678484069,
      "answer_6": 0.4124465302250825
    },
    "query_6": {
      "answer_1": 0.6574869927586507,
      "answer_2": 0.5512118175248584,
      "answer_3": 0.6306570462482752,
      "answer_4": 0.5346647762244459,
      "answer_5": 0.4903931503287792,
      "answer_6": 0.8450377091969485
    }
  }
}