{
  "entity": "Napoleon Bonaparte",
  "cosine_similarities": {
    "query_1": {
      "answer_1": 0.7458475349489989,
      "answer_2": 0.5288376076957602,
      "answer_3": 0.6003932855250617,
      "answer_4": 0.4354498991045385,
      "answer_5": 0.6323644425531018,
      "answer_6": 0.5177378764490937
    },
    "query_2": {
      "answer_1": 0.6063067727563939,
      "answer_2": 0.7450539444164002,
      "answer_3": 0.5736462622528925,
      "answer_4": 0.45959646075990523,
      "answer_5": 0.6113878323597997,
      "answer_6": 0.3912411945976912
    },
    "query_3": {
      "answer_1": 0.5832523919856581,
      "answer_2": 0.4833872571029032,
      "answer_3": 0.811114274764664,
      "answer_4": 0.5063737764867583,
      "answer_5": 0.5413556033172628,
      "answer_6": 0.41260043019400733
    },
    "query_4": {
      "answer_1": 0.4181891739347723,
      "answer_2": 0.406967759530381,
      "answer_3": 0.5705670408162329,
      "answer_4": 0.7754201682625153,
      "answer_5": 0.4200921648638968,
      "answer_6": 0.34792680441555157
    },
    "query_5": {
      "answer_1": 0.6079514265209675,
      "answer_2": 0.5282363449614961,
      "answer_3": 0.5969766242340298,
      "answer_4": 0.4274629251185679,
      "answer_5": 0.8351559283162561,
      "answer_6": 0.44906703643228796
    },
    "query_6": {
      "answer_1": 0.674774499742341,
      "answer_2": 0.4099187363375822,
      "answer_3": 0.5304306161213258,
      "answer_4": 0.35527321229667397,
      "answer_5": 0.5540189651829232,
      "answer_6": 0.8781963729861706
    }
  }
}