{
  "entity": "Napoleon Bonaparte",
  "cosine_similarities": {
    "query_1": {
      "answer_1": 0.757974944344011,
      "answer_2": 0.5613956633230286,
      "answer_3": 0.5150318407202675,
      "answer_4": 0.5222160924067659,
      "answer_5": 0.45019713785820825,
      "answer_6": 0.5132335605829256
    },
    "query_2": {
      "answer_1": 0.6307650953677062,
      "answer_2": 0.7989381281551239,
      "answer_3": 0.5635564401643389,
      "answer_4": 0.4724000479437975,
      "answer_5": 0.5279017257867084,
      "answer_6": 0.48280074393408684
    },
    "query_3": {
      "answer_1": 0.6118846915494951,
      "answer_2": 0.632636563649639,
      "answer_3": 0.7279503569078684,
      "answer_4": 0.5150233622365417,
      "answer_5": 0.47522682603478644,
      "answer_6": 0.4196916559534378
    },
    "query_4": {
      "answer_1": 0.5159138230252021,
      "answer_2": 0.51914676199138,
      "answer_3": 0.5203017677825198,
      "answer_4": 0.7838299947093689,
      "answer_5": 0.6284876194062612,
      "answer_6": 0.4780918723592679
    },
    "query_5": {
      "answer_1": 0.44950989046412515,
      "answer_2": 0.5312594124846768,
      "answer_3": 0.4436295234935984,
      "answer_4": 0.6003242319817207,
      "answer_5": 0.7913466670364466,
      "answer_6": 0.35618995495992223
    },
    "query_6": {
      "answer_1": 0.6219432433280502,
      "answer_2": 0.5297081124290388,
      "answer_3": 0.4167329068493685,
      "answer_4": 0.45970800916850557,
      "answer_5": 0.48920697716589884,
      "answer_6": 0.847531031129524
    }
  }
}