{
  "entity": "Napoleon Bonaparte",
  "cosine_similarities": {
    "query_1": {
      "answer_1": 0.7626512252278439,
      "answer_2": 0.5791948898468753,
      "answer_3": 0.6287207199207876,
      "answer_4": 0.5276761644444428,
      "answer_5": 0.5255984160094804,
      "answer_6": 0.613075581697077
    },
    "query_2": {
      "answer_1": 0.6643002675180221,
      "answer_2": 0.8164313663864147,
      "answer_3": 0.6742177343859377,
      "answer_4": 0.5274662940516592,
      "answer_5": 0.6226450092753107,
      "answer_6": 0.5633531931153891
    },
    "query_3": {
      "answer_1": 0.6217336257729489,
      "answer_2": 0.6648854088484574,
      "answer_3": 0.7851424763295746,
      "answer_4": 0.537326422279411,
      "answer_5": 0.5825821991747057,
      "answer_6": 0.5430989655437194
    },
    "query_4": {
      "answer_1": 0.6005094379487674,
      "answer_2": 0.5284159880674527,
      "answer_3": 0.6338765652411753,
      "answer_4": 0.7400387327601914,
      "answer_5": 0.5613023349988936,
      "answer_6": 0.5127665628530906
    },
    "query_5": {
      "answer_1": 0.558295861451017,
      "answer_2": 0.553868437360365,
      "answer_3": 0.5912398647774143,
      "answer_4": 0.6233737099773964,
      "answer_5": 0.7766075585066713,
      "answer_6": 0.5252871603551814
    },
    "query_6": {
      "answer_1": 0.7363442717425963,
      "answer_2": 0.5561378425300848,
      "answer_3": 0.6417255687545701,
      "answer_4": 0.5848383597664966,
      "answer_5": 0.5486638321244324,
      "answer_6": 0.8280941234441334
    }
  }
}