{
  "entity": "Napoleon Bonaparte",
  "cosine_similarities": {
    "query_1": {
      "answer_1": 0.7691903413703045,
      "answer_2": 0.583214647891078,
      "answer_3": 0.6381746199069811,
      "answer_4": 0.5318131982063963,
      "answer_5": 0.6057171867884541,
      "answer_6": 0.6554953452379917
    },
    "query_2": {
      "answer_1": 0.6462914012178222,
      "answer_2": 0.8312039420208852,
      "answer_3": 0.6287937325834532,
      "answer_4": 0.5098535908156452,
      "answer_5": 0.5747949942081283,
      "answer_6": 0.6571092875387575
    },
    "query_3": {
      "answer_1": 0.6437731802972168,
      "answer_2": 0.5352150855442536,
      "answer_3": 0.7864342038888881,
      "answer_4": 0.43355242484518536,
      "answer_5": 0.5282795623629614,
      "answer_6": 0.5718711458856298
    },
    "query_4": {
      "answer_1": 0.5461350624973018,
      "answer_2": 0.4938033753298228,
      "answer_3": 0.5094146052909432,
      "answer_4": 0.7542752000009879,
      "answer_5": 0.4987935908274873,
      "answer_6": 0.5319474834561895
    },
    "query_5": {
      "answer_1": 0.6114841253833432,
      "answer_2": 0.5248847696973186,
      "answer_3": 0.5752432287018229,
      "answer_4": 0.6101106835345529,
      "answer_5": 0.8182291332994709,
      "answer_6": 0.6385482666009932
    },
    "query_6": {
      "answer_1": 0.6913461761735296,
      "answer_2": 0.6355729975877016,
      "answer_3": 0.6594705834504909,
      "answer_4": 0.5873096470009266,
      "answer_5": 0.6043768375733329,
      "answer_6": 0.7936959135441928
    }
  }
}