{
  "entity": "Napoleon Bonaparte",
  "cosine_similarities": {
    "query_1": {
      "answer_1": 0.7427286792506019,
      "answer_2": 0.6053971707841989,
      "answer_3": 0.5910782963425709,
      "answer_4": 0.5891539073564078,
      "answer_5": 0.5252861555817091,
      "answer_6": 0.5006361355239652
    },
    "query_2": {
      "answer_1": 0.6298633378492865,
      "answer_2": 0.8042456828014746,
      "answer_3": 0.6540617955028163,
      "answer_4": 0.5763392959301135,
      "answer_5": 0.607001149503656,
      "answer_6": 0.4620979883456179
    },
    "query_3": {
      "answer_1": 0.6187669937163379,
      "answer_2": 0.6053295035212892,
      "answer_3": 0.7898454676878188,
      "answer_4": 0.47138741805243517,
      "answer_5": 0.5220921050381655,
      "answer_6": 0.42735712203634924
    },
    "query_4": {
      "answer_1": 0.5438944826948148,
      "answer_2": 0.5268973009855314,
      "answer_3": 0.46008449812704155,
      "answer_4": 0.8012823311746904,
      "answer_5": 0.543514478266386,
      "answer_6": 0.4192765541313749
    },
    "query_5": {
      "answer_1": 0.5162941661919781,
      "answer_2": 0.5171084041219361,
      "answer_3": 0.48649748519450753,
      "answer_4": 0.488408073447414,
      "answer_5": 0.793678793924274,
      "answer_6": 0.38733954860498543
    },
    "query_6": {
      "answer_1": 0.638192280701039,
      "answer_2": 0.49107895850402594,
      "answer_3": 0.488562120261269,
      "answer_4": 0.4938882257348792,
      "answer_5": 0.4386411958583083,
      "answer_6": 0.8825383590605345
    }
  }
}