{
  "entity": "Winston Churchill",
  "cosine_similarities": {
    "query_1": {
      "answer_1": 0.8439353057825887,
      "answer_2": 0.667342568297822,
      "answer_3": 0.6304617188242103,
      "answer_4": 0.5471590207839705,
      "answer_5": 0.6380404572942325,
      "answer_6": 0.6183725574178773
    },
    "query_2": {
      "answer_1": 0.6865811807190628,
      "answer_2": 0.8887714214876228,
      "answer_3": 0.6326903237056635,
      "answer_4": 0.46322529545309876,
      "answer_5": 0.521180510253517,
      "answer_6": 0.4850980259815993
    },
    "query_3": {
      "answer_1": 0.7022079464416261,
      "answer_2": 0.6551046854528493,
      "answer_3": 0.8361967497588362,
      "answer_4": 0.5844233918042866,
      "answer_5": 0.5749553797975536,
      "answer_6": 0.5620623996607675
    },
    "query_4": {
      "answer_1": 0.5637232976546789,
      "answer_2": 0.5396115696131385,
      "answer_3": 0.6144729493158108,
      "answer_4": 0.8457700963202672,
      "answer_5": 0.7008938962839948,
      "answer_6": 0.6430908517841087
    },
    "query_5": {
      "answer_1": 0.610244135687182,
      "answer_2": 0.5302364932536009,
      "answer_3": 0.5672085863639899,
      "answer_4": 0.6005960241292162,
      "answer_5": 0.8675381360635467,
      "answer_6": 0.6522372004530307
    },
    "query_6": {
      "answer_1": 0.5822070283815319,
      "answer_2": 0.5154060714778146,
      "answer_3": 0.5485303998096276,
      "answer_4": 0.6040345515060543,
      "answer_5": 0.6523585863687363,
      "answer_6": 0.8567954681602287
    }
  }
}