{
  "entity": "Winston Churchill",
  "cosine_similarities": {
    "query_1": {
      "answer_1": 0.8588392227449558,
      "answer_2": 0.6779013346472729,
      "answer_3": 0.6862121789077599,
      "answer_4": 0.567015532324152,
      "answer_5": 0.602184829654546,
      "answer_6": 0.5637302378869586
    },
    "query_2": {
      "answer_1": 0.7081420552276132,
      "answer_2": 0.8965498281442653,
      "answer_3": 0.666547284526886,
      "answer_4": 0.5430841794723382,
      "answer_5": 0.5710819143942759,
      "answer_6": 0.5404025169450825
    },
    "query_3": {
      "answer_1": 0.6946799715695712,
      "answer_2": 0.6376874131246851,
      "answer_3": 0.8490523096898415,
      "answer_4": 0.5863917965438161,
      "answer_5": 0.5473455722269825,
      "answer_6": 0.5311091117094692
    },
    "query_4": {
      "answer_1": 0.5592382027151889,
      "answer_2": 0.5327675859898328,
      "answer_3": 0.6382355764335967,
      "answer_4": 0.8540391453409867,
      "answer_5": 0.6914096243687556,
      "answer_6": 0.6024343101524681
    },
    "query_5": {
      "answer_1": 0.6278844391850392,
      "answer_2": 0.5862279879271522,
      "answer_3": 0.6322061506558156,
      "answer_4": 0.6799677432762966,
      "answer_5": 0.8814815341004014,
      "answer_6": 0.6465386194976129
    },
    "query_6": {
      "answer_1": 0.5828883301280546,
      "answer_2": 0.5443120109866402,
      "answer_3": 0.5939978094273778,
      "answer_4": 0.6548078224785515,
      "answer_5": 0.6435454898280336,
      "answer_6": 0.8704852504149072
    }
  }
}