{
  "entity": "Winston Churchill",
  "cosine_similarities": {
    "query_1": {
      "answer_1": 0.8135847599065339,
      "answer_2": 0.6857641756610643,
      "answer_3": 0.5514953496680945,
      "answer_4": 0.503555798742651,
      "answer_5": 0.5779396803117866,
      "answer_6": 0.5741609702114139
    },
    "query_2": {
      "answer_1": 0.6926469704493403,
      "answer_2": 0.8947012125826963,
      "answer_3": 0.5477895451535534,
      "answer_4": 0.4969585530324245,
      "answer_5": 0.5320998494672042,
      "answer_6": 0.5521977783749815
    },
    "query_3": {
      "answer_1": 0.6659469751155812,
      "answer_2": 0.6400778462904014,
      "answer_3": 0.7750967460166652,
      "answer_4": 0.569642343972376,
      "answer_5": 0.5229968899355777,
      "answer_6": 0.5576754651997512
    },
    "query_4": {
      "answer_1": 0.5351436985291288,
      "answer_2": 0.5899046075785461,
      "answer_3": 0.5704424816483796,
      "answer_4": 0.7727997865657291,
      "answer_5": 0.6074618366573452,
      "answer_6": 0.6440610647196775
    },
    "query_5": {
      "answer_1": 0.6422423817401105,
      "answer_2": 0.5994451998531118,
      "answer_3": 0.5199828154527825,
      "answer_4": 0.5631066036735444,
      "answer_5": 0.8438887441535502,
      "answer_6": 0.6024023958480551
    },
    "query_6": {
      "answer_1": 0.5405185359633042,
      "answer_2": 0.5776562576126701,
      "answer_3": 0.4716821554571023,
      "answer_4": 0.5431458065772394,
      "answer_5": 0.5632670641797817,
      "answer_6": 0.8402860223238219
    }
  }
}