{
  "entity": "Winston Churchill",
  "cosine_similarities": {
    "query_1": {
      "answer_1": 0.848638445882676,
      "answer_2": 0.6894832852182343,
      "answer_3": 0.6257478122780236,
      "answer_4": 0.5402899850386547,
      "answer_5": 0.6048450625873746,
      "answer_6": 0.5721716186261262
    },
    "query_2": {
      "answer_1": 0.6848523369913273,
      "answer_2": 0.9012821593761092,
      "answer_3": 0.5782702115963317,
      "answer_4": 0.5362492876715544,
      "answer_5": 0.5786638139085732,
      "answer_6": 0.5248424698287111
    },
    "query_3": {
      "answer_1": 0.6125592738066948,
      "answer_2": 0.5634275689127123,
      "answer_3": 0.8559486462457013,
      "answer_4": 0.6429309994087201,
      "answer_5": 0.5617623314653685,
      "answer_6": 0.6025117553754389
    },
    "query_4": {
      "answer_1": 0.5798981009447508,
      "answer_2": 0.566116971769507,
      "answer_3": 0.6645055530242336,
      "answer_4": 0.8425594630481651,
      "answer_5": 0.6509257700234371,
      "answer_6": 0.7177602632133309
    },
    "query_5": {
      "answer_1": 0.6163593148609247,
      "answer_2": 0.5770573365157011,
      "answer_3": 0.5979442469166044,
      "answer_4": 0.6525152650977484,
      "answer_5": 0.8513991042046376,
      "answer_6": 0.6490104489417523
    },
    "query_6": {
      "answer_1": 0.598250956149571,
      "answer_2": 0.5560054237081788,
      "answer_3": 0.5745520178297475,
      "answer_4": 0.6559074320042568,
      "answer_5": 0.6401627716223964,
      "answer_6": 0.8264235212213905
    }
  }
}