{
  "entity": "Winston Churchill",
  "cosine_similarities": {
    "query_1": {
      "answer_1": 0.8579597690889803,
      "answer_2": 0.693229190265829,
      "answer_3": 0.693044439193292,
      "answer_4": 0.5498344028556955,
      "answer_5": 0.6557354409477193,
      "answer_6": 0.5852312551367287
    },
    "query_2": {
      "answer_1": 0.6624179515750863,
      "answer_2": 0.8993777250933958,
      "answer_3": 0.6357064033463835,
      "answer_4": 0.5030105560703668,
      "answer_5": 0.567867161322013,
      "answer_6": 0.5305205199502888
    },
    "query_3": {
      "answer_1": 0.6976676916146515,
      "answer_2": 0.6627766482702153,
      "answer_3": 0.8197511336852042,
      "answer_4": 0.6096598037984383,
      "answer_5": 0.6030959176559049,
      "answer_6": 0.6056288050942908
    },
    "query_4": {
      "answer_1": 0.5372020762313223,
      "answer_2": 0.5262995885515713,
      "answer_3": 0.6329318447618241,
      "answer_4": 0.8518894156955175,
      "answer_5": 0.5998108701367401,
      "answer_6": 0.645308449348482
    },
    "query_5": {
      "answer_1": 0.6766737551910057,
      "answer_2": 0.5745722747819355,
      "answer_3": 0.6015415961521022,
      "answer_4": 0.6118449846605398,
      "answer_5": 0.861509518479033,
      "answer_6": 0.6221790224258366
    },
    "query_6": {
      "answer_1": 0.5799527404729168,
      "answer_2": 0.5496802207273983,
      "answer_3": 0.5827827399579765,
      "answer_4": 0.6494259566844187,
      "answer_5": 0.5874166139977358,
      "answer_6": 0.8568849238818503
    }
  }
}