{
  "entity": "Winston Churchill",
  "cosine_similarities": {
    "query_1": {
      "answer_1": 0.8552733377164158,
      "answer_2": 0.687346225334015,
      "answer_3": 0.684108522928724,
      "answer_4": 0.5467807012599442,
      "answer_5": 0.6403572658017859,
      "answer_6": 0.5691066766293158
    },
    "query_2": {
      "answer_1": 0.6741328667517825,
      "answer_2": 0.88454211927032,
      "answer_3": 0.6852955457675296,
      "answer_4": 0.5246583132323247,
      "answer_5": 0.5889774891388415,
      "answer_6": 0.5246405878820133
    },
    "query_3": {
      "answer_1": 0.6956519803262886,
      "answer_2": 0.6459821285083215,
      "answer_3": 0.8466112518429457,
      "answer_4": 0.5928024757485798,
      "answer_5": 0.5817392642726745,
      "answer_6": 0.5280081394670914
    },
    "query_4": {
      "answer_1": 0.5365915452617761,
      "answer_2": 0.5520209314918417,
      "answer_3": 0.5868842427242247,
      "answer_4": 0.8487921581163769,
      "answer_5": 0.6701785836243699,
      "answer_6": 0.6300778143915461
    },
    "query_5": {
      "answer_1": 0.6439616757518792,
      "answer_2": 0.5869511040830787,
      "answer_3": 0.6082921760841781,
      "answer_4": 0.6248451818226787,
      "answer_5": 0.863176679224614,
      "answer_6": 0.5984577284947638
    },
    "query_6": {
      "answer_1": 0.558009013803466,
      "answer_2": 0.5419139407034266,
      "answer_3": 0.5155632569877902,
      "answer_4": 0.6469620902034812,
      "answer_5": 0.6066662911950775,
      "answer_6": 0.8642522378418185
    }
  }
}