{
  "entity": "Winston Churchill",
  "cosine_similarities": {
    "query_1": {
      "answer_1": 0.8603084841203618,
      "answer_2": 0.7095172165307885,
      "answer_3": 0.7204216205666822,
      "answer_4": 0.5535631061334123,
      "answer_5": 0.6718585213666312,
      "answer_6": 0.5914895978129153
    },
    "query_2": {
      "answer_1": 0.6697781879244168,
      "answer_2": 0.9057454948129335,
      "answer_3": 0.6569329714776916,
      "answer_4": 0.508843805175222,
      "answer_5": 0.5516420501875342,
      "answer_6": 0.5312933746638472
    },
    "query_3": {
      "answer_1": 0.7090681891810657,
      "answer_2": 0.6556088515404933,
      "answer_3": 0.8283574806282245,
      "answer_4": 0.6167600318695524,
      "answer_5": 0.6117756061754767,
      "answer_6": 0.6052520772807255
    },
    "query_4": {
      "answer_1": 0.5111311312775202,
      "answer_2": 0.49584448497703254,
      "answer_3": 0.5986658547918627,
      "answer_4": 0.8398589935150447,
      "answer_5": 0.5868301258675857,
      "answer_6": 0.6261233573876748
    },
    "query_5": {
      "answer_1": 0.6752757717548552,
      "answer_2": 0.6060189012272786,
      "answer_3": 0.6393841599734612,
      "answer_4": 0.6085148580165413,
      "answer_5": 0.8813077066617219,
      "answer_6": 0.6154729738830521
    },
    "query_6": {
      "answer_1": 0.6005942489690824,
      "answer_2": 0.5631704453151876,
      "answer_3": 0.5925839034768257,
      "answer_4": 0.651771567712374,
      "answer_5": 0.6157031718959133,
      "answer_6": 0.8687886224706013
    }
  }
}