{
  "entity": "Winston Churchill",
  "cosine_similarities": {
    "query_1": {
      "answer_1": 0.8587489591554968,
      "answer_2": 0.6801797927438674,
      "answer_3": 0.6157515529344484,
      "answer_4": 0.5504020637715442,
      "answer_5": 0.6214702618342699,
      "answer_6": 0.5717734701966556
    },
    "query_2": {
      "answer_1": 0.6982903539425206,
      "answer_2": 0.8967824713402982,
      "answer_3": 0.6009710493578913,
      "answer_4": 0.5342956389055851,
      "answer_5": 0.5764126327743297,
      "answer_6": 0.5316804831931933
    },
    "query_3": {
      "answer_1": 0.6478938031604669,
      "answer_2": 0.5682993208803887,
      "answer_3": 0.8602542697113688,
      "answer_4": 0.6108139720034533,
      "answer_5": 0.5775713066621537,
      "answer_6": 0.5284932251812599
    },
    "query_4": {
      "answer_1": 0.5664811950190126,
      "answer_2": 0.5455783330044085,
      "answer_3": 0.5852714959677313,
      "answer_4": 0.8497048213282395,
      "answer_5": 0.6500269180285266,
      "answer_6": 0.584160235525186
    },
    "query_5": {
      "answer_1": 0.6203832018593753,
      "answer_2": 0.5662203139336589,
      "answer_3": 0.5583530863261723,
      "answer_4": 0.6342534015161213,
      "answer_5": 0.8783156304838516,
      "answer_6": 0.5886017870402789
    },
    "query_6": {
      "answer_1": 0.6105081631156483,
      "answer_2": 0.5748932314137692,
      "answer_3": 0.5140045568907758,
      "answer_4": 0.6302965538071648,
      "answer_5": 0.6312950083314861,
      "answer_6": 0.8708843770876672
    }
  }
}