{
  "entity": "Winston Churchill",
  "cosine_similarities": {
    "query_1": {
      "answer_1": 0.8006948046278178,
      "answer_2": 0.7104601975130768,
      "answer_3": 0.7094069625401987,
      "answer_4": 0.559795064279583,
      "answer_5": 0.6254319223928664,
      "answer_6": 0.5435035676510529
    },
    "query_2": {
      "answer_1": 0.6513021983333809,
      "answer_2": 0.905535271715131,
      "answer_3": 0.6390090311622006,
      "answer_4": 0.49524083435851673,
      "answer_5": 0.5575250657970762,
      "answer_6": 0.5079937431540472
    },
    "query_3": {
      "answer_1": 0.7083792879794972,
      "answer_2": 0.6519803676473188,
      "answer_3": 0.8351881070338031,
      "answer_4": 0.612388453257292,
      "answer_5": 0.6268641372910192,
      "answer_6": 0.5782053256215208
    },
    "query_4": {
      "answer_1": 0.5721558763602899,
      "answer_2": 0.5220702727600413,
      "answer_3": 0.6103249052517674,
      "answer_4": 0.8506791596978749,
      "answer_5": 0.67259650132664,
      "answer_6": 0.6648371343206384
    },
    "query_5": {
      "answer_1": 0.6729878249083173,
      "answer_2": 0.5846996724936474,
      "answer_3": 0.6536694564925958,
      "answer_4": 0.6517393363337456,
      "answer_5": 0.867116016833774,
      "answer_6": 0.6270794159857417
    },
    "query_6": {
      "answer_1": 0.602500043915061,
      "answer_2": 0.5744136741010363,
      "answer_3": 0.5807367528779632,
      "answer_4": 0.6963309362402417,
      "answer_5": 0.6667555417104822,
      "answer_6": 0.8486334767616035
    }
  }
}