{
  "entity": "Winston Churchill",
  "cosine_similarities": {
    "query_1": {
      "answer_1": 0.8050094602529128,
      "answer_2": 0.684470113767094,
      "answer_3": 0.6047181622338337,
      "answer_4": 0.5508120975532587,
      "answer_5": 0.6012102787545573,
      "answer_6": 0.6095931834022387
    },
    "query_2": {
      "answer_1": 0.6899522648777036,
      "answer_2": 0.8946151691217921,
      "answer_3": 0.5352363247829236,
      "answer_4": 0.5347019819480293,
      "answer_5": 0.5922634698594967,
      "answer_6": 0.5622174122059393
    },
    "query_3": {
      "answer_1": 0.6377120430640384,
      "answer_2": 0.566213155983153,
      "answer_3": 0.8739208118487202,
      "answer_4": 0.6448029246577803,
      "answer_5": 0.5817320456068075,
      "answer_6": 0.5827494433748638
    },
    "query_4": {
      "answer_1": 0.5489427731494839,
      "answer_2": 0.5311602816494619,
      "answer_3": 0.6440835085554762,
      "answer_4": 0.8118875655630128,
      "answer_5": 0.6682339651428592,
      "answer_6": 0.6278867487443496
    },
    "query_5": {
      "answer_1": 0.642684799125445,
      "answer_2": 0.6433252093903618,
      "answer_3": 0.5642899664576733,
      "answer_4": 0.6738600128711824,
      "answer_5": 0.8834655026830563,
      "answer_6": 0.702833125330073
    },
    "query_6": {
      "answer_1": 0.6324718798256929,
      "answer_2": 0.5723340595651839,
      "answer_3": 0.5487873766847852,
      "answer_4": 0.6225585078506082,
      "answer_5": 0.6319790311376047,
      "answer_6": 0.8728110058950886
    }
  }
}