{
  "entity": "Winston Churchill",
  "cosine_similarities": {
    "query_1": {
      "answer_1": 0.800973184489558,
      "answer_2": 0.6419558278351714,
      "answer_3": 0.6013513886349624,
      "answer_4": 0.46204580780273713,
      "answer_5": 0.5587570864925111,
      "answer_6": 0.5158608468496222
    },
    "query_2": {
      "answer_1": 0.6575721580039113,
      "answer_2": 0.8972010439826845,
      "answer_3": 0.6200636042563102,
      "answer_4": 0.5083265798638374,
      "answer_5": 0.5340604358113338,
      "answer_6": 0.5105922007669411
    },
    "query_3": {
      "answer_1": 0.6941689898377409,
      "answer_2": 0.6427232025768483,
      "answer_3": 0.8368912007008195,
      "answer_4": 0.5795276262518556,
      "answer_5": 0.5231249873219861,
      "answer_6": 0.5424434651717798
    },
    "query_4": {
      "answer_1": 0.5819839956641322,
      "answer_2": 0.5932831456634579,
      "answer_3": 0.6150523744432889,
      "answer_4": 0.8576287869720218,
      "answer_5": 0.6335642180099199,
      "answer_6": 0.6743617732549839
    },
    "query_5": {
      "answer_1": 0.6631471245916505,
      "answer_2": 0.5957115730843769,
      "answer_3": 0.5679342188317154,
      "answer_4": 0.5569559686268445,
      "answer_5": 0.830831400892365,
      "answer_6": 0.5969049456315911
    },
    "query_6": {
      "answer_1": 0.546197974507641,
      "answer_2": 0.5070712730112248,
      "answer_3": 0.5210644668751965,
      "answer_4": 0.5608352997005548,
      "answer_5": 0.5292449466292044,
      "answer_6": 0.8331194192494973
    }
  }
}