{
  "entity": "Winston Churchill",
  "cosine_similarities": {
    "query_1": {
      "answer_1": 0.7584359555499334,
      "answer_2": 0.677600980267196,
      "answer_3": 0.5470310404254747,
      "answer_4": 0.4947052530535399,
      "answer_5": 0.5648239676886471,
      "answer_6": 0.6017264175334088
    },
    "query_2": {
      "answer_1": 0.6956739484356834,
      "answer_2": 0.8810066964554213,
      "answer_3": 0.519863877218131,
      "answer_4": 0.47998520623654206,
      "answer_5": 0.5472070848466226,
      "answer_6": 0.5345636876975063
    },
    "query_3": {
      "answer_1": 0.6137866074301153,
      "answer_2": 0.5856364294730001,
      "answer_3": 0.7831927339513618,
      "answer_4": 0.6362263725926739,
      "answer_5": 0.5732002973208796,
      "answer_6": 0.5782394398405035
    },
    "query_4": {
      "answer_1": 0.5085492378039638,
      "answer_2": 0.528841326981476,
      "answer_3": 0.5913152587812388,
      "answer_4": 0.8272802458502808,
      "answer_5": 0.6640543237111438,
      "answer_6": 0.575431616284227
    },
    "query_5": {
      "answer_1": 0.5758505745973834,
      "answer_2": 0.6454697339435131,
      "answer_3": 0.5030053018265617,
      "answer_4": 0.6236787952044499,
      "answer_5": 0.8510209320904819,
      "answer_6": 0.6823067263553768
    },
    "query_6": {
      "answer_1": 0.5333513879944192,
      "answer_2": 0.553465289868429,
      "answer_3": 0.4951094490643177,
      "answer_4": 0.5590989978026116,
      "answer_5": 0.6161212137977307,
      "answer_6": 0.8511433210780514
    }
  }
}