{
  "entity": "Winston Churchill",
  "cosine_similarities": {
    "query_1": {
      "answer_1": 0.8703452382392919,
      "answer_2": 0.6499319096381178,
      "answer_3": 0.6195725499483419,
      "answer_4": 0.4998346986159246,
      "answer_5": 0.5459284955102478,
      "answer_6": 0.5533576346687196
    },
    "query_2": {
      "answer_1": 0.6279545054904123,
      "answer_2": 0.9024059201171728,
      "answer_3": 0.648011421096041,
      "answer_4": 0.5165330484276183,
      "answer_5": 0.5371883356079811,
      "answer_6": 0.5206432113503656
    },
    "query_3": {
      "answer_1": 0.6593404363947148,
      "answer_2": 0.6189566192942803,
      "answer_3": 0.8817863867413455,
      "answer_4": 0.6032781063133302,
      "answer_5": 0.5816631941629911,
      "answer_6": 0.6061775982158136
    },
    "query_4": {
      "answer_1": 0.46968557870517674,
      "answer_2": 0.4955535595454001,
      "answer_3": 0.5904644834537613,
      "answer_4": 0.8366905821492092,
      "answer_5": 0.6177163920351333,
      "answer_6": 0.6202254766623481
    },
    "query_5": {
      "answer_1": 0.5584096666740044,
      "answer_2": 0.5689221930647403,
      "answer_3": 0.6011022969048262,
      "answer_4": 0.6452753716650722,
      "answer_5": 0.8808492562307412,
      "answer_6": 0.6698337561695833
    },
    "query_6": {
      "answer_1": 0.5969069705834122,
      "answer_2": 0.5642205491223381,
      "answer_3": 0.6192741332545321,
      "answer_4": 0.6390482917357424,
      "answer_5": 0.649063239482976,
      "answer_6": 0.8663535240190043
    }
  }
}