{
  "entity": "Winston Churchill",
  "cosine_similarities": {
    "query_1": {
      "answer_1": 0.8572448117373037,
      "answer_2": 0.6867117930704641,
      "answer_3": 0.6292479024638038,
      "answer_4": 0.5014541284243372,
      "answer_5": 0.6198615875572167,
      "answer_6": 0.5727525929455517
    },
    "query_2": {
      "answer_1": 0.7059253388441835,
      "answer_2": 0.8974425294148687,
      "answer_3": 0.5809370732811846,
      "answer_4": 0.5074235387365643,
      "answer_5": 0.5877966429555536,
      "answer_6": 0.5336885832171606
    },
    "query_3": {
      "answer_1": 0.6353219083752463,
      "answer_2": 0.5573581437026366,
      "answer_3": 0.8735124012405411,
      "answer_4": 0.6139003812679188,
      "answer_5": 0.583938813811445,
      "answer_6": 0.5675851515794743
    },
    "query_4": {
      "answer_1": 0.5932674792967645,
      "answer_2": 0.5725152491068447,
      "answer_3": 0.6739006004104271,
      "answer_4": 0.8014395926775207,
      "answer_5": 0.6720810539224363,
      "answer_6": 0.6711028253285238
    },
    "query_5": {
      "answer_1": 0.6418800118624933,
      "answer_2": 0.589401880409358,
      "answer_3": 0.602742565989941,
      "answer_4": 0.6019593181654236,
      "answer_5": 0.8701691284228684,
      "answer_6": 0.6467152199036834
    },
    "query_6": {
      "answer_1": 0.5850918090068304,
      "answer_2": 0.5478832106035452,
      "answer_3": 0.5703578114635515,
      "answer_4": 0.5669861259009723,
      "answer_5": 0.6446829380823123,
      "answer_6": 0.856407962653039
    }
  }
}