{
  "entity": "Winston Churchill",
  "cosine_similarities": {
    "query_1": {
      "answer_1": 0.8289209953796435,
      "answer_2": 0.6644244518979426,
      "answer_3": 0.6221258663015196,
      "answer_4": 0.5306922900002226,
      "answer_5": 0.5335879998551056,
      "answer_6": 0.5609025259921848
    },
    "query_2": {
      "answer_1": 0.6239920515544091,
      "answer_2": 0.902464226211197,
      "answer_3": 0.7024073071387892,
      "answer_4": 0.5206530214503081,
      "answer_5": 0.5321300656467611,
      "answer_6": 0.5334173638576029
    },
    "query_3": {
      "answer_1": 0.6169996150625092,
      "answer_2": 0.6428951441994523,
      "answer_3": 0.876139152750421,
      "answer_4": 0.566029519025599,
      "answer_5": 0.5361488046834598,
      "answer_6": 0.5427657540099357
    },
    "query_4": {
      "answer_1": 0.5506110905628795,
      "answer_2": 0.5306449358327976,
      "answer_3": 0.618646008209525,
      "answer_4": 0.8868248043872007,
      "answer_5": 0.7150206671550928,
      "answer_6": 0.6884847614091757
    },
    "query_5": {
      "answer_1": 0.5889280175307698,
      "answer_2": 0.5679305476612715,
      "answer_3": 0.5849872351852805,
      "answer_4": 0.7047625060806759,
      "answer_5": 0.8875237882444676,
      "answer_6": 0.7033232910372662
    },
    "query_6": {
      "answer_1": 0.5536131291729772,
      "answer_2": 0.5273786733634876,
      "answer_3": 0.521713366040997,
      "answer_4": 0.6640463219877493,
      "answer_5": 0.6448943253790383,
      "answer_6": 0.8519588663073698
    }
  }
}