{
  "entity": "Winston Churchill",
  "cosine_similarities": {
    "query_1": {
      "answer_1": 0.8206115526827575,
      "answer_2": 0.7018767045463458,
      "answer_3": 0.5970925690829887,
      "answer_4": 0.5132585463811075,
      "answer_5": 0.6429695582735752,
      "answer_6": 0.6003717657681293
    },
    "query_2": {
      "answer_1": 0.6713432769825637,
      "answer_2": 0.8997732244212291,
      "answer_3": 0.5420944715582998,
      "answer_4": 0.5068429707465636,
      "answer_5": 0.5915299255062642,
      "answer_6": 0.5617580050697005
    },
    "query_3": {
      "answer_1": 0.6402614705526369,
      "answer_2": 0.5898908370766457,
      "answer_3": 0.8387009928566234,
      "answer_4": 0.6368143031460476,
      "answer_5": 0.5958884415906948,
      "answer_6": 0.5510167020285767
    },
    "query_4": {
      "answer_1": 0.574093066708749,
      "answer_2": 0.5624085259096242,
      "answer_3": 0.6252099330932153,
      "answer_4": 0.8260457322548459,
      "answer_5": 0.6607976061861508,
      "answer_6": 0.626215040079049
    },
    "query_5": {
      "answer_1": 0.6195472388792057,
      "answer_2": 0.6191270722116592,
      "answer_3": 0.5603403215541364,
      "answer_4": 0.6332234024423659,
      "answer_5": 0.853297238786049,
      "answer_6": 0.65794807965946
    },
    "query_6": {
      "answer_1": 0.5974137940452277,
      "answer_2": 0.6166757789522408,
      "answer_3": 0.5515980901503238,
      "answer_4": 0.6277191933684537,
      "answer_5": 0.6643333098246337,
      "answer_6": 0.8697758869139636
    }
  }
}