{
  "entity": "Winston Churchill",
  "cosine_similarities": {
    "query_1": {
      "answer_1": 0.861210589027413,
      "answer_2": 0.6735098911124794,
      "answer_3": 0.6136529529504489,
      "answer_4": 0.5132789038051301,
      "answer_5": 0.5923287695881654,
      "answer_6": 0.5864638451812046
    },
    "query_2": {
      "answer_1": 0.7064515999147882,
      "answer_2": 0.9015476538164374,
      "answer_3": 0.555983447013823,
      "answer_4": 0.5053742800658355,
      "answer_5": 0.585175648839378,
      "answer_6": 0.567277667336389
    },
    "query_3": {
      "answer_1": 0.6218425496515425,
      "answer_2": 0.5542823375705416,
      "answer_3": 0.8598203014120535,
      "answer_4": 0.6341886614544311,
      "answer_5": 0.550349760512842,
      "answer_6": 0.5329411936741052
    },
    "query_4": {
      "answer_1": 0.5841940887572467,
      "answer_2": 0.5564638696298605,
      "answer_3": 0.6672931929893358,
      "answer_4": 0.8537238858802357,
      "answer_5": 0.6389015939074846,
      "answer_6": 0.6650571485977073
    },
    "query_5": {
      "answer_1": 0.6286327743794444,
      "answer_2": 0.5817144501990354,
      "answer_3": 0.597531628982126,
      "answer_4": 0.6449234976041366,
      "answer_5": 0.8575863510097146,
      "answer_6": 0.6578287970771933
    },
    "query_6": {
      "answer_1": 0.617860722925461,
      "answer_2": 0.5995322839093591,
      "answer_3": 0.573324830531499,
      "answer_4": 0.6471750498779631,
      "answer_5": 0.6569149425014332,
      "answer_6": 0.8734842894632566
    }
  }
}