{
  "entity": "Winston Churchill",
  "cosine_similarities": {
    "query_1": {
      "answer_1": 0.7763042139288013,
      "answer_2": 0.6702496280030791,
      "answer_3": 0.6442613709751888,
      "answer_4": 0.5228473182204277,
      "answer_5": 0.6105087363790592,
      "answer_6": 0.5290509516300583
    },
    "query_2": {
      "answer_1": 0.6416488729365245,
      "answer_2": 0.9018146568758707,
      "answer_3": 0.6748234957556919,
      "answer_4": 0.52386981125557,
      "answer_5": 0.542523640960721,
      "answer_6": 0.5101756856575601
    },
    "query_3": {
      "answer_1": 0.6889050995900085,
      "answer_2": 0.6283238597174614,
      "answer_3": 0.8605442510232937,
      "answer_4": 0.5997937279016333,
      "answer_5": 0.5247160349305814,
      "answer_6": 0.5426124589551614
    },
    "query_4": {
      "answer_1": 0.610221896901299,
      "answer_2": 0.5612321136480333,
      "answer_3": 0.6517283005342249,
      "answer_4": 0.8216484303460209,
      "answer_5": 0.5982279260593305,
      "answer_6": 0.6325896312516434
    },
    "query_5": {
      "answer_1": 0.6799736232286159,
      "answer_2": 0.5750075828441515,
      "answer_3": 0.5995052225253958,
      "answer_4": 0.5878771707951786,
      "answer_5": 0.8517741396742742,
      "answer_6": 0.5787256029708101
    },
    "query_6": {
      "answer_1": 0.6073779127496053,
      "answer_2": 0.5331195647954241,
      "answer_3": 0.5544328528406189,
      "answer_4": 0.5944691031997185,
      "answer_5": 0.5447135317457853,
      "answer_6": 0.8376264046243316
    }
  }
}