{
  "entity": "Winston Churchill",
  "cosine_similarities": {
    "query_1": {
      "answer_1": 0.8275534974280728,
      "answer_2": 0.6834517840891581,
      "answer_3": 0.6403600576655757,
      "answer_4": 0.5550498411035487,
      "answer_5": 0.6224004254854865,
      "answer_6": 0.59091872471401
    },
    "query_2": {
      "answer_1": 0.6995280279970196,
      "answer_2": 0.9000418533231397,
      "answer_3": 0.6113973273937925,
      "answer_4": 0.5357638886215427,
      "answer_5": 0.5960611168172584,
      "answer_6": 0.5424933206894038
    },
    "query_3": {
      "answer_1": 0.6358309824307864,
      "answer_2": 0.5691105108782242,
      "answer_3": 0.8673336174530074,
      "answer_4": 0.6540722428791828,
      "answer_5": 0.586632487663063,
      "answer_6": 0.592087853934671
    },
    "query_4": {
      "answer_1": 0.584856396833593,
      "answer_2": 0.5738634391288088,
      "answer_3": 0.650871434823312,
      "answer_4": 0.8489007653229959,
      "answer_5": 0.6805973626160475,
      "answer_6": 0.6610743237289735
    },
    "query_5": {
      "answer_1": 0.622674824686494,
      "answer_2": 0.5883218258289032,
      "answer_3": 0.601404160203065,
      "answer_4": 0.663686335277579,
      "answer_5": 0.8688159019495412,
      "answer_6": 0.6497867101780885
    },
    "query_6": {
      "answer_1": 0.5753249770779754,
      "answer_2": 0.539098330715905,
      "answer_3": 0.5586768119202791,
      "answer_4": 0.6565673930260073,
      "answer_5": 0.6546343823293798,
      "answer_6": 0.8628128831820548
    }
  }
}