{
  "entity": "Winston Churchill",
  "cosine_similarities": {
    "query_1": {
      "answer_1": 0.8580504610519643,
      "answer_2": 0.6883833241941494,
      "answer_3": 0.6831875506026868,
      "answer_4": 0.554003079158641,
      "answer_5": 0.662716484893717,
      "answer_6": 0.5922761675936263
    },
    "query_2": {
      "answer_1": 0.6714185404612931,
      "answer_2": 0.90543321584318,
      "answer_3": 0.6212694257240212,
      "answer_4": 0.5070376303253448,
      "answer_5": 0.5669831555152454,
      "answer_6": 0.5274006275205791
    },
    "query_3": {
      "answer_1": 0.7196016050699617,
      "answer_2": 0.6511008597330049,
      "answer_3": 0.8325197393101681,
      "answer_4": 0.6338095417950574,
      "answer_5": 0.5999386372276577,
      "answer_6": 0.5907217354919593
    },
    "query_4": {
      "answer_1": 0.5478020335848144,
      "answer_2": 0.5193694418256355,
      "answer_3": 0.6417008528041034,
      "answer_4": 0.8497257006637563,
      "answer_5": 0.6087865507174385,
      "answer_6": 0.6130037375487114
    },
    "query_5": {
      "answer_1": 0.7255502783138372,
      "answer_2": 0.5915441451450354,
      "answer_3": 0.6138541348760822,
      "answer_4": 0.641090456317711,
      "answer_5": 0.8784440183174891,
      "answer_6": 0.6199566406685475
    },
    "query_6": {
      "answer_1": 0.6080474532855498,
      "answer_2": 0.5440589877974554,
      "answer_3": 0.5744991135682206,
      "answer_4": 0.6616530624926622,
      "answer_5": 0.6080099733593962,
      "answer_6": 0.8720430394343849
    }
  }
}