{
  "entity": "Winston Churchill",
  "cosine_similarities": {
    "query_1": {
      "answer_1": 0.7788509754316811,
      "answer_2": 0.6538540657080237,
      "answer_3": 0.5666192715722429,
      "answer_4": 0.47243319738200756,
      "answer_5": 0.5850139298970654,
      "answer_6": 0.550779845439175
    },
    "query_2": {
      "answer_1": 0.6394678244767878,
      "answer_2": 0.8500743099313843,
      "answer_3": 0.5800340559073248,
      "answer_4": 0.4919793723377399,
      "answer_5": 0.5372646776765794,
      "answer_6": 0.5432611279209663
    },
    "query_3": {
      "answer_1": 0.651556135114999,
      "answer_2": 0.6408896682169715,
      "answer_3": 0.7802389163615103,
      "answer_4": 0.5486750729791785,
      "answer_5": 0.5185456048825388,
      "answer_6": 0.5421274341233719
    },
    "query_4": {
      "answer_1": 0.5863201110101439,
      "answer_2": 0.612168670502198,
      "answer_3": 0.559966395894607,
      "answer_4": 0.7842837513330556,
      "answer_5": 0.6059289692291235,
      "answer_6": 0.6621850200949244
    },
    "query_5": {
      "answer_1": 0.65990428907974,
      "answer_2": 0.5842407647665581,
      "answer_3": 0.5528777288476315,
      "answer_4": 0.5334987186637331,
      "answer_5": 0.8618160355493051,
      "answer_6": 0.5813815104725427
    },
    "query_6": {
      "answer_1": 0.5631588690640779,
      "answer_2": 0.5497976778400336,
      "answer_3": 0.5020656468227421,
      "answer_4": 0.5386728887484742,
      "answer_5": 0.5595952678721305,
      "answer_6": 0.8396685807397893
    }
  }
}