{
  "entity": "Winston Churchill",
  "cosine_similarities": {
    "query_1": {
      "answer_1": 0.7973727032676418,
      "answer_2": 0.6420365411718314,
      "answer_3": 0.6647598545977638,
      "answer_4": 0.4969382272855899,
      "answer_5": 0.5688745054762918,
      "answer_6": 0.5243221100922066
    },
    "query_2": {
      "answer_1": 0.6298363460405695,
      "answer_2": 0.8946671493551297,
      "answer_3": 0.702567290711095,
      "answer_4": 0.5313112171532064,
      "answer_5": 0.5364260875615663,
      "answer_6": 0.5367824298127357
    },
    "query_3": {
      "answer_1": 0.7061818816465295,
      "answer_2": 0.6687198379761288,
      "answer_3": 0.8533660496127526,
      "answer_4": 0.6245695808715378,
      "answer_5": 0.5550090849405748,
      "answer_6": 0.5941856240087287
    },
    "query_4": {
      "answer_1": 0.5471898825716418,
      "answer_2": 0.5422366147335227,
      "answer_3": 0.6092460661974375,
      "answer_4": 0.8427337588492594,
      "answer_5": 0.5733194695241479,
      "answer_6": 0.6361784265040652
    },
    "query_5": {
      "answer_1": 0.6915764373685858,
      "answer_2": 0.5799523361797422,
      "answer_3": 0.6238940299649719,
      "answer_4": 0.5880716602137132,
      "answer_5": 0.8430619333145315,
      "answer_6": 0.6068840045517165
    },
    "query_6": {
      "answer_1": 0.5762758434652123,
      "answer_2": 0.5370598547920759,
      "answer_3": 0.5457403149540345,
      "answer_4": 0.6342464897934617,
      "answer_5": 0.5383468963721315,
      "answer_6": 0.8630143557948005
    }
  }
}