{
  "entity": "Winston Churchill",
  "cosine_similarities": {
    "query_1": {
      "answer_1": 0.8330891671077499,
      "answer_2": 0.6836953413729824,
      "answer_3": 0.7011401413834035,
      "answer_4": 0.5503253682100906,
      "answer_5": 0.6674839158426142,
      "answer_6": 0.5617672961737189
    },
    "query_2": {
      "answer_1": 0.6770068712288414,
      "answer_2": 0.9073574946200733,
      "answer_3": 0.6281702385240423,
      "answer_4": 0.49475864696350563,
      "answer_5": 0.5687492434634863,
      "answer_6": 0.4995031660024516
    },
    "query_3": {
      "answer_1": 0.7243928868135433,
      "answer_2": 0.6460196014395592,
      "answer_3": 0.8356239770257277,
      "answer_4": 0.6214149841967831,
      "answer_5": 0.6220906476557111,
      "answer_6": 0.5761823807373023
    },
    "query_4": {
      "answer_1": 0.5357181863701594,
      "answer_2": 0.5156728206632486,
      "answer_3": 0.5768423034841116,
      "answer_4": 0.8469586927050182,
      "answer_5": 0.6022420153321241,
      "answer_6": 0.6389614033461218
    },
    "query_5": {
      "answer_1": 0.656015318916325,
      "answer_2": 0.5775064089090648,
      "answer_3": 0.616555252958816,
      "answer_4": 0.5937896119107287,
      "answer_5": 0.8506801556782437,
      "answer_6": 0.5659149059733639
    },
    "query_6": {
      "answer_1": 0.5955266234690697,
      "answer_2": 0.5516053846370325,
      "answer_3": 0.5670193038574283,
      "answer_4": 0.627813123038632,
      "answer_5": 0.6145603727508436,
      "answer_6": 0.8176757232826908
    }
  }
}