{
  "entity": "Winston Churchill",
  "cosine_similarities": {
    "query_1": {
      "answer_1": 0.8605384244091702,
      "answer_2": 0.7064444663038273,
      "answer_3": 0.7166005668236843,
      "answer_4": 0.5421518488791335,
      "answer_5": 0.6651528980471693,
      "answer_6": 0.6150700893917367
    },
    "query_2": {
      "answer_1": 0.6990165626519417,
      "answer_2": 0.8992621775052737,
      "answer_3": 0.6957764334847432,
      "answer_4": 0.5146474816928506,
      "answer_5": 0.5576356918737928,
      "answer_6": 0.5671740624888707
    },
    "query_3": {
      "answer_1": 0.6827303233209102,
      "answer_2": 0.6444430128592312,
      "answer_3": 0.8658896020188053,
      "answer_4": 0.5858492176022203,
      "answer_5": 0.6065956043564844,
      "answer_6": 0.5462207288544714
    },
    "query_4": {
      "answer_1": 0.5595736389911797,
      "answer_2": 0.5390041636802214,
      "answer_3": 0.6128920622659356,
      "answer_4": 0.8336432683502555,
      "answer_5": 0.5977912909523139,
      "answer_6": 0.6741171118257936
    },
    "query_5": {
      "answer_1": 0.6208829549185534,
      "answer_2": 0.568897255369341,
      "answer_3": 0.6224640017635565,
      "answer_4": 0.5943924093178812,
      "answer_5": 0.8554290432556015,
      "answer_6": 0.6262390621013559
    },
    "query_6": {
      "answer_1": 0.6213361866017771,
      "answer_2": 0.568570859601773,
      "answer_3": 0.5610427550502878,
      "answer_4": 0.632821816388222,
      "answer_5": 0.5934224884901332,
      "answer_6": 0.8533820985153904
    }
  }
}