{
  "entity": "Winston Churchill",
  "cosine_similarities": {
    "query_1": {
      "answer_1": 0.7113825389517338,
      "answer_2": 0.6395204374493584,
      "answer_3": 0.5503430394834902,
      "answer_4": 0.43608573010019175,
      "answer_5": 0.497555377801434,
      "answer_6": 0.5058537602743524
    },
    "query_2": {
      "answer_1": 0.5861353332386116,
      "answer_2": 0.9066174272148102,
      "answer_3": 0.6618321393280235,
      "answer_4": 0.49147110457303284,
      "answer_5": 0.5013979344382912,
      "answer_6": 0.5521241651237174
    },
    "query_3": {
      "answer_1": 0.5843983722560271,
      "answer_2": 0.6579979131609063,
      "answer_3": 0.8160921801614242,
      "answer_4": 0.5304190583539848,
      "answer_5": 0.5003769246316722,
      "answer_6": 0.5374923373894976
    },
    "query_4": {
      "answer_1": 0.5353870463442624,
      "answer_2": 0.5419520469225508,
      "answer_3": 0.5564017757727119,
      "answer_4": 0.8314676396514441,
      "answer_5": 0.5891497418611937,
      "answer_6": 0.6968013360005899
    },
    "query_5": {
      "answer_1": 0.5583836035552477,
      "answer_2": 0.5288699872390564,
      "answer_3": 0.5147735337825712,
      "answer_4": 0.5760530348974984,
      "answer_5": 0.881084240147446,
      "answer_6": 0.5727644628134524
    },
    "query_6": {
      "answer_1": 0.5375497049273422,
      "answer_2": 0.5358631177901799,
      "answer_3": 0.49071989407274125,
      "answer_4": 0.5833368623018035,
      "answer_5": 0.531425221544742,
      "answer_6": 0.8614984659189554
    }
  }
}