{
  "entity": "Winston Churchill",
  "cosine_similarities": {
    "query_1": {
      "answer_1": 0.7777550042043699,
      "answer_2": 0.7145981897335512,
      "answer_3": 0.5764549368092183,
      "answer_4": 0.537240870758597,
      "answer_5": 0.5954828914078397,
      "answer_6": 0.5498949956397071
    },
    "query_2": {
      "answer_1": 0.6988468992688135,
      "answer_2": 0.8864005835250245,
      "answer_3": 0.5411754081393458,
      "answer_4": 0.5090756380810659,
      "answer_5": 0.5520833679886181,
      "answer_6": 0.529811933937162
    },
    "query_3": {
      "answer_1": 0.6244157719744963,
      "answer_2": 0.6006172524400021,
      "answer_3": 0.8148678642272273,
      "answer_4": 0.6512831207905453,
      "answer_5": 0.5841606765436871,
      "answer_6": 0.5106198802078178
    },
    "query_4": {
      "answer_1": 0.5622114970732008,
      "answer_2": 0.5743221124139277,
      "answer_3": 0.6113074314214291,
      "answer_4": 0.8253823530429887,
      "answer_5": 0.6668386881339892,
      "answer_6": 0.579028118901952
    },
    "query_5": {
      "answer_1": 0.60602249607812,
      "answer_2": 0.6360080075410088,
      "answer_3": 0.5314154772352859,
      "answer_4": 0.6528321125185346,
      "answer_5": 0.8344748082022084,
      "answer_6": 0.6376298789179886
    },
    "query_6": {
      "answer_1": 0.5783716831856597,
      "answer_2": 0.6422029451228608,
      "answer_3": 0.5171313588249012,
      "answer_4": 0.661698599240273,
      "answer_5": 0.679274286149851,
      "answer_6": 0.7891020762393862
    }
  }
}