{
  "entity": "Winston Churchill",
  "cosine_similarities": {
    "query_1": {
      "answer_1": 0.8546363755009536,
      "answer_2": 0.6832058700574953,
      "answer_3": 0.6347410922369776,
      "answer_4": 0.5131282779426175,
      "answer_5": 0.632891452023081,
      "answer_6": 0.591058798946632
    },
    "query_2": {
      "answer_1": 0.7103391465964495,
      "answer_2": 0.8943950153852493,
      "answer_3": 0.5954441154531691,
      "answer_4": 0.5121504622927937,
      "answer_5": 0.5952439802385413,
      "answer_6": 0.5413418223317489
    },
    "query_3": {
      "answer_1": 0.6319398481753672,
      "answer_2": 0.5720313170563248,
      "answer_3": 0.868876756296313,
      "answer_4": 0.6447113930772543,
      "answer_5": 0.5951367035487873,
      "answer_6": 0.5614786533253836
    },
    "query_4": {
      "answer_1": 0.5283255850005923,
      "answer_2": 0.5390663635039046,
      "answer_3": 0.6398123299690092,
      "answer_4": 0.8180301499613171,
      "answer_5": 0.668108830172647,
      "answer_6": 0.5681629700314978
    },
    "query_5": {
      "answer_1": 0.6523255610091127,
      "answer_2": 0.6322863923197122,
      "answer_3": 0.597946038586953,
      "answer_4": 0.6340984582286907,
      "answer_5": 0.8905647013717682,
      "answer_6": 0.6701511761569413
    },
    "query_6": {
      "answer_1": 0.6068056695016444,
      "answer_2": 0.5701005461529934,
      "answer_3": 0.5631520326986265,
      "answer_4": 0.5788657040912228,
      "answer_5": 0.673350255877374,
      "answer_6": 0.8777439205386409
    }
  }
}