{
  "entity": "Winston Churchill",
  "cosine_similarities": {
    "query_1": {
      "answer_1": 0.8053734158811563,
      "answer_2": 0.6641274033749758,
      "answer_3": 0.6100313681692127,
      "answer_4": 0.49700300062056313,
      "answer_5": 0.5815125179216647,
      "answer_6": 0.5721737964883676
    },
    "query_2": {
      "answer_1": 0.6615408245372396,
      "answer_2": 0.8979270239889102,
      "answer_3": 0.6281475891926809,
      "answer_4": 0.5069438333228505,
      "answer_5": 0.5386168105313085,
      "answer_6": 0.5675883236157429
    },
    "query_3": {
      "answer_1": 0.6795416040756317,
      "answer_2": 0.6282285735876473,
      "answer_3": 0.8408456503179077,
      "answer_4": 0.5735970446848121,
      "answer_5": 0.523823955894256,
      "answer_6": 0.5608047293970816
    },
    "query_4": {
      "answer_1": 0.6042164609710206,
      "answer_2": 0.5858135221710654,
      "answer_3": 0.6314030029084421,
      "answer_4": 0.8491795311402296,
      "answer_5": 0.6199075638082708,
      "answer_6": 0.6939298518616929
    },
    "query_5": {
      "answer_1": 0.664865169071679,
      "answer_2": 0.580363444552174,
      "answer_3": 0.5973742982976401,
      "answer_4": 0.560523901540484,
      "answer_5": 0.8485712214287204,
      "answer_6": 0.6088376425535775
    },
    "query_6": {
      "answer_1": 0.5817344316625018,
      "answer_2": 0.5618713347055788,
      "answer_3": 0.5458880856446076,
      "answer_4": 0.5815406414412216,
      "answer_5": 0.5690653368543506,
      "answer_6": 0.8752303343115779
    }
  }
}