{
  "entity": "George Washington",
  "scores": {
    "query_1": {
      "answer_1": 9.94965565306505,
      "answer_2": 4.424544434351548,
      "answer_3": 3.8073644822486576,
      "answer_4": 2.302797848413327,
      "answer_5": 2.8660052319134173,
      "answer_6": 3.4257897961203985
    },
    "query_2": {
      "answer_1": 3.185593330311982,
      "answer_2": 13.019505703062954,
      "answer_3": 4.760787193444772,
      "answer_4": 2.3027978484133276,
      "answer_5": 2.916642500730373,
      "answer_6": 2.629629369600372
    },
    "query_3": {
      "answer_1": 2.78695763944992,
      "answer_2": 4.240639177991454,
      "answer_3": 10.258465494165529,
      "answer_4": 2.4031251048198174,
      "answer_5": 4.383958295448969,
      "answer_6": 2.873014008788901
    },
    "query_4": {
      "answer_1": 4.626467801226047,
      "answer_2": 4.901042556644475,
      "answer_3": 4.487439686559127,
      "answer_4": 9.427093408972363,
      "answer_5": 5.750153468588852,
      "answer_6": 5.5745430020920494
    },
    "query_5": {
      "answer_1": 4.246554618772072,
      "answer_2": 3.748462966810448,
      "answer_3": 2.9742637727144006,
      "answer_4": 2.0378895068539786,
      "answer_5": 11.472726691688685,
      "answer_6": 3.597087219866401
    },
    "query_6": {
      "answer_1": 5.204897246890425,
      "answer_2": 3.4413477087512145,
      "answer_3": 3.4282718472821987,
      "answer_4": 2.8733716074918023,
      "answer_5": 4.0811870589820725,
      "answer_6": 11.419945650994542
    }
  }
}