{
  "entity": "George Washington",
  "scores": {
    "query_1": {
      "answer_1": 9.00686024080455,
      "answer_2": 3.644219713590048,
      "answer_3": 3.2910455309689834,
      "answer_4": 3.1053965303723716,
      "answer_5": 4.132767070180601,
      "answer_6": 5.098040919604444
    },
    "query_2": {
      "answer_1": 5.845460846016517,
      "answer_2": 10.412700387084369,
      "answer_3": 5.135411965287194,
      "answer_4": 4.13628381022344,
      "answer_5": 4.567783262624476,
      "answer_6": 4.522581061382559
    },
    "query_3": {
      "answer_1": 6.199710821965884,
      "answer_2": 5.242252764192534,
      "answer_3": 8.128923247115134,
      "answer_4": 4.853376431430146,
      "answer_5": 5.495757561445225,
      "answer_6": 7.5577229671106245
    },
    "query_4": {
      "answer_1": 5.9822428941839565,
      "answer_2": 5.317977685871124,
      "answer_3": 5.264081838253222,
      "answer_4": 13.162432552768628,
      "answer_5": 6.6264954160712835,
      "answer_6": 8.58909783358816
    },
    "query_5": {
      "answer_1": 4.3930269916723566,
      "answer_2": 5.258003920128344,
      "answer_3": 4.3656745818041145,
      "answer_4": 3.9616383511623154,
      "answer_5": 13.600617458459984,
      "answer_6": 5.749375140368046
    },
    "query_6": {
      "answer_1": 4.804751984786086,
      "answer_2": 4.759825047850873,
      "answer_3": 4.850772905909839,
      "answer_4": 7.2761585367283725,
      "answer_5": 5.871699671453579,
      "answer_6": 18.242567046185535
    }
  }
}