{
  "entity": "George Washington",
  "scores": {
    "query_1": {
      "answer_1": 8.341123225574226,
      "answer_2": 3.268394349211799,
      "answer_3": 4.094009809780765,
      "answer_4": 2.9655049089784864,
      "answer_5": 4.17213941039613,
      "answer_6": 3.566556480563605
    },
    "query_2": {
      "answer_1": 8.75652855718588,
      "answer_2": 12.586425398745003,
      "answer_3": 4.611354334187198,
      "answer_4": 4.077910805076495,
      "answer_5": 4.06500774767312,
      "answer_6": 5.838530653174108
    },
    "query_3": {
      "answer_1": 7.0637464581765315,
      "answer_2": 5.592278489289663,
      "answer_3": 11.706333469499112,
      "answer_4": 4.894119275818647,
      "answer_5": 5.632720803830617,
      "answer_6": 5.039072025781145
    },
    "query_4": {
      "answer_1": 3.806418389535483,
      "answer_2": 3.0134821028288212,
      "answer_3": 3.4988119196448553,
      "answer_4": 7.990496983509791,
      "answer_5": 3.517884924406902,
      "answer_6": 6.051642859293379
    },
    "query_5": {
      "answer_1": 6.261500269703969,
      "answer_2": 5.716836201929562,
      "answer_3": 4.734647182755882,
      "answer_4": 4.101891818595129,
      "answer_5": 13.36834753325859,
      "answer_6": 4.9465042060926185
    },
    "query_6": {
      "answer_1": 6.219032297154174,
      "answer_2": 3.276462202830975,
      "answer_3": 3.522366775245398,
      "answer_4": 4.681397579065524,
      "answer_5": 3.818391574611921,
      "answer_6": 12.32748259702109
    }
  }
}