{
  "entity": "George Washington",
  "scores": {
    "query_1": {
      "answer_1": 9.313733069812892,
      "answer_2": 2.6117884376008416,
      "answer_3": 2.8744907436996456,
      "answer_4": 2.7225041686436544,
      "answer_5": 3.5064055108580923,
      "answer_6": 4.2325505289828795
    },
    "query_2": {
      "answer_1": 2.910594609405662,
      "answer_2": 11.862001393995879,
      "answer_3": 2.9049007506765188,
      "answer_4": 2.4408373631216036,
      "answer_5": 2.5729718941399398,
      "answer_6": 3.584228126055385
    },
    "query_3": {
      "answer_1": 3.080317819079483,
      "answer_2": 2.871857996799733,
      "answer_3": 10.096280146701767,
      "answer_4": 3.245341134147049,
      "answer_5": 3.783185020168433,
      "answer_6": 2.8988521508106198
    },
    "query_4": {
      "answer_1": 4.663082867049642,
      "answer_2": 4.23663561033158,
      "answer_3": 4.495098743487795,
      "answer_4": 8.414231782459552,
      "answer_5": 5.898395866704367,
      "answer_6": 5.67255583129349
    },
    "query_5": {
      "answer_1": 4.71590246152751,
      "answer_2": 2.31884151658594,
      "answer_3": 2.3642187663155187,
      "answer_4": 2.2444423777909877,
      "answer_5": 12.51445729583688,
      "answer_6": 4.384034635443441
    },
    "query_6": {
      "answer_1": 3.9011555617712252,
      "answer_2": 3.1593362828994973,
      "answer_3": 3.612325570609949,
      "answer_4": 4.571929800271516,
      "answer_5": 3.5228824716658154,
      "answer_6": 14.444556270871475
    }
  }
}