{
  "entity": "George Washington",
  "scores": {
    "query_1": {
      "answer_1": 9.939700333899761,
      "answer_2": 3.6544458627658845,
      "answer_3": 3.4655244001420598,
      "answer_4": 2.809555925813048,
      "answer_5": 3.463511586959325,
      "answer_6": 5.100579188610068
    },
    "query_2": {
      "answer_1": 4.398274994968249,
      "answer_2": 7.400170221493458,
      "answer_3": 3.4137490790450946,
      "answer_4": 3.0187670020219284,
      "answer_5": 3.4138216944079534,
      "answer_6": 4.9369381303895565
    },
    "query_3": {
      "answer_1": 5.122191008952168,
      "answer_2": 5.426520561789562,
      "answer_3": 9.016432551348183,
      "answer_4": 4.272917844832311,
      "answer_5": 5.681443913484756,
      "answer_6": 6.176559215909777
    },
    "query_4": {
      "answer_1": 5.148767509233503,
      "answer_2": 6.049601335576771,
      "answer_3": 5.774877412390212,
      "answer_4": 12.585222925660764,
      "answer_5": 8.162989214508686,
      "answer_6": 6.86805469597498
    },
    "query_5": {
      "answer_1": 4.19078830602029,
      "answer_2": 5.136409456806338,
      "answer_3": 4.266512920189919,
      "answer_4": 4.694954059054186,
      "answer_5": 17.368013698488408,
      "answer_6": 5.298931984685621
    },
    "query_6": {
      "answer_1": 5.0170836971029855,
      "answer_2": 4.865816918346018,
      "answer_3": 4.676793978377226,
      "answer_4": 4.349823169588361,
      "answer_5": 5.133636409250906,
      "answer_6": 15.388997712536026
    }
  }
}