{
  "entity": "George Washington",
  "scores": {
    "query_1": {
      "answer_1": 7.21759064763497,
      "answer_2": 4.186964272298313,
      "answer_3": 3.2545424096396314,
      "answer_4": 1.7947487085688474,
      "answer_5": 2.7039438244711804,
      "answer_6": 3.587014595410496
    },
    "query_2": {
      "answer_1": 4.224160907141976,
      "answer_2": 12.625540017569325,
      "answer_3": 4.282942740141583,
      "answer_4": 2.55507840999519,
      "answer_5": 3.3662408582770627,
      "answer_6": 3.54741236703533
    },
    "query_3": {
      "answer_1": 3.955406385972467,
      "answer_2": 5.458577351766462,
      "answer_3": 13.730152821375299,
      "answer_4": 2.8215820621121295,
      "answer_5": 6.143431406912765,
      "answer_6": 3.8272355060035204
    },
    "query_4": {
      "answer_1": 2.987011500492123,
      "answer_2": 2.5271541213968414,
      "answer_3": 4.654299524885737,
      "answer_4": 8.833057034207426,
      "answer_5": 4.140954896627676,
      "answer_6": 2.6555483773935253
    },
    "query_5": {
      "answer_1": 3.7269793916571516,
      "answer_2": 3.99235675707694,
      "answer_3": 3.418948955712717,
      "answer_4": 2.659501930208736,
      "answer_5": 14.707222584877439,
      "answer_6": 4.26556366407404
    },
    "query_6": {
      "answer_1": 5.48680321270651,
      "answer_2": 4.165086021172913,
      "answer_3": 4.491217332044087,
      "answer_4": 2.9064149548634375,
      "answer_5": 5.070249326601524,
      "answer_6": 15.605203092678925
    }
  }
}