{
  "entity": "George Washington",
  "scores": {
    "query_1": {
      "answer_1": 12.376039183024083,
      "answer_2": 3.8071639830181088,
      "answer_3": 3.308405600406548,
      "answer_4": 3.2332856471989824,
      "answer_5": 2.4999854536722244,
      "answer_6": 3.646190702649998
    },
    "query_2": {
      "answer_1": 5.265416442830771,
      "answer_2": 13.52838693978702,
      "answer_3": 4.166121352663558,
      "answer_4": 3.578400856458821,
      "answer_5": 3.501751292849874,
      "answer_6": 3.5549679448139595
    },
    "query_3": {
      "answer_1": 4.57777526377695,
      "answer_2": 5.462616189686328,
      "answer_3": 5.935936523494754,
      "answer_4": 4.475588692139895,
      "answer_5": 4.097012215961239,
      "answer_6": 5.475712891660452
    },
    "query_4": {
      "answer_1": 6.18966238850356,
      "answer_2": 6.157790809083113,
      "answer_3": 6.670676064016891,
      "answer_4": 11.56186808144669,
      "answer_5": 6.225092218077482,
      "answer_6": 5.614655422824591
    },
    "query_5": {
      "answer_1": 4.267541072860981,
      "answer_2": 5.969467545611423,
      "answer_3": 4.419157505972734,
      "answer_4": 4.32617184521007,
      "answer_5": 7.648420278768615,
      "answer_6": 4.609416608687351
    },
    "query_6": {
      "answer_1": 4.370919712556554,
      "answer_2": 4.073669484136909,
      "answer_3": 3.826721108464459,
      "answer_4": 3.681157223781259,
      "answer_5": 3.242938498645496,
      "answer_6": 15.34494634209747
    }
  }
}