{
  "entity": "George Washington",
  "scores": {
    "query_1": {
      "answer_1": 6.6479734853068635,
      "answer_2": 3.9037660756079706,
      "answer_3": 2.9874014489211715,
      "answer_4": 2.5788308289811166,
      "answer_5": 2.5859307149241686,
      "answer_6": 3.95810514697239
    },
    "query_2": {
      "answer_1": 3.616760171376519,
      "answer_2": 7.626626051813364,
      "answer_3": 3.1623836916316135,
      "answer_4": 2.5788308289811166,
      "answer_5": 2.585930714924169,
      "answer_6": 2.6995888035858813
    },
    "query_3": {
      "answer_1": 2.987371364742164,
      "answer_2": 2.549602646424356,
      "answer_3": 11.622906118866414,
      "answer_4": 2.566504405293551,
      "answer_5": 3.3682034469558166,
      "answer_6": 3.0460966226837045
    },
    "query_4": {
      "answer_1": 5.34241316841319,
      "answer_2": 4.545998274599633,
      "answer_3": 4.4228881039285985,
      "answer_4": 12.449654680316488,
      "answer_5": 5.437997444561409,
      "answer_6": 4.865235978713983
    },
    "query_5": {
      "answer_1": 3.5657583330402636,
      "answer_2": 3.0786008373361478,
      "answer_3": 2.96230295333155,
      "answer_4": 2.3007853016732263,
      "answer_5": 12.189491025858404,
      "answer_6": 3.8636433903229688
    },
    "query_6": {
      "answer_1": 6.0039033962817685,
      "answer_2": 4.507774158300384,
      "answer_3": 4.439813876917894,
      "answer_4": 4.0519699765707315,
      "answer_5": 4.69612791948518,
      "answer_6": 11.036589600252297
    }
  }
}