{
  "entity": "George Washington",
  "scores": {
    "query_1": {
      "answer_1": 8.864236009274421,
      "answer_2": 2.5826800596246,
      "answer_3": 3.279940185858596,
      "answer_4": 2.3359285654066366,
      "answer_5": 2.599651377682415,
      "answer_6": 2.7441817192746734
    },
    "query_2": {
      "answer_1": 3.7779952847250575,
      "answer_2": 13.112838815749457,
      "answer_3": 4.269379051626379,
      "answer_4": 3.002599563954518,
      "answer_5": 3.6643807763491885,
      "answer_6": 3.505803227062823
    },
    "query_3": {
      "answer_1": 4.197006223396122,
      "answer_2": 4.311892251225457,
      "answer_3": 11.707883935997632,
      "answer_4": 3.6755487611284647,
      "answer_5": 4.0120901974541185,
      "answer_6": 4.231695311837079
    },
    "query_4": {
      "answer_1": 3.0293897655812723,
      "answer_2": 2.9205549822474555,
      "answer_3": 4.613938019290466,
      "answer_4": 11.291269840535431,
      "answer_5": 4.69624550053755,
      "answer_6": 2.974681462401309
    },
    "query_5": {
      "answer_1": 2.3213245798557582,
      "answer_2": 2.8668802480818165,
      "answer_3": 2.970219959009635,
      "answer_4": 2.120422851083599,
      "answer_5": 13.634027849323207,
      "answer_6": 2.2774539395687206
    },
    "query_6": {
      "answer_1": 4.760368425378001,
      "answer_2": 3.746035411383322,
      "answer_3": 3.9850963033686164,
      "answer_4": 3.580954166129734,
      "answer_5": 4.381236560321119,
      "answer_6": 15.146149164065532
    }
  }
}