{
  "entity": "George Washington",
  "scores": {
    "query_1": {
      "answer_1": 7.939935002298575,
      "answer_2": 2.673184147803719,
      "answer_3": 3.058005020949738,
      "answer_4": 2.0126196601117297,
      "answer_5": 2.222687944589542,
      "answer_6": 2.137411506048344
    },
    "query_2": {
      "answer_1": 3.338995980695562,
      "answer_2": 15.463598798343693,
      "answer_3": 3.2296319901525825,
      "answer_4": 2.642496627159533,
      "answer_5": 3.116385728080229,
      "answer_6": 2.60131646302902
    },
    "query_3": {
      "answer_1": 3.6709753615260072,
      "answer_2": 7.223221883876089,
      "answer_3": 9.226075943765762,
      "answer_4": 2.6989779747530642,
      "answer_5": 3.6284034090353297,
      "answer_6": 3.108275190722866
    },
    "query_4": {
      "answer_1": 3.685537688687093,
      "answer_2": 3.1537037332679225,
      "answer_3": 5.978540323736449,
      "answer_4": 9.030526108293955,
      "answer_5": 4.438126966979808,
      "answer_6": 3.738386356332527
    },
    "query_5": {
      "answer_1": 3.8258373501188743,
      "answer_2": 4.328098314721242,
      "answer_3": 2.77883570288689,
      "answer_4": 3.242506134595787,
      "answer_5": 13.501396759470945,
      "answer_6": 3.8388591799104774
    },
    "query_6": {
      "answer_1": 3.5935746336629997,
      "answer_2": 2.348044177550709,
      "answer_3": 2.9303957920681403,
      "answer_4": 2.3500638254106185,
      "answer_5": 2.915372238889299,
      "answer_6": 8.423505205869928
    }
  }
}