{
  "entity": "George Washington",
  "scores": {
    "query_1": {
      "answer_1": 8.994028624592124,
      "answer_2": 3.1321079100659293,
      "answer_3": 3.29262410499876,
      "answer_4": 2.7654834145156286,
      "answer_5": 2.937076381463833,
      "answer_6": 3.9855553559542836
    },
    "query_2": {
      "answer_1": 3.075690277804046,
      "answer_2": 6.51205005681174,
      "answer_3": 3.3356052813002863,
      "answer_4": 2.539751470014191,
      "answer_5": 3.9428834683375484,
      "answer_6": 2.609519707797449
    },
    "query_3": {
      "answer_1": 3.8352654391781735,
      "answer_2": 3.3666758391711955,
      "answer_3": 8.889751489217113,
      "answer_4": 2.6102056043701234,
      "answer_5": 5.144651389196514,
      "answer_6": 2.7510149475928336
    },
    "query_4": {
      "answer_1": 4.927897732195838,
      "answer_2": 4.877195921016764,
      "answer_3": 5.3086600570585905,
      "answer_4": 11.705774922379383,
      "answer_5": 6.963434094673085,
      "answer_6": 4.804337643990513
    },
    "query_5": {
      "answer_1": 3.6468672387709287,
      "answer_2": 2.5280772807974494,
      "answer_3": 2.5688433508362785,
      "answer_4": 2.3140195255127534,
      "answer_5": 14.961370437588252,
      "answer_6": 4.282806377638756
    },
    "query_6": {
      "answer_1": 5.7297037123481305,
      "answer_2": 5.103910930902003,
      "answer_3": 4.175193149968519,
      "answer_4": 3.701340105269458,
      "answer_5": 3.6653341177268457,
      "answer_6": 14.373011124673106
    }
  }
}