{
  "entity": "George Washington",
  "scores": {
    "query_1": {
      "answer_1": 6.977009907125919,
      "answer_2": 2.4752271789293596,
      "answer_3": 2.8716883832496167,
      "answer_4": 2.8525724469076765,
      "answer_5": 3.0877413429662277,
      "answer_6": 3.92703255896632
    },
    "query_2": {
      "answer_1": 5.119246798995076,
      "answer_2": 11.74114326051963,
      "answer_3": 4.604813230332152,
      "answer_4": 3.9612425563330564,
      "answer_5": 3.1417746914063693,
      "answer_6": 4.007644657056591
    },
    "query_3": {
      "answer_1": 3.830479722683069,
      "answer_2": 3.79334550924445,
      "answer_3": 8.346724368645575,
      "answer_4": 4.236949764950338,
      "answer_5": 3.537508983004716,
      "answer_6": 2.7336585964189157
    },
    "query_4": {
      "answer_1": 8.185773678339855,
      "answer_2": 6.53031780067272,
      "answer_3": 6.549906726888272,
      "answer_4": 17.396164387818164,
      "answer_5": 5.515290396490829,
      "answer_6": 7.084825831331381
    },
    "query_5": {
      "answer_1": 3.3859959737850813,
      "answer_2": 2.937927524910876,
      "answer_3": 3.1986406648274865,
      "answer_4": 3.0365406133944273,
      "answer_5": 16.251676435228003,
      "answer_6": 4.6419166952584625
    },
    "query_6": {
      "answer_1": 4.803927204915882,
      "answer_2": 3.7968892790498945,
      "answer_3": 3.933272486484767,
      "answer_4": 8.017300814182592,
      "answer_5": 3.134524496469497,
      "answer_6": 13.103357106670847
    }
  }
}