{
  "entity": "George Washington",
  "scores": {
    "query_1": {
      "answer_1": 6.126980919606471,
      "answer_2": 3.0493059966684513,
      "answer_3": 3.299917187542116,
      "answer_4": 2.290821911864194,
      "answer_5": 2.077345941062401,
      "answer_6": 2.7396930169312337
    },
    "query_2": {
      "answer_1": 3.6895484814305766,
      "answer_2": 9.031170999662127,
      "answer_3": 3.3769861000252153,
      "answer_4": 2.916240103525343,
      "answer_5": 4.956684198318094,
      "answer_6": 2.719596198573739
    },
    "query_3": {
      "answer_1": 3.081665591706096,
      "answer_2": 1.86108019351673,
      "answer_3": 7.083175852322843,
      "answer_4": 3.0809517851936774,
      "answer_5": 1.4412769299812758,
      "answer_6": 3.274709331302365
    },
    "query_4": {
      "answer_1": 2.6985062188312616,
      "answer_2": 2.1719438638369257,
      "answer_3": 2.8559533417610847,
      "answer_4": 5.860939213218957,
      "answer_5": 5.531975400972764,
      "answer_6": 4.949332450704145
    },
    "query_5": {
      "answer_1": 2.527412032691754,
      "answer_2": 3.3843174089092214,
      "answer_3": 2.460777259745065,
      "answer_4": 3.1559309698343094,
      "answer_5": 13.216437917387106,
      "answer_6": 2.493072080436232
    },
    "query_6": {
      "answer_1": 3.7188960523335233,
      "answer_2": 2.475881379608949,
      "answer_3": 2.653949228061858,
      "answer_4": 2.7010704038799678,
      "answer_5": 3.770005511043499,
      "answer_6": 9.597944047186889
    }
  }
}