{
  "entity": "George Washington",
  "scores": {
    "query_1": {
      "answer_1": 9.290652792534884,
      "answer_2": 3.426474647653525,
      "answer_3": 3.0309014356389192,
      "answer_4": 2.690273276230023,
      "answer_5": 5.085819468150617,
      "answer_6": 5.469613811656725
    },
    "query_2": {
      "answer_1": 6.449004316306101,
      "answer_2": 9.447815744662002,
      "answer_3": 3.4899813819906167,
      "answer_4": 4.673040248628075,
      "answer_5": 3.698718915747835,
      "answer_6": 5.052118201953205
    },
    "query_3": {
      "answer_1": 3.5085704631413304,
      "answer_2": 5.143097795983257,
      "answer_3": 12.72583425163231,
      "answer_4": 3.687461943639392,
      "answer_5": 3.725657610302496,
      "answer_6": 3.6601423314126693
    },
    "query_4": {
      "answer_1": 4.808913723946315,
      "answer_2": 4.756931376944118,
      "answer_3": 5.076334695133064,
      "answer_4": 9.39894200238144,
      "answer_5": 4.4203283682601295,
      "answer_6": 5.904051145607894
    },
    "query_5": {
      "answer_1": 3.290671143811396,
      "answer_2": 3.1408648838076747,
      "answer_3": 3.319875467729126,
      "answer_4": 2.8816424774671487,
      "answer_5": 12.938606233305034,
      "answer_6": 6.221546814046025
    },
    "query_6": {
      "answer_1": 5.18136370442969,
      "answer_2": 5.97220567118551,
      "answer_3": 4.530472847843715,
      "answer_4": 4.092304271879181,
      "answer_5": 5.293079591618365,
      "answer_6": 14.748841112565282
    }
  }
}