{
  "entity": "George Washington",
  "scores": {
    "query_1": {
      "answer_1": 11.194991340544176,
      "answer_2": 5.387726798398963,
      "answer_3": 4.871590022973827,
      "answer_4": 2.6456770149219437,
      "answer_5": 3.4096907604553772,
      "answer_6": 4.13864735841376
    },
    "query_2": {
      "answer_1": 5.127243771561469,
      "answer_2": 10.511682475249197,
      "answer_3": 4.1439723902185115,
      "answer_4": 4.51213325359935,
      "answer_5": 4.185310993333965,
      "answer_6": 3.5426422471830943
    },
    "query_3": {
      "answer_1": 4.945281771644097,
      "answer_2": 4.819366219643401,
      "answer_3": 13.649632659991497,
      "answer_4": 4.447900347756249,
      "answer_5": 3.3279203696762845,
      "answer_6": 4.382456094586704
    },
    "query_4": {
      "answer_1": 4.786342386709383,
      "answer_2": 3.72058542537491,
      "answer_3": 4.740635330237835,
      "answer_4": 13.08478110127016,
      "answer_5": 4.396845408606222,
      "answer_6": 4.7320087253529275
    },
    "query_5": {
      "answer_1": 5.886827587554873,
      "answer_2": 7.611165561220094,
      "answer_3": 4.028133297483954,
      "answer_4": 3.712883085756182,
      "answer_5": 19.11991618952259,
      "answer_6": 4.442118466323291
    },
    "query_6": {
      "answer_1": 3.566541539065662,
      "answer_2": 3.8686571223124475,
      "answer_3": 2.767306374218052,
      "answer_4": 3.5541423249226396,
      "answer_5": 2.4167072222577834,
      "answer_6": 10.837808328911859
    }
  }
}