{
  "entity": "George Washington",
  "scores": {
    "query_1": {
      "answer_1": 6.583908004180222,
      "answer_2": 2.0202402853785535,
      "answer_3": 2.1724783785479884,
      "answer_4": 2.14333971958897,
      "answer_5": 2.0696432598157584,
      "answer_6": 2.345558895087968
    },
    "query_2": {
      "answer_1": 3.2697146318287853,
      "answer_2": 11.767063550984847,
      "answer_3": 5.4483667647284175,
      "answer_4": 4.603179375940222,
      "answer_5": 2.746573518501245,
      "answer_6": 2.1138263469392724
    },
    "query_3": {
      "answer_1": 2.5774464111394177,
      "answer_2": 3.2133082912185533,
      "answer_3": 9.327124924774903,
      "answer_4": 2.7137973924091363,
      "answer_5": 4.291041090482133,
      "answer_6": 1.9620920148107381
    },
    "query_4": {
      "answer_1": 8.234211021825779,
      "answer_2": 4.995537897519822,
      "answer_3": 5.683766591363631,
      "answer_4": 11.030448224011158,
      "answer_5": 4.450429188737163,
      "answer_6": 4.135231676011408
    },
    "query_5": {
      "answer_1": 3.7387215805059637,
      "answer_2": 2.5707524989995134,
      "answer_3": 2.3383002358103675,
      "answer_4": 2.944289152820673,
      "answer_5": 16.27467329046914,
      "answer_6": 2.220547388108564
    },
    "query_6": {
      "answer_1": 3.072659912990455,
      "answer_2": 3.1501440742047495,
      "answer_3": 3.1040402342442106,
      "answer_4": 3.002742703631698,
      "answer_5": 4.98844491222586,
      "answer_6": 9.520386446690384
    }
  }
}