{
  "entity": "George Washington",
  "scores": {
    "query_1": {
      "answer_1": 7.005950125520799,
      "answer_2": 2.02987343454941,
      "answer_3": 4.0372145805008275,
      "answer_4": 2.448707506555085,
      "answer_5": 2.7382652082867103,
      "answer_6": 3.1161240308650564
    },
    "query_2": {
      "answer_1": 5.007072946044092,
      "answer_2": 10.438495833068112,
      "answer_3": 3.4439410405785593,
      "answer_4": 3.2137893948879688,
      "answer_5": 3.268828639397043,
      "answer_6": 4.042759262183448
    },
    "query_3": {
      "answer_1": 4.11832060096993,
      "answer_2": 3.3917763746900857,
      "answer_3": 6.572128463453709,
      "answer_4": 3.682692833768905,
      "answer_5": 3.3979877634912827,
      "answer_6": 2.5991104592291467
    },
    "query_4": {
      "answer_1": 8.812716240385036,
      "answer_2": 5.258610066636212,
      "answer_3": 9.663225012894257,
      "answer_4": 10.138521260447368,
      "answer_5": 5.444522075294531,
      "answer_6": 6.4387852823338205
    },
    "query_5": {
      "answer_1": 3.6077584957725732,
      "answer_2": 3.1246808001213098,
      "answer_3": 2.8719887563492867,
      "answer_4": 2.8056581599291763,
      "answer_5": 18.244605482676892,
      "answer_6": 2.737918346996414
    },
    "query_6": {
      "answer_1": 4.991128744116303,
      "answer_2": 3.3783662549729754,
      "answer_3": 3.723873333628478,
      "answer_4": 4.1527962569826204,
      "answer_5": 3.3906949749798447,
      "answer_6": 10.317212881981941
    }
  }
}