{
  "entity": "George Washington",
  "scores": {
    "query_1": {
      "answer_1": 10.18216243082984,
      "answer_2": 3.4969300420983664,
      "answer_3": 2.9158818117780796,
      "answer_4": 2.5816664741177187,
      "answer_5": 3.0000503470543674,
      "answer_6": 3.634840027274774
    },
    "query_2": {
      "answer_1": 6.372691503144832,
      "answer_2": 10.203861687829699,
      "answer_3": 3.6867115539791007,
      "answer_4": 3.1871339829135,
      "answer_5": 3.598251919658094,
      "answer_6": 3.761883376955735
    },
    "query_3": {
      "answer_1": 7.366276512246644,
      "answer_2": 6.183570782851641,
      "answer_3": 9.969425400460885,
      "answer_4": 4.043070713024353,
      "answer_5": 4.857062458042189,
      "answer_6": 5.010015216420456
    },
    "query_4": {
      "answer_1": 4.886145247198991,
      "answer_2": 3.420480574728803,
      "answer_3": 4.241582954972079,
      "answer_4": 8.124102389265948,
      "answer_5": 4.860448526278299,
      "answer_6": 7.214030737708281
    },
    "query_5": {
      "answer_1": 4.59216689152498,
      "answer_2": 3.450528741597633,
      "answer_3": 3.7531641392655146,
      "answer_4": 3.019853864913296,
      "answer_5": 7.5472668151147815,
      "answer_6": 3.678048231515203
    },
    "query_6": {
      "answer_1": 5.261280367072416,
      "answer_2": 4.547110321533094,
      "answer_3": 5.259419872723366,
      "answer_4": 5.773649611803394,
      "answer_5": 4.416667100018903,
      "answer_6": 16.055996487678108
    }
  }
}