{
  "entity": "George Washington",
  "scores": {
    "query_1": {
      "answer_1": 10.915494271442356,
      "answer_2": 3.4709554199229067,
      "answer_3": 3.0508645153225435,
      "answer_4": 3.2619709696083246,
      "answer_5": 3.9521829032434708,
      "answer_6": 4.198423586538238
    },
    "query_2": {
      "answer_1": 8.31582026290683,
      "answer_2": 13.873278850639366,
      "answer_3": 5.2146920936116965,
      "answer_4": 4.92537721076359,
      "answer_5": 4.231165231562923,
      "answer_6": 5.030109344730489
    },
    "query_3": {
      "answer_1": 4.289397070879697,
      "answer_2": 4.392112590007391,
      "answer_3": 13.423528527725813,
      "answer_4": 4.194181468696789,
      "answer_5": 5.109814400819275,
      "answer_6": 3.8191683058583124
    },
    "query_4": {
      "answer_1": 9.056840486652511,
      "answer_2": 8.09418187280713,
      "answer_3": 7.873220063677012,
      "answer_4": 11.157974364816141,
      "answer_5": 7.635990528173767,
      "answer_6": 9.57693556874416
    },
    "query_5": {
      "answer_1": 6.121073325295099,
      "answer_2": 4.68712037115968,
      "answer_3": 3.835376518212822,
      "answer_4": 3.489131861772685,
      "answer_5": 12.498719086008824,
      "answer_6": 4.325306850529631
    },
    "query_6": {
      "answer_1": 5.311213588380447,
      "answer_2": 5.416404451241421,
      "answer_3": 5.316145249505139,
      "answer_4": 7.6629576276963265,
      "answer_5": 5.859249437017721,
      "answer_6": 22.008497140947554
    }
  }
}