{
  "entity": "George Washington",
  "scores": {
    "query_1": {
      "answer_1": 8.55708838634989,
      "answer_2": 2.4655613201503765,
      "answer_3": 2.864467690753119,
      "answer_4": 2.860924202862721,
      "answer_5": 5.146891458274085,
      "answer_6": 2.8842593852456315
    },
    "query_2": {
      "answer_1": 5.845020106982434,
      "answer_2": 14.523886029741023,
      "answer_3": 6.512938873886518,
      "answer_4": 4.7395662513256225,
      "answer_5": 3.674977177177915,
      "answer_6": 3.797800715584787
    },
    "query_3": {
      "answer_1": 4.9068994708834985,
      "answer_2": 4.27378561343983,
      "answer_3": 7.888255337664235,
      "answer_4": 3.3550054252567922,
      "answer_5": 3.940766534232636,
      "answer_6": 3.906162852027683
    },
    "query_4": {
      "answer_1": 6.943063674647675,
      "answer_2": 6.355559452238699,
      "answer_3": 8.068126627058534,
      "answer_4": 12.11170415468791,
      "answer_5": 7.040358973961712,
      "answer_6": 8.859802941578097
    },
    "query_5": {
      "answer_1": 4.187960029323881,
      "answer_2": 4.89475582926254,
      "answer_3": 3.9172719621851866,
      "answer_4": 3.793568396558574,
      "answer_5": 15.456443262077572,
      "answer_6": 6.435187453456774
    },
    "query_6": {
      "answer_1": 5.609533902133671,
      "answer_2": 3.549920131300676,
      "answer_3": 4.1597654469136955,
      "answer_4": 5.577901388120539,
      "answer_5": 4.145360145385597,
      "answer_6": 13.183464684268248
    }
  }
}