{
  "entity": "George Washington",
  "scores": {
    "query_1": {
      "answer_1": 9.946956347780258,
      "answer_2": 3.4264675371958546,
      "answer_3": 2.647351748243995,
      "answer_4": 2.347083926302931,
      "answer_5": 2.652040103944089,
      "answer_6": 2.6905140754197996
    },
    "query_2": {
      "answer_1": 5.5640405879047385,
      "answer_2": 14.676802326506659,
      "answer_3": 3.4521817965990924,
      "answer_4": 2.510637747914835,
      "answer_5": 3.608645244064518,
      "answer_6": 5.11392201425752
    },
    "query_3": {
      "answer_1": 4.737188651539889,
      "answer_2": 4.818290843326977,
      "answer_3": 11.618227069717307,
      "answer_4": 3.687168776661199,
      "answer_5": 4.28809712973105,
      "answer_6": 3.8323597640760645
    },
    "query_4": {
      "answer_1": 3.503518139507538,
      "answer_2": 3.7648101623468193,
      "answer_3": 3.3440010900836628,
      "answer_4": 9.251915402602627,
      "answer_5": 4.018349536872902,
      "answer_6": 5.427263350247778
    },
    "query_5": {
      "answer_1": 3.4347814277807607,
      "answer_2": 2.9340426402354773,
      "answer_3": 2.6790613336529074,
      "answer_4": 2.5118006227820504,
      "answer_5": 16.474645590411114,
      "answer_6": 2.7559370028382424
    },
    "query_6": {
      "answer_1": 3.923334962096813,
      "answer_2": 3.626986969688242,
      "answer_3": 3.5697501990554934,
      "answer_4": 3.52798355334942,
      "answer_5": 5.69043978576491,
      "answer_6": 10.457258512979243
    }
  }
}