{
  "entity": "George Washington",
  "scores": {
    "query_1": {
      "answer_1": 9.026210699347471,
      "answer_2": 3.3044461673043717,
      "answer_3": 3.6188542164128847,
      "answer_4": 2.846845296483086,
      "answer_5": 2.785999134144715,
      "answer_6": 3.0873294082852567
    },
    "query_2": {
      "answer_1": 6.316679718765161,
      "answer_2": 15.382135026822231,
      "answer_3": 4.76403561865343,
      "answer_4": 3.9301271798730597,
      "answer_5": 4.040820889571442,
      "answer_6": 5.95438034735882
    },
    "query_3": {
      "answer_1": 6.093988321272916,
      "answer_2": 3.8099888401044373,
      "answer_3": 8.622920898392614,
      "answer_4": 4.052751194306852,
      "answer_5": 4.071074710078894,
      "answer_6": 3.369609450021347
    },
    "query_4": {
      "answer_1": 5.847772030894292,
      "answer_2": 6.422798291285623,
      "answer_3": 6.51372948411764,
      "answer_4": 12.964944529343702,
      "answer_5": 7.1032634776768235,
      "answer_6": 7.605826847018725
    },
    "query_5": {
      "answer_1": 4.983493338886627,
      "answer_2": 4.858594294387865,
      "answer_3": 5.872147737626067,
      "answer_4": 5.154628644317745,
      "answer_5": 11.436443785619138,
      "answer_6": 6.356984482507032
    },
    "query_6": {
      "answer_1": 5.9157732841066295,
      "answer_2": 3.8035594723635886,
      "answer_3": 3.654619926117235,
      "answer_4": 4.101921182131367,
      "answer_5": 7.208928745986989,
      "answer_6": 14.70561379414155
    }
  }
}