{
  "entity": "George Washington",
  "scores": {
    "query_1": {
      "answer_1": 7.489568857679918,
      "answer_2": 3.2246721911435454,
      "answer_3": 3.0433186672609853,
      "answer_4": 3.2654611061420193,
      "answer_5": 3.2017489786490154,
      "answer_6": 4.316495442107697
    },
    "query_2": {
      "answer_1": 4.844222395226376,
      "answer_2": 11.726151903949848,
      "answer_3": 4.649814388958147,
      "answer_4": 4.232222303477892,
      "answer_5": 4.498091066369113,
      "answer_6": 5.435093036105874
    },
    "query_3": {
      "answer_1": 4.644024538306796,
      "answer_2": 3.765859394848145,
      "answer_3": 10.820251668288503,
      "answer_4": 4.2425512685253075,
      "answer_5": 5.37844672768008,
      "answer_6": 5.15489641070985
    },
    "query_4": {
      "answer_1": 5.054370220021703,
      "answer_2": 5.159110668526418,
      "answer_3": 4.8479160233711625,
      "answer_4": 10.271400002709575,
      "answer_5": 6.609340239437712,
      "answer_6": 5.418649249889906
    },
    "query_5": {
      "answer_1": 4.663272696308816,
      "answer_2": 4.401129293470227,
      "answer_3": 4.577640452938804,
      "answer_4": 4.868882496247342,
      "answer_5": 19.334773497654894,
      "answer_6": 4.8794104465960455
    },
    "query_6": {
      "answer_1": 3.445381841434843,
      "answer_2": 3.9486127487007763,
      "answer_3": 4.237377852696127,
      "answer_4": 5.474692249363034,
      "answer_5": 3.831528817978013,
      "answer_6": 18.987230221400548
    }
  }
}