{
  "entity": "George Washington",
  "scores": {
    "query_1": {
      "answer_1": 11.647271327868413,
      "answer_2": 2.367030330891178,
      "answer_3": 4.105623620059763,
      "answer_4": 2.392472470926084,
      "answer_5": 3.759714703894084,
      "answer_6": 2.878435321792129
    },
    "query_2": {
      "answer_1": 6.210969603614143,
      "answer_2": 12.159473396540632,
      "answer_3": 3.0607893156073955,
      "answer_4": 3.0898795198602076,
      "answer_5": 5.827258919106061,
      "answer_6": 3.6030894734813637
    },
    "query_3": {
      "answer_1": 7.249476018503056,
      "answer_2": 4.509826417414679,
      "answer_3": 11.065948688502054,
      "answer_4": 3.810655122334094,
      "answer_5": 4.64982389892496,
      "answer_6": 4.518987533035928
    },
    "query_4": {
      "answer_1": 2.972037192575328,
      "answer_2": 2.972040275136366,
      "answer_3": 3.4623354408099623,
      "answer_4": 14.651064964094811,
      "answer_5": 3.6348690588349775,
      "answer_6": 2.7894152758166957
    },
    "query_5": {
      "answer_1": 4.057720531397469,
      "answer_2": 4.762693322255147,
      "answer_3": 3.742575719463993,
      "answer_4": 3.2545207731246912,
      "answer_5": 18.609796271615792,
      "answer_6": 4.528952141631393
    },
    "query_6": {
      "answer_1": 4.50224710493074,
      "answer_2": 2.629374732184655,
      "answer_3": 3.2259567467863146,
      "answer_4": 3.087725625710849,
      "answer_5": 3.439671092814627,
      "answer_6": 14.430423337821493
    }
  }
}