{
  "entity": "George Washington",
  "scores": {
    "query_1": {
      "answer_1": 7.23790104548218,
      "answer_2": 3.585456463834506,
      "answer_3": 2.7782746678053583,
      "answer_4": 3.3151546044869162,
      "answer_5": 3.999897578789285,
      "answer_6": 4.862576920496749
    },
    "query_2": {
      "answer_1": 4.114807251135085,
      "answer_2": 15.722441442214501,
      "answer_3": 4.3216035809649584,
      "answer_4": 3.704526351349802,
      "answer_5": 4.182321017825805,
      "answer_6": 4.309519569564668
    },
    "query_3": {
      "answer_1": 5.534983140518883,
      "answer_2": 8.091860272755985,
      "answer_3": 9.015105094807723,
      "answer_4": 5.211672948759874,
      "answer_5": 5.67748115054933,
      "answer_6": 4.807068460631371
    },
    "query_4": {
      "answer_1": 4.646629691467357,
      "answer_2": 4.623045752161213,
      "answer_3": 3.7883902365460256,
      "answer_4": 9.135570770422502,
      "answer_5": 4.026684366473945,
      "answer_6": 5.064715867793546
    },
    "query_5": {
      "answer_1": 2.974513058682284,
      "answer_2": 4.146625598121577,
      "answer_3": 3.4294782113349718,
      "answer_4": 3.178559773962366,
      "answer_5": 12.958652908556619,
      "answer_6": 6.469527016614304
    },
    "query_6": {
      "answer_1": 4.98709034927263,
      "answer_2": 4.923525557849658,
      "answer_3": 5.479239794884938,
      "answer_4": 5.181869963768162,
      "answer_5": 4.511621687336934,
      "answer_6": 16.122200023969445
    }
  }
}