{
  "entity": "George Washington",
  "scores": {
    "query_1": {
      "answer_1": 12.45221483130254,
      "answer_2": 3.503825745683094,
      "answer_3": 3.692852576047409,
      "answer_4": 2.660191730817989,
      "answer_5": 2.810655747031548,
      "answer_6": 6.135235503193799
    },
    "query_2": {
      "answer_1": 6.473026807254784,
      "answer_2": 15.565143137628532,
      "answer_3": 5.457564052864285,
      "answer_4": 4.004822435658569,
      "answer_5": 4.114896142419884,
      "answer_6": 6.265571848321218
    },
    "query_3": {
      "answer_1": 4.6485434663138765,
      "answer_2": 4.664688933444459,
      "answer_3": 10.106123950681614,
      "answer_4": 3.9134815581084026,
      "answer_5": 3.8882891200630665,
      "answer_6": 5.341999131327068
    },
    "query_4": {
      "answer_1": 6.227369853516168,
      "answer_2": 8.556695432327931,
      "answer_3": 7.855325132536178,
      "answer_4": 11.059470806317728,
      "answer_5": 6.746032352268791,
      "answer_6": 8.16876640442468
    },
    "query_5": {
      "answer_1": 5.127887005295448,
      "answer_2": 5.251835515243984,
      "answer_3": 5.508896506453116,
      "answer_4": 5.9252379746083825,
      "answer_5": 10.09743950474966,
      "answer_6": 7.845537909346384
    },
    "query_6": {
      "answer_1": 5.581156998599387,
      "answer_2": 4.352966291073126,
      "answer_3": 4.4131047258736436,
      "answer_4": 4.126888153107262,
      "answer_5": 4.807167389026893,
      "answer_6": 23.228278177401183
    }
  }
}