{
  "entity": "George Washington",
  "scores": {
    "query_1": {
      "answer_1": 11.224736040156088,
      "answer_2": 3.902116689169622,
      "answer_3": 4.37686788777077,
      "answer_4": 3.304978303274796,
      "answer_5": 3.479140283543513,
      "answer_6": 2.8775351029532787
    },
    "query_2": {
      "answer_1": 6.614030245939824,
      "answer_2": 12.218860739195838,
      "answer_3": 4.896641343341841,
      "answer_4": 4.590608478000082,
      "answer_5": 4.007052293450967,
      "answer_6": 4.740830519759843
    },
    "query_3": {
      "answer_1": 4.380112291448325,
      "answer_2": 4.011544043315596,
      "answer_3": 11.988627786165173,
      "answer_4": 4.292283861056658,
      "answer_5": 5.305454959364796,
      "answer_6": 4.464836211503542
    },
    "query_4": {
      "answer_1": 4.8873305748292335,
      "answer_2": 5.195393813931104,
      "answer_3": 5.551352158927789,
      "answer_4": 11.125262450887806,
      "answer_5": 4.606572916737826,
      "answer_6": 4.679397948972049
    },
    "query_5": {
      "answer_1": 6.026548139523019,
      "answer_2": 5.490647669180269,
      "answer_3": 4.024843874238856,
      "answer_4": 3.7307746387739114,
      "answer_5": 19.63141705434842,
      "answer_6": 3.330430337378762
    },
    "query_6": {
      "answer_1": 9.091544567931113,
      "answer_2": 8.975282147991319,
      "answer_3": 7.157714291192489,
      "answer_4": 7.707740612985806,
      "answer_5": 8.467423020102615,
      "answer_6": 15.456693433987004
    }
  }
}