{
  "entity": "George Washington",
  "scores": {
    "query_1": {
      "answer_1": 9.720279231992759,
      "answer_2": 3.055486927426421,
      "answer_3": 4.572812465847595,
      "answer_4": 2.351619650736856,
      "answer_5": 5.561032170041926,
      "answer_6": 3.5834124511187007
    },
    "query_2": {
      "answer_1": 4.194419435656535,
      "answer_2": 13.705107255421593,
      "answer_3": 3.818061365213643,
      "answer_4": 3.1709665012033192,
      "answer_5": 4.579814148079076,
      "answer_6": 5.1889188952626135
    },
    "query_3": {
      "answer_1": 4.525977602224855,
      "answer_2": 5.440022427420546,
      "answer_3": 8.445439190943217,
      "answer_4": 4.22932312012628,
      "answer_5": 5.452178153365581,
      "answer_6": 4.383515696201843
    },
    "query_4": {
      "answer_1": 3.8170110953142076,
      "answer_2": 3.3786670900543334,
      "answer_3": 6.4817633024640235,
      "answer_4": 10.700417910824205,
      "answer_5": 5.672468301196389,
      "answer_6": 4.873294170814221
    },
    "query_5": {
      "answer_1": 5.1620522453764845,
      "answer_2": 3.3129665523862624,
      "answer_3": 2.601837293501849,
      "answer_4": 2.308763259476559,
      "answer_5": 11.31169359222046,
      "answer_6": 3.1048899503676184
    },
    "query_6": {
      "answer_1": 5.783133243611345,
      "answer_2": 4.288204587311088,
      "answer_3": 4.3691416494988475,
      "answer_4": 5.190813110578127,
      "answer_5": 6.684993473228651,
      "answer_6": 13.791271003940828
    }
  }
}