{
  "entity": "George Washington",
  "scores": {
    "query_1": {
      "answer_1": 11.152624446480106,
      "answer_2": 3.6797624833251743,
      "answer_3": 3.208736288627316,
      "answer_4": 4.461404013748214,
      "answer_5": 3.785964083712527,
      "answer_6": 3.086651054275862
    },
    "query_2": {
      "answer_1": 5.658996231807466,
      "answer_2": 13.509658509024336,
      "answer_3": 6.165578491014411,
      "answer_4": 5.775555901871142,
      "answer_5": 4.1693700872617665,
      "answer_6": 4.158041105616737
    },
    "query_3": {
      "answer_1": 4.134098109006346,
      "answer_2": 4.325964080408303,
      "answer_3": 12.369913859864369,
      "answer_4": 6.440490757147936,
      "answer_5": 3.7266239717446696,
      "answer_6": 4.013124673598445
    },
    "query_4": {
      "answer_1": 5.9055398554254985,
      "answer_2": 5.542642925974945,
      "answer_3": 6.458066985574736,
      "answer_4": 10.993882814086039,
      "answer_5": 4.204965268540036,
      "answer_6": 4.821438547455937
    },
    "query_5": {
      "answer_1": 5.1319185191344925,
      "answer_2": 4.405512237530064,
      "answer_3": 4.5944813534636095,
      "answer_4": 4.421131453725593,
      "answer_5": 12.097152646952805,
      "answer_6": 6.648222339195188
    },
    "query_6": {
      "answer_1": 7.564108088915868,
      "answer_2": 8.912260479019848,
      "answer_3": 7.6019014013114345,
      "answer_4": 7.894517784399488,
      "answer_5": 8.061337353723061,
      "answer_6": 14.170952112976765
    }
  }
}