{
  "entity": "Winston Churchill",
  "cosine_similarities": {
    "query_1": {
      "answer_1": 0.8603623968207295,
      "answer_2": 0.7238436387255476,
      "answer_3": 0.6944751653652909,
      "answer_4": 0.5928211842290284,
      "answer_5": 0.7215983430397587,
      "answer_6": 0.6686850073946328
    },
    "query_2": {
      "answer_1": 0.7325215059558062,
      "answer_2": 0.8847956250850131,
      "answer_3": 0.6451981829803898,
      "answer_4": 0.5716141271872017,
      "answer_5": 0.640550469668252,
      "answer_6": 0.6053640322398515
    },
    "query_3": {
      "answer_1": 0.6951016859233313,
      "answer_2": 0.6060949575793008,
      "answer_3": 0.8545635234045414,
      "answer_4": 0.6912011454179663,
      "answer_5": 0.6646288704249788,
      "answer_6": 0.6713017525631902
    },
    "query_4": {
      "answer_1": 0.6742483984796234,
      "answer_2": 0.6181966326195442,
      "answer_3": 0.7489064083626736,
      "answer_4": 0.8294054234995755,
      "answer_5": 0.7274495002302301,
      "answer_6": 0.7596923699895662
    },
    "query_5": {
      "answer_1": 0.7006412941624195,
      "answer_2": 0.6555048493461603,
      "answer_3": 0.6825759245903291,
      "answer_4": 0.6872558574490527,
      "answer_5": 0.8808720194863575,
      "answer_6": 0.7059762506760489
    },
    "query_6": {
      "answer_1": 0.6491767040854358,
      "answer_2": 0.5699992835454495,
      "answer_3": 0.6322522834916555,
      "answer_4": 0.6682390468916793,
      "answer_5": 0.6849313485735301,
      "answer_6": 0.8414298610961749
    }
  }
}