{
  "entity": "Winston Churchill",
  "cosine_similarities": {
    "query_1": {
      "answer_1": 0.8179477580307587,
      "answer_2": 0.746241114914081,
      "answer_3": 0.73561417254016,
      "answer_4": 0.5982467897029287,
      "answer_5": 0.734806397101744,
      "answer_6": 0.6685042918585481
    },
    "query_2": {
      "answer_1": 0.7343528246202043,
      "answer_2": 0.8970277306992538,
      "answer_3": 0.6870904669104663,
      "answer_4": 0.5593269337850424,
      "answer_5": 0.6317363038246733,
      "answer_6": 0.6148316882694456
    },
    "query_3": {
      "answer_1": 0.7385642593145926,
      "answer_2": 0.689863324405646,
      "answer_3": 0.857553604220345,
      "answer_4": 0.6580535183688583,
      "answer_5": 0.6895495798823047,
      "answer_6": 0.6128577925933912
    },
    "query_4": {
      "answer_1": 0.6448563039548256,
      "answer_2": 0.6370367997518371,
      "answer_3": 0.6569879700675253,
      "answer_4": 0.8621278023608185,
      "answer_5": 0.7105480677434345,
      "answer_6": 0.7058381418796926
    },
    "query_5": {
      "answer_1": 0.7249294537325015,
      "answer_2": 0.6893242803012707,
      "answer_3": 0.7098906271652349,
      "answer_4": 0.6606042306858686,
      "answer_5": 0.8664878600809828,
      "answer_6": 0.6732304529184373
    },
    "query_6": {
      "answer_1": 0.6482360563846034,
      "answer_2": 0.6558295916117971,
      "answer_3": 0.6091840905305026,
      "answer_4": 0.6802519927336903,
      "answer_5": 0.6984771529491155,
      "answer_6": 0.8855219221263663
    }
  }
}