{
  "entity": "Winston Churchill",
  "cosine_similarities": {
    "query_1": {
      "answer_1": 0.8854357452522282,
      "answer_2": 0.7292982936823948,
      "answer_3": 0.7591328703097306,
      "answer_4": 0.6486525061379135,
      "answer_5": 0.6639147192576729,
      "answer_6": 0.6611522731054654
    },
    "query_2": {
      "answer_1": 0.7249632286986548,
      "answer_2": 0.8873373262142666,
      "answer_3": 0.681503687236029,
      "answer_4": 0.6055524674026944,
      "answer_5": 0.6062222486143432,
      "answer_6": 0.627112731082204
    },
    "query_3": {
      "answer_1": 0.7459520165872602,
      "answer_2": 0.667787251998938,
      "answer_3": 0.8539236178121576,
      "answer_4": 0.6786941489349769,
      "answer_5": 0.6430770813909377,
      "answer_6": 0.6294107306458122
    },
    "query_4": {
      "answer_1": 0.6524119642761708,
      "answer_2": 0.621136462947,
      "answer_3": 0.7272697043060545,
      "answer_4": 0.8850643683033725,
      "answer_5": 0.7451406319005741,
      "answer_6": 0.6985686576086346
    },
    "query_5": {
      "answer_1": 0.7007381949954928,
      "answer_2": 0.6554239768271657,
      "answer_3": 0.720237372198288,
      "answer_4": 0.7247431002100736,
      "answer_5": 0.8921514421495068,
      "answer_6": 0.7052040703857347
    },
    "query_6": {
      "answer_1": 0.6509647094378929,
      "answer_2": 0.6060947759964314,
      "answer_3": 0.6715472019772845,
      "answer_4": 0.6515951347451566,
      "answer_5": 0.6334209258955774,
      "answer_6": 0.8243842123494677
    }
  }
}