{
  "entity": "Winston Churchill",
  "cosine_similarities": {
    "query_1": {
      "answer_1": 0.7958199709508478,
      "answer_2": 0.6499388264281981,
      "answer_3": 0.6345603802629417,
      "answer_4": 0.502302196277464,
      "answer_5": 0.5908663470770907,
      "answer_6": 0.597717653455067
    },
    "query_2": {
      "answer_1": 0.6231321219193646,
      "answer_2": 0.9148581888800864,
      "answer_3": 0.7257319260144746,
      "answer_4": 0.5616084253173971,
      "answer_5": 0.5602707052945576,
      "answer_6": 0.6183122730514703
    },
    "query_3": {
      "answer_1": 0.6170477470140344,
      "answer_2": 0.6705233228652556,
      "answer_3": 0.8527276419680926,
      "answer_4": 0.6047239647950486,
      "answer_5": 0.5804904921906742,
      "answer_6": 0.5877977332389867
    },
    "query_4": {
      "answer_1": 0.5641561666682137,
      "answer_2": 0.5760989400079006,
      "answer_3": 0.6704162790296733,
      "answer_4": 0.8392772908637001,
      "answer_5": 0.6153981769516955,
      "answer_6": 0.7439134912274731
    },
    "query_5": {
      "answer_1": 0.6203401003059382,
      "answer_2": 0.5974160475321627,
      "answer_3": 0.6354321822385877,
      "answer_4": 0.6291399643247876,
      "answer_5": 0.8806072491674071,
      "answer_6": 0.6316516137483802
    },
    "query_6": {
      "answer_1": 0.5628148874854744,
      "answer_2": 0.5656233467818721,
      "answer_3": 0.5929387750826846,
      "answer_4": 0.6330071042850501,
      "answer_5": 0.5687329795546696,
      "answer_6": 0.8424836523194503
    }
  }
}