{
  "entity": "Winston Churchill",
  "cosine_similarities": {
    "query_1": {
      "answer_1": 0.8519944591620617,
      "answer_2": 0.6876472340143849,
      "answer_3": 0.6659499780086567,
      "answer_4": 0.6001247740616719,
      "answer_5": 0.729075595053081,
      "answer_6": 0.6598086762956596
    },
    "query_2": {
      "answer_1": 0.6348582895943078,
      "answer_2": 0.9179136683707164,
      "answer_3": 0.5758864187638496,
      "answer_4": 0.5647220173712493,
      "answer_5": 0.6226992716925832,
      "answer_6": 0.6047463311401476
    },
    "query_3": {
      "answer_1": 0.617738351536592,
      "answer_2": 0.5880742240673883,
      "answer_3": 0.8099374162244077,
      "answer_4": 0.5900734214295381,
      "answer_5": 0.6099139959493747,
      "answer_6": 0.6017355625057956
    },
    "query_4": {
      "answer_1": 0.6173286605280879,
      "answer_2": 0.6123741248577415,
      "answer_3": 0.5839697680796694,
      "answer_4": 0.8233892594759609,
      "answer_5": 0.6643719651171205,
      "answer_6": 0.7110325494841863
    },
    "query_5": {
      "answer_1": 0.7086955449694279,
      "answer_2": 0.6275942678017395,
      "answer_3": 0.5983147793412475,
      "answer_4": 0.6462003093240704,
      "answer_5": 0.8717266021981058,
      "answer_6": 0.6871848033224173
    },
    "query_6": {
      "answer_1": 0.6086943602755118,
      "answer_2": 0.5702067399949915,
      "answer_3": 0.5415243040919318,
      "answer_4": 0.642154705363648,
      "answer_5": 0.6417112462712491,
      "answer_6": 0.8451299906002279
    }
  }
}