{
  "entity": "Winston Churchill",
  "cosine_similarities": {
    "query_1": {
      "answer_1": 0.86894412008452,
      "answer_2": 0.7242570939969261,
      "answer_3": 0.712793497604502,
      "answer_4": 0.606618210704257,
      "answer_5": 0.7274269736590813,
      "answer_6": 0.6010456312826421
    },
    "query_2": {
      "answer_1": 0.7416364871749267,
      "answer_2": 0.8937892585756354,
      "answer_3": 0.6710466551799993,
      "answer_4": 0.5840462223326974,
      "answer_5": 0.6427314188302379,
      "answer_6": 0.5605635019971668
    },
    "query_3": {
      "answer_1": 0.6617885851225995,
      "answer_2": 0.6263990741751531,
      "answer_3": 0.8607911729116356,
      "answer_4": 0.6175768522911194,
      "answer_5": 0.585184209728143,
      "answer_6": 0.549513366382406
    },
    "query_4": {
      "answer_1": 0.6577556207390315,
      "answer_2": 0.6563259597667706,
      "answer_3": 0.7247340008026733,
      "answer_4": 0.8178977240284243,
      "answer_5": 0.6751349960358972,
      "answer_6": 0.6753909986037104
    },
    "query_5": {
      "answer_1": 0.762148428732765,
      "answer_2": 0.6764907748521383,
      "answer_3": 0.6908291205016597,
      "answer_4": 0.6534912704432086,
      "answer_5": 0.858832616911033,
      "answer_6": 0.6338112471447167
    },
    "query_6": {
      "answer_1": 0.6112632125413419,
      "answer_2": 0.5556188962537894,
      "answer_3": 0.5879277473876857,
      "answer_4": 0.6055996507576209,
      "answer_5": 0.5802170864013267,
      "answer_6": 0.8363577146696927
    }
  }
}