{
  "entity": "Winston Churchill",
  "cosine_similarities": {
    "query_1": {
      "answer_1": 0.8445891557002106,
      "answer_2": 0.7360790258252872,
      "answer_3": 0.7254937533478099,
      "answer_4": 0.5907171979141638,
      "answer_5": 0.7235666282379786,
      "answer_6": 0.6085667326965247
    },
    "query_2": {
      "answer_1": 0.7313218689417929,
      "answer_2": 0.8899629260979005,
      "answer_3": 0.6645589589470069,
      "answer_4": 0.5870537491736114,
      "answer_5": 0.6317764790335951,
      "answer_6": 0.5596130221278471
    },
    "query_3": {
      "answer_1": 0.6809113962221772,
      "answer_2": 0.6276339428010672,
      "answer_3": 0.8528485699633394,
      "answer_4": 0.6154580347674622,
      "answer_5": 0.592283867106511,
      "answer_6": 0.5610958771825942
    },
    "query_4": {
      "answer_1": 0.6908158330386465,
      "answer_2": 0.656903331527617,
      "answer_3": 0.7288869304782282,
      "answer_4": 0.846015931683211,
      "answer_5": 0.6946327009527529,
      "answer_6": 0.6808764842056187
    },
    "query_5": {
      "answer_1": 0.765972887175203,
      "answer_2": 0.6778117885082591,
      "answer_3": 0.7031227772650802,
      "answer_4": 0.6529818082980605,
      "answer_5": 0.8703020085173538,
      "answer_6": 0.639253761348356
    },
    "query_6": {
      "answer_1": 0.6148202617444483,
      "answer_2": 0.5284565307810187,
      "answer_3": 0.5972245424421769,
      "answer_4": 0.6386268530857162,
      "answer_5": 0.6024154239997624,
      "answer_6": 0.8080215734871801
    }
  }
}