{
  "entity": "Winston Churchill",
  "cosine_similarities": {
    "query_1": {
      "answer_1": 0.8510142903213115,
      "answer_2": 0.6744381958367662,
      "answer_3": 0.665887215514461,
      "answer_4": 0.5065908319655921,
      "answer_5": 0.635948788729457,
      "answer_6": 0.6042596748282182
    },
    "query_2": {
      "answer_1": 0.6878733101382399,
      "answer_2": 0.8937004909547462,
      "answer_3": 0.7371420197400488,
      "answer_4": 0.5918713782758517,
      "answer_5": 0.5999947423737229,
      "answer_6": 0.6125894440622185
    },
    "query_3": {
      "answer_1": 0.665354109681002,
      "answer_2": 0.6959391682614232,
      "answer_3": 0.8594295299756145,
      "answer_4": 0.6173576786512142,
      "answer_5": 0.6215651997423498,
      "answer_6": 0.590714661679477
    },
    "query_4": {
      "answer_1": 0.6212850486987793,
      "answer_2": 0.6219938059001636,
      "answer_3": 0.6722058954324514,
      "answer_4": 0.8230856815700953,
      "answer_5": 0.6734381981146466,
      "answer_6": 0.7358000182077628
    },
    "query_5": {
      "answer_1": 0.6719168831978415,
      "answer_2": 0.6365096627311052,
      "answer_3": 0.6583634717653868,
      "answer_4": 0.624558292610279,
      "answer_5": 0.8754019642194826,
      "answer_6": 0.61609613922532
    },
    "query_6": {
      "answer_1": 0.621838011788945,
      "answer_2": 0.5870080234363549,
      "answer_3": 0.6140713405925188,
      "answer_4": 0.6698858118140569,
      "answer_5": 0.6166022323534948,
      "answer_6": 0.8425118011958428
    }
  }
}