{
  "entity": "Winston Churchill",
  "cosine_similarities": {
    "query_1": {
      "answer_1": 0.8709637259435291,
      "answer_2": 0.7006702303906086,
      "answer_3": 0.7272934425364197,
      "answer_4": 0.5612804619101186,
      "answer_5": 0.7415457493513256,
      "answer_6": 0.6415496355453841
    },
    "query_2": {
      "answer_1": 0.7326961628613577,
      "answer_2": 0.9051813782425293,
      "answer_3": 0.6689747204408009,
      "answer_4": 0.5617323923188916,
      "answer_5": 0.6233267554662908,
      "answer_6": 0.6147053787341907
    },
    "query_3": {
      "answer_1": 0.6475348246922452,
      "answer_2": 0.5948951464233303,
      "answer_3": 0.8273683234796086,
      "answer_4": 0.5824121521459134,
      "answer_5": 0.608760661620939,
      "answer_6": 0.5690922641145942
    },
    "query_4": {
      "answer_1": 0.6811322790671102,
      "answer_2": 0.6265140133430454,
      "answer_3": 0.7101308823381333,
      "answer_4": 0.8478993239088856,
      "answer_5": 0.6760484873997846,
      "answer_6": 0.7321960447345566
    },
    "query_5": {
      "answer_1": 0.752259185170275,
      "answer_2": 0.6561162550043189,
      "answer_3": 0.7176694478974672,
      "answer_4": 0.5944296756663912,
      "answer_5": 0.8618625671371101,
      "answer_6": 0.6443166109948991
    },
    "query_6": {
      "answer_1": 0.6601344829722856,
      "answer_2": 0.5755843222253111,
      "answer_3": 0.6159828129300551,
      "answer_4": 0.6147110617783038,
      "answer_5": 0.6212925072778221,
      "answer_6": 0.8440335726256938
    }
  }
}