{
  "entity": "Winston Churchill",
  "cosine_similarities": {
    "query_1": {
      "answer_1": 0.8498843113978273,
      "answer_2": 0.7401781733968898,
      "answer_3": 0.6974970987976213,
      "answer_4": 0.5785265386658796,
      "answer_5": 0.6819341408423527,
      "answer_6": 0.6384721746846559
    },
    "query_2": {
      "answer_1": 0.6980291779322285,
      "answer_2": 0.9078831868078261,
      "answer_3": 0.6179216389852323,
      "answer_4": 0.5752977380864756,
      "answer_5": 0.5903200167024524,
      "answer_6": 0.601883231330025
    },
    "query_3": {
      "answer_1": 0.655511363105213,
      "answer_2": 0.6187229825107519,
      "answer_3": 0.8584681010548628,
      "answer_4": 0.577999595134811,
      "answer_5": 0.5984472673982046,
      "answer_6": 0.569316514757953
    },
    "query_4": {
      "answer_1": 0.6595634247410368,
      "answer_2": 0.6703683542997272,
      "answer_3": 0.668130157469014,
      "answer_4": 0.848829697759668,
      "answer_5": 0.6858821681501698,
      "answer_6": 0.7376089302055816
    },
    "query_5": {
      "answer_1": 0.7202241798481859,
      "answer_2": 0.6814181225429823,
      "answer_3": 0.7083091819146368,
      "answer_4": 0.5981030460064677,
      "answer_5": 0.8456725786523573,
      "answer_6": 0.648542295914596
    },
    "query_6": {
      "answer_1": 0.6252443982195658,
      "answer_2": 0.6037666501528176,
      "answer_3": 0.5716779376889537,
      "answer_4": 0.6288223765889255,
      "answer_5": 0.6445210981959557,
      "answer_6": 0.8436783780556943
    }
  }
}