{
  "entity": "Winston Churchill",
  "cosine_similarities": {
    "query_1": {
      "answer_1": 0.8384355328058269,
      "answer_2": 0.7351655207914126,
      "answer_3": 0.6920224672442031,
      "answer_4": 0.625955014386715,
      "answer_5": 0.6822407703504361,
      "answer_6": 0.6669949473295385
    },
    "query_2": {
      "answer_1": 0.7335534776668183,
      "answer_2": 0.9032577103240103,
      "answer_3": 0.6501799544246069,
      "answer_4": 0.5800718161084727,
      "answer_5": 0.607946863688992,
      "answer_6": 0.5822131669636771
    },
    "query_3": {
      "answer_1": 0.7007450908585362,
      "answer_2": 0.6106843337771386,
      "answer_3": 0.8157135666224561,
      "answer_4": 0.6810457657897773,
      "answer_5": 0.6536146611352494,
      "answer_6": 0.625214643186164
    },
    "query_4": {
      "answer_1": 0.6635995039526723,
      "answer_2": 0.6187341969310481,
      "answer_3": 0.6600000934005152,
      "answer_4": 0.8509388416164372,
      "answer_5": 0.7396965103200951,
      "answer_6": 0.7222393728020067
    },
    "query_5": {
      "answer_1": 0.6922768606705839,
      "answer_2": 0.6758060559610135,
      "answer_3": 0.61248840167026,
      "answer_4": 0.696645501869033,
      "answer_5": 0.8791737353986755,
      "answer_6": 0.704760816388273
    },
    "query_6": {
      "answer_1": 0.638246590186378,
      "answer_2": 0.5502339527162795,
      "answer_3": 0.5785854889249805,
      "answer_4": 0.658840827540459,
      "answer_5": 0.6686453129290536,
      "answer_6": 0.8420628848061708
    }
  }
}