{
  "entity": "Winston Churchill",
  "cosine_similarities": {
    "query_1": {
      "answer_1": 0.82446579511158,
      "answer_2": 0.7319675239883264,
      "answer_3": 0.6740908403999665,
      "answer_4": 0.5903410773472033,
      "answer_5": 0.7221355317588712,
      "answer_6": 0.6636922237591137
    },
    "query_2": {
      "answer_1": 0.6822776997244442,
      "answer_2": 0.9107992691543745,
      "answer_3": 0.5906646169846582,
      "answer_4": 0.5612023645691293,
      "answer_5": 0.6357054663849311,
      "answer_6": 0.5949326191321319
    },
    "query_3": {
      "answer_1": 0.6754859515997774,
      "answer_2": 0.5937086108340582,
      "answer_3": 0.8120410384445126,
      "answer_4": 0.6976015859132962,
      "answer_5": 0.6566237490080178,
      "answer_6": 0.6184358073738279
    },
    "query_4": {
      "answer_1": 0.6273852909685173,
      "answer_2": 0.6337460094684603,
      "answer_3": 0.6901818714568969,
      "answer_4": 0.8478445864217458,
      "answer_5": 0.7597216060070477,
      "answer_6": 0.747185092770999
    },
    "query_5": {
      "answer_1": 0.6766653515519011,
      "answer_2": 0.6542103687672017,
      "answer_3": 0.6502455291785966,
      "answer_4": 0.6558494451729459,
      "answer_5": 0.8530584379143795,
      "answer_6": 0.6720557768093185
    },
    "query_6": {
      "answer_1": 0.6043791008340984,
      "answer_2": 0.561917101266467,
      "answer_3": 0.6044284499925552,
      "answer_4": 0.6410797559370921,
      "answer_5": 0.6553505589290828,
      "answer_6": 0.8154628750129739
    }
  }
}