{
  "entity": "Winston Churchill",
  "cosine_similarities": {
    "query_1": {
      "answer_1": 0.8916986978605905,
      "answer_2": 0.7386893513083923,
      "answer_3": 0.6998855106828737,
      "answer_4": 0.6056405770423113,
      "answer_5": 0.6880599531365441,
      "answer_6": 0.6487854249651689
    },
    "query_2": {
      "answer_1": 0.7180331600105487,
      "answer_2": 0.8939249499282579,
      "answer_3": 0.6096805838541027,
      "answer_4": 0.5790833219127535,
      "answer_5": 0.6224170453900895,
      "answer_6": 0.5978899703355843
    },
    "query_3": {
      "answer_1": 0.6772645747166096,
      "answer_2": 0.6366087528971174,
      "answer_3": 0.8670922367907428,
      "answer_4": 0.7131730034278378,
      "answer_5": 0.6639469214470058,
      "answer_6": 0.691622133742183
    },
    "query_4": {
      "answer_1": 0.6625532477700505,
      "answer_2": 0.658042885859779,
      "answer_3": 0.7488055620790534,
      "answer_4": 0.8644897963864207,
      "answer_5": 0.7230367343771286,
      "answer_6": 0.7908495821665209
    },
    "query_5": {
      "answer_1": 0.712988552971571,
      "answer_2": 0.6862284086718454,
      "answer_3": 0.6879584158031211,
      "answer_4": 0.7050805211236973,
      "answer_5": 0.8655836371882694,
      "answer_6": 0.7014670388125506
    },
    "query_6": {
      "answer_1": 0.6467460002391341,
      "answer_2": 0.588590583259918,
      "answer_3": 0.6559313526257645,
      "answer_4": 0.6970785765118532,
      "answer_5": 0.6607895971230321,
      "answer_6": 0.821299567743041
    }
  }
}