{
  "entity": "Winston Churchill",
  "cosine_similarities": {
    "query_1": {
      "answer_1": 0.8426767360067814,
      "answer_2": 0.7264043931313048,
      "answer_3": 0.7568085237863532,
      "answer_4": 0.6213130279347132,
      "answer_5": 0.7056433480684668,
      "answer_6": 0.5987634959278435
    },
    "query_2": {
      "answer_1": 0.6816119819936717,
      "answer_2": 0.9043138866257359,
      "answer_3": 0.6731231381732198,
      "answer_4": 0.5574469477117476,
      "answer_5": 0.6131330081018135,
      "answer_6": 0.5899200863881247
    },
    "query_3": {
      "answer_1": 0.7606009197984933,
      "answer_2": 0.6895131341978948,
      "answer_3": 0.8679418712587291,
      "answer_4": 0.6890714188367023,
      "answer_5": 0.7000700598454852,
      "answer_6": 0.6393252034104476
    },
    "query_4": {
      "answer_1": 0.6436331583166376,
      "answer_2": 0.5918198241035605,
      "answer_3": 0.6816237108409217,
      "answer_4": 0.8472353936302512,
      "answer_5": 0.7143431133159749,
      "answer_6": 0.7130579098224383
    },
    "query_5": {
      "answer_1": 0.7510287264439702,
      "answer_2": 0.6804664666196322,
      "answer_3": 0.7355879425903862,
      "answer_4": 0.6884741828420221,
      "answer_5": 0.8749470228182213,
      "answer_6": 0.6830310449017367
    },
    "query_6": {
      "answer_1": 0.6114111359857413,
      "answer_2": 0.5893650266350166,
      "answer_3": 0.6188972061559462,
      "answer_4": 0.685264242036612,
      "answer_5": 0.6461259592915352,
      "answer_6": 0.8213270196120958
    }
  }
}