{
  "entity": "Winston Churchill",
  "cosine_similarities": {
    "query_1": {
      "answer_1": 0.8771901165213405,
      "answer_2": 0.6790113551704344,
      "answer_3": 0.7278911698976847,
      "answer_4": 0.5464279109028364,
      "answer_5": 0.7232723780528014,
      "answer_6": 0.5908116997328136
    },
    "query_2": {
      "answer_1": 0.7024311447790856,
      "answer_2": 0.887407869865765,
      "answer_3": 0.6915306390661902,
      "answer_4": 0.5870806386546374,
      "answer_5": 0.6404654339628213,
      "answer_6": 0.5762733200777908
    },
    "query_3": {
      "answer_1": 0.6597233160758205,
      "answer_2": 0.6274098267797167,
      "answer_3": 0.8674457233121696,
      "answer_4": 0.5806839491862,
      "answer_5": 0.6211214214624003,
      "answer_6": 0.5646661950653222
    },
    "query_4": {
      "answer_1": 0.6445263739017586,
      "answer_2": 0.6661808192360487,
      "answer_3": 0.7309255545427183,
      "answer_4": 0.8578304923395147,
      "answer_5": 0.7100806837080796,
      "answer_6": 0.7083727497085169
    },
    "query_5": {
      "answer_1": 0.7302353350322376,
      "answer_2": 0.6729464034175804,
      "answer_3": 0.698224980653128,
      "answer_4": 0.6192532163254646,
      "answer_5": 0.8757862751621283,
      "answer_6": 0.6360635786348662
    },
    "query_6": {
      "answer_1": 0.5768373266350705,
      "answer_2": 0.5402110050825728,
      "answer_3": 0.5897976881580874,
      "answer_4": 0.6109742383437106,
      "answer_5": 0.59777330150982,
      "answer_6": 0.839080346640402
    }
  }
}