{
  "entity": "Winston Churchill",
  "cosine_similarities": {
    "query_1": {
      "answer_1": 0.8307353893831019,
      "answer_2": 0.7573510848333187,
      "answer_3": 0.7189969582465204,
      "answer_4": 0.6077674960309929,
      "answer_5": 0.705363249009535,
      "answer_6": 0.6130794045116006
    },
    "query_2": {
      "answer_1": 0.7000160562175897,
      "answer_2": 0.8987939364697172,
      "answer_3": 0.6420402676944087,
      "answer_4": 0.5430668658308302,
      "answer_5": 0.6077506066189413,
      "answer_6": 0.5849175631480394
    },
    "query_3": {
      "answer_1": 0.7279632295885125,
      "answer_2": 0.709074808793927,
      "answer_3": 0.8366224868333311,
      "answer_4": 0.6910020297813042,
      "answer_5": 0.6792427259037526,
      "answer_6": 0.6199990279320661
    },
    "query_4": {
      "answer_1": 0.6182746349572485,
      "answer_2": 0.6005420804774735,
      "answer_3": 0.6555134438899652,
      "answer_4": 0.822809687092914,
      "answer_5": 0.6465344531369657,
      "answer_6": 0.6814070411311761
    },
    "query_5": {
      "answer_1": 0.719828215034968,
      "answer_2": 0.6839282359765796,
      "answer_3": 0.6780373830774472,
      "answer_4": 0.6431385365835037,
      "answer_5": 0.8566497438502335,
      "answer_6": 0.6275802476996734
    },
    "query_6": {
      "answer_1": 0.6072725846382974,
      "answer_2": 0.6041593022565729,
      "answer_3": 0.5849234401048096,
      "answer_4": 0.6017714249709506,
      "answer_5": 0.5939970543206735,
      "answer_6": 0.776882314836789
    }
  }
}