{
  "entity": "Winston Churchill",
  "cosine_similarities": {
    "query_1": {
      "answer_1": 0.8818426289015519,
      "answer_2": 0.7486355812907695,
      "answer_3": 0.761550402782882,
      "answer_4": 0.6376454917758511,
      "answer_5": 0.7418310350278545,
      "answer_6": 0.6785728421815568
    },
    "query_2": {
      "answer_1": 0.7531667754996637,
      "answer_2": 0.8782334730246998,
      "answer_3": 0.6925628106913037,
      "answer_4": 0.5991960552799914,
      "answer_5": 0.615732729240094,
      "answer_6": 0.6133575702014803
    },
    "query_3": {
      "answer_1": 0.7423921397998784,
      "answer_2": 0.6808668221794185,
      "answer_3": 0.848378989128216,
      "answer_4": 0.6918797661387636,
      "answer_5": 0.7239153843520916,
      "answer_6": 0.612956705054113
    },
    "query_4": {
      "answer_1": 0.612163736169126,
      "answer_2": 0.6215318045095899,
      "answer_3": 0.6668043819651078,
      "answer_4": 0.8511660976715058,
      "answer_5": 0.6862633891716995,
      "answer_6": 0.6960705257803874
    },
    "query_5": {
      "answer_1": 0.676695280235452,
      "answer_2": 0.6315228943596763,
      "answer_3": 0.7046045629481628,
      "answer_4": 0.6573155667902434,
      "answer_5": 0.8796616975635445,
      "answer_6": 0.6853133803392933
    },
    "query_6": {
      "answer_1": 0.6802989380027652,
      "answer_2": 0.6306772289652739,
      "answer_3": 0.6330111215112458,
      "answer_4": 0.6833045814485842,
      "answer_5": 0.6756035792425219,
      "answer_6": 0.8565248806254632
    }
  }
}