{
  "entity": "Winston Churchill",
  "cosine_similarities": {
    "query_1": {
      "answer_1": 0.8958197465977237,
      "answer_2": 0.7247790866087584,
      "answer_3": 0.7888858305403986,
      "answer_4": 0.5816520265234196,
      "answer_5": 0.7346328187017507,
      "answer_6": 0.6134031184140077
    },
    "query_2": {
      "answer_1": 0.7146489408131366,
      "answer_2": 0.8796495230020217,
      "answer_3": 0.7088729332375544,
      "answer_4": 0.5419857853433138,
      "answer_5": 0.6225764911398419,
      "answer_6": 0.5948131787019961
    },
    "query_3": {
      "answer_1": 0.788837852252251,
      "answer_2": 0.7007314057252285,
      "answer_3": 0.8679146694408292,
      "answer_4": 0.6857561795185857,
      "answer_5": 0.7247764883121461,
      "answer_6": 0.6617455424657159
    },
    "query_4": {
      "answer_1": 0.6605676558840371,
      "answer_2": 0.6053098476641454,
      "answer_3": 0.7470309451645858,
      "answer_4": 0.8201511064378747,
      "answer_5": 0.7130131105808595,
      "answer_6": 0.7351179078595719
    },
    "query_5": {
      "answer_1": 0.7879644304763915,
      "answer_2": 0.7069695695956802,
      "answer_3": 0.7864114290642096,
      "answer_4": 0.6511592559148346,
      "answer_5": 0.8781360487095514,
      "answer_6": 0.7070165151772935
    },
    "query_6": {
      "answer_1": 0.6388392078829653,
      "answer_2": 0.6123693564137526,
      "answer_3": 0.6587397727376684,
      "answer_4": 0.65828664937043,
      "answer_5": 0.6316254684676758,
      "answer_6": 0.8354756132870544
    }
  }
}