{
  "entity": "Winston Churchill",
  "cosine_similarities": {
    "query_1": {
      "answer_1": 0.86621331046639,
      "answer_2": 0.7446418259721759,
      "answer_3": 0.6868340330568745,
      "answer_4": 0.6152260768584532,
      "answer_5": 0.7018747553971344,
      "answer_6": 0.6617879896936812
    },
    "query_2": {
      "answer_1": 0.7333841298179621,
      "answer_2": 0.8874694524509866,
      "answer_3": 0.6249389123025461,
      "answer_4": 0.5849299362998439,
      "answer_5": 0.6318524292645603,
      "answer_6": 0.6144709590796321
    },
    "query_3": {
      "answer_1": 0.7008269831478867,
      "answer_2": 0.6210720625891056,
      "answer_3": 0.8433529495347781,
      "answer_4": 0.7251513986654499,
      "answer_5": 0.6800781600982913,
      "answer_6": 0.624482553137785
    },
    "query_4": {
      "answer_1": 0.6642574781328553,
      "answer_2": 0.6211164428099252,
      "answer_3": 0.709061620353733,
      "answer_4": 0.8257176405323069,
      "answer_5": 0.6976178169831427,
      "answer_6": 0.6726222359784543
    },
    "query_5": {
      "answer_1": 0.7201059364225906,
      "answer_2": 0.6812184532073237,
      "answer_3": 0.6390889342747511,
      "answer_4": 0.6796978707926467,
      "answer_5": 0.8708349539327808,
      "answer_6": 0.6952077087493767
    },
    "query_6": {
      "answer_1": 0.6622256631275364,
      "answer_2": 0.6536755545416423,
      "answer_3": 0.5792639831631015,
      "answer_4": 0.6359543776126354,
      "answer_5": 0.6791032088848384,
      "answer_6": 0.8449692986211118
    }
  }
}