{
  "entity": "Winston Churchill",
  "cosine_similarities": {
    "query_1": {
      "answer_1": 0.8382103050019069,
      "answer_2": 0.72697519189897,
      "answer_3": 0.7094017498580482,
      "answer_4": 0.610806558783686,
      "answer_5": 0.7132895581689195,
      "answer_6": 0.6451876629349664
    },
    "query_2": {
      "answer_1": 0.6892926765962226,
      "answer_2": 0.9065420330511551,
      "answer_3": 0.6058220580280591,
      "answer_4": 0.5753570498164848,
      "answer_5": 0.6189892170638324,
      "answer_6": 0.5950424324764549
    },
    "query_3": {
      "answer_1": 0.6820284679702923,
      "answer_2": 0.5901830713400934,
      "answer_3": 0.8724570977595358,
      "answer_4": 0.6440129518012034,
      "answer_5": 0.6017596727200935,
      "answer_6": 0.577605578769221
    },
    "query_4": {
      "answer_1": 0.6414495486877494,
      "answer_2": 0.6345687025607166,
      "answer_3": 0.7018990041001845,
      "answer_4": 0.8271899068873093,
      "answer_5": 0.6824927653718538,
      "answer_6": 0.7123708056299124
    },
    "query_5": {
      "answer_1": 0.7474196561694468,
      "answer_2": 0.6578373033403779,
      "answer_3": 0.6703474311702943,
      "answer_4": 0.6428278973957016,
      "answer_5": 0.8599785262769084,
      "answer_6": 0.6701489242762766
    },
    "query_6": {
      "answer_1": 0.6080866507397458,
      "answer_2": 0.5306345508467372,
      "answer_3": 0.5645297927230046,
      "answer_4": 0.6138039368020114,
      "answer_5": 0.5829992544923706,
      "answer_6": 0.8346834161890542
    }
  }
}