{
  "entity": "Winston Churchill",
  "cosine_similarities": {
    "query_1": {
      "answer_1": 0.8195197333811572,
      "answer_2": 0.7407010676698562,
      "answer_3": 0.6691710884836403,
      "answer_4": 0.6081317232871064,
      "answer_5": 0.6700062527695785,
      "answer_6": 0.6407981860009163
    },
    "query_2": {
      "answer_1": 0.7185794149846472,
      "answer_2": 0.9155232756237486,
      "answer_3": 0.6622052908707112,
      "answer_4": 0.5825051038254179,
      "answer_5": 0.5965266196061657,
      "answer_6": 0.5839954401753078
    },
    "query_3": {
      "answer_1": 0.7069691452556661,
      "answer_2": 0.5978818946119436,
      "answer_3": 0.7806002609307754,
      "answer_4": 0.6880422114019715,
      "answer_5": 0.6219891934007341,
      "answer_6": 0.5883657414675818
    },
    "query_4": {
      "answer_1": 0.6381114062860386,
      "answer_2": 0.6116610845925543,
      "answer_3": 0.6401317007279905,
      "answer_4": 0.8137512496882839,
      "answer_5": 0.7083629081678067,
      "answer_6": 0.6552202742923573
    },
    "query_5": {
      "answer_1": 0.6820860517815086,
      "answer_2": 0.6614217391399814,
      "answer_3": 0.5956315516762335,
      "answer_4": 0.6824818649976091,
      "answer_5": 0.8859808455351108,
      "answer_6": 0.6729629693111044
    },
    "query_6": {
      "answer_1": 0.6366559765654985,
      "answer_2": 0.6447193773081917,
      "answer_3": 0.5726163079595079,
      "answer_4": 0.6896141433292173,
      "answer_5": 0.685106773091801,
      "answer_6": 0.8301472304156192
    }
  }
}