{
  "entity": "Winston Churchill",
  "cosine_similarities": {
    "query_1": {
      "answer_1": 0.8547301774840219,
      "answer_2": 0.7280502996130631,
      "answer_3": 0.6941656301636671,
      "answer_4": 0.6076607540000128,
      "answer_5": 0.7038225840208717,
      "answer_6": 0.6452234273451796
    },
    "query_2": {
      "answer_1": 0.7454959507609367,
      "answer_2": 0.9074258240458325,
      "answer_3": 0.64752188899276,
      "answer_4": 0.5697894677035448,
      "answer_5": 0.6255584810363324,
      "answer_6": 0.6100348213061451
    },
    "query_3": {
      "answer_1": 0.7080773955704945,
      "answer_2": 0.5952542110446035,
      "answer_3": 0.8430894736594197,
      "answer_4": 0.6782552424623093,
      "answer_5": 0.6346436108393165,
      "answer_6": 0.5799413628054073
    },
    "query_4": {
      "answer_1": 0.6439996394616804,
      "answer_2": 0.6099525884526757,
      "answer_3": 0.6703251981370953,
      "answer_4": 0.8811012773576948,
      "answer_5": 0.7254355160978373,
      "answer_6": 0.6997451025428497
    },
    "query_5": {
      "answer_1": 0.7063471064052903,
      "answer_2": 0.659849602534838,
      "answer_3": 0.6574813320033268,
      "answer_4": 0.6649986144703162,
      "answer_5": 0.8578063588377545,
      "answer_6": 0.6536466987827756
    },
    "query_6": {
      "answer_1": 0.6488957167247518,
      "answer_2": 0.6470636558540531,
      "answer_3": 0.5758933363432985,
      "answer_4": 0.6443711544170865,
      "answer_5": 0.6724751809028207,
      "answer_6": 0.8454645967941803
    }
  }
}