{
  "entity": "Winston Churchill",
  "cosine_similarities": {
    "query_1": {
      "answer_1": 0.899086903222386,
      "answer_2": 0.7395529344329973,
      "answer_3": 0.7503831629075027,
      "answer_4": 0.5995077437581883,
      "answer_5": 0.7297679190558866,
      "answer_6": 0.6371291860430439
    },
    "query_2": {
      "answer_1": 0.7087731714138954,
      "answer_2": 0.8825818985034828,
      "answer_3": 0.6800687534497835,
      "answer_4": 0.5510903341351953,
      "answer_5": 0.6224349102964315,
      "answer_6": 0.617076144163347
    },
    "query_3": {
      "answer_1": 0.763627882627525,
      "answer_2": 0.7286373017669227,
      "answer_3": 0.8671625005458045,
      "answer_4": 0.6861551831803702,
      "answer_5": 0.7072600430585837,
      "answer_6": 0.6575408943990462
    },
    "query_4": {
      "answer_1": 0.6538554821873643,
      "answer_2": 0.628494979673326,
      "answer_3": 0.7277490686270894,
      "answer_4": 0.839796467251604,
      "answer_5": 0.690525663844706,
      "answer_6": 0.7291900955238272
    },
    "query_5": {
      "answer_1": 0.7548315969910374,
      "answer_2": 0.671661987837968,
      "answer_3": 0.6979689299346584,
      "answer_4": 0.6441583324187842,
      "answer_5": 0.8644651793028615,
      "answer_6": 0.6725738445668489
    },
    "query_6": {
      "answer_1": 0.6093659747541811,
      "answer_2": 0.5978804775075677,
      "answer_3": 0.6314520432248705,
      "answer_4": 0.6436025977244315,
      "answer_5": 0.6072785227840295,
      "answer_6": 0.8352111172708997
    }
  }
}