{
  "entity": "Winston Churchill",
  "cosine_similarities": {
    "query_1": {
      "answer_1": 0.8654393027453052,
      "answer_2": 0.7156321015337612,
      "answer_3": 0.7239677610522525,
      "answer_4": 0.5957141638416346,
      "answer_5": 0.715911592206215,
      "answer_6": 0.5968990518890217
    },
    "query_2": {
      "answer_1": 0.712283698766076,
      "answer_2": 0.8882088091600745,
      "answer_3": 0.6614139032519253,
      "answer_4": 0.5762521287941786,
      "answer_5": 0.6209581233806266,
      "answer_6": 0.5586303945299756
    },
    "query_3": {
      "answer_1": 0.6445657040777623,
      "answer_2": 0.6214037496752348,
      "answer_3": 0.8635346452970517,
      "answer_4": 0.6077829023529715,
      "answer_5": 0.5918111365655062,
      "answer_6": 0.5509015333246621
    },
    "query_4": {
      "answer_1": 0.6254962907944315,
      "answer_2": 0.6586693744186224,
      "answer_3": 0.724556709762351,
      "answer_4": 0.8276597040344138,
      "answer_5": 0.6923190450178508,
      "answer_6": 0.6879360041546085
    },
    "query_5": {
      "answer_1": 0.7458879613390855,
      "answer_2": 0.6660625458646904,
      "answer_3": 0.6891156026279269,
      "answer_4": 0.6467730442548046,
      "answer_5": 0.8665142234685256,
      "answer_6": 0.6346146320089067
    },
    "query_6": {
      "answer_1": 0.5861730966332972,
      "answer_2": 0.5174047501543041,
      "answer_3": 0.5952775990827808,
      "answer_4": 0.6204334929311017,
      "answer_5": 0.5938222709387564,
      "answer_6": 0.8140741538629735
    }
  }
}