{
  "entity": "Winston Churchill",
  "cosine_similarities": {
    "query_1": {
      "answer_1": 0.8468808769089221,
      "answer_2": 0.7460122073083989,
      "answer_3": 0.6973055083620524,
      "answer_4": 0.6504295478854946,
      "answer_5": 0.703592762401674,
      "answer_6": 0.6814114089965189
    },
    "query_2": {
      "answer_1": 0.7194549365223075,
      "answer_2": 0.9032225526458045,
      "answer_3": 0.6049892954768789,
      "answer_4": 0.6083737939474491,
      "answer_5": 0.6268718375098171,
      "answer_6": 0.5940291721757072
    },
    "query_3": {
      "answer_1": 0.7094664063804285,
      "answer_2": 0.629324990163554,
      "answer_3": 0.8590937652595791,
      "answer_4": 0.7328180173423996,
      "answer_5": 0.6828905755458389,
      "answer_6": 0.6807596249643634
    },
    "query_4": {
      "answer_1": 0.6517587132271004,
      "answer_2": 0.6138862475015835,
      "answer_3": 0.6888004245964022,
      "answer_4": 0.8314898867563911,
      "answer_5": 0.7113841926065376,
      "answer_6": 0.7459558675055334
    },
    "query_5": {
      "answer_1": 0.752142280206392,
      "answer_2": 0.7195603234627022,
      "answer_3": 0.6767702131407791,
      "answer_4": 0.715215411005302,
      "answer_5": 0.8795485424410215,
      "answer_6": 0.7066179872775588
    },
    "query_6": {
      "answer_1": 0.644462063514688,
      "answer_2": 0.5469347660665312,
      "answer_3": 0.6403866409523642,
      "answer_4": 0.6872414380423449,
      "answer_5": 0.6399355460287605,
      "answer_6": 0.8226897081899184
    }
  }
}