{
  "entity": "Winston Churchill",
  "cosine_similarities": {
    "query_1": {
      "answer_1": 0.8872233987006969,
      "answer_2": 0.7354701961425502,
      "answer_3": 0.7345357396966307,
      "answer_4": 0.6029232821000654,
      "answer_5": 0.7517985312809148,
      "answer_6": 0.6732506911831697
    },
    "query_2": {
      "answer_1": 0.7225233148298471,
      "answer_2": 0.8959142512337587,
      "answer_3": 0.6790355289857742,
      "answer_4": 0.5721590312786191,
      "answer_5": 0.6308973927095216,
      "answer_6": 0.6182539605230313
    },
    "query_3": {
      "answer_1": 0.6713295065098243,
      "answer_2": 0.6349834033116795,
      "answer_3": 0.8606962855765085,
      "answer_4": 0.6095658999682668,
      "answer_5": 0.6222227818177355,
      "answer_6": 0.5803212305351453
    },
    "query_4": {
      "answer_1": 0.616787053044469,
      "answer_2": 0.6322587302413285,
      "answer_3": 0.6735016876020004,
      "answer_4": 0.849044878084917,
      "answer_5": 0.6788320539941183,
      "answer_6": 0.7135030824228523
    },
    "query_5": {
      "answer_1": 0.7406408097962363,
      "answer_2": 0.6448729017159249,
      "answer_3": 0.6788450108648165,
      "answer_4": 0.620414124694898,
      "answer_5": 0.8631919981940107,
      "answer_6": 0.6558463490458564
    },
    "query_6": {
      "answer_1": 0.6610078700614981,
      "answer_2": 0.5984408932157272,
      "answer_3": 0.6165861628494016,
      "answer_4": 0.642746024953939,
      "answer_5": 0.6448173400601119,
      "answer_6": 0.8626356823773649
    }
  }
}