{
  "entity": "Winston Churchill",
  "cosine_similarities": {
    "query_1": {
      "answer_1": 0.8727331873887365,
      "answer_2": 0.6909827011620594,
      "answer_3": 0.7470146083447018,
      "answer_4": 0.5592723474227813,
      "answer_5": 0.6880067132479907,
      "answer_6": 0.6164886838254121
    },
    "query_2": {
      "answer_1": 0.6752648321951041,
      "answer_2": 0.89748386805686,
      "answer_3": 0.721702017909072,
      "answer_4": 0.6022119051236773,
      "answer_5": 0.5989313332612113,
      "answer_6": 0.5989942018529116
    },
    "query_3": {
      "answer_1": 0.7386397849343668,
      "answer_2": 0.7024043547856208,
      "answer_3": 0.8619423401023455,
      "answer_4": 0.6766221099823101,
      "answer_5": 0.6452171150788879,
      "answer_6": 0.6628248821738582
    },
    "query_4": {
      "answer_1": 0.640160255562468,
      "answer_2": 0.6160864120300101,
      "answer_3": 0.6980052134704479,
      "answer_4": 0.8477879505191901,
      "answer_5": 0.6066883527303952,
      "answer_6": 0.6983153782693016
    },
    "query_5": {
      "answer_1": 0.7664903287047278,
      "answer_2": 0.671460933814254,
      "answer_3": 0.7300696833727957,
      "answer_4": 0.6308779964248458,
      "answer_5": 0.8517815764046796,
      "answer_6": 0.6657067510106319
    },
    "query_6": {
      "answer_1": 0.6180195992705965,
      "answer_2": 0.5459105413622594,
      "answer_3": 0.6070228787433415,
      "answer_4": 0.6627454650826522,
      "answer_5": 0.5680621463346895,
      "answer_6": 0.8414086263905887
    }
  }
}