{
  "entity": "Winston Churchill",
  "cosine_similarities": {
    "query_1": {
      "answer_1": 0.8812431913484092,
      "answer_2": 0.7323475821872584,
      "answer_3": 0.6677871212629457,
      "answer_4": 0.6255681366361622,
      "answer_5": 0.7059992076509383,
      "answer_6": 0.680119557256199
    },
    "query_2": {
      "answer_1": 0.7225942913447332,
      "answer_2": 0.9005476505659639,
      "answer_3": 0.6246893719468654,
      "answer_4": 0.5941246820046806,
      "answer_5": 0.6268698086971901,
      "answer_6": 0.6244147256596666
    },
    "query_3": {
      "answer_1": 0.690104506533802,
      "answer_2": 0.6193357445653409,
      "answer_3": 0.8447953710231999,
      "answer_4": 0.6755886793346546,
      "answer_5": 0.6676817636437757,
      "answer_6": 0.5735741370954205
    },
    "query_4": {
      "answer_1": 0.6427039370287799,
      "answer_2": 0.6304272340029653,
      "answer_3": 0.6829420618789164,
      "answer_4": 0.8832994526534778,
      "answer_5": 0.7459277020079368,
      "answer_6": 0.6400305139313598
    },
    "query_5": {
      "answer_1": 0.697726068931227,
      "answer_2": 0.6462333763439235,
      "answer_3": 0.6690422703660357,
      "answer_4": 0.6591164075536166,
      "answer_5": 0.873455641054229,
      "answer_6": 0.6458285660887373
    },
    "query_6": {
      "answer_1": 0.6514627794255501,
      "answer_2": 0.6178098882137506,
      "answer_3": 0.5530968746233256,
      "answer_4": 0.5980816529501803,
      "answer_5": 0.6350837627180811,
      "answer_6": 0.8629149305715296
    }
  }
}