{
  "entity": "Winston Churchill",
  "cosine_similarities": {
    "query_1": {
      "answer_1": 0.7993167951918092,
      "answer_2": 0.7017416581788773,
      "answer_3": 0.6320079520910976,
      "answer_4": 0.5760012563999908,
      "answer_5": 0.713166661003923,
      "answer_6": 0.6326218847344005
    },
    "query_2": {
      "answer_1": 0.5958259761362948,
      "answer_2": 0.8558650058112529,
      "answer_3": 0.5537118887324586,
      "answer_4": 0.5448031258276919,
      "answer_5": 0.6225182921444239,
      "answer_6": 0.5521319992298815
    },
    "query_3": {
      "answer_1": 0.6720164550798393,
      "answer_2": 0.6271718199623768,
      "answer_3": 0.7906253192948295,
      "answer_4": 0.6993257233904939,
      "answer_5": 0.6982460750377883,
      "answer_6": 0.6287079436735133
    },
    "query_4": {
      "answer_1": 0.6309790063507574,
      "answer_2": 0.627329475654352,
      "answer_3": 0.6738763662025443,
      "answer_4": 0.832883838166608,
      "answer_5": 0.7436539560469955,
      "answer_6": 0.6841208639157397
    },
    "query_5": {
      "answer_1": 0.643022779185989,
      "answer_2": 0.6458913378006677,
      "answer_3": 0.6022694127173199,
      "answer_4": 0.6547783531714764,
      "answer_5": 0.8715850045888204,
      "answer_6": 0.6432542888348296
    },
    "query_6": {
      "answer_1": 0.6058909234236115,
      "answer_2": 0.5974756126774089,
      "answer_3": 0.5767856905073571,
      "answer_4": 0.6532829980288916,
      "answer_5": 0.6813566569719695,
      "answer_6": 0.7640700967990256
    }
  }
}