{
  "entity": "Winston Churchill",
  "cosine_similarities": {
    "query_1": {
      "answer_1": 0.8574475038373685,
      "answer_2": 0.7269083588341274,
      "answer_3": 0.7051247160525999,
      "answer_4": 0.6032496629813047,
      "answer_5": 0.6857473396097822,
      "answer_6": 0.6579838665700526
    },
    "query_2": {
      "answer_1": 0.7001487652576484,
      "answer_2": 0.905749588936657,
      "answer_3": 0.6152522276218071,
      "answer_4": 0.5890683401092407,
      "answer_5": 0.6182041855312903,
      "answer_6": 0.6000558306708562
    },
    "query_3": {
      "answer_1": 0.685328370484489,
      "answer_2": 0.6248819689820143,
      "answer_3": 0.8698914263200244,
      "answer_4": 0.7194531029431773,
      "answer_5": 0.6715838483979927,
      "answer_6": 0.6402121207113491
    },
    "query_4": {
      "answer_1": 0.5959934005703488,
      "answer_2": 0.5912354438325916,
      "answer_3": 0.7436183648114243,
      "answer_4": 0.8510920490601639,
      "answer_5": 0.713024604459123,
      "answer_6": 0.641612591681921
    },
    "query_5": {
      "answer_1": 0.716854631021261,
      "answer_2": 0.6783545107763984,
      "answer_3": 0.6754125803368968,
      "answer_4": 0.662759852580924,
      "answer_5": 0.878284648146599,
      "answer_6": 0.744326016214198
    },
    "query_6": {
      "answer_1": 0.666664334497613,
      "answer_2": 0.5959893127851352,
      "answer_3": 0.656299929790311,
      "answer_4": 0.6332066190136938,
      "answer_5": 0.6671973914394698,
      "answer_6": 0.8329162425358325
    }
  }
}