{
  "entity": "Winston Churchill",
  "cosine_similarities": {
    "query_1": {
      "answer_1": 0.8532477499169328,
      "answer_2": 0.7377667110494165,
      "answer_3": 0.7076406581983038,
      "answer_4": 0.6129320874751112,
      "answer_5": 0.6947387315171933,
      "answer_6": 0.6584264207733956
    },
    "query_2": {
      "answer_1": 0.7458772501478913,
      "answer_2": 0.9067331794246447,
      "answer_3": 0.6396040372269644,
      "answer_4": 0.5928864517600734,
      "answer_5": 0.632640906258211,
      "answer_6": 0.5971505973813106
    },
    "query_3": {
      "answer_1": 0.7022831220596752,
      "answer_2": 0.6310372515511753,
      "answer_3": 0.8574071765391655,
      "answer_4": 0.7007358130032028,
      "answer_5": 0.6750184408512138,
      "answer_6": 0.6575456627214777
    },
    "query_4": {
      "answer_1": 0.6622735996456739,
      "answer_2": 0.6414340857873203,
      "answer_3": 0.7358212187378775,
      "answer_4": 0.8343004447525927,
      "answer_5": 0.7375515546124036,
      "answer_6": 0.7377055837791269
    },
    "query_5": {
      "answer_1": 0.685609066506199,
      "answer_2": 0.6736701350884812,
      "answer_3": 0.6833113008099835,
      "answer_4": 0.7150352254228568,
      "answer_5": 0.884137747267773,
      "answer_6": 0.7137355177434223
    },
    "query_6": {
      "answer_1": 0.6286376531664297,
      "answer_2": 0.575650795076414,
      "answer_3": 0.6481048609420414,
      "answer_4": 0.6783041555762915,
      "answer_5": 0.665602116145927,
      "answer_6": 0.8355015279882401
    }
  }
}