{
  "entity": "Winston Churchill",
  "cosine_similarities": {
    "query_1": {
      "answer_1": 0.7770752622006555,
      "answer_2": 0.7055090850648421,
      "answer_3": 0.6919927937237936,
      "answer_4": 0.5809511800237324,
      "answer_5": 0.6378836907126159,
      "answer_6": 0.6451951396745687
    },
    "query_2": {
      "answer_1": 0.692905052137531,
      "answer_2": 0.9208546099416647,
      "answer_3": 0.6244998609963937,
      "answer_4": 0.5382734570397049,
      "answer_5": 0.5699375966348089,
      "answer_6": 0.5699591288042805
    },
    "query_3": {
      "answer_1": 0.7029871601079131,
      "answer_2": 0.636777518795932,
      "answer_3": 0.8075104564562737,
      "answer_4": 0.6624035268999711,
      "answer_5": 0.6527363460197247,
      "answer_6": 0.6688122689108067
    },
    "query_4": {
      "answer_1": 0.5794619081690245,
      "answer_2": 0.5403504622158273,
      "answer_3": 0.6630546045788156,
      "answer_4": 0.779301427219337,
      "answer_5": 0.7367234747627418,
      "answer_6": 0.7401372042101578
    },
    "query_5": {
      "answer_1": 0.6251730278009675,
      "answer_2": 0.5805805428372223,
      "answer_3": 0.6167903274038179,
      "answer_4": 0.6338760557258613,
      "answer_5": 0.8207266135447621,
      "answer_6": 0.6773909329434588
    },
    "query_6": {
      "answer_1": 0.5944325663611401,
      "answer_2": 0.6065247159266348,
      "answer_3": 0.6319784711933244,
      "answer_4": 0.6840710481031576,
      "answer_5": 0.7346157799113583,
      "answer_6": 0.8309366478103475
    }
  }
}