{
  "entity": "Winston Churchill",
  "cosine_similarities": {
    "query_1": {
      "answer_1": 0.7909146308690331,
      "answer_2": 0.6977368145695888,
      "answer_3": 0.6381855613956183,
      "answer_4": 0.597373656786662,
      "answer_5": 0.7044308698977169,
      "answer_6": 0.6802467130708238
    },
    "query_2": {
      "answer_1": 0.6547140773776704,
      "answer_2": 0.8633938867591505,
      "answer_3": 0.5493615516523815,
      "answer_4": 0.5558573512530738,
      "answer_5": 0.6111738667537033,
      "answer_6": 0.6264680203377191
    },
    "query_3": {
      "answer_1": 0.6622888978122691,
      "answer_2": 0.5990122029467361,
      "answer_3": 0.7746141676529423,
      "answer_4": 0.7202553095492182,
      "answer_5": 0.6857567699430716,
      "answer_6": 0.5959970770118169
    },
    "query_4": {
      "answer_1": 0.608837135052789,
      "answer_2": 0.6013007738678149,
      "answer_3": 0.6403588521542865,
      "answer_4": 0.8372757309194117,
      "answer_5": 0.7247594291264443,
      "answer_6": 0.6912316924748398
    },
    "query_5": {
      "answer_1": 0.6334144261887303,
      "answer_2": 0.6316555083552149,
      "answer_3": 0.5965437131951346,
      "answer_4": 0.6922639730912264,
      "answer_5": 0.8576124844975909,
      "answer_6": 0.6794892386836349
    },
    "query_6": {
      "answer_1": 0.6197919784283127,
      "answer_2": 0.6534858062216363,
      "answer_3": 0.5291031427423136,
      "answer_4": 0.6963905528494303,
      "answer_5": 0.7252826772851961,
      "answer_6": 0.8431862214928775
    }
  }
}