{
  "entity": "Winston Churchill",
  "cosine_similarities": {
    "query_1": {
      "answer_1": 0.8845240315120199,
      "answer_2": 0.7354270095508892,
      "answer_3": 0.6956787079262937,
      "answer_4": 0.5945031370033332,
      "answer_5": 0.7032125529052855,
      "answer_6": 0.655795636820177
    },
    "query_2": {
      "answer_1": 0.7155694390708879,
      "answer_2": 0.8936404690954521,
      "answer_3": 0.6089523958428552,
      "answer_4": 0.5649619575693648,
      "answer_5": 0.6278521673153816,
      "answer_6": 0.6157086906972992
    },
    "query_3": {
      "answer_1": 0.6769408007050585,
      "answer_2": 0.6313680052692597,
      "answer_3": 0.870103998684873,
      "answer_4": 0.6986994775585694,
      "answer_5": 0.6829750391781826,
      "answer_6": 0.6170761845257827
    },
    "query_4": {
      "answer_1": 0.6546632421382591,
      "answer_2": 0.6553136414612533,
      "answer_3": 0.769827181314769,
      "answer_4": 0.8801470193446734,
      "answer_5": 0.7513534279643197,
      "answer_6": 0.7335104482115762
    },
    "query_5": {
      "answer_1": 0.7177644016359847,
      "answer_2": 0.6942920944469031,
      "answer_3": 0.7006100193205818,
      "answer_4": 0.6942256170476593,
      "answer_5": 0.8974608910761319,
      "answer_6": 0.713172565404357
    },
    "query_6": {
      "answer_1": 0.7019970393366479,
      "answer_2": 0.6712025537636854,
      "answer_3": 0.6626517290737698,
      "answer_4": 0.6765082295991847,
      "answer_5": 0.7347189531005067,
      "answer_6": 0.8738599087072243
    }
  }
}