{
  "entity": "Winston Churchill",
  "cosine_similarities": {
    "query_1": {
      "answer_1": 0.916051903686053,
      "answer_2": 0.880928175926973,
      "answer_3": 0.8783352151291556,
      "answer_4": 0.8448217205041021,
      "answer_5": 0.8767474569591184,
      "answer_6": 0.8680212006686439
    },
    "query_2": {
      "answer_1": 0.8806406780546596,
      "answer_2": 0.9472568021450918,
      "answer_3": 0.8614478735422786,
      "answer_4": 0.8449781373454691,
      "answer_5": 0.8495470396501901,
      "answer_6": 0.8631524781580948
    },
    "query_3": {
      "answer_1": 0.8742659754732487,
      "answer_2": 0.8539153089835234,
      "answer_3": 0.9204711068395646,
      "answer_4": 0.8449529443914715,
      "answer_5": 0.8439256981875072,
      "answer_6": 0.8487728950555421
    },
    "query_4": {
      "answer_1": 0.8670295301808244,
      "answer_2": 0.8592273886551512,
      "answer_3": 0.8679159106013183,
      "answer_4": 0.9222241994351151,
      "answer_5": 0.8659565979711225,
      "answer_6": 0.8865233252298977
    },
    "query_5": {
      "answer_1": 0.8757061553786162,
      "answer_2": 0.8656024120907403,
      "answer_3": 0.8770079004630602,
      "answer_4": 0.848724191973698,
      "answer_5": 0.9333680908509561,
      "answer_6": 0.870833706619138
    },
    "query_6": {
      "answer_1": 0.8526367193907348,
      "answer_2": 0.8409391070926918,
      "answer_3": 0.8397639945120128,
      "answer_4": 0.8465963926097627,
      "answer_5": 0.8446989249975408,
      "answer_6": 0.9098782588966674
    }
  }
}