{
  "entity": "Winston Churchill",
  "cosine_similarities": {
    "query_1": {
      "answer_1": 0.9261853709304637,
      "answer_2": 0.862029210813348,
      "answer_3": 0.8744534602671689,
      "answer_4": 0.8353238064477987,
      "answer_5": 0.88073248275184,
      "answer_6": 0.8599743952141523
    },
    "query_2": {
      "answer_1": 0.881628358187451,
      "answer_2": 0.9458146530411814,
      "answer_3": 0.8709634724007315,
      "answer_4": 0.8378491114031846,
      "answer_5": 0.8363658250303898,
      "answer_6": 0.8510143085453442
    },
    "query_3": {
      "answer_1": 0.8695359996164841,
      "answer_2": 0.8373477662149481,
      "answer_3": 0.9144134454029311,
      "answer_4": 0.834676338991107,
      "answer_5": 0.832015935391713,
      "answer_6": 0.8388029318981823
    },
    "query_4": {
      "answer_1": 0.8632258977518679,
      "answer_2": 0.833705507252741,
      "answer_3": 0.8606192453398468,
      "answer_4": 0.9087475893985415,
      "answer_5": 0.842856870044702,
      "answer_6": 0.8793135546412651
    },
    "query_5": {
      "answer_1": 0.8856438844156811,
      "answer_2": 0.8465175146967324,
      "answer_3": 0.865317987576375,
      "answer_4": 0.8425627502524896,
      "answer_5": 0.9235934899684424,
      "answer_6": 0.8619836089675899
    },
    "query_6": {
      "answer_1": 0.8551631738485852,
      "answer_2": 0.8207451583060201,
      "answer_3": 0.8333497016850479,
      "answer_4": 0.8321445819445752,
      "answer_5": 0.8242205770681356,
      "answer_6": 0.9122002576284871
    }
  }
}