{
  "entity": "Winston Churchill",
  "cosine_similarities": {
    "query_1": {
      "answer_1": 0.9190370339722359,
      "answer_2": 0.8722032398252453,
      "answer_3": 0.8724750373489041,
      "answer_4": 0.8484388069350605,
      "answer_5": 0.8895890820367284,
      "answer_6": 0.8629049963112397
    },
    "query_2": {
      "answer_1": 0.8734844213800229,
      "answer_2": 0.9443586689496054,
      "answer_3": 0.866200981764608,
      "answer_4": 0.8517439488510092,
      "answer_5": 0.8576383724362835,
      "answer_6": 0.860605487717
    },
    "query_3": {
      "answer_1": 0.8710284204805234,
      "answer_2": 0.8471787593071489,
      "answer_3": 0.9301455232395045,
      "answer_4": 0.8516046043541985,
      "answer_5": 0.8477507885173962,
      "answer_6": 0.8470119501009559
    },
    "query_4": {
      "answer_1": 0.8673427007245881,
      "answer_2": 0.8457596670060872,
      "answer_3": 0.8773734442516943,
      "answer_4": 0.9225399611469891,
      "answer_5": 0.8618992510784623,
      "answer_6": 0.8739551432647125
    },
    "query_5": {
      "answer_1": 0.8837944368693423,
      "answer_2": 0.8527226114840774,
      "answer_3": 0.8663178295440943,
      "answer_4": 0.8595024964496679,
      "answer_5": 0.937359463084042,
      "answer_6": 0.8685783584537442
    },
    "query_6": {
      "answer_1": 0.8454014227966099,
      "answer_2": 0.8222076181343823,
      "answer_3": 0.8404332553829275,
      "answer_4": 0.839772367877829,
      "answer_5": 0.8336396617588225,
      "answer_6": 0.9101472965314891
    }
  }
}