{
  "entity": "Winston Churchill",
  "cosine_similarities": {
    "query_1": {
      "answer_1": 0.9267739425387538,
      "answer_2": 0.8772649923967846,
      "answer_3": 0.8551021176861343,
      "answer_4": 0.842006599215448,
      "answer_5": 0.8697484547241567,
      "answer_6": 0.8486484970082309
    },
    "query_2": {
      "answer_1": 0.8754856535318134,
      "answer_2": 0.9460514832423572,
      "answer_3": 0.8552291639990686,
      "answer_4": 0.8500918039497461,
      "answer_5": 0.8556469476166438,
      "answer_6": 0.8400048436297032
    },
    "query_3": {
      "answer_1": 0.8666557098118304,
      "answer_2": 0.8462768206816781,
      "answer_3": 0.9242745387100335,
      "answer_4": 0.8880890870152223,
      "answer_5": 0.8599462127145816,
      "answer_6": 0.8562071308031134
    },
    "query_4": {
      "answer_1": 0.8237662721596307,
      "answer_2": 0.8333661245823589,
      "answer_3": 0.8712010603566882,
      "answer_4": 0.9180737176161943,
      "answer_5": 0.8628229773284838,
      "answer_6": 0.8481519427148174
    },
    "query_5": {
      "answer_1": 0.8734990921034124,
      "answer_2": 0.8723916725286754,
      "answer_3": 0.8506420523236331,
      "answer_4": 0.863089238569371,
      "answer_5": 0.951307769833617,
      "answer_6": 0.8784429717353507
    },
    "query_6": {
      "answer_1": 0.849671452794057,
      "answer_2": 0.8302981682064451,
      "answer_3": 0.8377281045974596,
      "answer_4": 0.8466734256249583,
      "answer_5": 0.8499997655965736,
      "answer_6": 0.9048519497938354
    }
  }
}