{
  "entity": "Winston Churchill",
  "cosine_similarities": {
    "query_1": {
      "answer_1": 0.9204590033033411,
      "answer_2": 0.8911376753491619,
      "answer_3": 0.8798350515029192,
      "answer_4": 0.847845057978397,
      "answer_5": 0.8899037737736137,
      "answer_6": 0.86208517363171
    },
    "query_2": {
      "answer_1": 0.8789842861517756,
      "answer_2": 0.9490423889351521,
      "answer_3": 0.8734977103086234,
      "answer_4": 0.8406053675864416,
      "answer_5": 0.8510692019275188,
      "answer_6": 0.8626396093309221
    },
    "query_3": {
      "answer_1": 0.8885521757517305,
      "answer_2": 0.8757107565751489,
      "answer_3": 0.9210494998147678,
      "answer_4": 0.873599382966325,
      "answer_5": 0.865827707683543,
      "answer_6": 0.8649336096351224
    },
    "query_4": {
      "answer_1": 0.8463073989557051,
      "answer_2": 0.8292823959927803,
      "answer_3": 0.8585505817066377,
      "answer_4": 0.9065100940733777,
      "answer_5": 0.842917141288572,
      "answer_6": 0.8684870951469211
    },
    "query_5": {
      "answer_1": 0.8894934933625432,
      "answer_2": 0.8641803132746376,
      "answer_3": 0.871508416686817,
      "answer_4": 0.8574981572188626,
      "answer_5": 0.9319219284478198,
      "answer_6": 0.8605559856218558
    },
    "query_6": {
      "answer_1": 0.8582065227959065,
      "answer_2": 0.8567147219686562,
      "answer_3": 0.8531594010524874,
      "answer_4": 0.8387951590276637,
      "answer_5": 0.8446871665154315,
      "answer_6": 0.8987257383036122
    }
  }
}