{
  "entity": "Winston Churchill",
  "cosine_similarities": {
    "query_1": {
      "answer_1": 0.9284913093922204,
      "answer_2": 0.8786775333083712,
      "answer_3": 0.8299796670396616,
      "answer_4": 0.8510139173035007,
      "answer_5": 0.8720336726891911,
      "answer_6": 0.8682109806654006
    },
    "query_2": {
      "answer_1": 0.8735259923825104,
      "answer_2": 0.9490254750797165,
      "answer_3": 0.8174277650078839,
      "answer_4": 0.8552264536728196,
      "answer_5": 0.861726183274116,
      "answer_6": 0.860951490703062
    },
    "query_3": {
      "answer_1": 0.8738259712094179,
      "answer_2": 0.8456947110881913,
      "answer_3": 0.892698945837106,
      "answer_4": 0.8859549527444963,
      "answer_5": 0.8659552807820983,
      "answer_6": 0.8719869457962465
    },
    "query_4": {
      "answer_1": 0.8331654580465284,
      "answer_2": 0.8329433015082215,
      "answer_3": 0.8409758821394314,
      "answer_4": 0.9126122070230849,
      "answer_5": 0.8718390841879119,
      "answer_6": 0.8642160582384417
    },
    "query_5": {
      "answer_1": 0.883675101530703,
      "answer_2": 0.8732622132921972,
      "answer_3": 0.829680703014139,
      "answer_4": 0.8752072741787359,
      "answer_5": 0.9553830287855092,
      "answer_6": 0.9010483080199037
    },
    "query_6": {
      "answer_1": 0.8542305163607731,
      "answer_2": 0.8335450884997104,
      "answer_3": 0.8188456249453192,
      "answer_4": 0.8541185438539949,
      "answer_5": 0.8504972923352314,
      "answer_6": 0.9093067752104588
    }
  }
}