{
  "entity": "Winston Churchill",
  "cosine_similarities": {
    "query_1": {
      "answer_1": 0.9111345565718557,
      "answer_2": 0.8805075928820039,
      "answer_3": 0.8627485369013534,
      "answer_4": 0.8348583805702058,
      "answer_5": 0.8870566553497286,
      "answer_6": 0.8666114577331175
    },
    "query_2": {
      "answer_1": 0.8723959962964329,
      "answer_2": 0.9371750795380093,
      "answer_3": 0.8518714191891479,
      "answer_4": 0.8396740228770412,
      "answer_5": 0.8581414831201618,
      "answer_6": 0.8586473011142058
    },
    "query_3": {
      "answer_1": 0.8613063621779801,
      "answer_2": 0.8651692044846031,
      "answer_3": 0.906490622546149,
      "answer_4": 0.8443685420429102,
      "answer_5": 0.8502419442335611,
      "answer_6": 0.8439438970534503
    },
    "query_4": {
      "answer_1": 0.8616371461451492,
      "answer_2": 0.8619971621653747,
      "answer_3": 0.8522167914875673,
      "answer_4": 0.9102634543704495,
      "answer_5": 0.873316943272982,
      "answer_6": 0.8782069846692978
    },
    "query_5": {
      "answer_1": 0.8766481469246833,
      "answer_2": 0.8662095240126731,
      "answer_3": 0.8561495548785346,
      "answer_4": 0.8417899162189444,
      "answer_5": 0.9428260357484061,
      "answer_6": 0.8675717278352428
    },
    "query_6": {
      "answer_1": 0.8468852456824522,
      "answer_2": 0.848745118122379,
      "answer_3": 0.832651152203469,
      "answer_4": 0.8319349188354558,
      "answer_5": 0.8466720666935079,
      "answer_6": 0.9062243433275141
    }
  }
}