{
  "entity": "Winston Churchill",
  "cosine_similarities": {
    "query_1": {
      "answer_1": 0.9348178686517954,
      "answer_2": 0.8741609709665399,
      "answer_3": 0.8559776749029165,
      "answer_4": 0.846223852430565,
      "answer_5": 0.871697695301121,
      "answer_6": 0.8648170154899225
    },
    "query_2": {
      "answer_1": 0.8802792880053582,
      "answer_2": 0.9448614973983963,
      "answer_3": 0.8476435522450098,
      "answer_4": 0.8507593608635127,
      "answer_5": 0.851148235565783,
      "answer_6": 0.8565896418445862
    },
    "query_3": {
      "answer_1": 0.8657146083259728,
      "answer_2": 0.8413539857636836,
      "answer_3": 0.92280410329704,
      "answer_4": 0.8837509760625456,
      "answer_5": 0.8575480434950666,
      "answer_6": 0.8674161237484725
    },
    "query_4": {
      "answer_1": 0.8333461292402885,
      "answer_2": 0.8293415097012319,
      "answer_3": 0.8677613084554205,
      "answer_4": 0.9175103963998982,
      "answer_5": 0.860514906521756,
      "answer_6": 0.8729099660487926
    },
    "query_5": {
      "answer_1": 0.8704502969850536,
      "answer_2": 0.8567224866960617,
      "answer_3": 0.8556924800210242,
      "answer_4": 0.8754200605179502,
      "answer_5": 0.9401082975858445,
      "answer_6": 0.8813401595864268
    },
    "query_6": {
      "answer_1": 0.842785035958051,
      "answer_2": 0.8342266174023033,
      "answer_3": 0.8440428361271068,
      "answer_4": 0.858112473563883,
      "answer_5": 0.8496259913828254,
      "answer_6": 0.9181952019398385
    }
  }
}