{
  "entity": "Winston Churchill",
  "cosine_similarities": {
    "query_1": {
      "answer_1": 0.9340311315687245,
      "answer_2": 0.8833127813095424,
      "answer_3": 0.8604503379927388,
      "answer_4": 0.842443686957697,
      "answer_5": 0.8733257182298598,
      "answer_6": 0.8688331683806817
    },
    "query_2": {
      "answer_1": 0.875494073113519,
      "answer_2": 0.9450302541802273,
      "answer_3": 0.8566043169498515,
      "answer_4": 0.8506636731843963,
      "answer_5": 0.8566886840415966,
      "answer_6": 0.859300532760693
    },
    "query_3": {
      "answer_1": 0.8694771880123074,
      "answer_2": 0.8511573780727653,
      "answer_3": 0.9196575295933298,
      "answer_4": 0.8698380641786723,
      "answer_5": 0.8613510566041415,
      "answer_6": 0.8449112746158711
    },
    "query_4": {
      "answer_1": 0.841562081426988,
      "answer_2": 0.8464664035893394,
      "answer_3": 0.8666500227388643,
      "answer_4": 0.9256883576794535,
      "answer_5": 0.8782457678758911,
      "answer_6": 0.8556987643410057
    },
    "query_5": {
      "answer_1": 0.8678874234229723,
      "answer_2": 0.8569600834937734,
      "answer_3": 0.8571039082757265,
      "answer_4": 0.8528836645986196,
      "answer_5": 0.9422624645508599,
      "answer_6": 0.8638383634778739
    },
    "query_6": {
      "answer_1": 0.86265573613526,
      "answer_2": 0.86282191895351,
      "answer_3": 0.8415489312819305,
      "answer_4": 0.8508836478362738,
      "answer_5": 0.8622774650696006,
      "answer_6": 0.9359947258818507
    }
  }
}