{
  "entity": "Winston Churchill",
  "cosine_similarities": {
    "query_1": {
      "answer_1": 0.9293473524710988,
      "answer_2": 0.8790773585222512,
      "answer_3": 0.8589065362873957,
      "answer_4": 0.8253559645143663,
      "answer_5": 0.8330335345390112,
      "answer_6": 0.8395098043603715
    },
    "query_2": {
      "answer_1": 0.8563814609396759,
      "answer_2": 0.9500683787607461,
      "answer_3": 0.8523257709504121,
      "answer_4": 0.824240942275339,
      "answer_5": 0.8329595618459664,
      "answer_6": 0.8371755709687821
    },
    "query_3": {
      "answer_1": 0.852347647015767,
      "answer_2": 0.859013253117144,
      "answer_3": 0.9147393451531287,
      "answer_4": 0.8432499698606726,
      "answer_5": 0.8303509657402649,
      "answer_6": 0.8516630689211641
    },
    "query_4": {
      "answer_1": 0.809667552255637,
      "answer_2": 0.8215413347760095,
      "answer_3": 0.8405059714021041,
      "answer_4": 0.8884202222378321,
      "answer_5": 0.8334995384459793,
      "answer_6": 0.8508511983474449
    },
    "query_5": {
      "answer_1": 0.8449848150005925,
      "answer_2": 0.858972470005108,
      "answer_3": 0.8536975238226527,
      "answer_4": 0.851589012173562,
      "answer_5": 0.9205273761986315,
      "answer_6": 0.8638994816637099
    },
    "query_6": {
      "answer_1": 0.8465231794363586,
      "answer_2": 0.8446100911031652,
      "answer_3": 0.852429732142287,
      "answer_4": 0.8385319288033473,
      "answer_5": 0.8272571456241278,
      "answer_6": 0.9062026106389812
    }
  }
}