{
  "entity": "Winston Churchill",
  "cosine_similarities": {
    "query_1": {
      "answer_1": 0.9064819672230385,
      "answer_2": 0.890440446087019,
      "answer_3": 0.8580313690687005,
      "answer_4": 0.8445935873882164,
      "answer_5": 0.8648103360446088,
      "answer_6": 0.8709558243374517
    },
    "query_2": {
      "answer_1": 0.8744047628745834,
      "answer_2": 0.947779461869873,
      "answer_3": 0.8547574642578429,
      "answer_4": 0.8497890704978354,
      "answer_5": 0.8624743001552754,
      "answer_6": 0.8561684176298917
    },
    "query_3": {
      "answer_1": 0.8710043114826457,
      "answer_2": 0.8594467222147156,
      "answer_3": 0.9079973399528876,
      "answer_4": 0.8814977026109316,
      "answer_5": 0.8721468384711436,
      "answer_6": 0.8705343883327722
    },
    "query_4": {
      "answer_1": 0.8350701953334619,
      "answer_2": 0.8453707271902988,
      "answer_3": 0.876557266901807,
      "answer_4": 0.911216913296649,
      "answer_5": 0.8783831251152112,
      "answer_6": 0.8538838012826321
    },
    "query_5": {
      "answer_1": 0.8652084019320168,
      "answer_2": 0.8896210677844314,
      "answer_3": 0.8494716148736404,
      "answer_4": 0.8664342973603903,
      "answer_5": 0.9330649476698174,
      "answer_6": 0.8946802889153505
    },
    "query_6": {
      "answer_1": 0.8457335219281302,
      "answer_2": 0.846355622807656,
      "answer_3": 0.840733528925045,
      "answer_4": 0.846865590113991,
      "answer_5": 0.8535583488679382,
      "answer_6": 0.911065617113466
    }
  }
}