{
  "entity": "Winston Churchill",
  "cosine_similarities": {
    "query_1": {
      "answer_1": 0.9248063599544143,
      "answer_2": 0.8800602041431541,
      "answer_3": 0.8607403484675634,
      "answer_4": 0.8449983077256273,
      "answer_5": 0.8770917774557915,
      "answer_6": 0.8695606088034886
    },
    "query_2": {
      "answer_1": 0.875208999955241,
      "answer_2": 0.9435826502938266,
      "answer_3": 0.861225825051165,
      "answer_4": 0.8543772450730462,
      "answer_5": 0.8561655188206142,
      "answer_6": 0.8579334215832655
    },
    "query_3": {
      "answer_1": 0.8729627745195941,
      "answer_2": 0.844635077675987,
      "answer_3": 0.9219948317233241,
      "answer_4": 0.8762853132434185,
      "answer_5": 0.8594708737461342,
      "answer_6": 0.8702654723365939
    },
    "query_4": {
      "answer_1": 0.8410644939138057,
      "answer_2": 0.8315935576090573,
      "answer_3": 0.87238362431837,
      "answer_4": 0.914045386602845,
      "answer_5": 0.8626029619006397,
      "answer_6": 0.8748414785343704
    },
    "query_5": {
      "answer_1": 0.8703294147692213,
      "answer_2": 0.8588658341930813,
      "answer_3": 0.8611755815359698,
      "answer_4": 0.8718194615415189,
      "answer_5": 0.9387427811030529,
      "answer_6": 0.8808850687079367
    },
    "query_6": {
      "answer_1": 0.8512117843134495,
      "answer_2": 0.8304886998763276,
      "answer_3": 0.8424716412213782,
      "answer_4": 0.8487805029962919,
      "answer_5": 0.8563021359533679,
      "answer_6": 0.9161640253225796
    }
  }
}