{
  "entity": "Winston Churchill",
  "cosine_similarities": {
    "query_1": {
      "answer_1": 0.9365874413499711,
      "answer_2": 0.8798070453534319,
      "answer_3": 0.8631807000722024,
      "answer_4": 0.8526036696898722,
      "answer_5": 0.8670424179730468,
      "answer_6": 0.8626585668623467
    },
    "query_2": {
      "answer_1": 0.8709826275684669,
      "answer_2": 0.949672432938481,
      "answer_3": 0.8470713809288665,
      "answer_4": 0.8559808668073993,
      "answer_5": 0.8558582413457032,
      "answer_6": 0.8524315140434632
    },
    "query_3": {
      "answer_1": 0.8662344350674435,
      "answer_2": 0.8458960880889432,
      "answer_3": 0.9349284714643334,
      "answer_4": 0.8869670713081483,
      "answer_5": 0.8627203081517117,
      "answer_6": 0.8637883398347052
    },
    "query_4": {
      "answer_1": 0.8241288775073298,
      "answer_2": 0.8335335490806419,
      "answer_3": 0.8712596233422872,
      "answer_4": 0.9128779326676768,
      "answer_5": 0.8691357032936057,
      "answer_6": 0.8509044476382587
    },
    "query_5": {
      "answer_1": 0.8693330937781808,
      "answer_2": 0.8690408145030619,
      "answer_3": 0.8592504117122599,
      "answer_4": 0.8787544090348035,
      "answer_5": 0.9497766001215007,
      "answer_6": 0.8912102580633093
    },
    "query_6": {
      "answer_1": 0.8498537230488108,
      "answer_2": 0.8313075620666518,
      "answer_3": 0.8504746780208932,
      "answer_4": 0.855940904877816,
      "answer_5": 0.8452796662539432,
      "answer_6": 0.9094979067461936
    }
  }
}