{
  "entity": "Winston Churchill",
  "cosine_similarities": {
    "query_1": {
      "answer_1": 0.936713825890172,
      "answer_2": 0.8823441077462192,
      "answer_3": 0.8854821486627885,
      "answer_4": 0.8461548923613883,
      "answer_5": 0.8995121632633727,
      "answer_6": 0.8629065773640412
    },
    "query_2": {
      "answer_1": 0.8758532489117795,
      "answer_2": 0.935565246935359,
      "answer_3": 0.8691213342639232,
      "answer_4": 0.842920481755809,
      "answer_5": 0.8583030465762848,
      "answer_6": 0.8522420179589166
    },
    "query_3": {
      "answer_1": 0.8820160939490378,
      "answer_2": 0.8664318049493492,
      "answer_3": 0.9094936544791181,
      "answer_4": 0.8703377861372084,
      "answer_5": 0.8754246771447035,
      "answer_6": 0.8724928629043734
    },
    "query_4": {
      "answer_1": 0.8357342982144013,
      "answer_2": 0.825797182247198,
      "answer_3": 0.8500956762212546,
      "answer_4": 0.9178005862505239,
      "answer_5": 0.8533936938634272,
      "answer_6": 0.8682848734269368
    },
    "query_5": {
      "answer_1": 0.8808462234685748,
      "answer_2": 0.8569633510815127,
      "answer_3": 0.8687754216762977,
      "answer_4": 0.8573580239195996,
      "answer_5": 0.9377518335703526,
      "answer_6": 0.8688604773509023
    },
    "query_6": {
      "answer_1": 0.8436486664609907,
      "answer_2": 0.8303497454062737,
      "answer_3": 0.8399957182944542,
      "answer_4": 0.8506013331933041,
      "answer_5": 0.8547289555104455,
      "answer_6": 0.9102797879109903
    }
  }
}