{
  "entity": "Winston Churchill",
  "cosine_similarities": {
    "query_1": {
      "answer_1": 0.9401110914536027,
      "answer_2": 0.8691164027547658,
      "answer_3": 0.8803724241015352,
      "answer_4": 0.8437550792224772,
      "answer_5": 0.8903989733053796,
      "answer_6": 0.8553247811728041
    },
    "query_2": {
      "answer_1": 0.8827181958297291,
      "answer_2": 0.9342659497705489,
      "answer_3": 0.8753258749869688,
      "answer_4": 0.8464675565659934,
      "answer_5": 0.8537320733158185,
      "answer_6": 0.8569362757739397
    },
    "query_3": {
      "answer_1": 0.8650989634363809,
      "answer_2": 0.8437761448585209,
      "answer_3": 0.9316006975345125,
      "answer_4": 0.8477855448714117,
      "answer_5": 0.850256369636178,
      "answer_6": 0.8400565832081294
    },
    "query_4": {
      "answer_1": 0.8326268721600665,
      "answer_2": 0.8220772904934263,
      "answer_3": 0.8589317009867721,
      "answer_4": 0.9158087969453539,
      "answer_5": 0.8475496463944218,
      "answer_6": 0.8504644190910764
    },
    "query_5": {
      "answer_1": 0.8804982808063484,
      "answer_2": 0.8435277060681642,
      "answer_3": 0.8629346121457286,
      "answer_4": 0.8527806920384716,
      "answer_5": 0.9376280988201711,
      "answer_6": 0.8534528669068744
    },
    "query_6": {
      "answer_1": 0.8490831455275274,
      "answer_2": 0.8239404991018884,
      "answer_3": 0.840970568976251,
      "answer_4": 0.8480179272783952,
      "answer_5": 0.8451927347081867,
      "answer_6": 0.9079946192762833
    }
  }
}