{
  "entity": "Winston Churchill",
  "cosine_similarities": {
    "query_1": {
      "answer_1": 0.9218544758281282,
      "answer_2": 0.878383454436837,
      "answer_3": 0.8587471790235552,
      "answer_4": 0.8445193692070746,
      "answer_5": 0.8739547024281771,
      "answer_6": 0.8724795039511213
    },
    "query_2": {
      "answer_1": 0.8712887790697367,
      "answer_2": 0.9481322601836328,
      "answer_3": 0.846473965892108,
      "answer_4": 0.8502044054350113,
      "answer_5": 0.8663644586917179,
      "answer_6": 0.8600206560001886
    },
    "query_3": {
      "answer_1": 0.8746161487956163,
      "answer_2": 0.8458221573860923,
      "answer_3": 0.9236254620796934,
      "answer_4": 0.8773643828720004,
      "answer_5": 0.8704920543356682,
      "answer_6": 0.8781924796333834
    },
    "query_4": {
      "answer_1": 0.8327920534105879,
      "answer_2": 0.8333881070258872,
      "answer_3": 0.8747229283491612,
      "answer_4": 0.9057077788559363,
      "answer_5": 0.8744106544231798,
      "answer_6": 0.8694705057652213
    },
    "query_5": {
      "answer_1": 0.8791731294140271,
      "answer_2": 0.8705122956334639,
      "answer_3": 0.8539572550357084,
      "answer_4": 0.8676688859765649,
      "answer_5": 0.9589595860675987,
      "answer_6": 0.8947910354042276
    },
    "query_6": {
      "answer_1": 0.8601000800116939,
      "answer_2": 0.8259941290886097,
      "answer_3": 0.8473768614243261,
      "answer_4": 0.8509893077728301,
      "answer_5": 0.8515726138743002,
      "answer_6": 0.9114228882062079
    }
  }
}