{
  "entity": "Winston Churchill",
  "cosine_similarities": {
    "query_1": {
      "answer_1": 0.9232216601096531,
      "answer_2": 0.8746691051831218,
      "answer_3": 0.8816345401003219,
      "answer_4": 0.840786471603519,
      "answer_5": 0.8738501927743916,
      "answer_6": 0.8763151941878304
    },
    "query_2": {
      "answer_1": 0.8806959172034038,
      "answer_2": 0.94196705832026,
      "answer_3": 0.8721204158032896,
      "answer_4": 0.830279767825,
      "answer_5": 0.8423811820039234,
      "answer_6": 0.8517844477226997
    },
    "query_3": {
      "answer_1": 0.8718471074497476,
      "answer_2": 0.8567221907556908,
      "answer_3": 0.9273212505579221,
      "answer_4": 0.8416829100252589,
      "answer_5": 0.8461012903511191,
      "answer_6": 0.8558443570452426
    },
    "query_4": {
      "answer_1": 0.8556965738808224,
      "answer_2": 0.841337890981611,
      "answer_3": 0.8704187554250307,
      "answer_4": 0.9283292039381258,
      "answer_5": 0.8856890680426561,
      "answer_6": 0.8779366348152859
    },
    "query_5": {
      "answer_1": 0.8747019430930522,
      "answer_2": 0.8565306876309002,
      "answer_3": 0.8706391822785584,
      "answer_4": 0.8649640687403946,
      "answer_5": 0.9407388487069338,
      "answer_6": 0.8907765368639058
    },
    "query_6": {
      "answer_1": 0.8594622392043338,
      "answer_2": 0.8306983384876456,
      "answer_3": 0.8491843831179032,
      "answer_4": 0.8450953372615864,
      "answer_5": 0.8557643822855152,
      "answer_6": 0.9170958962671539
    }
  }
}