{
  "entity": "Winston Churchill",
  "cosine_similarities": {
    "query_1": {
      "answer_1": 0.9184701508923252,
      "answer_2": 0.8801567886350483,
      "answer_3": 0.8868714184332959,
      "answer_4": 0.8393453736284686,
      "answer_5": 0.8739495174457865,
      "answer_6": 0.8599557449427588
    },
    "query_2": {
      "answer_1": 0.8763734728814156,
      "answer_2": 0.9458795826819802,
      "answer_3": 0.8712564789963118,
      "answer_4": 0.8411181110013305,
      "answer_5": 0.8490507811793059,
      "answer_6": 0.8576956500392517
    },
    "query_3": {
      "answer_1": 0.877339046823993,
      "answer_2": 0.8663544566564066,
      "answer_3": 0.9309019515493929,
      "answer_4": 0.8543753969928858,
      "answer_5": 0.8657671610242722,
      "answer_6": 0.8505593772905238
    },
    "query_4": {
      "answer_1": 0.85176056561275,
      "answer_2": 0.8448619822296449,
      "answer_3": 0.8774947346339272,
      "answer_4": 0.915036496701794,
      "answer_5": 0.8845587905990634,
      "answer_6": 0.8567904981068741
    },
    "query_5": {
      "answer_1": 0.8835123937987952,
      "answer_2": 0.8586504337066486,
      "answer_3": 0.8804878082124524,
      "answer_4": 0.8378816379807517,
      "answer_5": 0.9420021869397686,
      "answer_6": 0.8649327167279816
    },
    "query_6": {
      "answer_1": 0.8560140509325866,
      "answer_2": 0.8482424163660596,
      "answer_3": 0.8599550628863831,
      "answer_4": 0.8437344921814468,
      "answer_5": 0.8622217004161836,
      "answer_6": 0.9153379241782998
    }
  }
}