{
  "entity": "Winston Churchill",
  "cosine_similarities": {
    "query_1": {
      "answer_1": 0.9325289056762659,
      "answer_2": 0.856479073256455,
      "answer_3": 0.8640316021222526,
      "answer_4": 0.8112552985281543,
      "answer_5": 0.8901036888537166,
      "answer_6": 0.8674847396009276
    },
    "query_2": {
      "answer_1": 0.8739109784469765,
      "answer_2": 0.9157903344686199,
      "answer_3": 0.8692552706888932,
      "answer_4": 0.8111112359916034,
      "answer_5": 0.8571554521894027,
      "answer_6": 0.8637068962896921
    },
    "query_3": {
      "answer_1": 0.860556339921281,
      "answer_2": 0.8324877027823269,
      "answer_3": 0.9313110507791289,
      "answer_4": 0.8111805715181281,
      "answer_5": 0.847643553005106,
      "answer_6": 0.8523340613042479
    },
    "query_4": {
      "answer_1": 0.8356456417324835,
      "answer_2": 0.8105304025826094,
      "answer_3": 0.848795324930109,
      "answer_4": 0.8679712695825975,
      "answer_5": 0.8565853217710396,
      "answer_6": 0.866803901521616
    },
    "query_5": {
      "answer_1": 0.8778887250841618,
      "answer_2": 0.8331462527040184,
      "answer_3": 0.8520560805384357,
      "answer_4": 0.824930555312234,
      "answer_5": 0.942564798163202,
      "answer_6": 0.8689696259032667
    },
    "query_6": {
      "answer_1": 0.8529127494234763,
      "answer_2": 0.8348479660886372,
      "answer_3": 0.850334103214701,
      "answer_4": 0.8281761543551852,
      "answer_5": 0.8711670806398293,
      "answer_6": 0.9357238255568799
    }
  }
}