{
  "entity": "Winston Churchill",
  "cosine_similarities": {
    "query_1": {
      "answer_1": 0.9112653289982591,
      "answer_2": 0.8928451671478129,
      "answer_3": 0.8648354042264066,
      "answer_4": 0.8444101079244286,
      "answer_5": 0.881320611463226,
      "answer_6": 0.8658406103558991
    },
    "query_2": {
      "answer_1": 0.8665047385177319,
      "answer_2": 0.9480343391244319,
      "answer_3": 0.8563779677668429,
      "answer_4": 0.8501671805864156,
      "answer_5": 0.8673129400202434,
      "answer_6": 0.8531927548054747
    },
    "query_3": {
      "answer_1": 0.8727609427077394,
      "answer_2": 0.8660616386524606,
      "answer_3": 0.9160470582232009,
      "answer_4": 0.886621877925534,
      "answer_5": 0.8671369182993421,
      "answer_6": 0.8630995725820608
    },
    "query_4": {
      "answer_1": 0.841356216247303,
      "answer_2": 0.8605844719082374,
      "answer_3": 0.8745101301284367,
      "answer_4": 0.9254988861015812,
      "answer_5": 0.8868413428854472,
      "answer_6": 0.8722525956104025
    },
    "query_5": {
      "answer_1": 0.8591622159989416,
      "answer_2": 0.8741067401488074,
      "answer_3": 0.8631018501753116,
      "answer_4": 0.8619002083686663,
      "answer_5": 0.9381889434410055,
      "answer_6": 0.870375791637446
    },
    "query_6": {
      "answer_1": 0.8401173903438693,
      "answer_2": 0.8432052255182473,
      "answer_3": 0.8465342227598933,
      "answer_4": 0.8585979241148558,
      "answer_5": 0.8540642585323476,
      "answer_6": 0.9101372374251099
    }
  }
}