{
  "entity": "Winston Churchill",
  "cosine_similarities": {
    "query_1": {
      "answer_1": 0.9388158091002872,
      "answer_2": 0.8741550922603204,
      "answer_3": 0.8767633004050306,
      "answer_4": 0.8473938829313226,
      "answer_5": 0.8620609966997915,
      "answer_6": 0.8609161267361908
    },
    "query_2": {
      "answer_1": 0.8811150775761544,
      "answer_2": 0.9433120940108806,
      "answer_3": 0.8661612263081413,
      "answer_4": 0.8427509523849158,
      "answer_5": 0.848516329190879,
      "answer_6": 0.8605625734056339
    },
    "query_3": {
      "answer_1": 0.8835522371333396,
      "answer_2": 0.8615087394721069,
      "answer_3": 0.9189162865977786,
      "answer_4": 0.865548345466034,
      "answer_5": 0.8554717163232713,
      "answer_6": 0.8545644947043414
    },
    "query_4": {
      "answer_1": 0.8370264420977751,
      "answer_2": 0.8249850592694075,
      "answer_3": 0.8679698744049655,
      "answer_4": 0.9082422632153124,
      "answer_5": 0.8693359083514668,
      "answer_6": 0.8510107366320556
    },
    "query_5": {
      "answer_1": 0.8681899509892578,
      "answer_2": 0.8529171333350508,
      "answer_3": 0.8710809231758316,
      "answer_4": 0.8689256687425785,
      "answer_5": 0.9479645683224409,
      "answer_6": 0.8722307215413433
    },
    "query_6": {
      "answer_1": 0.8459005563910301,
      "answer_2": 0.8441218879787692,
      "answer_3": 0.8565735351177515,
      "answer_4": 0.8499104336690642,
      "answer_5": 0.8477715364409878,
      "answer_6": 0.90584065330386
    }
  }
}