{
  "entity": "Winston Churchill",
  "cosine_similarities": {
    "query_1": {
      "answer_1": 0.9183032327707373,
      "answer_2": 0.8796002921137883,
      "answer_3": 0.8684446050161063,
      "answer_4": 0.8480371402639965,
      "answer_5": 0.8700434078782997,
      "answer_6": 0.8564124871756589
    },
    "query_2": {
      "answer_1": 0.8826398258366797,
      "answer_2": 0.9491205557622289,
      "answer_3": 0.8644302689579253,
      "answer_4": 0.854080230801837,
      "answer_5": 0.8592734815563648,
      "answer_6": 0.8570754524092784
    },
    "query_3": {
      "answer_1": 0.878758268713259,
      "answer_2": 0.8483454110904878,
      "answer_3": 0.9196471841773411,
      "answer_4": 0.8739520747457814,
      "answer_5": 0.8539347749337612,
      "answer_6": 0.8424668370203845
    },
    "query_4": {
      "answer_1": 0.8479575807503611,
      "answer_2": 0.8454907549319183,
      "answer_3": 0.8650211419494774,
      "answer_4": 0.9320490626718079,
      "answer_5": 0.8762291652583996,
      "answer_6": 0.8708322384494056
    },
    "query_5": {
      "answer_1": 0.871154355464917,
      "answer_2": 0.857992563930105,
      "answer_3": 0.8620030900443467,
      "answer_4": 0.8687809496454634,
      "answer_5": 0.9329682293258157,
      "answer_6": 0.8656630194446306
    },
    "query_6": {
      "answer_1": 0.8641566642129574,
      "answer_2": 0.865711547990384,
      "answer_3": 0.8425728066995412,
      "answer_4": 0.86661899730025,
      "answer_5": 0.8659293589103645,
      "answer_6": 0.9233189471645525
    }
  }
}