{
  "entity": "Winston Churchill",
  "cosine_similarities": {
    "query_1": {
      "answer_1": 0.9187815559934602,
      "answer_2": 0.8839527759324877,
      "answer_3": 0.8785770418048201,
      "answer_4": 0.849154923711767,
      "answer_5": 0.8729996788712875,
      "answer_6": 0.8630786828997875
    },
    "query_2": {
      "answer_1": 0.8886867400912895,
      "answer_2": 0.9477671431117366,
      "answer_3": 0.8767060364916842,
      "answer_4": 0.8513964130282224,
      "answer_5": 0.8570667376744843,
      "answer_6": 0.8665176740753125
    },
    "query_3": {
      "answer_1": 0.888001481303681,
      "answer_2": 0.8672244708297677,
      "answer_3": 0.9194470806971806,
      "answer_4": 0.8777830914156681,
      "answer_5": 0.8667922346776681,
      "answer_6": 0.8551313218902383
    },
    "query_4": {
      "answer_1": 0.8511778708185673,
      "answer_2": 0.842574499681264,
      "answer_3": 0.8567988524663008,
      "answer_4": 0.9243453377468531,
      "answer_5": 0.8686444509694023,
      "answer_6": 0.8638689786958658
    },
    "query_5": {
      "answer_1": 0.8721007777221229,
      "answer_2": 0.8622060958872539,
      "answer_3": 0.8654824295775464,
      "answer_4": 0.8673938939039425,
      "answer_5": 0.9266162134720055,
      "answer_6": 0.8658028463109066
    },
    "query_6": {
      "answer_1": 0.8650445565388544,
      "answer_2": 0.8612418441452657,
      "answer_3": 0.8445207318520839,
      "answer_4": 0.8721691211587952,
      "answer_5": 0.8706830540976749,
      "answer_6": 0.9351112256554434
    }
  }
}