{
  "entity": "Winston Churchill",
  "cosine_similarities": {
    "query_1": {
      "answer_1": 0.9135829243766352,
      "answer_2": 0.8860529459257429,
      "answer_3": 0.879181546791057,
      "answer_4": 0.8529057573487586,
      "answer_5": 0.8933847013885531,
      "answer_6": 0.8617805670733211
    },
    "query_2": {
      "answer_1": 0.8750342886910069,
      "answer_2": 0.9466180026814468,
      "answer_3": 0.8629951637224935,
      "answer_4": 0.8536478819187013,
      "answer_5": 0.8614154542619014,
      "answer_6": 0.8526627576651693
    },
    "query_3": {
      "answer_1": 0.8734717507571436,
      "answer_2": 0.854511318678808,
      "answer_3": 0.9306077966099922,
      "answer_4": 0.8626068801891588,
      "answer_5": 0.856341404097232,
      "answer_6": 0.8458458280584026
    },
    "query_4": {
      "answer_1": 0.849899567634285,
      "answer_2": 0.8537572769591346,
      "answer_3": 0.8815775890732224,
      "answer_4": 0.9096590581967512,
      "answer_5": 0.8707981287815185,
      "answer_6": 0.872941353237162
    },
    "query_5": {
      "answer_1": 0.878073807179932,
      "answer_2": 0.8655754888579761,
      "answer_3": 0.8715234563509552,
      "answer_4": 0.8635588678918892,
      "answer_5": 0.9410990104903457,
      "answer_6": 0.868622064041662
    },
    "query_6": {
      "answer_1": 0.8440038265835553,
      "answer_2": 0.8285509568266862,
      "answer_3": 0.8463612565427758,
      "answer_4": 0.8456230563490518,
      "answer_5": 0.8390082415129579,
      "answer_6": 0.9030556286985993
    }
  }
}