{
  "entity": "Winston Churchill",
  "cosine_similarities": {
    "query_1": {
      "answer_1": 0.9123604182748551,
      "answer_2": 0.8971332569870001,
      "answer_3": 0.851840002012685,
      "answer_4": 0.8400041004842476,
      "answer_5": 0.8688490397639779,
      "answer_6": 0.8676242121777137
    },
    "query_2": {
      "answer_1": 0.8805786421505392,
      "answer_2": 0.9522969573149149,
      "answer_3": 0.8448372035395317,
      "answer_4": 0.8491135654946229,
      "answer_5": 0.8539200236942003,
      "answer_6": 0.8585055422177311
    },
    "query_3": {
      "answer_1": 0.8797509173495984,
      "answer_2": 0.8649294519680008,
      "answer_3": 0.9103393370577065,
      "answer_4": 0.8786159178451052,
      "answer_5": 0.8658817195089931,
      "answer_6": 0.8712989412373539
    },
    "query_4": {
      "answer_1": 0.8465948133323393,
      "answer_2": 0.8494383004488169,
      "answer_3": 0.8678301245647729,
      "answer_4": 0.9060975076692728,
      "answer_5": 0.8620860609286649,
      "answer_6": 0.8553802651886596
    },
    "query_5": {
      "answer_1": 0.8794275835027894,
      "answer_2": 0.8887142842973343,
      "answer_3": 0.854279148894858,
      "answer_4": 0.8631897880088082,
      "answer_5": 0.9452755198293692,
      "answer_6": 0.9025052511921726
    },
    "query_6": {
      "answer_1": 0.8533466206425918,
      "answer_2": 0.8526676281853486,
      "answer_3": 0.8435935567875292,
      "answer_4": 0.8426594028976507,
      "answer_5": 0.8549335799525927,
      "answer_6": 0.9086064871923873
    }
  }
}