{
  "entity": "Winston Churchill",
  "cosine_similarities": {
    "query_1": {
      "answer_1": 0.9394290380617843,
      "answer_2": 0.8844080297895618,
      "answer_3": 0.8742487640301723,
      "answer_4": 0.8433464290934509,
      "answer_5": 0.901853425512455,
      "answer_6": 0.8673939312142079
    },
    "query_2": {
      "answer_1": 0.8769359496474364,
      "answer_2": 0.9446703211381346,
      "answer_3": 0.8671189036178922,
      "answer_4": 0.8380555249995532,
      "answer_5": 0.8611634594529806,
      "answer_6": 0.8595715654878874
    },
    "query_3": {
      "answer_1": 0.8840925264416192,
      "answer_2": 0.8735269489029244,
      "answer_3": 0.9147026857374552,
      "answer_4": 0.8687295949618469,
      "answer_5": 0.8731428569399527,
      "answer_6": 0.8741857895980116
    },
    "query_4": {
      "answer_1": 0.8422244539629549,
      "answer_2": 0.8266828812410624,
      "answer_3": 0.858083090371764,
      "answer_4": 0.909040122130512,
      "answer_5": 0.8548403131374714,
      "answer_6": 0.8672334436079658
    },
    "query_5": {
      "answer_1": 0.886843450659529,
      "answer_2": 0.8541242827071981,
      "answer_3": 0.854821732094209,
      "answer_4": 0.8535120791861118,
      "answer_5": 0.9386214827676546,
      "answer_6": 0.8698942406219231
    },
    "query_6": {
      "answer_1": 0.852918913809077,
      "answer_2": 0.8486171320096123,
      "answer_3": 0.8479116655974961,
      "answer_4": 0.8464874102422015,
      "answer_5": 0.8512073575102039,
      "answer_6": 0.9193481294448161
    }
  }
}