{
  "entity": "Winston Churchill",
  "cosine_similarities": {
    "query_1": {
      "answer_1": 0.9370795442836793,
      "answer_2": 0.8836615415716436,
      "answer_3": 0.8841742035713267,
      "answer_4": 0.8477773515589581,
      "answer_5": 0.8923146826006648,
      "answer_6": 0.8558111438625896
    },
    "query_2": {
      "answer_1": 0.8840810723564796,
      "answer_2": 0.9468510193699151,
      "answer_3": 0.8847028675844018,
      "answer_4": 0.8534718976933342,
      "answer_5": 0.8583493115622006,
      "answer_6": 0.8524709348703011
    },
    "query_3": {
      "answer_1": 0.8834346975462691,
      "answer_2": 0.8713801604483148,
      "answer_3": 0.9205107779545701,
      "answer_4": 0.8734336170559943,
      "answer_5": 0.8807118540660067,
      "answer_6": 0.8487166063894025
    },
    "query_4": {
      "answer_1": 0.8417267316782058,
      "answer_2": 0.8391821564080474,
      "answer_3": 0.8612628130290819,
      "answer_4": 0.9177984308539616,
      "answer_5": 0.8497870445444394,
      "answer_6": 0.8591664125689543
    },
    "query_5": {
      "answer_1": 0.8710175350578888,
      "answer_2": 0.8519464229103857,
      "answer_3": 0.8721532213003261,
      "answer_4": 0.8582980569994003,
      "answer_5": 0.9421316732907832,
      "answer_6": 0.8704371840433405
    },
    "query_6": {
      "answer_1": 0.8614681128027006,
      "answer_2": 0.8471306026276276,
      "answer_3": 0.8452444486204502,
      "answer_4": 0.866744806214396,
      "answer_5": 0.8499823328026199,
      "answer_6": 0.9115738796979811
    }
  }
}