{
  "entity": "Winston Churchill",
  "cosine_similarities": {
    "query_1": {
      "answer_1": 0.9095782442981695,
      "answer_2": 0.8879462175072811,
      "answer_3": 0.8666949627594533,
      "answer_4": 0.8455270745973067,
      "answer_5": 0.8639932528443478,
      "answer_6": 0.8646185905413272
    },
    "query_2": {
      "answer_1": 0.8752483203095348,
      "answer_2": 0.9454955114261163,
      "answer_3": 0.8747770672401767,
      "answer_4": 0.8538223628446157,
      "answer_5": 0.85354030881478,
      "answer_6": 0.85040878567103
    },
    "query_3": {
      "answer_1": 0.8791523088567459,
      "answer_2": 0.8557752010158873,
      "answer_3": 0.9069149294816188,
      "answer_4": 0.8745555145853434,
      "answer_5": 0.8484604014225026,
      "answer_6": 0.8513708878589544
    },
    "query_4": {
      "answer_1": 0.8506167679039783,
      "answer_2": 0.8520656278774785,
      "answer_3": 0.863614428467004,
      "answer_4": 0.9090704183982173,
      "answer_5": 0.8778052603812624,
      "answer_6": 0.8613353680511068
    },
    "query_5": {
      "answer_1": 0.8741498707755412,
      "answer_2": 0.8740359916046394,
      "answer_3": 0.8474551950760627,
      "answer_4": 0.8683019308918464,
      "answer_5": 0.9386166832324381,
      "answer_6": 0.8673860829090712
    },
    "query_6": {
      "answer_1": 0.8600053428534895,
      "answer_2": 0.8753505510888032,
      "answer_3": 0.8447581121178392,
      "answer_4": 0.8747436581847357,
      "answer_5": 0.8682298205483316,
      "answer_6": 0.9115527639067335
    }
  }
}