{
  "entity": "Winston Churchill",
  "cosine_similarities": {
    "query_1": {
      "answer_1": 0.9305527818717744,
      "answer_2": 0.8844709280454082,
      "answer_3": 0.8649142724667329,
      "answer_4": 0.8474240663024503,
      "answer_5": 0.8633853197420414,
      "answer_6": 0.8721700703673249
    },
    "query_2": {
      "answer_1": 0.8653139737216092,
      "answer_2": 0.9480980005204634,
      "answer_3": 0.8605420457959384,
      "answer_4": 0.8475453692319698,
      "answer_5": 0.8548268971459372,
      "answer_6": 0.865454741352274
    },
    "query_3": {
      "answer_1": 0.8587733716094156,
      "answer_2": 0.8507661518109857,
      "answer_3": 0.922422727630099,
      "answer_4": 0.8751316872510676,
      "answer_5": 0.8507269931726558,
      "answer_6": 0.8462063025451806
    },
    "query_4": {
      "answer_1": 0.8277510696908402,
      "answer_2": 0.8496525258849704,
      "answer_3": 0.86918015806488,
      "answer_4": 0.9327918059470521,
      "answer_5": 0.8753972438939638,
      "answer_6": 0.8713322507317954
    },
    "query_5": {
      "answer_1": 0.8638151588447675,
      "answer_2": 0.8590335640812102,
      "answer_3": 0.8623564626780736,
      "answer_4": 0.8647752975325762,
      "answer_5": 0.9345484117067109,
      "answer_6": 0.8751928711827918
    },
    "query_6": {
      "answer_1": 0.8497001617822901,
      "answer_2": 0.8611320439439261,
      "answer_3": 0.8465942726805291,
      "answer_4": 0.8642567840731469,
      "answer_5": 0.8637098340662901,
      "answer_6": 0.9374637928190849
    }
  }
}