{
  "entity": "Winston Churchill",
  "cosine_similarities": {
    "query_1": {
      "answer_1": 0.9358779887319443,
      "answer_2": 0.8678682546044031,
      "answer_3": 0.8854374778214901,
      "answer_4": 0.8448911154654278,
      "answer_5": 0.8569315116314031,
      "answer_6": 0.8696040679644744
    },
    "query_2": {
      "answer_1": 0.8719281596424209,
      "answer_2": 0.9301327978813586,
      "answer_3": 0.8807307239070401,
      "answer_4": 0.8420957590565767,
      "answer_5": 0.83575425108784,
      "answer_6": 0.8554001545154077
    },
    "query_3": {
      "answer_1": 0.8832638337358288,
      "answer_2": 0.8550779684469318,
      "answer_3": 0.921176024416832,
      "answer_4": 0.8726850887071579,
      "answer_5": 0.8552188506662877,
      "answer_6": 0.8707492082827287
    },
    "query_4": {
      "answer_1": 0.8420398480743473,
      "answer_2": 0.8150174873392052,
      "answer_3": 0.8615814318616868,
      "answer_4": 0.9152132712552452,
      "answer_5": 0.86514100980826,
      "answer_6": 0.8821570513028121
    },
    "query_5": {
      "answer_1": 0.8687700270952049,
      "answer_2": 0.8359871592806619,
      "answer_3": 0.868603769928636,
      "answer_4": 0.8609592109641605,
      "answer_5": 0.9332865526223589,
      "answer_6": 0.8724692722736613
    },
    "query_6": {
      "answer_1": 0.8699676243751646,
      "answer_2": 0.843557747193924,
      "answer_3": 0.8755440533779283,
      "answer_4": 0.8757825938101625,
      "answer_5": 0.8641876793206277,
      "answer_6": 0.9347998631008754
    }
  }
}