{
  "entity": "Winston Churchill",
  "cosine_similarities": {
    "query_1": {
      "answer_1": 0.9410680933560455,
      "answer_2": 0.8714001046912988,
      "answer_3": 0.8548013229334429,
      "answer_4": 0.8384106189863393,
      "answer_5": 0.8581459235677874,
      "answer_6": 0.8600761761676042
    },
    "query_2": {
      "answer_1": 0.8795600668303469,
      "answer_2": 0.9271402107455777,
      "answer_3": 0.840780184513354,
      "answer_4": 0.8411641577938487,
      "answer_5": 0.8437735597148792,
      "answer_6": 0.8540624338635949
    },
    "query_3": {
      "answer_1": 0.8700432942916904,
      "answer_2": 0.8456587688304978,
      "answer_3": 0.9186006424287275,
      "answer_4": 0.8731366783659674,
      "answer_5": 0.845892776001352,
      "answer_6": 0.8784671087414552
    },
    "query_4": {
      "answer_1": 0.8389145698259737,
      "answer_2": 0.8292290468279405,
      "answer_3": 0.8655916764369006,
      "answer_4": 0.918084635177458,
      "answer_5": 0.847290026441629,
      "answer_6": 0.8876642401124227
    },
    "query_5": {
      "answer_1": 0.8783190947482159,
      "answer_2": 0.8548603187655051,
      "answer_3": 0.8564648987597835,
      "answer_4": 0.8655305949397931,
      "answer_5": 0.909884803814672,
      "answer_6": 0.8809507732791477
    },
    "query_6": {
      "answer_1": 0.8506139737755241,
      "answer_2": 0.8266468301740401,
      "answer_3": 0.8473133021861554,
      "answer_4": 0.8520438840500223,
      "answer_5": 0.8376636418333943,
      "answer_6": 0.9166174966441872
    }
  }
}