{
  "entity": "Winston Churchill",
  "cosine_similarities": {
    "query_1": {
      "answer_1": 0.913581368042016,
      "answer_2": 0.8606146394965366,
      "answer_3": 0.8715085654741379,
      "answer_4": 0.834624682419787,
      "answer_5": 0.8678083006570595,
      "answer_6": 0.8456769817042142
    },
    "query_2": {
      "answer_1": 0.8636919457993999,
      "answer_2": 0.9380832803395145,
      "answer_3": 0.8712895019386836,
      "answer_4": 0.8449197589032051,
      "answer_5": 0.8415467832333223,
      "answer_6": 0.8503377869324629
    },
    "query_3": {
      "answer_1": 0.8497332519162094,
      "answer_2": 0.8522355489019247,
      "answer_3": 0.9327878803699636,
      "answer_4": 0.847069519735112,
      "answer_5": 0.841459918755461,
      "answer_6": 0.8457129633541433
    },
    "query_4": {
      "answer_1": 0.8164219776428698,
      "answer_2": 0.8249111394711475,
      "answer_3": 0.8535938488345878,
      "answer_4": 0.9083583459168244,
      "answer_5": 0.8342765163205387,
      "answer_6": 0.864414988028585
    },
    "query_5": {
      "answer_1": 0.8649325885344594,
      "answer_2": 0.8561734764412249,
      "answer_3": 0.8614594633876267,
      "answer_4": 0.8649564577373526,
      "answer_5": 0.9331339863726692,
      "answer_6": 0.8605374602136407
    },
    "query_6": {
      "answer_1": 0.8227460438133073,
      "answer_2": 0.8129926852791662,
      "answer_3": 0.8384626318835099,
      "answer_4": 0.8456774484732456,
      "answer_5": 0.8292303435041823,
      "answer_6": 0.9104614742729857
    }
  }
}