{
  "entity": "Winston Churchill",
  "cosine_similarities": {
    "query_1": {
      "answer_1": 0.7810891286041269,
      "answer_2": 0.7092827925037746,
      "answer_3": 0.6144272437275472,
      "answer_4": 0.5169898904868004,
      "answer_5": 0.5793370686160451,
      "answer_6": 0.5325356787896751
    },
    "query_2": {
      "answer_1": 0.6701397153469527,
      "answer_2": 0.8967714238595595,
      "answer_3": 0.6402227227281642,
      "answer_4": 0.5201716970142178,
      "answer_5": 0.5497965709594823,
      "answer_6": 0.5059263823327431
    },
    "query_3": {
      "answer_1": 0.6431295915079339,
      "answer_2": 0.5856065356103767,
      "answer_3": 0.7991557660752789,
      "answer_4": 0.6008297957363418,
      "answer_5": 0.5582252055590586,
      "answer_6": 0.5460263676979146
    },
    "query_4": {
      "answer_1": 0.5556582265027026,
      "answer_2": 0.57542424926101,
      "answer_3": 0.5692940949044425,
      "answer_4": 0.7882603893937743,
      "answer_5": 0.6729382777974784,
      "answer_6": 0.5901490488233121
    },
    "query_5": {
      "answer_1": 0.6114886832948946,
      "answer_2": 0.6179624950526991,
      "answer_3": 0.5241539479539847,
      "answer_4": 0.6472637574388242,
      "answer_5": 0.88283558505006,
      "answer_6": 0.5948854464686097
    },
    "query_6": {
      "answer_1": 0.5815595260294282,
      "answer_2": 0.6173313110915547,
      "answer_3": 0.5271202876881113,
      "answer_4": 0.6599607859897841,
      "answer_5": 0.6719600683146771,
      "answer_6": 0.8239628118268894
    }
  }
}