{
  "entity": "Winston Churchill",
  "cosine_similarities": {
    "query_1": {
      "answer_1": 0.7559535349208696,
      "answer_2": 0.6814116360256827,
      "answer_3": 0.5564570863322864,
      "answer_4": 0.5149531795479567,
      "answer_5": 0.6129597735898484,
      "answer_6": 0.5564051923399325
    },
    "query_2": {
      "answer_1": 0.6537952346539945,
      "answer_2": 0.8641492254712206,
      "answer_3": 0.5295382814396422,
      "answer_4": 0.48451233126591203,
      "answer_5": 0.558067148076767,
      "answer_6": 0.5425779377064615
    },
    "query_3": {
      "answer_1": 0.6038849268163625,
      "answer_2": 0.5776145493587254,
      "answer_3": 0.7700101107676962,
      "answer_4": 0.638458555840735,
      "answer_5": 0.5747593555927991,
      "answer_6": 0.5097142832725032
    },
    "query_4": {
      "answer_1": 0.5496917889119093,
      "answer_2": 0.5673212678049309,
      "answer_3": 0.5619971502799765,
      "answer_4": 0.8190575636874768,
      "answer_5": 0.6417491411256139,
      "answer_6": 0.6061720726969806
    },
    "query_5": {
      "answer_1": 0.5622629332563296,
      "answer_2": 0.5773972489408825,
      "answer_3": 0.5057628948994091,
      "answer_4": 0.6281596086129954,
      "answer_5": 0.8363286754019441,
      "answer_6": 0.5896014056815846
    },
    "query_6": {
      "answer_1": 0.5712188812053144,
      "answer_2": 0.6161313554207378,
      "answer_3": 0.4673473650579529,
      "answer_4": 0.683736252472028,
      "answer_5": 0.6846145695798727,
      "answer_6": 0.8295283185445698
    }
  }
}