{
  "entity": "Winston Churchill",
  "cosine_similarities": {
    "query_1": {
      "answer_1": 0.8160811154496193,
      "answer_2": 0.7133229332576335,
      "answer_3": 0.6598017418509676,
      "answer_4": 0.5370481468066169,
      "answer_5": 0.6370008072819463,
      "answer_6": 0.5448020859158962
    },
    "query_2": {
      "answer_1": 0.6801723235500053,
      "answer_2": 0.9002190963255734,
      "answer_3": 0.5851321357655628,
      "answer_4": 0.4729139285550639,
      "answer_5": 0.5318644826158931,
      "answer_6": 0.5005692478896184
    },
    "query_3": {
      "answer_1": 0.6931315349982494,
      "answer_2": 0.6642403886361962,
      "answer_3": 0.7988255478886528,
      "answer_4": 0.5933965749444456,
      "answer_5": 0.5866104194924405,
      "answer_6": 0.5403617478774744
    },
    "query_4": {
      "answer_1": 0.5361391392350506,
      "answer_2": 0.5125656167205979,
      "answer_3": 0.5672173606286137,
      "answer_4": 0.8064388760150626,
      "answer_5": 0.5538752241985306,
      "answer_6": 0.6050920129939265
    },
    "query_5": {
      "answer_1": 0.6613274194712855,
      "answer_2": 0.6042692814923687,
      "answer_3": 0.588532744525338,
      "answer_4": 0.5961368665021084,
      "answer_5": 0.8219573801822301,
      "answer_6": 0.5651071926864103
    },
    "query_6": {
      "answer_1": 0.603377539185756,
      "answer_2": 0.5765178037184355,
      "answer_3": 0.5618505245976876,
      "answer_4": 0.6111137611666361,
      "answer_5": 0.5693557830167009,
      "answer_6": 0.7926237190196366
    }
  }
}