{
  "entity": "Winston Churchill",
  "cosine_similarities": {
    "query_1": {
      "answer_1": 0.8529167468029962,
      "answer_2": 0.6964454978718843,
      "answer_3": 0.5965001890160031,
      "answer_4": 0.5480840441841776,
      "answer_5": 0.623413228631467,
      "answer_6": 0.5770717170665088
    },
    "query_2": {
      "answer_1": 0.6926242149425487,
      "answer_2": 0.8919487425316124,
      "answer_3": 0.6054979889270165,
      "answer_4": 0.5256453434140573,
      "answer_5": 0.582635463051391,
      "answer_6": 0.5499639286954828
    },
    "query_3": {
      "answer_1": 0.6459925562152006,
      "answer_2": 0.5805119479579922,
      "answer_3": 0.8433321429375209,
      "answer_4": 0.6094935784037496,
      "answer_5": 0.5890396237658807,
      "answer_6": 0.53855755283702
    },
    "query_4": {
      "answer_1": 0.562377267712032,
      "answer_2": 0.5647077293221446,
      "answer_3": 0.5608762448781999,
      "answer_4": 0.8387147666324544,
      "answer_5": 0.6699926969483312,
      "answer_6": 0.5769100439529002
    },
    "query_5": {
      "answer_1": 0.6135334402928602,
      "answer_2": 0.5871689578734284,
      "answer_3": 0.5494828183635708,
      "answer_4": 0.6134144211347358,
      "answer_5": 0.8732899696078742,
      "answer_6": 0.589103622358522
    },
    "query_6": {
      "answer_1": 0.5966444772563717,
      "answer_2": 0.6106136861850758,
      "answer_3": 0.4943602350497695,
      "answer_4": 0.6099610322283026,
      "answer_5": 0.6315195108446338,
      "answer_6": 0.8976426468584324
    }
  }
}