{
  "entity": "Winston Churchill",
  "cosine_similarities": {
    "query_1": {
      "answer_1": 0.8094009223522115,
      "answer_2": 0.6410543637325168,
      "answer_3": 0.6185291660864218,
      "answer_4": 0.4965609483241257,
      "answer_5": 0.5736187725895023,
      "answer_6": 0.5197738097906384
    },
    "query_2": {
      "answer_1": 0.6491315269285546,
      "answer_2": 0.896735146983063,
      "answer_3": 0.6658809204268863,
      "answer_4": 0.5117918957067171,
      "answer_5": 0.5395024960631929,
      "answer_6": 0.5068347568445423
    },
    "query_3": {
      "answer_1": 0.6802440688809868,
      "answer_2": 0.6424516577069016,
      "answer_3": 0.8636403975266242,
      "answer_4": 0.5666521448564069,
      "answer_5": 0.5239419490012173,
      "answer_6": 0.5391925985480943
    },
    "query_4": {
      "answer_1": 0.5329054535739852,
      "answer_2": 0.5349701378086971,
      "answer_3": 0.5953796487848589,
      "answer_4": 0.8393765288616968,
      "answer_5": 0.5983763280780178,
      "answer_6": 0.6431849399647958
    },
    "query_5": {
      "answer_1": 0.6424914747614583,
      "answer_2": 0.5803804751661658,
      "answer_3": 0.5702771503908751,
      "answer_4": 0.5927563444283269,
      "answer_5": 0.8533625136438996,
      "answer_6": 0.5795651217703042
    },
    "query_6": {
      "answer_1": 0.5513544479022118,
      "answer_2": 0.5027845463763527,
      "answer_3": 0.5246756455317664,
      "answer_4": 0.6046891334844704,
      "answer_5": 0.5342463664856297,
      "answer_6": 0.8365269483786083
    }
  }
}