{
  "entity": "Winston Churchill",
  "cosine_similarities": {
    "query_1": {
      "answer_1": 0.7864083284984587,
      "answer_2": 0.6789886953880827,
      "answer_3": 0.615712852147838,
      "answer_4": 0.545581916926224,
      "answer_5": 0.608634214479862,
      "answer_6": 0.556320033545355
    },
    "query_2": {
      "answer_1": 0.6910207251327458,
      "answer_2": 0.8956499289812323,
      "answer_3": 0.6202339773652377,
      "answer_4": 0.5123971246336689,
      "answer_5": 0.586331512274244,
      "answer_6": 0.538527658945649
    },
    "query_3": {
      "answer_1": 0.6545073580905185,
      "answer_2": 0.56445505718804,
      "answer_3": 0.8464123818736757,
      "answer_4": 0.6232597438476777,
      "answer_5": 0.5636889955223557,
      "answer_6": 0.5264104513211387
    },
    "query_4": {
      "answer_1": 0.5457573484487945,
      "answer_2": 0.5384522658115765,
      "answer_3": 0.5575884497895908,
      "answer_4": 0.8646832895082375,
      "answer_5": 0.6545321012561204,
      "answer_6": 0.625162026600141
    },
    "query_5": {
      "answer_1": 0.5995261218190312,
      "answer_2": 0.5701582047059277,
      "answer_3": 0.5583909596696015,
      "answer_4": 0.6352080925485595,
      "answer_5": 0.8472471842593066,
      "answer_6": 0.6135144811743554
    },
    "query_6": {
      "answer_1": 0.5816461676021346,
      "answer_2": 0.6065075655313396,
      "answer_3": 0.5191272286965715,
      "answer_4": 0.6713214681456401,
      "answer_5": 0.6562633737355985,
      "answer_6": 0.8675147355614524
    }
  }
}