{
  "entity": "Winston Churchill",
  "cosine_similarities": {
    "query_1": {
      "answer_1": 0.8087543854015692,
      "answer_2": 0.6625658625023477,
      "answer_3": 0.6309709994191497,
      "answer_4": 0.4908234363727025,
      "answer_5": 0.5805617517822987,
      "answer_6": 0.5478605580943916
    },
    "query_2": {
      "answer_1": 0.6657935983120358,
      "answer_2": 0.9003974343362068,
      "answer_3": 0.6712968398333682,
      "answer_4": 0.5013633164509046,
      "answer_5": 0.5470133950197965,
      "answer_6": 0.516026088507142
    },
    "query_3": {
      "answer_1": 0.6865867183283092,
      "answer_2": 0.6227082870455974,
      "answer_3": 0.8365205674439541,
      "answer_4": 0.5612221537951374,
      "answer_5": 0.5378580984362329,
      "answer_6": 0.5527420364311905
    },
    "query_4": {
      "answer_1": 0.6103662624816716,
      "answer_2": 0.5727595398425653,
      "answer_3": 0.6396003646826021,
      "answer_4": 0.8431562733940213,
      "answer_5": 0.6290375713119262,
      "answer_6": 0.6704389963317928
    },
    "query_5": {
      "answer_1": 0.6711611725343161,
      "answer_2": 0.5769676014268876,
      "answer_3": 0.5965246703686229,
      "answer_4": 0.5451217332928627,
      "answer_5": 0.841264047169929,
      "answer_6": 0.5868603252090632
    },
    "query_6": {
      "answer_1": 0.5913215201910801,
      "answer_2": 0.5289456458144176,
      "answer_3": 0.5402275738729722,
      "answer_4": 0.5537100006508876,
      "answer_5": 0.5739792581720915,
      "answer_6": 0.8541327860884839
    }
  }
}