{
  "entity": "Winston Churchill",
  "cosine_similarities": {
    "query_1": {
      "answer_1": 0.8324105165614756,
      "answer_2": 0.6887393334674925,
      "answer_3": 0.6302077824454448,
      "answer_4": 0.529513725498983,
      "answer_5": 0.6385381828601825,
      "answer_6": 0.5804703563660881
    },
    "query_2": {
      "answer_1": 0.7241299607401371,
      "answer_2": 0.8848251895504885,
      "answer_3": 0.6146620736854199,
      "answer_4": 0.5175307391367571,
      "answer_5": 0.5949915822592096,
      "answer_6": 0.54458627547177
    },
    "query_3": {
      "answer_1": 0.634428842031695,
      "answer_2": 0.5610152190060298,
      "answer_3": 0.8584837999624491,
      "answer_4": 0.634468799352781,
      "answer_5": 0.5794991095372087,
      "answer_6": 0.5865924030884898
    },
    "query_4": {
      "answer_1": 0.6079284879544424,
      "answer_2": 0.5792693542105865,
      "answer_3": 0.6534439611496243,
      "answer_4": 0.837853323468747,
      "answer_5": 0.657043234423209,
      "answer_6": 0.6586839197717076
    },
    "query_5": {
      "answer_1": 0.6357173923700303,
      "answer_2": 0.6076146811559188,
      "answer_3": 0.5891820853025116,
      "answer_4": 0.638567750224284,
      "answer_5": 0.8688264893179463,
      "answer_6": 0.6208788317053938
    },
    "query_6": {
      "answer_1": 0.5975102025351076,
      "answer_2": 0.5633103703222451,
      "answer_3": 0.5517209316911257,
      "answer_4": 0.645373531060621,
      "answer_5": 0.6518962515573425,
      "answer_6": 0.839473802229376
    }
  }
}