{
  "entity": "Winston Churchill",
  "cosine_similarities": {
    "query_1": {
      "answer_1": 0.8595547278939629,
      "answer_2": 0.6878646392740683,
      "answer_3": 0.6190246780916013,
      "answer_4": 0.5283356863980784,
      "answer_5": 0.6026313406071203,
      "answer_6": 0.5819736360587152
    },
    "query_2": {
      "answer_1": 0.7051327143517707,
      "answer_2": 0.8969105106750204,
      "answer_3": 0.5473952773274895,
      "answer_4": 0.5142932890684168,
      "answer_5": 0.5724383804381676,
      "answer_6": 0.5553762218932821
    },
    "query_3": {
      "answer_1": 0.6202169874826302,
      "answer_2": 0.5616871677451785,
      "answer_3": 0.8577138361751679,
      "answer_4": 0.6311815709240495,
      "answer_5": 0.5596248127810942,
      "answer_6": 0.5400714395120602
    },
    "query_4": {
      "answer_1": 0.5739463635107758,
      "answer_2": 0.5814122580108372,
      "answer_3": 0.6548439368286161,
      "answer_4": 0.8691563876905917,
      "answer_5": 0.6547284787620739,
      "answer_6": 0.6556109554309204
    },
    "query_5": {
      "answer_1": 0.6102832962683032,
      "answer_2": 0.589724569366797,
      "answer_3": 0.5800392920421867,
      "answer_4": 0.6607008730945423,
      "answer_5": 0.8656089746979868,
      "answer_6": 0.6437078986777561
    },
    "query_6": {
      "answer_1": 0.6130226958244229,
      "answer_2": 0.6064031872050172,
      "answer_3": 0.579372130080475,
      "answer_4": 0.6766611743983951,
      "answer_5": 0.6777672610039837,
      "answer_6": 0.8826673757097183
    }
  }
}