{
  "entity": "Winston Churchill",
  "cosine_similarities": {
    "query_1": {
      "answer_1": 0.8613612559973173,
      "answer_2": 0.6907018109881954,
      "answer_3": 0.7158105588737681,
      "answer_4": 0.542453905974245,
      "answer_5": 0.6616401731721963,
      "answer_6": 0.5493772228327838
    },
    "query_2": {
      "answer_1": 0.6629014514354804,
      "answer_2": 0.9024103728328912,
      "answer_3": 0.6746160298168786,
      "answer_4": 0.49242247903321096,
      "answer_5": 0.577471319269775,
      "answer_6": 0.5131310015277692
    },
    "query_3": {
      "answer_1": 0.7240790490130907,
      "answer_2": 0.644154261593845,
      "answer_3": 0.8504316436776523,
      "answer_4": 0.611599166740111,
      "answer_5": 0.6494437471744208,
      "answer_6": 0.5780947394868492
    },
    "query_4": {
      "answer_1": 0.559451452184645,
      "answer_2": 0.5203697757426529,
      "answer_3": 0.638395127413391,
      "answer_4": 0.844645817021359,
      "answer_5": 0.677993567337666,
      "answer_6": 0.6797500335159679
    },
    "query_5": {
      "answer_1": 0.6828780382186291,
      "answer_2": 0.5931958356289786,
      "answer_3": 0.6751292628830898,
      "answer_4": 0.6402358047973645,
      "answer_5": 0.8659056752550252,
      "answer_6": 0.6537205928939774
    },
    "query_6": {
      "answer_1": 0.5951812797067159,
      "answer_2": 0.5684017395784172,
      "answer_3": 0.6136317524973874,
      "answer_4": 0.6694092575639295,
      "answer_5": 0.649460904846822,
      "answer_6": 0.8541545150176424
    }
  }
}