{
  "entity": "Winston Churchill",
  "cosine_similarities": {
    "query_1": {
      "answer_1": 0.8003081181924224,
      "answer_2": 0.6582780430121674,
      "answer_3": 0.6403376688462732,
      "answer_4": 0.486294956609806,
      "answer_5": 0.6145330066668927,
      "answer_6": 0.5610178112774613
    },
    "query_2": {
      "answer_1": 0.6636145024035023,
      "answer_2": 0.89401310811367,
      "answer_3": 0.6840015945155714,
      "answer_4": 0.5016870057757224,
      "answer_5": 0.5318897966395457,
      "answer_6": 0.5506499806460167
    },
    "query_3": {
      "answer_1": 0.681096294919489,
      "answer_2": 0.614886294093464,
      "answer_3": 0.8510485950202105,
      "answer_4": 0.5604854864411009,
      "answer_5": 0.5322834746195274,
      "answer_6": 0.5529322814031542
    },
    "query_4": {
      "answer_1": 0.6184151721667391,
      "answer_2": 0.5956599583511938,
      "answer_3": 0.6369757563278093,
      "answer_4": 0.8440283880454368,
      "answer_5": 0.6068803636826067,
      "answer_6": 0.6732959151532216
    },
    "query_5": {
      "answer_1": 0.6728769335177238,
      "answer_2": 0.5834804059137004,
      "answer_3": 0.5954979283658519,
      "answer_4": 0.5433880075688629,
      "answer_5": 0.8605688522660453,
      "answer_6": 0.5961208628564892
    },
    "query_6": {
      "answer_1": 0.5922068522025139,
      "answer_2": 0.564932666072885,
      "answer_3": 0.5377657980536501,
      "answer_4": 0.5741170652280955,
      "answer_5": 0.5578418632982647,
      "answer_6": 0.8761552849337733
    }
  }
}