{
  "entity": "Winston Churchill",
  "cosine_similarities": {
    "query_1": {
      "answer_1": 0.8129447811000475,
      "answer_2": 0.7049634096884081,
      "answer_3": 0.6610566551769566,
      "answer_4": 0.5207670201476665,
      "answer_5": 0.6015588436939305,
      "answer_6": 0.5612207068309029
    },
    "query_2": {
      "answer_1": 0.6578910681120275,
      "answer_2": 0.9067688378513548,
      "answer_3": 0.5836121733427324,
      "answer_4": 0.47470195938441934,
      "answer_5": 0.5417842247381152,
      "answer_6": 0.5218624060811604
    },
    "query_3": {
      "answer_1": 0.681374470960824,
      "answer_2": 0.6509990016811876,
      "answer_3": 0.8422614826188224,
      "answer_4": 0.5716539778329183,
      "answer_5": 0.5985003759004789,
      "answer_6": 0.5278689313489399
    },
    "query_4": {
      "answer_1": 0.5463792021517323,
      "answer_2": 0.5329811922622301,
      "answer_3": 0.5964901349174117,
      "answer_4": 0.8417670389395837,
      "answer_5": 0.7076794412259563,
      "answer_6": 0.5985650216924736
    },
    "query_5": {
      "answer_1": 0.6343127707950277,
      "answer_2": 0.597563596246235,
      "answer_3": 0.5951016083654119,
      "answer_4": 0.586040086191349,
      "answer_5": 0.8731423391719589,
      "answer_6": 0.5989062700968778
    },
    "query_6": {
      "answer_1": 0.6174936908250909,
      "answer_2": 0.5858760876202515,
      "answer_3": 0.5660911159977334,
      "answer_4": 0.6170772426421338,
      "answer_5": 0.6742596521731767,
      "answer_6": 0.8508276148064343
    }
  }
}