{
  "entity": "Winston Churchill",
  "cosine_similarities": {
    "query_1": {
      "answer_1": 0.8405799374574953,
      "answer_2": 0.6829795201935375,
      "answer_3": 0.6155622268865061,
      "answer_4": 0.5420406486506812,
      "answer_5": 0.6137798540711542,
      "answer_6": 0.6032360795670632
    },
    "query_2": {
      "answer_1": 0.6737927587097607,
      "answer_2": 0.9007003779076911,
      "answer_3": 0.554199875298395,
      "answer_4": 0.5188434311835711,
      "answer_5": 0.585374863003581,
      "answer_6": 0.5558212438102326
    },
    "query_3": {
      "answer_1": 0.6158283258555548,
      "answer_2": 0.5622744826653787,
      "answer_3": 0.8914409071716325,
      "answer_4": 0.6336783986588239,
      "answer_5": 0.6053561781188675,
      "answer_6": 0.5568563041731902
    },
    "query_4": {
      "answer_1": 0.5041604492989656,
      "answer_2": 0.5312550140723384,
      "answer_3": 0.6370188209828794,
      "answer_4": 0.7994622523678614,
      "answer_5": 0.6951800861577598,
      "answer_6": 0.5833827802590272
    },
    "query_5": {
      "answer_1": 0.6154613164959896,
      "answer_2": 0.6374021392545043,
      "answer_3": 0.5847582179001202,
      "answer_4": 0.6646652843543391,
      "answer_5": 0.8883510797887493,
      "answer_6": 0.6952120964850381
    },
    "query_6": {
      "answer_1": 0.5918498238974849,
      "answer_2": 0.5826055878653092,
      "answer_3": 0.561524493603486,
      "answer_4": 0.62977872674458,
      "answer_5": 0.6529054063997946,
      "answer_6": 0.8748517326136752
    }
  }
}