{
  "entity": "Winston Churchill",
  "cosine_similarities": {
    "query_1": {
      "answer_1": 0.8623523162837136,
      "answer_2": 0.67894385412615,
      "answer_3": 0.6345844455058508,
      "answer_4": 0.5291902823229773,
      "answer_5": 0.6337560309824567,
      "answer_6": 0.6072482634191658
    },
    "query_2": {
      "answer_1": 0.6816504850872989,
      "answer_2": 0.8948346388472308,
      "answer_3": 0.5949613877512169,
      "answer_4": 0.5129101332149779,
      "answer_5": 0.604866090178673,
      "answer_6": 0.556413744612777
    },
    "query_3": {
      "answer_1": 0.6335625995678503,
      "answer_2": 0.5574989123625468,
      "answer_3": 0.8826308934843335,
      "answer_4": 0.6266919202721917,
      "answer_5": 0.6050611076617236,
      "answer_6": 0.5709124722166876
    },
    "query_4": {
      "answer_1": 0.533433641535699,
      "answer_2": 0.5277091453430031,
      "answer_3": 0.6503063820213016,
      "answer_4": 0.802427996495488,
      "answer_5": 0.689865584842804,
      "answer_6": 0.6057218641556826
    },
    "query_5": {
      "answer_1": 0.6536548723641411,
      "answer_2": 0.6191408602324139,
      "answer_3": 0.6019239465602253,
      "answer_4": 0.6551956537489537,
      "answer_5": 0.8792815908475248,
      "answer_6": 0.7018484332757918
    },
    "query_6": {
      "answer_1": 0.6111336804970248,
      "answer_2": 0.574898369445837,
      "answer_3": 0.5650829155056364,
      "answer_4": 0.6071140078521412,
      "answer_5": 0.6683512155301954,
      "answer_6": 0.8635477298443339
    }
  }
}