{
  "entity": "Winston Churchill",
  "cosine_similarities": {
    "query_1": {
      "answer_1": 0.8466271288095795,
      "answer_2": 0.6869513140119958,
      "answer_3": 0.6226299928265404,
      "answer_4": 0.5378234404011675,
      "answer_5": 0.6078770190607576,
      "answer_6": 0.5931007780775204
    },
    "query_2": {
      "answer_1": 0.6845300836266719,
      "answer_2": 0.8914923282802572,
      "answer_3": 0.595210454395622,
      "answer_4": 0.5241994607571092,
      "answer_5": 0.5916461214614427,
      "answer_6": 0.5590721785254721
    },
    "query_3": {
      "answer_1": 0.6527026751852757,
      "answer_2": 0.5732391450955785,
      "answer_3": 0.8707626533842139,
      "answer_4": 0.6365288764535582,
      "answer_5": 0.5682675812177537,
      "answer_6": 0.533810070468298
    },
    "query_4": {
      "answer_1": 0.5577094811011811,
      "answer_2": 0.5471374925296204,
      "answer_3": 0.6349747315085974,
      "answer_4": 0.8006970930004921,
      "answer_5": 0.6530046753659108,
      "answer_6": 0.5604086476878369
    },
    "query_5": {
      "answer_1": 0.6781381649004067,
      "answer_2": 0.6436648721171827,
      "answer_3": 0.5929405707409275,
      "answer_4": 0.6700649184452244,
      "answer_5": 0.893720651244785,
      "answer_6": 0.6723754263362092
    },
    "query_6": {
      "answer_1": 0.6263193010389131,
      "answer_2": 0.5788623066671097,
      "answer_3": 0.5625399548702869,
      "answer_4": 0.6203716792694949,
      "answer_5": 0.6710423185777572,
      "answer_6": 0.8628786804773727
    }
  }
}