{
  "entity": "Winston Churchill",
  "cosine_similarities": {
    "query_1": {
      "answer_1": 0.8658042949673709,
      "answer_2": 0.7083575760613618,
      "answer_3": 0.6958150140734658,
      "answer_4": 0.5584078245672781,
      "answer_5": 0.6736473924354321,
      "answer_6": 0.6081157671368036
    },
    "query_2": {
      "answer_1": 0.6672109730982563,
      "answer_2": 0.9042951654677238,
      "answer_3": 0.6114166070421084,
      "answer_4": 0.5048393102932439,
      "answer_5": 0.5740223775365827,
      "answer_6": 0.5301795808401768
    },
    "query_3": {
      "answer_1": 0.7033630439019213,
      "answer_2": 0.6622298696493688,
      "answer_3": 0.8185133383778714,
      "answer_4": 0.6229864458883677,
      "answer_5": 0.6189877614940549,
      "answer_6": 0.6050339695053629
    },
    "query_4": {
      "answer_1": 0.5086251562901168,
      "answer_2": 0.5053078801707844,
      "answer_3": 0.6139375497535581,
      "answer_4": 0.8392872097168098,
      "answer_5": 0.6178221330140466,
      "answer_6": 0.6633634045454058
    },
    "query_5": {
      "answer_1": 0.6725971295068566,
      "answer_2": 0.598234058614582,
      "answer_3": 0.6015390968583467,
      "answer_4": 0.6181323557979975,
      "answer_5": 0.8565953126210489,
      "answer_6": 0.6325232729247149
    },
    "query_6": {
      "answer_1": 0.5841685093675324,
      "answer_2": 0.5806607502635494,
      "answer_3": 0.5884464125941709,
      "answer_4": 0.6530471231725505,
      "answer_5": 0.6088743326423983,
      "answer_6": 0.8789600992889974
    }
  }
}