{
  "entity": "Winston Churchill",
  "cosine_similarities": {
    "query_1": {
      "answer_1": 0.8453302032667614,
      "answer_2": 0.686082396651991,
      "answer_3": 0.6495056893235799,
      "answer_4": 0.5062479423062423,
      "answer_5": 0.6577714670510207,
      "answer_6": 0.5720618434249563
    },
    "query_2": {
      "answer_1": 0.6903995137083188,
      "answer_2": 0.8996647038926681,
      "answer_3": 0.6766521440265395,
      "answer_4": 0.49596207703074197,
      "answer_5": 0.5688158898202363,
      "answer_6": 0.5100860131622905
    },
    "query_3": {
      "answer_1": 0.6847079529031653,
      "answer_2": 0.6352009850698564,
      "answer_3": 0.8511815164011934,
      "answer_4": 0.5779972689814613,
      "answer_5": 0.536230768163224,
      "answer_6": 0.5552566157898777
    },
    "query_4": {
      "answer_1": 0.5860172417466808,
      "answer_2": 0.5873914003961923,
      "answer_3": 0.6562130958704666,
      "answer_4": 0.8009939978221581,
      "answer_5": 0.6267906786405945,
      "answer_6": 0.6346497973106993
    },
    "query_5": {
      "answer_1": 0.6792361131838988,
      "answer_2": 0.5878585003012521,
      "answer_3": 0.5795684974367631,
      "answer_4": 0.5528533359641198,
      "answer_5": 0.8583744052404296,
      "answer_6": 0.5814505556073916
    },
    "query_6": {
      "answer_1": 0.5856868150512204,
      "answer_2": 0.5418993001490143,
      "answer_3": 0.5508591701209297,
      "answer_4": 0.5345630360375797,
      "answer_5": 0.5659407649708502,
      "answer_6": 0.8547409295174372
    }
  }
}