{
  "entity": "Winston Churchill",
  "cosine_similarities": {
    "query_1": {
      "answer_1": 0.7888756930603612,
      "answer_2": 0.6855264165367536,
      "answer_3": 0.6403219058733363,
      "answer_4": 0.5053181759635939,
      "answer_5": 0.6258484869256339,
      "answer_6": 0.622600951966304
    },
    "query_2": {
      "answer_1": 0.6629048746466096,
      "answer_2": 0.8546124952091758,
      "answer_3": 0.6847379109809669,
      "answer_4": 0.4800645368628606,
      "answer_5": 0.5737941227762339,
      "answer_6": 0.5677116814713125
    },
    "query_3": {
      "answer_1": 0.69321279572773,
      "answer_2": 0.6506104548232317,
      "answer_3": 0.7979368900262974,
      "answer_4": 0.5578405530592355,
      "answer_5": 0.5694999542314721,
      "answer_6": 0.5694074289654696
    },
    "query_4": {
      "answer_1": 0.5301179297039497,
      "answer_2": 0.5668088741411693,
      "answer_3": 0.5145185012065312,
      "answer_4": 0.8399243868272329,
      "answer_5": 0.6832319058854857,
      "answer_6": 0.6607528541251935
    },
    "query_5": {
      "answer_1": 0.6046394351435773,
      "answer_2": 0.5951596612638896,
      "answer_3": 0.5465900299820654,
      "answer_4": 0.5903601120045557,
      "answer_5": 0.8379733531944277,
      "answer_6": 0.6282080963520666
    },
    "query_6": {
      "answer_1": 0.5236879607005037,
      "answer_2": 0.5356157593193619,
      "answer_3": 0.4807750552691342,
      "answer_4": 0.5617065326209383,
      "answer_5": 0.5838360211737521,
      "answer_6": 0.8393602474864745
    }
  }
}