{
  "entity": "Winston Churchill",
  "cosine_similarities": {
    "query_1": {
      "answer_1": 0.779849799284078,
      "answer_2": 0.6983761846128616,
      "answer_3": 0.5933520989653652,
      "answer_4": 0.4862170797734351,
      "answer_5": 0.6271296247421284,
      "answer_6": 0.5727402305580765
    },
    "query_2": {
      "answer_1": 0.6470972725639265,
      "answer_2": 0.8905146864561347,
      "answer_3": 0.5519194188049702,
      "answer_4": 0.4922744902588697,
      "answer_5": 0.5843925688068996,
      "answer_6": 0.5428293825743755
    },
    "query_3": {
      "answer_1": 0.6114702001029761,
      "answer_2": 0.5802299502910732,
      "answer_3": 0.8164203224995566,
      "answer_4": 0.6120512581092427,
      "answer_5": 0.5607731308950812,
      "answer_6": 0.5528179875525685
    },
    "query_4": {
      "answer_1": 0.548413211072488,
      "answer_2": 0.5768876894115804,
      "answer_3": 0.6093672653215665,
      "answer_4": 0.8270905250855765,
      "answer_5": 0.6729233954637402,
      "answer_6": 0.6662062062606606
    },
    "query_5": {
      "answer_1": 0.574091811190216,
      "answer_2": 0.6010115089595766,
      "answer_3": 0.5512964564802385,
      "answer_4": 0.5769940896226008,
      "answer_5": 0.8411364845695427,
      "answer_6": 0.6223510912893236
    },
    "query_6": {
      "answer_1": 0.5379753743438458,
      "answer_2": 0.5526009906595273,
      "answer_3": 0.5188219514074949,
      "answer_4": 0.5713749098477848,
      "answer_5": 0.6035083487626262,
      "answer_6": 0.8356154981632801
    }
  }
}