{
  "entity": "Winston Churchill",
  "cosine_similarities": {
    "query_1": {
      "answer_1": 0.8466024316361913,
      "answer_2": 0.6922010878087713,
      "answer_3": 0.7050592615850948,
      "answer_4": 0.5287371871589082,
      "answer_5": 0.6475277248847499,
      "answer_6": 0.5254055889922553
    },
    "query_2": {
      "answer_1": 0.6989316419554099,
      "answer_2": 0.9023173231465603,
      "answer_3": 0.6477716183919603,
      "answer_4": 0.4760564108834053,
      "answer_5": 0.571553125629855,
      "answer_6": 0.4917726649353996
    },
    "query_3": {
      "answer_1": 0.7246955448152381,
      "answer_2": 0.6571233923928883,
      "answer_3": 0.8503650997053414,
      "answer_4": 0.601583532242373,
      "answer_5": 0.6208111072887074,
      "answer_6": 0.550130982178672
    },
    "query_4": {
      "answer_1": 0.5443374167856571,
      "answer_2": 0.5332519425408462,
      "answer_3": 0.6510944375895967,
      "answer_4": 0.8237120377784307,
      "answer_5": 0.6320271293720378,
      "answer_6": 0.6230969638074115
    },
    "query_5": {
      "answer_1": 0.652447173498499,
      "answer_2": 0.5813690393970419,
      "answer_3": 0.6690556845907061,
      "answer_4": 0.6346670094228015,
      "answer_5": 0.8577294567641631,
      "answer_6": 0.6082650311366546
    },
    "query_6": {
      "answer_1": 0.5691648923612415,
      "answer_2": 0.5575319921627473,
      "answer_3": 0.6167745227397281,
      "answer_4": 0.6639498264111554,
      "answer_5": 0.657300938611843,
      "answer_6": 0.8118620910121018
    }
  }
}