{
  "entity": "Winston Churchill",
  "cosine_similarities": {
    "query_1": {
      "answer_1": 0.8501634290484001,
      "answer_2": 0.6854570632967095,
      "answer_3": 0.6259755139623023,
      "answer_4": 0.5188171117920242,
      "answer_5": 0.5987117721539923,
      "answer_6": 0.5762707169191794
    },
    "query_2": {
      "answer_1": 0.6831760028637648,
      "answer_2": 0.8964964148338705,
      "answer_3": 0.5960215353631474,
      "answer_4": 0.4807273383450475,
      "answer_5": 0.5869584280161549,
      "answer_6": 0.5579610954432606
    },
    "query_3": {
      "answer_1": 0.6201883166778663,
      "answer_2": 0.5638456061446598,
      "answer_3": 0.8521566662675352,
      "answer_4": 0.6052325793306994,
      "answer_5": 0.5695402228409593,
      "answer_6": 0.5393379356946996
    },
    "query_4": {
      "answer_1": 0.5311067448729802,
      "answer_2": 0.5406727698118298,
      "answer_3": 0.5988767267264534,
      "answer_4": 0.8410081197185327,
      "answer_5": 0.6583725416407944,
      "answer_6": 0.6355485449400213
    },
    "query_5": {
      "answer_1": 0.6102349232128865,
      "answer_2": 0.5704509729832902,
      "answer_3": 0.5962407595359536,
      "answer_4": 0.6317470204352275,
      "answer_5": 0.8579675923040249,
      "answer_6": 0.6442218759766337
    },
    "query_6": {
      "answer_1": 0.5793106452926174,
      "answer_2": 0.5939288764451278,
      "answer_3": 0.5674483574255568,
      "answer_4": 0.6568199348205864,
      "answer_5": 0.6605583732153871,
      "answer_6": 0.8780833791090252
    }
  }
}