{
  "entity": "Winston Churchill",
  "cosine_similarities": {
    "query_1": {
      "answer_1": 0.8567030742492345,
      "answer_2": 0.6655408781850229,
      "answer_3": 0.6553285132367394,
      "answer_4": 0.5163122774788681,
      "answer_5": 0.64114783290416,
      "answer_6": 0.5710138822975491
    },
    "query_2": {
      "answer_1": 0.6892120046305225,
      "answer_2": 0.8900410526578894,
      "answer_3": 0.6607511706669849,
      "answer_4": 0.51049048731878,
      "answer_5": 0.5461366870979153,
      "answer_6": 0.5118087459791834
    },
    "query_3": {
      "answer_1": 0.681673542693302,
      "answer_2": 0.6265715459025709,
      "answer_3": 0.8631375021225832,
      "answer_4": 0.5922021254584072,
      "answer_5": 0.5309663995019346,
      "answer_6": 0.5602212419244981
    },
    "query_4": {
      "answer_1": 0.5729714231554462,
      "answer_2": 0.5793059842870286,
      "answer_3": 0.6677178259770897,
      "answer_4": 0.8293284991612943,
      "answer_5": 0.6299981025579455,
      "answer_6": 0.6583257742224926
    },
    "query_5": {
      "answer_1": 0.6772140383563946,
      "answer_2": 0.5608929382320238,
      "answer_3": 0.5911157665620979,
      "answer_4": 0.5613822752109501,
      "answer_5": 0.8591351689268198,
      "answer_6": 0.5964130551577421
    },
    "query_6": {
      "answer_1": 0.5554723192795729,
      "answer_2": 0.4829619359921591,
      "answer_3": 0.5442604223136233,
      "answer_4": 0.5539361343940931,
      "answer_5": 0.547300563075854,
      "answer_6": 0.8345293204611196
    }
  }
}