{
  "entity": "Winston Churchill",
  "cosine_similarities": {
    "query_1": {
      "answer_1": 0.8707298790206217,
      "answer_2": 0.693669994219847,
      "answer_3": 0.6437952143769864,
      "answer_4": 0.5583699171234816,
      "answer_5": 0.7017638653520507,
      "answer_6": 0.5780090791392178
    },
    "query_2": {
      "answer_1": 0.6954085651538549,
      "answer_2": 0.8940039706871318,
      "answer_3": 0.6400356909203062,
      "answer_4": 0.5231545354527591,
      "answer_5": 0.5785618514487992,
      "answer_6": 0.5236869353235112
    },
    "query_3": {
      "answer_1": 0.6866424031476148,
      "answer_2": 0.6384275215122889,
      "answer_3": 0.8444801617697464,
      "answer_4": 0.62637443842427,
      "answer_5": 0.5699236046791788,
      "answer_6": 0.561631859193087
    },
    "query_4": {
      "answer_1": 0.5670500252848888,
      "answer_2": 0.591005530821323,
      "answer_3": 0.636989461282652,
      "answer_4": 0.8440596359770403,
      "answer_5": 0.6206529183895783,
      "answer_6": 0.6639828929423374
    },
    "query_5": {
      "answer_1": 0.7056440111275246,
      "answer_2": 0.5944391082411488,
      "answer_3": 0.5839646760849716,
      "answer_4": 0.6005159514788599,
      "answer_5": 0.8615024796350845,
      "answer_6": 0.5930446191728203
    },
    "query_6": {
      "answer_1": 0.5849383818335896,
      "answer_2": 0.5411488348230689,
      "answer_3": 0.5641688864001295,
      "answer_4": 0.6018511444251424,
      "answer_5": 0.5796402300753069,
      "answer_6": 0.8439265991325066
    }
  }
}