{
  "entity": "Winston Churchill",
  "cosine_similarities": {
    "query_1": {
      "answer_1": 0.8089123409364697,
      "answer_2": 0.6967289452827892,
      "answer_3": 0.605001581672535,
      "answer_4": 0.5198209138067869,
      "answer_5": 0.6391025804424123,
      "answer_6": 0.5919366280694368
    },
    "query_2": {
      "answer_1": 0.6714738527656339,
      "answer_2": 0.8923093227878788,
      "answer_3": 0.5845467197894583,
      "answer_4": 0.4996878145492879,
      "answer_5": 0.5452754155935845,
      "answer_6": 0.5244649129220279
    },
    "query_3": {
      "answer_1": 0.7026374356839338,
      "answer_2": 0.6300073929425387,
      "answer_3": 0.8233070994108889,
      "answer_4": 0.5902499853491319,
      "answer_5": 0.5327751605042513,
      "answer_6": 0.5571046914463833
    },
    "query_4": {
      "answer_1": 0.5778004946014142,
      "answer_2": 0.5958442574502855,
      "answer_3": 0.6467571014844985,
      "answer_4": 0.8112099457974913,
      "answer_5": 0.6234221058022288,
      "answer_6": 0.663660499980913
    },
    "query_5": {
      "answer_1": 0.6582143588675168,
      "answer_2": 0.5920532484445062,
      "answer_3": 0.5474336813529742,
      "answer_4": 0.5602554185244796,
      "answer_5": 0.8498507887759069,
      "answer_6": 0.6062761579629924
    },
    "query_6": {
      "answer_1": 0.5644716606021297,
      "answer_2": 0.5355962589429275,
      "answer_3": 0.5332175108287828,
      "answer_4": 0.5516024922341711,
      "answer_5": 0.5576088703102985,
      "answer_6": 0.8631791775302933
    }
  }
}