{
  "entity": "Winston Churchill",
  "cosine_similarities": {
    "query_1": {
      "answer_1": 0.8696372362257079,
      "answer_2": 0.6910796031613393,
      "answer_3": 0.6350828846363255,
      "answer_4": 0.540486824395403,
      "answer_5": 0.6170055675292812,
      "answer_6": 0.5669141060530816
    },
    "query_2": {
      "answer_1": 0.7229888973879437,
      "answer_2": 0.8933772383585924,
      "answer_3": 0.6282166354277144,
      "answer_4": 0.5251143115428114,
      "answer_5": 0.5775743766785528,
      "answer_6": 0.5313568030128193
    },
    "query_3": {
      "answer_1": 0.6251844262807583,
      "answer_2": 0.5704776055789348,
      "answer_3": 0.8571850961218903,
      "answer_4": 0.6590824607456313,
      "answer_5": 0.5684106955574191,
      "answer_6": 0.5776347731536349
    },
    "query_4": {
      "answer_1": 0.5877582304825312,
      "answer_2": 0.5915635337775935,
      "answer_3": 0.6555939908661754,
      "answer_4": 0.8391526359183087,
      "answer_5": 0.6563264241995941,
      "answer_6": 0.6606925016110213
    },
    "query_5": {
      "answer_1": 0.6397054162639412,
      "answer_2": 0.6066376859988083,
      "answer_3": 0.5907131371859334,
      "answer_4": 0.6461235569595156,
      "answer_5": 0.8753844431241055,
      "answer_6": 0.624310273003769
    },
    "query_6": {
      "answer_1": 0.5799972051616034,
      "answer_2": 0.5765223473078139,
      "answer_3": 0.5601746175172191,
      "answer_4": 0.6492983198594153,
      "answer_5": 0.6475812285913807,
      "answer_6": 0.844681000695293
    }
  }
}