{
  "entity": "Winston Churchill",
  "cosine_similarities": {
    "query_1": {
      "answer_1": 0.8445939797053968,
      "answer_2": 0.6450989091401101,
      "answer_3": 0.635302359757882,
      "answer_4": 0.4520299343755618,
      "answer_5": 0.6241204272648725,
      "answer_6": 0.5196986357108222
    },
    "query_2": {
      "answer_1": 0.6696148767675475,
      "answer_2": 0.88792350442294,
      "answer_3": 0.6830637716636844,
      "answer_4": 0.5067648833643495,
      "answer_5": 0.5599953997633295,
      "answer_6": 0.5099726180697458
    },
    "query_3": {
      "answer_1": 0.6917189864472172,
      "answer_2": 0.6448431188808522,
      "answer_3": 0.8710721206134736,
      "answer_4": 0.5658003820870697,
      "answer_5": 0.5666434260279831,
      "answer_6": 0.5587116033835665
    },
    "query_4": {
      "answer_1": 0.5675530836063029,
      "answer_2": 0.6116797339777678,
      "answer_3": 0.64176466844293,
      "answer_4": 0.8413496747993825,
      "answer_5": 0.6171329118490939,
      "answer_6": 0.65681022099882
    },
    "query_5": {
      "answer_1": 0.6798550472721271,
      "answer_2": 0.6080843674476716,
      "answer_3": 0.5921209715222806,
      "answer_4": 0.5520839049406143,
      "answer_5": 0.8622907390811381,
      "answer_6": 0.6022840511158997
    },
    "query_6": {
      "answer_1": 0.5466076899870355,
      "answer_2": 0.5343818043408771,
      "answer_3": 0.5341977659339102,
      "answer_4": 0.5512752866815785,
      "answer_5": 0.5391829059254576,
      "answer_6": 0.8449732897609056
    }
  }
}