{
  "entity": "Winston Churchill",
  "cosine_similarities": {
    "query_1": {
      "answer_1": 0.8460316154859857,
      "answer_2": 0.6563239962834774,
      "answer_3": 0.603927897395584,
      "answer_4": 0.4793985979881057,
      "answer_5": 0.5248467554035569,
      "answer_6": 0.5125645730391115
    },
    "query_2": {
      "answer_1": 0.6516999551553049,
      "answer_2": 0.9044739811711466,
      "answer_3": 0.7146109749134071,
      "answer_4": 0.5471725104620039,
      "answer_5": 0.5214263237190029,
      "answer_6": 0.5605063192091282
    },
    "query_3": {
      "answer_1": 0.6242176900167898,
      "answer_2": 0.6569840515703708,
      "answer_3": 0.8803487000038644,
      "answer_4": 0.5718954020796575,
      "answer_5": 0.5297697683340548,
      "answer_6": 0.5398736325461586
    },
    "query_4": {
      "answer_1": 0.5351020587998531,
      "answer_2": 0.5454719356538286,
      "answer_3": 0.5657886705047545,
      "answer_4": 0.8262461113034324,
      "answer_5": 0.5945988837428091,
      "answer_6": 0.6798578289040926
    },
    "query_5": {
      "answer_1": 0.6041977377238698,
      "answer_2": 0.5343256158593989,
      "answer_3": 0.5463110373831572,
      "answer_4": 0.5922358601994421,
      "answer_5": 0.8904425765200771,
      "answer_6": 0.5735090436115081
    },
    "query_6": {
      "answer_1": 0.5705792500207008,
      "answer_2": 0.5409883418892185,
      "answer_3": 0.5255959208647283,
      "answer_4": 0.6553500284784355,
      "answer_5": 0.5559802255128695,
      "answer_6": 0.8725521535160671
    }
  }
}