{
  "entity": "Winston Churchill",
  "cosine_similarities": {
    "query_1": {
      "answer_1": 0.7916981758179786,
      "answer_2": 0.6923919971574707,
      "answer_3": 0.6226316617715384,
      "answer_4": 0.5835948840858043,
      "answer_5": 0.6144818020789881,
      "answer_6": 0.5836707217737275
    },
    "query_2": {
      "answer_1": 0.679713650617945,
      "answer_2": 0.8924676186668851,
      "answer_3": 0.5692999881911094,
      "answer_4": 0.5529365199993971,
      "answer_5": 0.5850092230155891,
      "answer_6": 0.5336787236178197
    },
    "query_3": {
      "answer_1": 0.6464857705726278,
      "answer_2": 0.572350474539084,
      "answer_3": 0.8763175772225191,
      "answer_4": 0.6389031612584856,
      "answer_5": 0.5868799464015853,
      "answer_6": 0.5909032398447832
    },
    "query_4": {
      "answer_1": 0.5846617418823602,
      "answer_2": 0.5833562881150216,
      "answer_3": 0.6119683637267588,
      "answer_4": 0.8388747377946624,
      "answer_5": 0.6910029439078142,
      "answer_6": 0.7225961884308465
    },
    "query_5": {
      "answer_1": 0.6263757749650356,
      "answer_2": 0.6332775402529395,
      "answer_3": 0.5866407301075686,
      "answer_4": 0.6766556529852666,
      "answer_5": 0.8763022244531478,
      "answer_6": 0.6434513038384827
    },
    "query_6": {
      "answer_1": 0.5840096981788544,
      "answer_2": 0.5349915162090849,
      "answer_3": 0.55096251777667,
      "answer_4": 0.6658233233915777,
      "answer_5": 0.6161985693185886,
      "answer_6": 0.8397230820247219
    }
  }
}