{
  "entity": "Winston Churchill",
  "cosine_similarities": {
    "query_1": {
      "answer_1": 0.775115868504538,
      "answer_2": 0.7129872836651795,
      "answer_3": 0.6585019988845363,
      "answer_4": 0.5281715145359233,
      "answer_5": 0.5809971158133592,
      "answer_6": 0.5903989155203421
    },
    "query_2": {
      "answer_1": 0.6600081537370743,
      "answer_2": 0.9033305787814775,
      "answer_3": 0.5911549600558387,
      "answer_4": 0.4740335581676666,
      "answer_5": 0.4983726225439283,
      "answer_6": 0.5186795121331746
    },
    "query_3": {
      "answer_1": 0.6615330061469871,
      "answer_2": 0.6483733009173913,
      "answer_3": 0.7940730345009199,
      "answer_4": 0.5978781544158603,
      "answer_5": 0.5852535361174991,
      "answer_6": 0.5988824718172351
    },
    "query_4": {
      "answer_1": 0.5124262526175575,
      "answer_2": 0.506771426188678,
      "answer_3": 0.6263534645170461,
      "answer_4": 0.7815911996101808,
      "answer_5": 0.6928024883624153,
      "answer_6": 0.6862631799060623
    },
    "query_5": {
      "answer_1": 0.5948453092706751,
      "answer_2": 0.5853863547786088,
      "answer_3": 0.606338235352702,
      "answer_4": 0.6255347131400594,
      "answer_5": 0.832652452496391,
      "answer_6": 0.6798156065017832
    },
    "query_6": {
      "answer_1": 0.5694961768821641,
      "answer_2": 0.6130049040738363,
      "answer_3": 0.6206228484797837,
      "answer_4": 0.6744266288867226,
      "answer_5": 0.7148686633967212,
      "answer_6": 0.8360186084756995
    }
  }
}