{
  "entity": "Winston Churchill",
  "cosine_similarities": {
    "query_1": {
      "answer_1": 0.790845743079475,
      "answer_2": 0.6699465775767449,
      "answer_3": 0.6555309088929195,
      "answer_4": 0.531504591260614,
      "answer_5": 0.6499168947541621,
      "answer_6": 0.562929311133951
    },
    "query_2": {
      "answer_1": 0.654524642560834,
      "answer_2": 0.8943211299625967,
      "answer_3": 0.6651813741653078,
      "answer_4": 0.5198046857265373,
      "answer_5": 0.5742592083239493,
      "answer_6": 0.5067625622602896
    },
    "query_3": {
      "answer_1": 0.6889196057307351,
      "answer_2": 0.628371361046433,
      "answer_3": 0.8599440296872424,
      "answer_4": 0.6008340503587418,
      "answer_5": 0.5436621800660572,
      "answer_6": 0.556931001029204
    },
    "query_4": {
      "answer_1": 0.6168399553721859,
      "answer_2": 0.5751447149246713,
      "answer_3": 0.6599409394932659,
      "answer_4": 0.8421568038114445,
      "answer_5": 0.6433281142777625,
      "answer_6": 0.630644796082713
    },
    "query_5": {
      "answer_1": 0.6620310152566049,
      "answer_2": 0.5634033193980067,
      "answer_3": 0.592511123400766,
      "answer_4": 0.5744749094697795,
      "answer_5": 0.8506163912057085,
      "answer_6": 0.5746401285836519
    },
    "query_6": {
      "answer_1": 0.5719287111738757,
      "answer_2": 0.4894006268306826,
      "answer_3": 0.542457232043326,
      "answer_4": 0.5764917171030566,
      "answer_5": 0.5558632105488376,
      "answer_6": 0.8232874773305155
    }
  }
}