{
  "entity": "Winston Churchill",
  "cosine_similarities": {
    "query_1": {
      "answer_1": 0.8122159818032176,
      "answer_2": 0.6376428883693736,
      "answer_3": 0.5666797363116158,
      "answer_4": 0.5169795552937886,
      "answer_5": 0.5811789329059521,
      "answer_6": 0.5619857716498665
    },
    "query_2": {
      "answer_1": 0.6173163124968617,
      "answer_2": 0.8900790491238467,
      "answer_3": 0.570592252559773,
      "answer_4": 0.5184888862876831,
      "answer_5": 0.5122417598297417,
      "answer_6": 0.5282121798978334
    },
    "query_3": {
      "answer_1": 0.6379916424245156,
      "answer_2": 0.6195750514284054,
      "answer_3": 0.7936593593577329,
      "answer_4": 0.5596793558983083,
      "answer_5": 0.5132016740867681,
      "answer_6": 0.5377429870669644
    },
    "query_4": {
      "answer_1": 0.5543027813750566,
      "answer_2": 0.5495793788930035,
      "answer_3": 0.5178050090348911,
      "answer_4": 0.8063176677135369,
      "answer_5": 0.5868918146296683,
      "answer_6": 0.6322572063311975
    },
    "query_5": {
      "answer_1": 0.6202923765837426,
      "answer_2": 0.5533048785684719,
      "answer_3": 0.5049914310465038,
      "answer_4": 0.5834479901907614,
      "answer_5": 0.841944531424343,
      "answer_6": 0.5884951510280594
    },
    "query_6": {
      "answer_1": 0.5610830862303376,
      "answer_2": 0.5439318364965751,
      "answer_3": 0.48725462687962706,
      "answer_4": 0.6087607359770579,
      "answer_5": 0.5620386275830663,
      "answer_6": 0.8514935252906962
    }
  }
}