{
  "entity": "Winston Churchill",
  "cosine_similarities": {
    "query_1": {
      "answer_1": 0.7964083809367675,
      "answer_2": 0.696562971706787,
      "answer_3": 0.6269062126809949,
      "answer_4": 0.5370185469738359,
      "answer_5": 0.6166469913217643,
      "answer_6": 0.5796363908482409
    },
    "query_2": {
      "answer_1": 0.6546222881795232,
      "answer_2": 0.8933635350574051,
      "answer_3": 0.6018138961048418,
      "answer_4": 0.5446763701790588,
      "answer_5": 0.5871837471428646,
      "answer_6": 0.5593942317411412
    },
    "query_3": {
      "answer_1": 0.6595639695243689,
      "answer_2": 0.5643433232351291,
      "answer_3": 0.8617423798307696,
      "answer_4": 0.6469540578677215,
      "answer_5": 0.5682756927976567,
      "answer_6": 0.5327871609209485
    },
    "query_4": {
      "answer_1": 0.5921372829422945,
      "answer_2": 0.5712606647079689,
      "answer_3": 0.644747148423622,
      "answer_4": 0.8529191385774417,
      "answer_5": 0.6428324948850396,
      "answer_6": 0.6369501801320389
    },
    "query_5": {
      "answer_1": 0.6250810718902975,
      "answer_2": 0.6083475701665875,
      "answer_3": 0.5917344301062224,
      "answer_4": 0.6612573196760572,
      "answer_5": 0.8770835098805769,
      "answer_6": 0.6167441954582736
    },
    "query_6": {
      "answer_1": 0.6323268745079047,
      "answer_2": 0.6314066786792566,
      "answer_3": 0.5592261671365305,
      "answer_4": 0.6752232325102705,
      "answer_5": 0.6772900767257437,
      "answer_6": 0.8793484495610492
    }
  }
}