{
  "entity": "Winston Churchill",
  "cosine_similarities": {
    "query_1": {
      "answer_1": 0.7865194422834648,
      "answer_2": 0.7050158853882607,
      "answer_3": 0.5884764984850629,
      "answer_4": 0.5136359721971001,
      "answer_5": 0.6155617908399845,
      "answer_6": 0.5927767591884481
    },
    "query_2": {
      "answer_1": 0.6908523265032533,
      "answer_2": 0.9053399115392528,
      "answer_3": 0.5502947565397056,
      "answer_4": 0.4974937891779679,
      "answer_5": 0.5800287159368601,
      "answer_6": 0.5560081708433832
    },
    "query_3": {
      "answer_1": 0.6446839649652596,
      "answer_2": 0.5898707014805097,
      "answer_3": 0.8371361690884354,
      "answer_4": 0.6500638944283904,
      "answer_5": 0.5955178676313273,
      "answer_6": 0.5653931968138212
    },
    "query_4": {
      "answer_1": 0.5527502181898177,
      "answer_2": 0.5314269019894197,
      "answer_3": 0.5948688935307299,
      "answer_4": 0.8354071920294974,
      "answer_5": 0.6689369671004299,
      "answer_6": 0.6025133386133308
    },
    "query_5": {
      "answer_1": 0.6154429720997342,
      "answer_2": 0.6402969416444154,
      "answer_3": 0.5398513732206787,
      "answer_4": 0.6225755424684751,
      "answer_5": 0.8754947796995001,
      "answer_6": 0.7253140894546533
    },
    "query_6": {
      "answer_1": 0.5647578202996816,
      "answer_2": 0.5772340160373076,
      "answer_3": 0.5139880295678987,
      "answer_4": 0.5747240501441055,
      "answer_5": 0.6467952624207829,
      "answer_6": 0.8559192102460904
    }
  }
}