{
  "entity": "Winston Churchill",
  "cosine_similarities": {
    "query_1": {
      "answer_1": 0.8545796577810878,
      "answer_2": 0.676294744085761,
      "answer_3": 0.6778963678309282,
      "answer_4": 0.530435205703624,
      "answer_5": 0.6709643264707631,
      "answer_6": 0.5915459962639059
    },
    "query_2": {
      "answer_1": 0.7122174124275579,
      "answer_2": 0.9024541231773842,
      "answer_3": 0.6843015608628151,
      "answer_4": 0.5202595607891226,
      "answer_5": 0.6099216410153364,
      "answer_6": 0.5516074331671398
    },
    "query_3": {
      "answer_1": 0.692208071937073,
      "answer_2": 0.6369941186275875,
      "answer_3": 0.8463510283763337,
      "answer_4": 0.5782037871024311,
      "answer_5": 0.613223723605973,
      "answer_6": 0.5198255588405434
    },
    "query_4": {
      "answer_1": 0.5478577341499045,
      "answer_2": 0.5084942459897906,
      "answer_3": 0.5856975494796457,
      "answer_4": 0.8619302320978479,
      "answer_5": 0.6587480364885689,
      "answer_6": 0.6277211992234273
    },
    "query_5": {
      "answer_1": 0.6455750207392951,
      "answer_2": 0.5617337946049429,
      "answer_3": 0.597136305956966,
      "answer_4": 0.6145095131191409,
      "answer_5": 0.8693997352068116,
      "answer_6": 0.6110731242364279
    },
    "query_6": {
      "answer_1": 0.5995861752466444,
      "answer_2": 0.573152013141079,
      "answer_3": 0.5487506802653181,
      "answer_4": 0.6397516498446852,
      "answer_5": 0.6634508652775154,
      "answer_6": 0.8829592898306657
    }
  }
}