{
  "entity": "Winston Churchill",
  "cosine_similarities": {
    "query_1": {
      "answer_1": 0.8638194350339883,
      "answer_2": 0.679534894363235,
      "answer_3": 0.7081422351010496,
      "answer_4": 0.5510626900009552,
      "answer_5": 0.6092526639575414,
      "answer_6": 0.5937240543990291
    },
    "query_2": {
      "answer_1": 0.6572552012139762,
      "answer_2": 0.899842228824176,
      "answer_3": 0.6477559217190993,
      "answer_4": 0.4966883291318761,
      "answer_5": 0.5419122868606804,
      "answer_6": 0.5289260682606605
    },
    "query_3": {
      "answer_1": 0.7105571909554935,
      "answer_2": 0.6396154666637669,
      "answer_3": 0.8552026707165074,
      "answer_4": 0.6269525797941549,
      "answer_5": 0.6137107923099014,
      "answer_6": 0.6008154645831346
    },
    "query_4": {
      "answer_1": 0.5433871864874134,
      "answer_2": 0.5314260336013228,
      "answer_3": 0.6466695873795977,
      "answer_4": 0.8609258955473645,
      "answer_5": 0.6920456108820396,
      "answer_6": 0.678751437809192
    },
    "query_5": {
      "answer_1": 0.636381393270507,
      "answer_2": 0.5857848759456696,
      "answer_3": 0.6486576413529693,
      "answer_4": 0.6555346474238157,
      "answer_5": 0.8838444248971584,
      "answer_6": 0.6919212528104978
    },
    "query_6": {
      "answer_1": 0.615990677337425,
      "answer_2": 0.5874592927193056,
      "answer_3": 0.649194110718718,
      "answer_4": 0.705153118168751,
      "answer_5": 0.71378048911282,
      "answer_6": 0.8797848392974048
    }
  }
}