{
  "entity": "Winston Churchill",
  "cosine_similarities": {
    "query_1": {
      "answer_1": 0.8486539359886519,
      "answer_2": 0.6820753184791449,
      "answer_3": 0.6284208123442475,
      "answer_4": 0.52948447215476,
      "answer_5": 0.6382481106037826,
      "answer_6": 0.5673530183099447
    },
    "query_2": {
      "answer_1": 0.654363089237929,
      "answer_2": 0.8940297366412026,
      "answer_3": 0.6613402500098637,
      "answer_4": 0.5189893877370831,
      "answer_5": 0.5360965591211353,
      "answer_6": 0.5150770080808805
    },
    "query_3": {
      "answer_1": 0.6855806588159628,
      "answer_2": 0.640488402181426,
      "answer_3": 0.883831888005326,
      "answer_4": 0.5573039766220194,
      "answer_5": 0.5354597980475562,
      "answer_6": 0.5325971058456425
    },
    "query_4": {
      "answer_1": 0.5555694677355781,
      "answer_2": 0.5365155474072268,
      "answer_3": 0.5707189426027569,
      "answer_4": 0.8551571923614227,
      "answer_5": 0.6042611144433093,
      "answer_6": 0.6156508603737093
    },
    "query_5": {
      "answer_1": 0.6365762050329871,
      "answer_2": 0.5392926216232049,
      "answer_3": 0.5212992085868907,
      "answer_4": 0.564418482311078,
      "answer_5": 0.868250810389023,
      "answer_6": 0.5311149684841923
    },
    "query_6": {
      "answer_1": 0.5820000796948042,
      "answer_2": 0.5667825035267857,
      "answer_3": 0.5456948712835958,
      "answer_4": 0.6445195998372605,
      "answer_5": 0.5941661246195862,
      "answer_6": 0.8581708677764981
    }
  }
}