{
  "entity": "Winston Churchill",
  "cosine_similarities": {
    "query_1": {
      "answer_1": 0.8407774053929628,
      "answer_2": 0.6865702290603029,
      "answer_3": 0.6300991004754335,
      "answer_4": 0.5556815114891726,
      "answer_5": 0.6301204544270861,
      "answer_6": 0.5948857761942719
    },
    "query_2": {
      "answer_1": 0.6755212255016435,
      "answer_2": 0.900783385650169,
      "answer_3": 0.6096394955034031,
      "answer_4": 0.5465033056520371,
      "answer_5": 0.6037333097342006,
      "answer_6": 0.5628675030144604
    },
    "query_3": {
      "answer_1": 0.6152166986369673,
      "answer_2": 0.5804709778069355,
      "answer_3": 0.8778818258567661,
      "answer_4": 0.669618259587408,
      "answer_5": 0.5859688559293674,
      "answer_6": 0.5685446745275405
    },
    "query_4": {
      "answer_1": 0.5384776331531141,
      "answer_2": 0.5454120958980045,
      "answer_3": 0.6449452117071588,
      "answer_4": 0.8238442028723292,
      "answer_5": 0.6634747032524618,
      "answer_6": 0.6252381037663611
    },
    "query_5": {
      "answer_1": 0.6256444634181737,
      "answer_2": 0.613154947744357,
      "answer_3": 0.5809003370975045,
      "answer_4": 0.6786676565006502,
      "answer_5": 0.8822458911300555,
      "answer_6": 0.705388137110358
    },
    "query_6": {
      "answer_1": 0.5920248048837592,
      "answer_2": 0.5687038000388704,
      "answer_3": 0.5628080919835692,
      "answer_4": 0.6791972870295633,
      "answer_5": 0.6699470512679899,
      "answer_6": 0.8594492707446825
    }
  }
}