{
  "entity": "Winston Churchill",
  "cosine_similarities": {
    "query_1": {
      "answer_1": 0.7656678940622204,
      "answer_2": 0.6654828119017568,
      "answer_3": 0.5929092201142394,
      "answer_4": 0.49432421263582194,
      "answer_5": 0.575818479639234,
      "answer_6": 0.5646928961092026
    },
    "query_2": {
      "answer_1": 0.6525227852036855,
      "answer_2": 0.8832129127967474,
      "answer_3": 0.5959142515626858,
      "answer_4": 0.5045762990800694,
      "answer_5": 0.5257229856316833,
      "answer_6": 0.5599112317248801
    },
    "query_3": {
      "answer_1": 0.6795478336803888,
      "answer_2": 0.6355211647620287,
      "answer_3": 0.8189353832053671,
      "answer_4": 0.5724352117177242,
      "answer_5": 0.5210563820598785,
      "answer_6": 0.5582999264056182
    },
    "query_4": {
      "answer_1": 0.6434727476594843,
      "answer_2": 0.6245027469444961,
      "answer_3": 0.605086934159615,
      "answer_4": 0.8513660972470137,
      "answer_5": 0.6325430171591047,
      "answer_6": 0.6897619279316812
    },
    "query_5": {
      "answer_1": 0.6565412767214083,
      "answer_2": 0.5966970456370189,
      "answer_3": 0.5823328377793824,
      "answer_4": 0.5467190306656846,
      "answer_5": 0.8454039360850362,
      "answer_6": 0.6013077083253808
    },
    "query_6": {
      "answer_1": 0.6065863646349386,
      "answer_2": 0.5747095926151183,
      "answer_3": 0.5177541530355968,
      "answer_4": 0.5865919215524926,
      "answer_5": 0.5725668283556213,
      "answer_6": 0.8677056327308232
    }
  }
}