{
  "entity": "Winston Churchill",
  "cosine_similarities": {
    "query_1": {
      "answer_1": 0.8600472575772556,
      "answer_2": 0.6817989977951288,
      "answer_3": 0.6629370657281344,
      "answer_4": 0.525706929339687,
      "answer_5": 0.68235125798996,
      "answer_6": 0.5949926552769611
    },
    "query_2": {
      "answer_1": 0.6801181244236064,
      "answer_2": 0.8912495098044054,
      "answer_3": 0.686663602846857,
      "answer_4": 0.504044382383803,
      "answer_5": 0.5620659012348652,
      "answer_6": 0.5565724574916534
    },
    "query_3": {
      "answer_1": 0.6686752531750392,
      "answer_2": 0.6485957487055767,
      "answer_3": 0.8528189124970363,
      "answer_4": 0.5529895303055473,
      "answer_5": 0.5585603901274702,
      "answer_6": 0.5383812335954009
    },
    "query_4": {
      "answer_1": 0.5237876344844113,
      "answer_2": 0.5470855253832341,
      "answer_3": 0.5913971439110619,
      "answer_4": 0.8445024292523179,
      "answer_5": 0.6055651251280703,
      "answer_6": 0.6278796982339448
    },
    "query_5": {
      "answer_1": 0.655415719897199,
      "answer_2": 0.5571887870932842,
      "answer_3": 0.5642570470718323,
      "answer_4": 0.5730652371070643,
      "answer_5": 0.8684401002434747,
      "answer_6": 0.5857868296851126
    },
    "query_6": {
      "answer_1": 0.5844011467754012,
      "answer_2": 0.5510176536744098,
      "answer_3": 0.5656464199143426,
      "answer_4": 0.5970355936334895,
      "answer_5": 0.5891789202784433,
      "answer_6": 0.869224166700858
    }
  }
}