{
  "entity": "Napoleon Bonaparte",
  "cosine_similarities": {
    "query_1": {
      "answer_1": 0.6941309062424224,
      "answer_2": 0.5607199398526221,
      "answer_3": 0.5142130797747819,
      "answer_4": 0.5783043388290098,
      "answer_5": 0.5150037013108285,
      "answer_6": 0.4134970562029919
    },
    "query_2": {
      "answer_1": 0.5298346157447015,
      "answer_2": 0.7400290673061247,
      "answer_3": 0.5395257976071208,
      "answer_4": 0.47837206780510605,
      "answer_5": 0.47263596511870043,
      "answer_6": 0.3584675684363997
    },
    "query_3": {
      "answer_1": 0.4591286725711708,
      "answer_2": 0.5202333050831283,
      "answer_3": 0.754055998911708,
      "answer_4": 0.38822786195024567,
      "answer_5": 0.4006337806906865,
      "answer_6": 0.35649548906816925
    },
    "query_4": {
      "answer_1": 0.6411010050715624,
      "answer_2": 0.6310350083170724,
      "answer_3": 0.5037922453669228,
      "answer_4": 0.7833393898251123,
      "answer_5": 0.5879236912799607,
      "answer_6": 0.4314514197906381
    },
    "query_5": {
      "answer_1": 0.5848834837560054,
      "answer_2": 0.6113036238563005,
      "answer_3": 0.5567904212716307,
      "answer_4": 0.5297920036547235,
      "answer_5": 0.7958194791126856,
      "answer_6": 0.4050354857798491
    },
    "query_6": {
      "answer_1": 0.5390107328608388,
      "answer_2": 0.43815597969771336,
      "answer_3": 0.4403723063446879,
      "answer_4": 0.4870392619895702,
      "answer_5": 0.4382174485381516,
      "answer_6": 0.8301770467434306
    }
  }
}