{
  "entity": "Abraham Lincoln",
  "cosine_similarities": {
    "query_1": {
      "answer_1": 0.6947958182793552,
      "answer_2": 0.6745858214078065,
      "answer_3": 0.616750886028601,
      "answer_4": 0.6210500954002853,
      "answer_5": 0.5097466333007362,
      "answer_6": 0.5852583533662098
    },
    "query_2": {
      "answer_1": 0.7035163444703986,
      "answer_2": 0.8089666392789407,
      "answer_3": 0.7182363531709683,
      "answer_4": 0.5918999241408166,
      "answer_5": 0.5430313973786337,
      "answer_6": 0.6459668556596222
    },
    "query_3": {
      "answer_1": 0.6541657541766921,
      "answer_2": 0.6414507633724116,
      "answer_3": 0.8569993318338106,
      "answer_4": 0.5877099932756312,
      "answer_5": 0.4506185820926125,
      "answer_6": 0.5849140925482312
    },
    "query_4": {
      "answer_1": 0.5236689165621442,
      "answer_2": 0.5457245485035606,
      "answer_3": 0.558260381774221,
      "answer_4": 0.7651156461172679,
      "answer_5": 0.42013436495848455,
      "answer_6": 0.5193721125159094
    },
    "query_5": {
      "answer_1": 0.5701234904573366,
      "answer_2": 0.605324383350972,
      "answer_3": 0.5662424353872941,
      "answer_4": 0.482905157918186,
      "answer_5": 0.7987119800988998,
      "answer_6": 0.5499547593944
    },
    "query_6": {
      "answer_1": 0.6344496291684433,
      "answer_2": 0.65652279041125,
      "answer_3": 0.6586719596057038,
      "answer_4": 0.544507438528558,
      "answer_5": 0.5257453137161099,
      "answer_6": 0.8234873925252407
    }
  }
}