{
  "entity": "Abraham Lincoln",
  "cosine_similarities": {
    "query_1": {
      "answer_1": 0.7364998153817179,
      "answer_2": 0.6549957836266411,
      "answer_3": 0.6190967115936836,
      "answer_4": 0.5031170808374731,
      "answer_5": 0.6931435908776207,
      "answer_6": 0.6403164969954607
    },
    "query_2": {
      "answer_1": 0.6474008561772855,
      "answer_2": 0.7946114255054949,
      "answer_3": 0.6689136468033554,
      "answer_4": 0.4342832998171688,
      "answer_5": 0.6238339510598034,
      "answer_6": 0.6187557135987268
    },
    "query_3": {
      "answer_1": 0.7824739917321166,
      "answer_2": 0.6649877928633399,
      "answer_3": 0.8150457249551267,
      "answer_4": 0.45284679329125954,
      "answer_5": 0.6351232494264576,
      "answer_6": 0.5980063254619878
    },
    "query_4": {
      "answer_1": 0.49981282997126864,
      "answer_2": 0.47627112150691603,
      "answer_3": 0.4724862823396027,
      "answer_4": 0.828238042609858,
      "answer_5": 0.5135042040626348,
      "answer_6": 0.4573605834603758
    },
    "query_5": {
      "answer_1": 0.6618479824278815,
      "answer_2": 0.6137625705126823,
      "answer_3": 0.5951595812323605,
      "answer_4": 0.45969289034400895,
      "answer_5": 0.809414636465511,
      "answer_6": 0.6258681599424264
    },
    "query_6": {
      "answer_1": 0.6720888948075804,
      "answer_2": 0.6873449095001458,
      "answer_3": 0.6541892242019804,
      "answer_4": 0.526074775559513,
      "answer_5": 0.6914557521104064,
      "answer_6": 0.7567216836173397
    }
  }
}