{
  "entity": "Abraham Lincoln",
  "cosine_similarities": {
    "query_1": {
      "answer_1": 0.7369696240838153,
      "answer_2": 0.6755997012859781,
      "answer_3": 0.6551796188450091,
      "answer_4": 0.5357241878807527,
      "answer_5": 0.5168039266762755,
      "answer_6": 0.617279966301109
    },
    "query_2": {
      "answer_1": 0.6687526258454547,
      "answer_2": 0.7995819680339566,
      "answer_3": 0.6578068800385833,
      "answer_4": 0.439929565416566,
      "answer_5": 0.5147096511858432,
      "answer_6": 0.5902949684111777
    },
    "query_3": {
      "answer_1": 0.6633306378530371,
      "answer_2": 0.5650844423874699,
      "answer_3": 0.7417819543647423,
      "answer_4": 0.4754556616404203,
      "answer_5": 0.48565533542002415,
      "answer_6": 0.5100002806175583
    },
    "query_4": {
      "answer_1": 0.5546094545096446,
      "answer_2": 0.48210114797493914,
      "answer_3": 0.533221044388267,
      "answer_4": 0.7882257578423646,
      "answer_5": 0.45122953032284213,
      "answer_6": 0.5045384917939217
    },
    "query_5": {
      "answer_1": 0.594343321623504,
      "answer_2": 0.6319213660404488,
      "answer_3": 0.6578005170764887,
      "answer_4": 0.4888701341382056,
      "answer_5": 0.8112311517352125,
      "answer_6": 0.5943700493092485
    },
    "query_6": {
      "answer_1": 0.6765900641587123,
      "answer_2": 0.6640933848619712,
      "answer_3": 0.6469731302774475,
      "answer_4": 0.5111589858621839,
      "answer_5": 0.5376549934751919,
      "answer_6": 0.8341292282264207
    }
  }
}