{
  "entity": "Abraham Lincoln",
  "cosine_similarities": {
    "query_1": {
      "answer_1": 0.6796912122191928,
      "answer_2": 0.6440211336900782,
      "answer_3": 0.5104932998242724,
      "answer_4": 0.5848294936152036,
      "answer_5": 0.5169797057212686,
      "answer_6": 0.5592385097350376
    },
    "query_2": {
      "answer_1": 0.6539683520264965,
      "answer_2": 0.8301627562147094,
      "answer_3": 0.46113169133147525,
      "answer_4": 0.53592068911131,
      "answer_5": 0.49895476061652755,
      "answer_6": 0.6145236504191469
    },
    "query_3": {
      "answer_1": 0.5255743374377851,
      "answer_2": 0.5492561174588095,
      "answer_3": 0.8007504597381194,
      "answer_4": 0.48263827255501446,
      "answer_5": 0.4869893264146836,
      "answer_6": 0.4528720308622611
    },
    "query_4": {
      "answer_1": 0.5423028352935719,
      "answer_2": 0.5389060385849722,
      "answer_3": 0.428920589412867,
      "answer_4": 0.7308564442037931,
      "answer_5": 0.4305159814395987,
      "answer_6": 0.5213922789671928
    },
    "query_5": {
      "answer_1": 0.6071363660447325,
      "answer_2": 0.5866633262993556,
      "answer_3": 0.5218520680786715,
      "answer_4": 0.4733081475998743,
      "answer_5": 0.8036698528931439,
      "answer_6": 0.47347575162603495
    },
    "query_6": {
      "answer_1": 0.6367847792622596,
      "answer_2": 0.6026085262596169,
      "answer_3": 0.4806146131714518,
      "answer_4": 0.5199753650803339,
      "answer_5": 0.46721094804199365,
      "answer_6": 0.8222574857984297
    }
  }
}