{
  "entity": "Jeanne d'Arc",
  "scores": {
    "query_1": {
      "answer_1": 3.42943397150566,
      "answer_2": 2.2119474462754596,
      "answer_3": 2.6108662598321777,
      "answer_4": 2.4659867378789655,
      "answer_5": 2.6218684988070455,
      "answer_6": 2.6676115413163157
    },
    "query_2": {
      "answer_1": 2.504913207836893,
      "answer_2": 7.148081483804836,
      "answer_3": 1.6702975573967267,
      "answer_4": 4.311174047228443,
      "answer_5": 1.7383843382015942,
      "answer_6": 1.5172198826513348
    },
    "query_3": {
      "answer_1": 1.8082253359053206,
      "answer_2": 1.6316345540005635,
      "answer_3": 7.018209473220111,
      "answer_4": 3.0741782646340967,
      "answer_5": 1.9209785893494598,
      "answer_6": 1.8352567449155686
    },
    "query_4": {
      "answer_1": 2.017894676003388,
      "answer_2": 2.265837453256988,
      "answer_3": 3.249423966975795,
      "answer_4": 5.248137803519538,
      "answer_5": 3.1093115420236437,
      "answer_6": 2.037923839162857
    },
    "query_5": {
      "answer_1": 2.7985169726796815,
      "answer_2": 2.2407105563747325,
      "answer_3": 3.8567173724751216,
      "answer_4": 2.5527816731338167,
      "answer_5": 8.496372906960364,
      "answer_6": 2.5685624838643273
    },
    "query_6": {
      "answer_1": 3.201494063898691,
      "answer_2": 3.65344259526347,
      "answer_3": 3.153770811152487,
      "answer_4": 3.505259394293408,
      "answer_5": 3.959723566669593,
      "answer_6": 6.314895773903481
    }
  }
}