{
  "entity": "Jeanne d'Arc",
  "scores": {
    "query_1": {
      "answer_1": 2.9825238962271463,
      "answer_2": 2.8620756568761623,
      "answer_3": 4.217273773754936,
      "answer_4": 3.0076562714237656,
      "answer_5": 2.759695138080116,
      "answer_6": 2.610626691537159
    },
    "query_2": {
      "answer_1": 1.7818008488424988,
      "answer_2": 4.946340494206536,
      "answer_3": 1.7579482844373824,
      "answer_4": 2.0183420100545875,
      "answer_5": 2.6360715387146896,
      "answer_6": 3.5665662949834482
    },
    "query_3": {
      "answer_1": 1.9013816492827904,
      "answer_2": 1.173682204373139,
      "answer_3": 5.39404218519376,
      "answer_4": 2.3853148971907077,
      "answer_5": 2.746353448327101,
      "answer_6": 2.357401678846989
    },
    "query_4": {
      "answer_1": 2.172510910149466,
      "answer_2": 2.1367180794429057,
      "answer_3": 2.6113824862104886,
      "answer_4": 3.643260625743551,
      "answer_5": 2.5881494866517443,
      "answer_6": 1.8712596111547524
    },
    "query_5": {
      "answer_1": 2.9978007215625184,
      "answer_2": 2.321211603957735,
      "answer_3": 2.771942399473594,
      "answer_4": 3.0013267284471397,
      "answer_5": 5.137770469689151,
      "answer_6": 3.179627135642129
    },
    "query_6": {
      "answer_1": 3.332935605643228,
      "answer_2": 3.409801456262666,
      "answer_3": 3.218561531276137,
      "answer_4": 4.191620931856578,
      "answer_5": 3.2723335627460304,
      "answer_6": 8.154495346829398
    }
  }
}