{
  "entity": "Jeanne d'Arc",
  "cosine_similarities": {
    "query_1": {
      "answer_1": 0.7501497671057943,
      "answer_2": 0.6687751013290404,
      "answer_3": 0.7294195682162957,
      "answer_4": 0.7670258044316413,
      "answer_5": 0.7627972184764317,
      "answer_6": 0.7514210748178369
    },
    "query_2": {
      "answer_1": 0.7346856961381394,
      "answer_2": 0.8874694872895293,
      "answer_3": 0.7581907948319295,
      "answer_4": 0.6985459450935263,
      "answer_5": 0.7107613283236879,
      "answer_6": 0.7208213013537831
    },
    "query_3": {
      "answer_1": 0.6937489862708283,
      "answer_2": 0.6176182120888233,
      "answer_3": 0.8000123711589874,
      "answer_4": 0.6428573415504469,
      "answer_5": 0.6547697423548037,
      "answer_6": 0.642958889768414
    },
    "query_4": {
      "answer_1": 0.6693857708126358,
      "answer_2": 0.6250997647168006,
      "answer_3": 0.6686598352319184,
      "answer_4": 0.7977485007459454,
      "answer_5": 0.6781005395630665,
      "answer_6": 0.6868636633389125
    },
    "query_5": {
      "answer_1": 0.7267578438968132,
      "answer_2": 0.6237220985567374,
      "answer_3": 0.7227640026976705,
      "answer_4": 0.7030115607099465,
      "answer_5": 0.851109950815413,
      "answer_6": 0.7849773532313732
    },
    "query_6": {
      "answer_1": 0.7589038080672568,
      "answer_2": 0.7120715976892874,
      "answer_3": 0.7491569783016876,
      "answer_4": 0.8004077599367578,
      "answer_5": 0.766313361857944,
      "answer_6": 0.8248590365893218
    }
  }
}