{
  "entity": "Jeanne d'Arc",
  "cosine_similarities": {
    "query_1": {
      "answer_1": 0.779832415599015,
      "answer_2": 0.6561277801401872,
      "answer_3": 0.6672665880240517,
      "answer_4": 0.6862219053083132,
      "answer_5": 0.7567547944069387,
      "answer_6": 0.7643362578891462
    },
    "query_2": {
      "answer_1": 0.6711531305985259,
      "answer_2": 0.8767856149275741,
      "answer_3": 0.618310798309515,
      "answer_4": 0.6391042835670933,
      "answer_5": 0.6276651069347124,
      "answer_6": 0.676298994425796
    },
    "query_3": {
      "answer_1": 0.7229244542687145,
      "answer_2": 0.6618667611421822,
      "answer_3": 0.8464517916303326,
      "answer_4": 0.6573255850646719,
      "answer_5": 0.5803878115839612,
      "answer_6": 0.7079773300356172
    },
    "query_4": {
      "answer_1": 0.7070443034474487,
      "answer_2": 0.7014858673522417,
      "answer_3": 0.6122377682952888,
      "answer_4": 0.7713219365069183,
      "answer_5": 0.6967873596432911,
      "answer_6": 0.6820283542530851
    },
    "query_5": {
      "answer_1": 0.6628428215944173,
      "answer_2": 0.6058601826133281,
      "answer_3": 0.6105379798444248,
      "answer_4": 0.5993594215950734,
      "answer_5": 0.8649843507805441,
      "answer_6": 0.7245516628578927
    },
    "query_6": {
      "answer_1": 0.692479317594966,
      "answer_2": 0.6722197086769636,
      "answer_3": 0.652007056230671,
      "answer_4": 0.5870433055729769,
      "answer_5": 0.6916848336494548,
      "answer_6": 0.8213791450766353
    }
  }
}