{
  "entity": "George Washington",
  "cosine_similarities": {
    "query_1": {
      "answer_1": 0.843893832993935,
      "answer_2": 0.7303165945785177,
      "answer_3": 0.6605558395924466,
      "answer_4": 0.5315290222694037,
      "answer_5": 0.5721768453410089,
      "answer_6": 0.6717001086037077
    },
    "query_2": {
      "answer_1": 0.6701244335178728,
      "answer_2": 0.8865452506848766,
      "answer_3": 0.6499483104037589,
      "answer_4": 0.5155571437028447,
      "answer_5": 0.46102074974169943,
      "answer_6": 0.6024126033344833
    },
    "query_3": {
      "answer_1": 0.6829235155846386,
      "answer_2": 0.6804413158268852,
      "answer_3": 0.804080077527768,
      "answer_4": 0.6551771752939435,
      "answer_5": 0.5428807820506489,
      "answer_6": 0.6403173081562411
    },
    "query_4": {
      "answer_1": 0.6144927704856363,
      "answer_2": 0.5668167634912119,
      "answer_3": 0.6438935872415166,
      "answer_4": 0.8129840617648184,
      "answer_5": 0.5567892018756987,
      "answer_6": 0.6711840023990683
    },
    "query_5": {
      "answer_1": 0.5642322072517406,
      "answer_2": 0.4798593799906584,
      "answer_3": 0.49961750944666167,
      "answer_4": 0.4637217350579974,
      "answer_5": 0.8657046988044496,
      "answer_6": 0.5129907477406886
    },
    "query_6": {
      "answer_1": 0.6520759214232247,
      "answer_2": 0.6079183104110178,
      "answer_3": 0.567358357795242,
      "answer_4": 0.5889780254452228,
      "answer_5": 0.49567042096094505,
      "answer_6": 0.8410623612860809
    }
  }
}