{
  "entity": "George Washington",
  "cosine_similarities": {
    "query_1": {
      "answer_1": 0.826741929680433,
      "answer_2": 0.6450149597442169,
      "answer_3": 0.5798161948573954,
      "answer_4": 0.6053082763795392,
      "answer_5": 0.6697700662075523,
      "answer_6": 0.6359716306436126
    },
    "query_2": {
      "answer_1": 0.6422439356399595,
      "answer_2": 0.8394903282111439,
      "answer_3": 0.5577593918742726,
      "answer_4": 0.5373115223428083,
      "answer_5": 0.5473163020532885,
      "answer_6": 0.5336553249434386
    },
    "query_3": {
      "answer_1": 0.6411109965622664,
      "answer_2": 0.6045185189343328,
      "answer_3": 0.7760210275188797,
      "answer_4": 0.6056226206473162,
      "answer_5": 0.5953004380490164,
      "answer_6": 0.5240409790324272
    },
    "query_4": {
      "answer_1": 0.6120743205069314,
      "answer_2": 0.5008716437355334,
      "answer_3": 0.54479076870516,
      "answer_4": 0.7774109731131169,
      "answer_5": 0.6186064565547374,
      "answer_6": 0.6706926981133772
    },
    "query_5": {
      "answer_1": 0.6206484742823991,
      "answer_2": 0.5244934909712108,
      "answer_3": 0.47858136032124027,
      "answer_4": 0.5655395075424143,
      "answer_5": 0.8188775275355795,
      "answer_6": 0.5993782258374605
    },
    "query_6": {
      "answer_1": 0.6059714391315708,
      "answer_2": 0.4877315757534662,
      "answer_3": 0.45018836604418044,
      "answer_4": 0.5982806795147985,
      "answer_5": 0.586227181015757,
      "answer_6": 0.7486162896376043
    }
  }
}