{
  "entity": "George Washington",
  "cosine_similarities": {
    "query_1": {
      "answer_1": 0.8879405752308716,
      "answer_2": 0.6963858031769574,
      "answer_3": 0.7015596692338009,
      "answer_4": 0.6279101436650912,
      "answer_5": 0.6669228223024949,
      "answer_6": 0.6400581647549252
    },
    "query_2": {
      "answer_1": 0.6668249006429318,
      "answer_2": 0.8414204777355941,
      "answer_3": 0.6449595695976835,
      "answer_4": 0.5578084531543079,
      "answer_5": 0.5688659266153472,
      "answer_6": 0.5590064635161263
    },
    "query_3": {
      "answer_1": 0.6227015178214493,
      "answer_2": 0.6017925753415662,
      "answer_3": 0.8196665356526115,
      "answer_4": 0.5849558515718926,
      "answer_5": 0.5693824414066826,
      "answer_6": 0.5341963985390376
    },
    "query_4": {
      "answer_1": 0.6150395897762847,
      "answer_2": 0.5884097458547357,
      "answer_3": 0.6699652196808741,
      "answer_4": 0.8796785030208424,
      "answer_5": 0.6812088450467874,
      "answer_6": 0.7362025118519341
    },
    "query_5": {
      "answer_1": 0.650175292815777,
      "answer_2": 0.5801438946920129,
      "answer_3": 0.5967847688162717,
      "answer_4": 0.6163879967446498,
      "answer_5": 0.8346409786408636,
      "answer_6": 0.6007125562888402
    },
    "query_6": {
      "answer_1": 0.6181977108989523,
      "answer_2": 0.5728398240824681,
      "answer_3": 0.5547911387296475,
      "answer_4": 0.6724652026549759,
      "answer_5": 0.6278473787241521,
      "answer_6": 0.8207842162033433
    }
  }
}