{
  "entity": "George Washington",
  "cosine_similarities": {
    "query_1": {
      "answer_1": 0.8782318829500987,
      "answer_2": 0.6887624531261252,
      "answer_3": 0.6923351750331868,
      "answer_4": 0.6369854289629249,
      "answer_5": 0.6682527832334072,
      "answer_6": 0.6365406797064878
    },
    "query_2": {
      "answer_1": 0.6498610402396212,
      "answer_2": 0.866298835931503,
      "answer_3": 0.6479730358551246,
      "answer_4": 0.5738549576655673,
      "answer_5": 0.5713051501544879,
      "answer_6": 0.5293868087274036
    },
    "query_3": {
      "answer_1": 0.6155013851627813,
      "answer_2": 0.6166431313397964,
      "answer_3": 0.8103103717382316,
      "answer_4": 0.6200384847849936,
      "answer_5": 0.5526233673293469,
      "answer_6": 0.5368217715370691
    },
    "query_4": {
      "answer_1": 0.6234852590210884,
      "answer_2": 0.5864248534575175,
      "answer_3": 0.6431780884231584,
      "answer_4": 0.8666685264339798,
      "answer_5": 0.670492709228256,
      "answer_6": 0.7746080028075155
    },
    "query_5": {
      "answer_1": 0.651040055929479,
      "answer_2": 0.5790237540955621,
      "answer_3": 0.5759368262049243,
      "answer_4": 0.6251390688180265,
      "answer_5": 0.8474217625845265,
      "answer_6": 0.5941087368190626
    },
    "query_6": {
      "answer_1": 0.6436915775217817,
      "answer_2": 0.5631999456326638,
      "answer_3": 0.5443812968342832,
      "answer_4": 0.6635739317060706,
      "answer_5": 0.640099146029773,
      "answer_6": 0.7941495615017774
    }
  }
}