{
  "entity": "George Washington",
  "cosine_similarities": {
    "query_1": {
      "answer_1": 0.8942574926109764,
      "answer_2": 0.6901125829208826,
      "answer_3": 0.6910752065296409,
      "answer_4": 0.5581034342019582,
      "answer_5": 0.6596610702095439,
      "answer_6": 0.6486990775365016
    },
    "query_2": {
      "answer_1": 0.6575370620801566,
      "answer_2": 0.899591151621839,
      "answer_3": 0.6592647150559038,
      "answer_4": 0.517780875327195,
      "answer_5": 0.5940488033468642,
      "answer_6": 0.5535196960345047
    },
    "query_3": {
      "answer_1": 0.6793802422030947,
      "answer_2": 0.6734614523473453,
      "answer_3": 0.8884707008701127,
      "answer_4": 0.5393599061484913,
      "answer_5": 0.5812345868534441,
      "answer_6": 0.5654744742758733
    },
    "query_4": {
      "answer_1": 0.5952557550359917,
      "answer_2": 0.5643342419408347,
      "answer_3": 0.5926417649982093,
      "answer_4": 0.8275147564367297,
      "answer_5": 0.676933829183404,
      "answer_6": 0.7179567663675914
    },
    "query_5": {
      "answer_1": 0.6172079769002261,
      "answer_2": 0.57782691515948,
      "answer_3": 0.5416431672801634,
      "answer_4": 0.5709459951142742,
      "answer_5": 0.8653062981935348,
      "answer_6": 0.6042323376519141
    },
    "query_6": {
      "answer_1": 0.6405378659158161,
      "answer_2": 0.5848243473467438,
      "answer_3": 0.5594783280464887,
      "answer_4": 0.6258550117514163,
      "answer_5": 0.6388358747042229,
      "answer_6": 0.8599936993452915
    }
  }
}