{
  "entity": "George Washington",
  "cosine_similarities": {
    "query_1": {
      "answer_1": 0.7976316399009498,
      "answer_2": 0.7013045912036547,
      "answer_3": 0.7015956912387185,
      "answer_4": 0.5604627137766673,
      "answer_5": 0.7118869696609658,
      "answer_6": 0.6292713976471169
    },
    "query_2": {
      "answer_1": 0.6112407559593365,
      "answer_2": 0.8773265203772272,
      "answer_3": 0.6563207856981286,
      "answer_4": 0.5303094014640802,
      "answer_5": 0.5970593899856164,
      "answer_6": 0.5449281612251223
    },
    "query_3": {
      "answer_1": 0.6882735372600708,
      "answer_2": 0.6843198418568234,
      "answer_3": 0.8107665681310441,
      "answer_4": 0.6236661308337347,
      "answer_5": 0.6599486837431353,
      "answer_6": 0.6040766558542359
    },
    "query_4": {
      "answer_1": 0.5883726461735326,
      "answer_2": 0.552453768009093,
      "answer_3": 0.578470957228234,
      "answer_4": 0.8410354963243436,
      "answer_5": 0.6865635909493446,
      "answer_6": 0.7316423736277471
    },
    "query_5": {
      "answer_1": 0.6485881187127853,
      "answer_2": 0.6411582183672109,
      "answer_3": 0.5940788066778211,
      "answer_4": 0.5785898771897384,
      "answer_5": 0.8512160602331852,
      "answer_6": 0.6541513633586085
    },
    "query_6": {
      "answer_1": 0.5678526918817554,
      "answer_2": 0.5375764355190316,
      "answer_3": 0.5206221418905476,
      "answer_4": 0.6175163012336464,
      "answer_5": 0.6389893141305913,
      "answer_6": 0.8360859781313145
    }
  }
}