{
  "entity": "George Washington",
  "cosine_similarities": {
    "query_1": {
      "answer_1": 0.8914072368360062,
      "answer_2": 0.7106965970890646,
      "answer_3": 0.691768755270339,
      "answer_4": 0.5212183330888162,
      "answer_5": 0.6698001765483044,
      "answer_6": 0.6236343730034285
    },
    "query_2": {
      "answer_1": 0.6704739480416986,
      "answer_2": 0.8742834209244583,
      "answer_3": 0.6707077044827826,
      "answer_4": 0.47908483657055256,
      "answer_5": 0.5708655963381787,
      "answer_6": 0.5614993742656955
    },
    "query_3": {
      "answer_1": 0.6924226578378735,
      "answer_2": 0.6793596171080213,
      "answer_3": 0.8228670063260116,
      "answer_4": 0.6538307030363203,
      "answer_5": 0.6750609529168222,
      "answer_6": 0.613406110355898
    },
    "query_4": {
      "answer_1": 0.5556333467451963,
      "answer_2": 0.571443775209405,
      "answer_3": 0.6706347698857441,
      "answer_4": 0.8190982170469385,
      "answer_5": 0.6322140946249087,
      "answer_6": 0.623629718142674
    },
    "query_5": {
      "answer_1": 0.661803002945474,
      "answer_2": 0.5819344150067814,
      "answer_3": 0.629145097417053,
      "answer_4": 0.544695774180583,
      "answer_5": 0.8561538226898293,
      "answer_6": 0.5848831354096902
    },
    "query_6": {
      "answer_1": 0.6292940495853976,
      "answer_2": 0.5715364378270608,
      "answer_3": 0.5771748800872135,
      "answer_4": 0.5269840965044807,
      "answer_5": 0.5865459925034117,
      "answer_6": 0.802116714838356
    }
  }
}