{
  "entity": "George Washington",
  "cosine_similarities": {
    "query_1": {
      "answer_1": 0.7980157681174637,
      "answer_2": 0.7248240286469091,
      "answer_3": 0.686404795660592,
      "answer_4": 0.5697663837188826,
      "answer_5": 0.6829459554056538,
      "answer_6": 0.6466819254949251
    },
    "query_2": {
      "answer_1": 0.628000947361255,
      "answer_2": 0.8613033061129766,
      "answer_3": 0.6303561925092506,
      "answer_4": 0.5377335009280303,
      "answer_5": 0.6119423503226286,
      "answer_6": 0.5707205328138408
    },
    "query_3": {
      "answer_1": 0.6874858660750953,
      "answer_2": 0.6984467297634932,
      "answer_3": 0.8016624060954037,
      "answer_4": 0.62245231670855,
      "answer_5": 0.6341914806442297,
      "answer_6": 0.6201248235571637
    },
    "query_4": {
      "answer_1": 0.5806939118886614,
      "answer_2": 0.5580895078554534,
      "answer_3": 0.59127556887565,
      "answer_4": 0.8370347550454065,
      "answer_5": 0.6723087715769833,
      "answer_6": 0.7233916319663013
    },
    "query_5": {
      "answer_1": 0.6367787933722912,
      "answer_2": 0.6456661805368359,
      "answer_3": 0.5924339860629434,
      "answer_4": 0.5934620448934328,
      "answer_5": 0.8620536645661351,
      "answer_6": 0.6411622435100702
    },
    "query_6": {
      "answer_1": 0.6123768644300361,
      "answer_2": 0.569820976779072,
      "answer_3": 0.5656778830716975,
      "answer_4": 0.6454178593590212,
      "answer_5": 0.6776401240606486,
      "answer_6": 0.8086856876312618
    }
  }
}