{
  "entity": "George Washington",
  "cosine_similarities": {
    "query_1": {
      "answer_1": 0.844373864472903,
      "answer_2": 0.7135287460310212,
      "answer_3": 0.7138981863143011,
      "answer_4": 0.5685317661135524,
      "answer_5": 0.6875371149914865,
      "answer_6": 0.6376685874612626
    },
    "query_2": {
      "answer_1": 0.6580657391368082,
      "answer_2": 0.883449249495742,
      "answer_3": 0.6521000129905727,
      "answer_4": 0.5384125409581433,
      "answer_5": 0.6022051333539997,
      "answer_6": 0.5502318352865341
    },
    "query_3": {
      "answer_1": 0.7082992814572032,
      "answer_2": 0.6936248384194807,
      "answer_3": 0.8154630640242829,
      "answer_4": 0.634705361902263,
      "answer_5": 0.652655175522975,
      "answer_6": 0.6204855914051047
    },
    "query_4": {
      "answer_1": 0.5974978809338073,
      "answer_2": 0.5770407838401451,
      "answer_3": 0.6185507597725478,
      "answer_4": 0.8249190816055453,
      "answer_5": 0.66307513620291,
      "answer_6": 0.7034598044088426
    },
    "query_5": {
      "answer_1": 0.6746533959332065,
      "answer_2": 0.6445934833006991,
      "answer_3": 0.6302855779292577,
      "answer_4": 0.5931713564257227,
      "answer_5": 0.8708795448432242,
      "answer_6": 0.6362560343350658
    },
    "query_6": {
      "answer_1": 0.6255217927728378,
      "answer_2": 0.6116256146467499,
      "answer_3": 0.6303432245087864,
      "answer_4": 0.649182881173029,
      "answer_5": 0.6749583916149209,
      "answer_6": 0.8225565654950178
    }
  }
}