{
  "entity": "George Washington",
  "cosine_similarities": {
    "query_1": {
      "answer_1": 0.8690483883196929,
      "answer_2": 0.7396212475957891,
      "answer_3": 0.6378911937658801,
      "answer_4": 0.5458758012404872,
      "answer_5": 0.6658108694258055,
      "answer_6": 0.6323792390985682
    },
    "query_2": {
      "answer_1": 0.6686582483414528,
      "answer_2": 0.8639195860211384,
      "answer_3": 0.6294473865985526,
      "answer_4": 0.5140905695085844,
      "answer_5": 0.5759271731304146,
      "answer_6": 0.5833864503991749
    },
    "query_3": {
      "answer_1": 0.7059558002997766,
      "answer_2": 0.721054160576899,
      "answer_3": 0.8881400718450092,
      "answer_4": 0.5857920723864553,
      "answer_5": 0.5843670044494054,
      "answer_6": 0.5801321208722148
    },
    "query_4": {
      "answer_1": 0.6043683763258326,
      "answer_2": 0.5964745726761085,
      "answer_3": 0.5728205442067835,
      "answer_4": 0.8137765740451598,
      "answer_5": 0.6276422948012031,
      "answer_6": 0.7213007792783604
    },
    "query_5": {
      "answer_1": 0.6742632671502466,
      "answer_2": 0.6262790890956259,
      "answer_3": 0.5110859515339427,
      "answer_4": 0.5635279399132652,
      "answer_5": 0.8370935680083817,
      "answer_6": 0.6093832056458608
    },
    "query_6": {
      "answer_1": 0.6295584344255453,
      "answer_2": 0.6352646574655856,
      "answer_3": 0.5292123896382639,
      "answer_4": 0.6415569817700327,
      "answer_5": 0.6096377316682914,
      "answer_6": 0.85350215200896
    }
  }
}