{
  "entity": "George Washington",
  "cosine_similarities": {
    "query_1": {
      "answer_1": 0.8307162793005839,
      "answer_2": 0.7088330778897552,
      "answer_3": 0.6338559796358393,
      "answer_4": 0.5223632762307849,
      "answer_5": 0.6679508083477176,
      "answer_6": 0.6492424543102073
    },
    "query_2": {
      "answer_1": 0.6905652754778914,
      "answer_2": 0.8783651769198461,
      "answer_3": 0.6450286775634678,
      "answer_4": 0.5239354330594597,
      "answer_5": 0.582104813379242,
      "answer_6": 0.5700438696884182
    },
    "query_3": {
      "answer_1": 0.6797656772367766,
      "answer_2": 0.6691638413566887,
      "answer_3": 0.8081824443051304,
      "answer_4": 0.5795574897554748,
      "answer_5": 0.6107683052228224,
      "answer_6": 0.5849668361310506
    },
    "query_4": {
      "answer_1": 0.5965932955824365,
      "answer_2": 0.5330799993725299,
      "answer_3": 0.5836602574674924,
      "answer_4": 0.7458755304933019,
      "answer_5": 0.5666134138150841,
      "answer_6": 0.6212771968296793
    },
    "query_5": {
      "answer_1": 0.6532894667476803,
      "answer_2": 0.5860507261355318,
      "answer_3": 0.5419637723415663,
      "answer_4": 0.5273825418709976,
      "answer_5": 0.865684241997477,
      "answer_6": 0.6205669656441137
    },
    "query_6": {
      "answer_1": 0.6379834302519569,
      "answer_2": 0.5511091321816394,
      "answer_3": 0.5203623931970164,
      "answer_4": 0.5843979515133705,
      "answer_5": 0.5862519918134913,
      "answer_6": 0.7663670368344064
    }
  }
}