{
  "entity": "George Washington",
  "cosine_similarities": {
    "query_1": {
      "answer_1": 0.8794694146023654,
      "answer_2": 0.6944550212363155,
      "answer_3": 0.6932644965338517,
      "answer_4": 0.6327810804844063,
      "answer_5": 0.6894548209763707,
      "answer_6": 0.6639622470654695
    },
    "query_2": {
      "answer_1": 0.6559761446388837,
      "answer_2": 0.8481877916055272,
      "answer_3": 0.6408685097376826,
      "answer_4": 0.5585816244805638,
      "answer_5": 0.5635751217144576,
      "answer_6": 0.5576872353161219
    },
    "query_3": {
      "answer_1": 0.6297849650673021,
      "answer_2": 0.5963444005814369,
      "answer_3": 0.8440824463469795,
      "answer_4": 0.607294255316006,
      "answer_5": 0.5940067212641732,
      "answer_6": 0.5381353975013482
    },
    "query_4": {
      "answer_1": 0.6290483798512407,
      "answer_2": 0.5959910196476189,
      "answer_3": 0.6873922305093446,
      "answer_4": 0.8783513086594206,
      "answer_5": 0.6889562960723206,
      "answer_6": 0.7885279455218391
    },
    "query_5": {
      "answer_1": 0.6399435968300615,
      "answer_2": 0.5851273904944612,
      "answer_3": 0.591411843638008,
      "answer_4": 0.5912971233637533,
      "answer_5": 0.8556721275774107,
      "answer_6": 0.6107992420107754
    },
    "query_6": {
      "answer_1": 0.621842592921022,
      "answer_2": 0.5949227726862356,
      "answer_3": 0.561937368564827,
      "answer_4": 0.7280210238428524,
      "answer_5": 0.6481485790045338,
      "answer_6": 0.8284850909689352
    }
  }
}