{
  "entity": "George Washington",
  "cosine_similarities": {
    "query_1": {
      "answer_1": 0.8588793623372095,
      "answer_2": 0.7220632420541462,
      "answer_3": 0.7126567289788893,
      "answer_4": 0.5644092282458212,
      "answer_5": 0.7066440881222258,
      "answer_6": 0.6257932189541937
    },
    "query_2": {
      "answer_1": 0.6436201725917203,
      "answer_2": 0.8762153769819644,
      "answer_3": 0.6499443893401265,
      "answer_4": 0.5269406708504812,
      "answer_5": 0.5964946651150409,
      "answer_6": 0.5516443127397652
    },
    "query_3": {
      "answer_1": 0.701470403165123,
      "answer_2": 0.7016815458339992,
      "answer_3": 0.8031409519746567,
      "answer_4": 0.6350000620501964,
      "answer_5": 0.6457944887002491,
      "answer_6": 0.6380894432931272
    },
    "query_4": {
      "answer_1": 0.6130105727197268,
      "answer_2": 0.6085566890826151,
      "answer_3": 0.6490147363353854,
      "answer_4": 0.8430244803131621,
      "answer_5": 0.6882249185393098,
      "answer_6": 0.7226352241078221
    },
    "query_5": {
      "answer_1": 0.6911078575022854,
      "answer_2": 0.6545314871794629,
      "answer_3": 0.6314252805255931,
      "answer_4": 0.5917845669790871,
      "answer_5": 0.850521969869072,
      "answer_6": 0.6039841368916319
    },
    "query_6": {
      "answer_1": 0.6383470178563262,
      "answer_2": 0.6219932375889025,
      "answer_3": 0.6111140964194332,
      "answer_4": 0.6647166147522116,
      "answer_5": 0.6697944844676813,
      "answer_6": 0.828973200572976
    }
  }
}