{
  "entity": "George Washington",
  "cosine_similarities": {
    "query_1": {
      "answer_1": 0.8781222337403538,
      "answer_2": 0.7164011110114005,
      "answer_3": 0.6791192354957778,
      "answer_4": 0.5425039002675577,
      "answer_5": 0.6743652707868073,
      "answer_6": 0.6106775506291748
    },
    "query_2": {
      "answer_1": 0.6634453981104511,
      "answer_2": 0.8915068418310912,
      "answer_3": 0.6532760364506979,
      "answer_4": 0.5041376111487502,
      "answer_5": 0.5807240588695971,
      "answer_6": 0.5412529913790735
    },
    "query_3": {
      "answer_1": 0.7213364139061825,
      "answer_2": 0.653838292768266,
      "answer_3": 0.8016949692469714,
      "answer_4": 0.6558697495780794,
      "answer_5": 0.6432439401456894,
      "answer_6": 0.6171133056860154
    },
    "query_4": {
      "answer_1": 0.573642693507963,
      "answer_2": 0.5374543123302138,
      "answer_3": 0.6482611772250784,
      "answer_4": 0.8046816912744158,
      "answer_5": 0.6242183243879118,
      "answer_6": 0.579385064716549
    },
    "query_5": {
      "answer_1": 0.671104289121379,
      "answer_2": 0.6136480643542489,
      "answer_3": 0.5937509569439485,
      "answer_4": 0.5482984145835955,
      "answer_5": 0.8375885271498515,
      "answer_6": 0.5557561097292766
    },
    "query_6": {
      "answer_1": 0.6644139401110751,
      "answer_2": 0.6172351575134221,
      "answer_3": 0.5711700498825362,
      "answer_4": 0.5650935248049417,
      "answer_5": 0.5761546178195084,
      "answer_6": 0.842255309941394
    }
  }
}