{
  "entity": "George Washington",
  "cosine_similarities": {
    "query_1": {
      "answer_1": 0.8845490277306168,
      "answer_2": 0.6788104627042909,
      "answer_3": 0.7085440513731422,
      "answer_4": 0.5436967689334036,
      "answer_5": 0.6511295171724686,
      "answer_6": 0.6242322202727086
    },
    "query_2": {
      "answer_1": 0.6648879363536148,
      "answer_2": 0.8914837955810633,
      "answer_3": 0.6444933752501283,
      "answer_4": 0.485956541340976,
      "answer_5": 0.5573095117099331,
      "answer_6": 0.5447584638692726
    },
    "query_3": {
      "answer_1": 0.7300422892691278,
      "answer_2": 0.6836132816438274,
      "answer_3": 0.8264025073534429,
      "answer_4": 0.6610098165795032,
      "answer_5": 0.6670974330883653,
      "answer_6": 0.6578533344058816
    },
    "query_4": {
      "answer_1": 0.6296880001798056,
      "answer_2": 0.564134155968253,
      "answer_3": 0.6802790590796869,
      "answer_4": 0.852768468902377,
      "answer_5": 0.6694100905023705,
      "answer_6": 0.6490246607280555
    },
    "query_5": {
      "answer_1": 0.6885232567724165,
      "answer_2": 0.6242123326958715,
      "answer_3": 0.6685474630833281,
      "answer_4": 0.6246815673873579,
      "answer_5": 0.8438979311403753,
      "answer_6": 0.6864389981294241
    },
    "query_6": {
      "answer_1": 0.6458991792707831,
      "answer_2": 0.5798352443588725,
      "answer_3": 0.6243971610336304,
      "answer_4": 0.615236763920498,
      "answer_5": 0.6449318090077297,
      "answer_6": 0.849044299638075
    }
  }
}