{
  "entity": "George Washington",
  "cosine_similarities": {
    "query_1": {
      "answer_1": 0.819538912895745,
      "answer_2": 0.6542174340214066,
      "answer_3": 0.6121465267260101,
      "answer_4": 0.5125871227006565,
      "answer_5": 0.6695050786690846,
      "answer_6": 0.658845370961388
    },
    "query_2": {
      "answer_1": 0.6274441707194521,
      "answer_2": 0.9110772247181105,
      "answer_3": 0.5681346372302813,
      "answer_4": 0.4976313386322575,
      "answer_5": 0.5579235529069777,
      "answer_6": 0.5893432340622531
    },
    "query_3": {
      "answer_1": 0.6534395208278583,
      "answer_2": 0.6066764729206556,
      "answer_3": 0.8554358124989244,
      "answer_4": 0.5632562076256965,
      "answer_5": 0.5939518148649423,
      "answer_6": 0.6603902925523119
    },
    "query_4": {
      "answer_1": 0.5397351640594461,
      "answer_2": 0.5538371251917675,
      "answer_3": 0.5590766126552779,
      "answer_4": 0.7558629060747899,
      "answer_5": 0.5713094002688948,
      "answer_6": 0.6251762150352919
    },
    "query_5": {
      "answer_1": 0.6354841956695138,
      "answer_2": 0.5637014524870898,
      "answer_3": 0.5569632124703532,
      "answer_4": 0.5294972083937493,
      "answer_5": 0.8621542885932052,
      "answer_6": 0.6512118721131985
    },
    "query_6": {
      "answer_1": 0.6762599875680082,
      "answer_2": 0.5951155778932158,
      "answer_3": 0.5986869385805761,
      "answer_4": 0.6268265687800653,
      "answer_5": 0.6478773424725279,
      "answer_6": 0.8068348047906797
    }
  }
}