{
  "entity": "George Washington",
  "cosine_similarities": {
    "query_1": {
      "answer_1": 0.863578657401082,
      "answer_2": 0.6972975247936106,
      "answer_3": 0.6593341263409709,
      "answer_4": 0.49105627479068803,
      "answer_5": 0.6760127775474747,
      "answer_6": 0.6269736483402056
    },
    "query_2": {
      "answer_1": 0.6797610998254089,
      "answer_2": 0.8743965550438119,
      "answer_3": 0.6617346995194275,
      "answer_4": 0.46948575825004063,
      "answer_5": 0.5674581871392842,
      "answer_6": 0.5341985965225777
    },
    "query_3": {
      "answer_1": 0.697246719879109,
      "answer_2": 0.6614174294482178,
      "answer_3": 0.8080978869950117,
      "answer_4": 0.6368139062818389,
      "answer_5": 0.6755840424542038,
      "answer_6": 0.6118408139126348
    },
    "query_4": {
      "answer_1": 0.5687972576318194,
      "answer_2": 0.5535311274383656,
      "answer_3": 0.6704782709168118,
      "answer_4": 0.8223795531071314,
      "answer_5": 0.60992594474977,
      "answer_6": 0.6347971955789102
    },
    "query_5": {
      "answer_1": 0.6463795884362611,
      "answer_2": 0.5732135743749368,
      "answer_3": 0.5924579354884348,
      "answer_4": 0.529673660757505,
      "answer_5": 0.863054185931247,
      "answer_6": 0.5750757774041128
    },
    "query_6": {
      "answer_1": 0.6401556408622766,
      "answer_2": 0.5668595603456694,
      "answer_3": 0.5292832528738395,
      "answer_4": 0.5184769061604169,
      "answer_5": 0.5825102229144634,
      "answer_6": 0.8036631251785122
    }
  }
}