{
  "entity": "George Washington",
  "cosine_similarities": {
    "query_1": {
      "answer_1": 0.8443886483221228,
      "answer_2": 0.7334487739212209,
      "answer_3": 0.6622077750009696,
      "answer_4": 0.5329596552873029,
      "answer_5": 0.6847264184549524,
      "answer_6": 0.633306358535438
    },
    "query_2": {
      "answer_1": 0.7114503715154258,
      "answer_2": 0.8903098265321848,
      "answer_3": 0.6668151174894882,
      "answer_4": 0.5356255165772553,
      "answer_5": 0.6058776236902387,
      "answer_6": 0.5589498504036972
    },
    "query_3": {
      "answer_1": 0.7023031303945508,
      "answer_2": 0.6818763807745494,
      "answer_3": 0.8130452994057021,
      "answer_4": 0.6232442476837939,
      "answer_5": 0.6567948559898857,
      "answer_6": 0.5940288739219916
    },
    "query_4": {
      "answer_1": 0.5876464806200733,
      "answer_2": 0.5629055700806884,
      "answer_3": 0.5939388143569345,
      "answer_4": 0.803405676248033,
      "answer_5": 0.6201199332640025,
      "answer_6": 0.6640168551728224
    },
    "query_5": {
      "answer_1": 0.6792403022324389,
      "answer_2": 0.6324693761272918,
      "answer_3": 0.6156564359521678,
      "answer_4": 0.5600702731015353,
      "answer_5": 0.8671532729606116,
      "answer_6": 0.649001268611428
    },
    "query_6": {
      "answer_1": 0.5925739782479387,
      "answer_2": 0.5428237989298724,
      "answer_3": 0.5325916043624873,
      "answer_4": 0.610355276199673,
      "answer_5": 0.627329636413439,
      "answer_6": 0.8258860924192984
    }
  }
}