{
  "entity": "George Washington",
  "cosine_similarities": {
    "query_1": {
      "answer_1": 0.8570055762778143,
      "answer_2": 0.6712024280552741,
      "answer_3": 0.6475065231588626,
      "answer_4": 0.5057654436181086,
      "answer_5": 0.6297494522795565,
      "answer_6": 0.6554512436402699
    },
    "query_2": {
      "answer_1": 0.6740493023807063,
      "answer_2": 0.8591106007636212,
      "answer_3": 0.6731263953469171,
      "answer_4": 0.45974004729658163,
      "answer_5": 0.5471528827975833,
      "answer_6": 0.5448078194000237
    },
    "query_3": {
      "answer_1": 0.6887615001516892,
      "answer_2": 0.6366597177344894,
      "answer_3": 0.767259415274554,
      "answer_4": 0.6501454909021028,
      "answer_5": 0.661632218545746,
      "answer_6": 0.6522045187640058
    },
    "query_4": {
      "answer_1": 0.5432239064779547,
      "answer_2": 0.504848426003285,
      "answer_3": 0.6230087731328423,
      "answer_4": 0.8366365970004538,
      "answer_5": 0.6144942302800409,
      "answer_6": 0.6661517952215
    },
    "query_5": {
      "answer_1": 0.6410294815776759,
      "answer_2": 0.5470216043464903,
      "answer_3": 0.5749451382777125,
      "answer_4": 0.534148533002223,
      "answer_5": 0.830147621494056,
      "answer_6": 0.6041069682966618
    },
    "query_6": {
      "answer_1": 0.6136963121930217,
      "answer_2": 0.5180934532879973,
      "answer_3": 0.47747131914232055,
      "answer_4": 0.5348248901268678,
      "answer_5": 0.5402084714404752,
      "answer_6": 0.803978480907555
    }
  }
}