{
  "entity": "George Washington",
  "cosine_similarities": {
    "query_1": {
      "answer_1": 0.8630741582875813,
      "answer_2": 0.6962189673853018,
      "answer_3": 0.6933563056454819,
      "answer_4": 0.5594785870692943,
      "answer_5": 0.6647922224889733,
      "answer_6": 0.644163979590374
    },
    "query_2": {
      "answer_1": 0.6738910528891238,
      "answer_2": 0.8940603391956656,
      "answer_3": 0.6289677110022016,
      "answer_4": 0.5429058762785015,
      "answer_5": 0.5875974244048646,
      "answer_6": 0.5538166812920623
    },
    "query_3": {
      "answer_1": 0.6702390071913431,
      "answer_2": 0.6248254807534506,
      "answer_3": 0.8337265928352519,
      "answer_4": 0.5682185664381957,
      "answer_5": 0.5809718323186633,
      "answer_6": 0.5945041249911736
    },
    "query_4": {
      "answer_1": 0.6117444240342368,
      "answer_2": 0.582318398839239,
      "answer_3": 0.6255964961917619,
      "answer_4": 0.7924130915527169,
      "answer_5": 0.6229249520087758,
      "answer_6": 0.7398095818084067
    },
    "query_5": {
      "answer_1": 0.6872763345544272,
      "answer_2": 0.5861967087577221,
      "answer_3": 0.6223462907710564,
      "answer_4": 0.602406204221052,
      "answer_5": 0.8660773847013861,
      "answer_6": 0.5995601128405902
    },
    "query_6": {
      "answer_1": 0.6964264721055322,
      "answer_2": 0.5947134944441818,
      "answer_3": 0.6544954748103992,
      "answer_4": 0.6988560890935939,
      "answer_5": 0.6331932640610712,
      "answer_6": 0.8321805154788735
    }
  }
}