{
  "entity": "George Washington",
  "cosine_similarities": {
    "query_1": {
      "answer_1": 0.8439875177427049,
      "answer_2": 0.7371114473765356,
      "answer_3": 0.634995535783499,
      "answer_4": 0.5292310568992707,
      "answer_5": 0.684697455965215,
      "answer_6": 0.5863556023848426
    },
    "query_2": {
      "answer_1": 0.6893187604480614,
      "answer_2": 0.8791504277356813,
      "answer_3": 0.6450003201963773,
      "answer_4": 0.5025669097750899,
      "answer_5": 0.6045845882741349,
      "answer_6": 0.5252870674309102
    },
    "query_3": {
      "answer_1": 0.7049569362563087,
      "answer_2": 0.6949527872628682,
      "answer_3": 0.7795660257176281,
      "answer_4": 0.6094873809182128,
      "answer_5": 0.6381628177693129,
      "answer_6": 0.5917618064336391
    },
    "query_4": {
      "answer_1": 0.6052482183034332,
      "answer_2": 0.5530611420685847,
      "answer_3": 0.6577195707844731,
      "answer_4": 0.8352303785677427,
      "answer_5": 0.6424364531302796,
      "answer_6": 0.6798682147094991
    },
    "query_5": {
      "answer_1": 0.6741073730774378,
      "answer_2": 0.5852208935213967,
      "answer_3": 0.5492960888222265,
      "answer_4": 0.5295515813206821,
      "answer_5": 0.873331174775151,
      "answer_6": 0.5998882155392887
    },
    "query_6": {
      "answer_1": 0.592571774789941,
      "answer_2": 0.4941836885686901,
      "answer_3": 0.47447916045280863,
      "answer_4": 0.5138714058120691,
      "answer_5": 0.5992047070813551,
      "answer_6": 0.7898980602815706
    }
  }
}