{
  "entity": "George Washington",
  "cosine_similarities": {
    "query_1": {
      "answer_1": 0.8569167955366398,
      "answer_2": 0.7036129429574842,
      "answer_3": 0.6652059488949689,
      "answer_4": 0.6192525621983862,
      "answer_5": 0.6804151501492988,
      "answer_6": 0.6557507956881042
    },
    "query_2": {
      "answer_1": 0.6652926240379508,
      "answer_2": 0.8639891480457359,
      "answer_3": 0.6286229201197637,
      "answer_4": 0.5365531804636867,
      "answer_5": 0.5714122812187779,
      "answer_6": 0.5413728792772676
    },
    "query_3": {
      "answer_1": 0.6386483313084963,
      "answer_2": 0.611522564190852,
      "answer_3": 0.8240789717893878,
      "answer_4": 0.6008938805140288,
      "answer_5": 0.5643148459179079,
      "answer_6": 0.5031723021838522
    },
    "query_4": {
      "answer_1": 0.6642452269985715,
      "answer_2": 0.5809160792174484,
      "answer_3": 0.6510668082246501,
      "answer_4": 0.7895742662471281,
      "answer_5": 0.6859015227242032,
      "answer_6": 0.7015052084116981
    },
    "query_5": {
      "answer_1": 0.6664695227021558,
      "answer_2": 0.5661399468769361,
      "answer_3": 0.5508292628786909,
      "answer_4": 0.579742890188854,
      "answer_5": 0.8545904778199033,
      "answer_6": 0.5911686098409755
    },
    "query_6": {
      "answer_1": 0.663074100368197,
      "answer_2": 0.5789701319394258,
      "answer_3": 0.5222213053547661,
      "answer_4": 0.6349070710308257,
      "answer_5": 0.6314619400167033,
      "answer_6": 0.8265896386279818
    }
  }
}