{
  "entity": "George Washington",
  "cosine_similarities": {
    "query_1": {
      "answer_1": 0.8943059279815936,
      "answer_2": 0.7320251085093896,
      "answer_3": 0.6952311060566142,
      "answer_4": 0.5586865448695222,
      "answer_5": 0.6867127370180307,
      "answer_6": 0.6089238318943381
    },
    "query_2": {
      "answer_1": 0.6727121005660834,
      "answer_2": 0.867037622171233,
      "answer_3": 0.6381771355988208,
      "answer_4": 0.5381640693249755,
      "answer_5": 0.5829963653633172,
      "answer_6": 0.5318614416056826
    },
    "query_3": {
      "answer_1": 0.6634835100435882,
      "answer_2": 0.6398723127428533,
      "answer_3": 0.8264962689404001,
      "answer_4": 0.5858239663647596,
      "answer_5": 0.6150803605513671,
      "answer_6": 0.5659019690181427
    },
    "query_4": {
      "answer_1": 0.60400013892215,
      "answer_2": 0.599327043532688,
      "answer_3": 0.6301896861690167,
      "answer_4": 0.8369742280837582,
      "answer_5": 0.6172768156981521,
      "answer_6": 0.7266954658228422
    },
    "query_5": {
      "answer_1": 0.6831145884382356,
      "answer_2": 0.6249357510946493,
      "answer_3": 0.6240211824448353,
      "answer_4": 0.5791184038111704,
      "answer_5": 0.8658149706391086,
      "answer_6": 0.5877299079818344
    },
    "query_6": {
      "answer_1": 0.6894282766491083,
      "answer_2": 0.6277417092105497,
      "answer_3": 0.6358295977247083,
      "answer_4": 0.6870817993120479,
      "answer_5": 0.6666578175914329,
      "answer_6": 0.8061259222457176
    }
  }
}