{
  "entity": "George Washington",
  "cosine_similarities": {
    "query_1": {
      "answer_1": 0.8958228289281157,
      "answer_2": 0.7289207876691494,
      "answer_3": 0.6671355396050705,
      "answer_4": 0.5429572958451211,
      "answer_5": 0.690768858836884,
      "answer_6": 0.6529355489903139
    },
    "query_2": {
      "answer_1": 0.729151800181683,
      "answer_2": 0.893047089879134,
      "answer_3": 0.6472127958616454,
      "answer_4": 0.5596302981630601,
      "answer_5": 0.6485571981538182,
      "answer_6": 0.5881014295326216
    },
    "query_3": {
      "answer_1": 0.6715102117552224,
      "answer_2": 0.6568634618930687,
      "answer_3": 0.820251743075771,
      "answer_4": 0.6285902145740316,
      "answer_5": 0.6348056038914487,
      "answer_6": 0.6202062360417719
    },
    "query_4": {
      "answer_1": 0.6024697435227316,
      "answer_2": 0.591412078694157,
      "answer_3": 0.6352163689131363,
      "answer_4": 0.8238354765275844,
      "answer_5": 0.6799904337652387,
      "answer_6": 0.6939454614154834
    },
    "query_5": {
      "answer_1": 0.7192479727163595,
      "answer_2": 0.6594762232399612,
      "answer_3": 0.6224812272052163,
      "answer_4": 0.5908926630909005,
      "answer_5": 0.8665096495005391,
      "answer_6": 0.6908192252610101
    },
    "query_6": {
      "answer_1": 0.6306254409499839,
      "answer_2": 0.586558167455375,
      "answer_3": 0.581154087544636,
      "answer_4": 0.6038126594924877,
      "answer_5": 0.6513438659745493,
      "answer_6": 0.8182750326405606
    }
  }
}