{
  "entity": "George Washington",
  "cosine_similarities": {
    "query_1": {
      "answer_1": 0.9018200986667941,
      "answer_2": 0.7326703467066378,
      "answer_3": 0.6566991188536199,
      "answer_4": 0.5708767065698747,
      "answer_5": 0.6876946593260732,
      "answer_6": 0.6697549421993414
    },
    "query_2": {
      "answer_1": 0.7023443758368294,
      "answer_2": 0.8911842643395345,
      "answer_3": 0.6122118340357829,
      "answer_4": 0.5398254289753718,
      "answer_5": 0.6210524224756022,
      "answer_6": 0.5996579977901961
    },
    "query_3": {
      "answer_1": 0.6821990708659663,
      "answer_2": 0.655544980547019,
      "answer_3": 0.8594783453699688,
      "answer_4": 0.5828993620487865,
      "answer_5": 0.6215246138637346,
      "answer_6": 0.5766536917436476
    },
    "query_4": {
      "answer_1": 0.6035851226566691,
      "answer_2": 0.5696956409055264,
      "answer_3": 0.6006871224065451,
      "answer_4": 0.828546184910742,
      "answer_5": 0.6440509681450781,
      "answer_6": 0.683731177803622
    },
    "query_5": {
      "answer_1": 0.640314700491659,
      "answer_2": 0.5820886072672959,
      "answer_3": 0.541369282298136,
      "answer_4": 0.563696985217343,
      "answer_5": 0.8567847432928962,
      "answer_6": 0.6197650410685718
    },
    "query_6": {
      "answer_1": 0.6773792840506143,
      "answer_2": 0.62550193968728,
      "answer_3": 0.5789957524620908,
      "answer_4": 0.6356091951067878,
      "answer_5": 0.6575528230903893,
      "answer_6": 0.8604012975425133
    }
  }
}