{
  "entity": "George Washington",
  "cosine_similarities": {
    "query_1": {
      "answer_1": 0.8564444508148109,
      "answer_2": 0.6891541953585371,
      "answer_3": 0.6219909038791468,
      "answer_4": 0.6254290541229744,
      "answer_5": 0.6812965448167181,
      "answer_6": 0.62108314598008
    },
    "query_2": {
      "answer_1": 0.6511252532555731,
      "answer_2": 0.8687435738010033,
      "answer_3": 0.5681150947027712,
      "answer_4": 0.5473396850831054,
      "answer_5": 0.5456490336915915,
      "answer_6": 0.5350433248342262
    },
    "query_3": {
      "answer_1": 0.6440077775303079,
      "answer_2": 0.631622654286017,
      "answer_3": 0.7981902522466712,
      "answer_4": 0.6359185218963495,
      "answer_5": 0.5638520216352693,
      "answer_6": 0.4878349819174286
    },
    "query_4": {
      "answer_1": 0.6778123815400086,
      "answer_2": 0.5590764971748038,
      "answer_3": 0.6118522999564434,
      "answer_4": 0.8376257738216076,
      "answer_5": 0.6241719818217044,
      "answer_6": 0.7035155687061099
    },
    "query_5": {
      "answer_1": 0.6449265141993512,
      "answer_2": 0.5494360324010149,
      "answer_3": 0.512843439200373,
      "answer_4": 0.568835322784458,
      "answer_5": 0.8590857773398758,
      "answer_6": 0.6158291710135958
    },
    "query_6": {
      "answer_1": 0.6469158869020468,
      "answer_2": 0.5646285072250858,
      "answer_3": 0.49616032872533433,
      "answer_4": 0.6617211223081853,
      "answer_5": 0.5818189226898286,
      "answer_6": 0.8035026926434855
    }
  }
}