{
  "entity": "George Washington",
  "cosine_similarities": {
    "query_1": {
      "answer_1": 0.884057461377871,
      "answer_2": 0.7373372697487149,
      "answer_3": 0.710786211868616,
      "answer_4": 0.5821383878331416,
      "answer_5": 0.6684215396153391,
      "answer_6": 0.6158155930811178
    },
    "query_2": {
      "answer_1": 0.642979797002708,
      "answer_2": 0.8800458448855093,
      "answer_3": 0.6594534522568491,
      "answer_4": 0.5377903422633086,
      "answer_5": 0.5827724240464245,
      "answer_6": 0.5214096238735924
    },
    "query_3": {
      "answer_1": 0.7014545786220259,
      "answer_2": 0.6998572008955376,
      "answer_3": 0.8189362287732845,
      "answer_4": 0.6375636861901108,
      "answer_5": 0.6392611450578578,
      "answer_6": 0.5987886713032904
    },
    "query_4": {
      "answer_1": 0.585288865602235,
      "answer_2": 0.5628967483136389,
      "answer_3": 0.6036407545761959,
      "answer_4": 0.8254669841313759,
      "answer_5": 0.649280023852846,
      "answer_6": 0.7099003002019888
    },
    "query_5": {
      "answer_1": 0.6994018816623203,
      "answer_2": 0.6552656445402099,
      "answer_3": 0.6463696312342024,
      "answer_4": 0.5911592518838463,
      "answer_5": 0.8623491966187368,
      "answer_6": 0.6390753520391748
    },
    "query_6": {
      "answer_1": 0.6035092376098333,
      "answer_2": 0.5617200522382715,
      "answer_3": 0.551420397940254,
      "answer_4": 0.6116618595423643,
      "answer_5": 0.6407486526140961,
      "answer_6": 0.8461465684038088
    }
  }
}