{
  "entity": "George Washington",
  "cosine_similarities": {
    "query_1": {
      "answer_1": 0.8962997818757574,
      "answer_2": 0.7286412586473643,
      "answer_3": 0.6335247404943081,
      "answer_4": 0.5738982408472041,
      "answer_5": 0.6564174829272008,
      "answer_6": 0.6587198400013143
    },
    "query_2": {
      "answer_1": 0.668587090134328,
      "answer_2": 0.8817666946331991,
      "answer_3": 0.6381746735836369,
      "answer_4": 0.5367391934435669,
      "answer_5": 0.5645248983312057,
      "answer_6": 0.5940655637636598
    },
    "query_3": {
      "answer_1": 0.6805704386822371,
      "answer_2": 0.6983210905932004,
      "answer_3": 0.8624681469261626,
      "answer_4": 0.6063507432912417,
      "answer_5": 0.5944180188383374,
      "answer_6": 0.6021941594563571
    },
    "query_4": {
      "answer_1": 0.5949875508743522,
      "answer_2": 0.5663696625482586,
      "answer_3": 0.5802590658725924,
      "answer_4": 0.8183416873851055,
      "answer_5": 0.6263219299799291,
      "answer_6": 0.6973090551483621
    },
    "query_5": {
      "answer_1": 0.6613073402546978,
      "answer_2": 0.6228719738710905,
      "answer_3": 0.5347229476682959,
      "answer_4": 0.5881866760738715,
      "answer_5": 0.8746002117832876,
      "answer_6": 0.6269881601565302
    },
    "query_6": {
      "answer_1": 0.6764216699048448,
      "answer_2": 0.6301726806661099,
      "answer_3": 0.5687938338823862,
      "answer_4": 0.6420527173846402,
      "answer_5": 0.6251381158383811,
      "answer_6": 0.8415761968268125
    }
  }
}