{
  "entity": "George Washington",
  "cosine_similarities": {
    "query_1": {
      "answer_1": 0.854089429477874,
      "answer_2": 0.7345053562755867,
      "answer_3": 0.6626375582848448,
      "answer_4": 0.5415166203808565,
      "answer_5": 0.6661328321976026,
      "answer_6": 0.6693805026655225
    },
    "query_2": {
      "answer_1": 0.6894944612416198,
      "answer_2": 0.8856684018208913,
      "answer_3": 0.6616173985022457,
      "answer_4": 0.5463070889543757,
      "answer_5": 0.5895310242556623,
      "answer_6": 0.5851218854467828
    },
    "query_3": {
      "answer_1": 0.6933289024582002,
      "answer_2": 0.6874286618371506,
      "answer_3": 0.8018610450701897,
      "answer_4": 0.6250495431584205,
      "answer_5": 0.6357233795835717,
      "answer_6": 0.6168627418274445
    },
    "query_4": {
      "answer_1": 0.5994298733236859,
      "answer_2": 0.5537352689457606,
      "answer_3": 0.5933801020991174,
      "answer_4": 0.8111611270286293,
      "answer_5": 0.5921113163508641,
      "answer_6": 0.6569762665220877
    },
    "query_5": {
      "answer_1": 0.6492228763397125,
      "answer_2": 0.6119387992571761,
      "answer_3": 0.5726983176952612,
      "answer_4": 0.5563118409070348,
      "answer_5": 0.8794281681730817,
      "answer_6": 0.617107764614787
    },
    "query_6": {
      "answer_1": 0.6462373143573541,
      "answer_2": 0.5730247131961795,
      "answer_3": 0.5471624808247336,
      "answer_4": 0.6179305539701574,
      "answer_5": 0.6131222226294033,
      "answer_6": 0.802684394227296
    }
  }
}