{
  "entity": "George Washington",
  "cosine_similarities": {
    "query_1": {
      "answer_1": 0.8491609622716244,
      "answer_2": 0.6983086602365979,
      "answer_3": 0.6364566412931795,
      "answer_4": 0.5926467654772244,
      "answer_5": 0.6586509142983975,
      "answer_6": 0.6780708044055614
    },
    "query_2": {
      "answer_1": 0.6679329884449265,
      "answer_2": 0.8749006868662254,
      "answer_3": 0.6148725257670301,
      "answer_4": 0.535476615579893,
      "answer_5": 0.5454933893014374,
      "answer_6": 0.5741043330427487
    },
    "query_3": {
      "answer_1": 0.6373349998841377,
      "answer_2": 0.6268855683101933,
      "answer_3": 0.8318862981096433,
      "answer_4": 0.6220916431821151,
      "answer_5": 0.5649822248691849,
      "answer_6": 0.5411309491059257
    },
    "query_4": {
      "answer_1": 0.6753541410993207,
      "answer_2": 0.5847910036263915,
      "answer_3": 0.6798058184634043,
      "answer_4": 0.8501545346554896,
      "answer_5": 0.7022767572776208,
      "answer_6": 0.6634492633595943
    },
    "query_5": {
      "answer_1": 0.730537323157887,
      "answer_2": 0.6520189101558459,
      "answer_3": 0.6346059775726118,
      "answer_4": 0.687499224183176,
      "answer_5": 0.8799606695484096,
      "answer_6": 0.7411997292866329
    },
    "query_6": {
      "answer_1": 0.6889225430105922,
      "answer_2": 0.5862638976738259,
      "answer_3": 0.5629227760122526,
      "answer_4": 0.6484845879615364,
      "answer_5": 0.7227325557826055,
      "answer_6": 0.8531785342041519
    }
  }
}