{
  "entity": "George Washington",
  "cosine_similarities": {
    "query_1": {
      "answer_1": 0.9043701091741735,
      "answer_2": 0.685263494992856,
      "answer_3": 0.6452512615517246,
      "answer_4": 0.537623472560201,
      "answer_5": 0.6757602478371861,
      "answer_6": 0.6573599007121144
    },
    "query_2": {
      "answer_1": 0.6428062986493996,
      "answer_2": 0.8764162716431124,
      "answer_3": 0.6343481073178167,
      "answer_4": 0.5249816875976389,
      "answer_5": 0.5783694633561339,
      "answer_6": 0.5332562858240908
    },
    "query_3": {
      "answer_1": 0.6904391915282599,
      "answer_2": 0.678327718356863,
      "answer_3": 0.8270905120955154,
      "answer_4": 0.6358832804568666,
      "answer_5": 0.6667714919015005,
      "answer_6": 0.6468828665591212
    },
    "query_4": {
      "answer_1": 0.5913364046382868,
      "answer_2": 0.5709745673606282,
      "answer_3": 0.6120505448842573,
      "answer_4": 0.8007909111026187,
      "answer_5": 0.6283787617572734,
      "answer_6": 0.6791479809530927
    },
    "query_5": {
      "answer_1": 0.7054503197621771,
      "answer_2": 0.6113339397522444,
      "answer_3": 0.6010925471351865,
      "answer_4": 0.5764708523397061,
      "answer_5": 0.8736747363040541,
      "answer_6": 0.6458287673826595
    },
    "query_6": {
      "answer_1": 0.6648989544857804,
      "answer_2": 0.5623246007485251,
      "answer_3": 0.5448918192866894,
      "answer_4": 0.6033035390760955,
      "answer_5": 0.6526988976707812,
      "answer_6": 0.8596108526221758
    }
  }
}