{
  "entity": "George Washington",
  "cosine_similarities": {
    "query_1": {
      "answer_1": 0.8841472278238746,
      "answer_2": 0.696883807980402,
      "answer_3": 0.6920404108840057,
      "answer_4": 0.6078428022669201,
      "answer_5": 0.6754829894667362,
      "answer_6": 0.6893424070103311
    },
    "query_2": {
      "answer_1": 0.680786501164788,
      "answer_2": 0.8643421311225444,
      "answer_3": 0.6457245702031212,
      "answer_4": 0.5420840502541777,
      "answer_5": 0.5577507261061635,
      "answer_6": 0.5793367015339602
    },
    "query_3": {
      "answer_1": 0.632926046530386,
      "answer_2": 0.6026779011002961,
      "answer_3": 0.8132001948542166,
      "answer_4": 0.6224681537913843,
      "answer_5": 0.571767543515075,
      "answer_6": 0.5533241346412642
    },
    "query_4": {
      "answer_1": 0.6434847619497637,
      "answer_2": 0.597931594616777,
      "answer_3": 0.7027116213006868,
      "answer_4": 0.85583334714583,
      "answer_5": 0.7214241324655948,
      "answer_6": 0.7064376438112729
    },
    "query_5": {
      "answer_1": 0.7399592313596633,
      "answer_2": 0.6419162548530151,
      "answer_3": 0.6719876432764561,
      "answer_4": 0.6921430995597321,
      "answer_5": 0.8759761455392876,
      "answer_6": 0.7490524063937458
    },
    "query_6": {
      "answer_1": 0.6901726152710518,
      "answer_2": 0.5983673661057793,
      "answer_3": 0.5865669571078966,
      "answer_4": 0.660640584234593,
      "answer_5": 0.7309948446207969,
      "answer_6": 0.834057605456848
    }
  }
}