{
  "entity": "George Washington",
  "cosine_similarities": {
    "query_1": {
      "answer_1": 0.8530927431785895,
      "answer_2": 0.6809986734975156,
      "answer_3": 0.6595934680413064,
      "answer_4": 0.5152283454630365,
      "answer_5": 0.674657823901742,
      "answer_6": 0.622475286039784
    },
    "query_2": {
      "answer_1": 0.6566697894054284,
      "answer_2": 0.8457626778792576,
      "answer_3": 0.6396267868319798,
      "answer_4": 0.4970482415795097,
      "answer_5": 0.5413575614142759,
      "answer_6": 0.5406746009576107
    },
    "query_3": {
      "answer_1": 0.6660277373267691,
      "answer_2": 0.6600548335106734,
      "answer_3": 0.864129185029598,
      "answer_4": 0.5566493037577287,
      "answer_5": 0.5609730599222199,
      "answer_6": 0.5354772731579733
    },
    "query_4": {
      "answer_1": 0.587699348599757,
      "answer_2": 0.5483826750819953,
      "answer_3": 0.5783695092337627,
      "answer_4": 0.8161249604576614,
      "answer_5": 0.6016799885600072,
      "answer_6": 0.6192654008749584
    },
    "query_5": {
      "answer_1": 0.6093276524790645,
      "answer_2": 0.556120226239016,
      "answer_3": 0.5110770008857551,
      "answer_4": 0.5230697393263106,
      "answer_5": 0.875441484271328,
      "answer_6": 0.5915975150523141
    },
    "query_6": {
      "answer_1": 0.6288091354509887,
      "answer_2": 0.527831671931049,
      "answer_3": 0.49606422308505393,
      "answer_4": 0.5563293235275778,
      "answer_5": 0.5902226752470462,
      "answer_6": 0.7643309592777063
    }
  }
}