{
  "entity": "George Washington",
  "cosine_similarities": {
    "query_1": {
      "answer_1": 0.8650462347936244,
      "answer_2": 0.7061098270032611,
      "answer_3": 0.689080199159884,
      "answer_4": 0.49961248045233597,
      "answer_5": 0.5746517360850814,
      "answer_6": 0.6061026772503737
    },
    "query_2": {
      "answer_1": 0.6677251500668759,
      "answer_2": 0.8922299681630566,
      "answer_3": 0.6640535505797137,
      "answer_4": 0.4770521775615984,
      "answer_5": 0.5115434727003308,
      "answer_6": 0.5750303327970178
    },
    "query_3": {
      "answer_1": 0.6989208326746376,
      "answer_2": 0.6635624472795197,
      "answer_3": 0.803638589055107,
      "answer_4": 0.6506298595511523,
      "answer_5": 0.5726368426507852,
      "answer_6": 0.6261059926581989
    },
    "query_4": {
      "answer_1": 0.5599888767683786,
      "answer_2": 0.5469253748142687,
      "answer_3": 0.6639884453456716,
      "answer_4": 0.8215311917095925,
      "answer_5": 0.5395998339588453,
      "answer_6": 0.628687782245429
    },
    "query_5": {
      "answer_1": 0.6563139197158923,
      "answer_2": 0.5714489796058128,
      "answer_3": 0.5673998397753033,
      "answer_4": 0.4839590157095461,
      "answer_5": 0.8062299404323227,
      "answer_6": 0.6225840272903302
    },
    "query_6": {
      "answer_1": 0.6332332250113826,
      "answer_2": 0.6218279113475438,
      "answer_3": 0.5751990789183632,
      "answer_4": 0.5379675120946036,
      "answer_5": 0.6331948666765083,
      "answer_6": 0.7941024210756676
    }
  }
}