{
  "entity": "George Washington",
  "cosine_similarities": {
    "query_1": {
      "answer_1": 0.7829701034530309,
      "answer_2": 0.7152455003589474,
      "answer_3": 0.6756868504421545,
      "answer_4": 0.5547289180343083,
      "answer_5": 0.7065028476293154,
      "answer_6": 0.6424121584439917
    },
    "query_2": {
      "answer_1": 0.5981995240091251,
      "answer_2": 0.8605805377587504,
      "answer_3": 0.6366146494393293,
      "answer_4": 0.5186133859297424,
      "answer_5": 0.604725340025749,
      "answer_6": 0.5729868418477043
    },
    "query_3": {
      "answer_1": 0.6775308875596753,
      "answer_2": 0.6901129855921514,
      "answer_3": 0.7889154453558698,
      "answer_4": 0.6080342770412251,
      "answer_5": 0.650752743219952,
      "answer_6": 0.660320953303306
    },
    "query_4": {
      "answer_1": 0.576738340453744,
      "answer_2": 0.5500290223401127,
      "answer_3": 0.6278747981085132,
      "answer_4": 0.8035932272216625,
      "answer_5": 0.6402564000515188,
      "answer_6": 0.7085059081396758
    },
    "query_5": {
      "answer_1": 0.6249699684280021,
      "answer_2": 0.6284519345692996,
      "answer_3": 0.5931633859736175,
      "answer_4": 0.5722161886085121,
      "answer_5": 0.8565873236662104,
      "answer_6": 0.628711226218359
    },
    "query_6": {
      "answer_1": 0.5671373475237553,
      "answer_2": 0.5703177415416861,
      "answer_3": 0.5726278457234141,
      "answer_4": 0.6555984305747079,
      "answer_5": 0.6613186193939782,
      "answer_6": 0.8099120995249197
    }
  }
}