{
  "entity": "George Washington",
  "cosine_similarities": {
    "query_1": {
      "answer_1": 0.7832148827072859,
      "answer_2": 0.6668799676164024,
      "answer_3": 0.615091067263021,
      "answer_4": 0.6065214270122887,
      "answer_5": 0.6536799458485921,
      "answer_6": 0.60160550206633
    },
    "query_2": {
      "answer_1": 0.6499987132631784,
      "answer_2": 0.8463907684414171,
      "answer_3": 0.5855825758711285,
      "answer_4": 0.5390336555354401,
      "answer_5": 0.5376060913943367,
      "answer_6": 0.5347355338755244
    },
    "query_3": {
      "answer_1": 0.6454518211085271,
      "answer_2": 0.6367326588661225,
      "answer_3": 0.7956525215492757,
      "answer_4": 0.6252102753809675,
      "answer_5": 0.5497246089884099,
      "answer_6": 0.4799056091076695
    },
    "query_4": {
      "answer_1": 0.6796956691624695,
      "answer_2": 0.5310462379142117,
      "answer_3": 0.5863853167496723,
      "answer_4": 0.794073774940287,
      "answer_5": 0.6048582962891211,
      "answer_6": 0.6321786912083218
    },
    "query_5": {
      "answer_1": 0.6211323646710294,
      "answer_2": 0.545327051397464,
      "answer_3": 0.5180991108682392,
      "answer_4": 0.5520677159918113,
      "answer_5": 0.8719358241186899,
      "answer_6": 0.5761697809038457
    },
    "query_6": {
      "answer_1": 0.6339866514096789,
      "answer_2": 0.5487126067259033,
      "answer_3": 0.4917846852599822,
      "answer_4": 0.6149216263343865,
      "answer_5": 0.555915978399491,
      "answer_6": 0.7244525108699784
    }
  }
}