{
  "entity": "George Washington",
  "cosine_similarities": {
    "query_1": {
      "answer_1": 0.8997894526584467,
      "answer_2": 0.6857153846029892,
      "answer_3": 0.671009499505686,
      "answer_4": 0.5302192098554118,
      "answer_5": 0.6799423970418768,
      "answer_6": 0.6131569135211595
    },
    "query_2": {
      "answer_1": 0.6675460179874984,
      "answer_2": 0.8921708782976261,
      "answer_3": 0.6400272320869633,
      "answer_4": 0.5050783900035448,
      "answer_5": 0.5895170148334684,
      "answer_6": 0.5131652386498221
    },
    "query_3": {
      "answer_1": 0.6613249418455733,
      "answer_2": 0.6561974067176106,
      "answer_3": 0.8557211494524775,
      "answer_4": 0.5362303064726752,
      "answer_5": 0.5919340745011836,
      "answer_6": 0.5512031216341723
    },
    "query_4": {
      "answer_1": 0.570821340164346,
      "answer_2": 0.5460718013155317,
      "answer_3": 0.5930835752946558,
      "answer_4": 0.7731269845499145,
      "answer_5": 0.6152914858521411,
      "answer_6": 0.6868323663450655
    },
    "query_5": {
      "answer_1": 0.654010126837002,
      "answer_2": 0.5556917173020512,
      "answer_3": 0.5775101042228853,
      "answer_4": 0.5377102767092156,
      "answer_5": 0.8593647339734094,
      "answer_6": 0.5957351394633851
    },
    "query_6": {
      "answer_1": 0.6381548681573024,
      "answer_2": 0.5651503665905875,
      "answer_3": 0.5849179733084129,
      "answer_4": 0.6202027929929574,
      "answer_5": 0.6417595153747909,
      "answer_6": 0.853703400068833
    }
  }
}