{
  "entity": "Abraham Lincoln",
  "cosine_similarities": {
    "query_1": {
      "answer_1": 0.8662197986137341,
      "answer_2": 0.6598614997625959,
      "answer_3": 0.6517750339485237,
      "answer_4": 0.4807580040066864,
      "answer_5": 0.5843809557413621,
      "answer_6": 0.5046226830452888
    },
    "query_2": {
      "answer_1": 0.6744993460686407,
      "answer_2": 0.8984967722491721,
      "answer_3": 0.6770329919716069,
      "answer_4": 0.5007102503403225,
      "answer_5": 0.6112121677569482,
      "answer_6": 0.4983353604619401
    },
    "query_3": {
      "answer_1": 0.6903495759908235,
      "answer_2": 0.6454983446853709,
      "answer_3": 0.8446659644457497,
      "answer_4": 0.5645020705756365,
      "answer_5": 0.5953214623416332,
      "answer_6": 0.535414438877101
    },
    "query_4": {
      "answer_1": 0.5571390640189232,
      "answer_2": 0.5686623784263342,
      "answer_3": 0.5913781094800321,
      "answer_4": 0.8643543313273563,
      "answer_5": 0.6488184595360222,
      "answer_6": 0.736612629101355
    },
    "query_5": {
      "answer_1": 0.6635449853333839,
      "answer_2": 0.6855405536523425,
      "answer_3": 0.6751961408290873,
      "answer_4": 0.5900420471228258,
      "answer_5": 0.8598236027772882,
      "answer_6": 0.5912814083234051
    },
    "query_6": {
      "answer_1": 0.6117291411829855,
      "answer_2": 0.566620883112438,
      "answer_3": 0.5761364416843304,
      "answer_4": 0.6340497891312763,
      "answer_5": 0.5928587546877686,
      "answer_6": 0.8116375803455153
    }
  }
}