{
  "entity": "Abraham Lincoln",
  "cosine_similarities": {
    "query_1": {
      "answer_1": 0.842252546479944,
      "answer_2": 0.6551078989255074,
      "answer_3": 0.6517388425436972,
      "answer_4": 0.5145970613343458,
      "answer_5": 0.6080132361821874,
      "answer_6": 0.5063218744842177
    },
    "query_2": {
      "answer_1": 0.675118503344895,
      "answer_2": 0.9013575467884322,
      "answer_3": 0.5816463651274609,
      "answer_4": 0.46809407579475937,
      "answer_5": 0.5004891775485649,
      "answer_6": 0.4337318695070015
    },
    "query_3": {
      "answer_1": 0.6832661570163974,
      "answer_2": 0.6142286930447844,
      "answer_3": 0.8428087607834273,
      "answer_4": 0.6160263381014786,
      "answer_5": 0.5255972955259214,
      "answer_6": 0.537744334442982
    },
    "query_4": {
      "answer_1": 0.5645760422030344,
      "answer_2": 0.5074745218237905,
      "answer_3": 0.6209319181796188,
      "answer_4": 0.8283319712427248,
      "answer_5": 0.47317437715454164,
      "answer_6": 0.606751739726723
    },
    "query_5": {
      "answer_1": 0.618427933613355,
      "answer_2": 0.523915612817991,
      "answer_3": 0.5173035341469261,
      "answer_4": 0.4944836362316564,
      "answer_5": 0.8906540728409792,
      "answer_6": 0.45708095252221825
    },
    "query_6": {
      "answer_1": 0.5486352368258676,
      "answer_2": 0.49576303756478163,
      "answer_3": 0.53383024704109,
      "answer_4": 0.6820655532352459,
      "answer_5": 0.4670774093846578,
      "answer_6": 0.8699675020592503
    }
  }
}