{
  "entity": "Abraham Lincoln",
  "cosine_similarities": {
    "query_1": {
      "answer_1": 0.8110950669266036,
      "answer_2": 0.5949965616214189,
      "answer_3": 0.610215747371877,
      "answer_4": 0.4371643955568519,
      "answer_5": 0.5041847496218739,
      "answer_6": 0.5021358572578905
    },
    "query_2": {
      "answer_1": 0.595319084199807,
      "answer_2": 0.8914037252476087,
      "answer_3": 0.6734604862558933,
      "answer_4": 0.49465966153067487,
      "answer_5": 0.5124665104585023,
      "answer_6": 0.5456051632329741
    },
    "query_3": {
      "answer_1": 0.6099665537603737,
      "answer_2": 0.6460458041866036,
      "answer_3": 0.8866611834831298,
      "answer_4": 0.5367768648375753,
      "answer_5": 0.5033419790065415,
      "answer_6": 0.527100967288026
    },
    "query_4": {
      "answer_1": 0.529292173244975,
      "answer_2": 0.5219021530565954,
      "answer_3": 0.547869540922118,
      "answer_4": 0.8430388863434212,
      "answer_5": 0.5471586387861318,
      "answer_6": 0.6687400233047566
    },
    "query_5": {
      "answer_1": 0.5615924705570452,
      "answer_2": 0.5725480161672276,
      "answer_3": 0.5513443100377935,
      "answer_4": 0.5179525334822254,
      "answer_5": 0.8908686157205458,
      "answer_6": 0.4833832485414804
    },
    "query_6": {
      "answer_1": 0.5226272108567631,
      "answer_2": 0.5605315007073606,
      "answer_3": 0.5394858556715955,
      "answer_4": 0.5411582153903743,
      "answer_5": 0.4439837429981401,
      "answer_6": 0.8198355320255781
    }
  }
}