{
  "entity": "Abraham Lincoln",
  "cosine_similarities": {
    "query_1": {
      "answer_1": 0.8620257068654269,
      "answer_2": 0.6553704056552351,
      "answer_3": 0.7138259243681644,
      "answer_4": 0.5648994697346948,
      "answer_5": 0.6704112647102801,
      "answer_6": 0.5532072559281305
    },
    "query_2": {
      "answer_1": 0.6425544642630527,
      "answer_2": 0.8879975193724338,
      "answer_3": 0.6404856578579983,
      "answer_4": 0.48486947581591494,
      "answer_5": 0.5578949630290403,
      "answer_6": 0.48187308663320244
    },
    "query_3": {
      "answer_1": 0.6667229831211265,
      "answer_2": 0.6204788070583197,
      "answer_3": 0.8377144329038432,
      "answer_4": 0.6082649369459048,
      "answer_5": 0.6135508345838862,
      "answer_6": 0.5362942127088506
    },
    "query_4": {
      "answer_1": 0.5877116919285315,
      "answer_2": 0.5203823583452255,
      "answer_3": 0.6083348574806047,
      "answer_4": 0.7626086902750685,
      "answer_5": 0.5735424170986847,
      "answer_6": 0.6258235419060834
    },
    "query_5": {
      "answer_1": 0.6748418488614355,
      "answer_2": 0.5976122430734249,
      "answer_3": 0.6240223138300932,
      "answer_4": 0.5585510900276683,
      "answer_5": 0.8660067582071308,
      "answer_6": 0.4828287736547762
    },
    "query_6": {
      "answer_1": 0.5959383256498574,
      "answer_2": 0.5529338965064953,
      "answer_3": 0.5798260259122127,
      "answer_4": 0.6293021501477293,
      "answer_5": 0.5225657920906998,
      "answer_6": 0.8290895430584659
    }
  }
}