{
  "entity": "Abraham Lincoln",
  "cosine_similarities": {
    "query_1": {
      "answer_1": 0.8716646117543463,
      "answer_2": 0.6729234026585019,
      "answer_3": 0.6643201818431922,
      "answer_4": 0.5954227942158173,
      "answer_5": 0.5639809586914979,
      "answer_6": 0.5947158471570774
    },
    "query_2": {
      "answer_1": 0.6430237526509001,
      "answer_2": 0.8773827869425495,
      "answer_3": 0.6157635144581972,
      "answer_4": 0.49446830661856017,
      "answer_5": 0.4875861417501345,
      "answer_6": 0.4980975169982414
    },
    "query_3": {
      "answer_1": 0.6588614920237027,
      "answer_2": 0.6531071498087517,
      "answer_3": 0.8758919322327343,
      "answer_4": 0.49588877214638083,
      "answer_5": 0.49902685071109,
      "answer_6": 0.490272406917965
    },
    "query_4": {
      "answer_1": 0.6134777611875397,
      "answer_2": 0.5501627306701233,
      "answer_3": 0.5696511800343079,
      "answer_4": 0.8347526141323433,
      "answer_5": 0.539128738090957,
      "answer_6": 0.6440119100124942
    },
    "query_5": {
      "answer_1": 0.5895896672834828,
      "answer_2": 0.538961751081356,
      "answer_3": 0.5452981583575843,
      "answer_4": 0.5258568022753033,
      "answer_5": 0.8536102193518813,
      "answer_6": 0.49356947465034945
    },
    "query_6": {
      "answer_1": 0.6094815293940375,
      "answer_2": 0.5643606613336309,
      "answer_3": 0.5401300078474093,
      "answer_4": 0.5713093496714906,
      "answer_5": 0.48207413716302755,
      "answer_6": 0.8259918510241543
    }
  }
}