{
  "entity": "Abraham Lincoln",
  "cosine_similarities": {
    "query_1": {
      "answer_1": 0.851072881632717,
      "answer_2": 0.6184167238230034,
      "answer_3": 0.6040502399169893,
      "answer_4": 0.42142317793146794,
      "answer_5": 0.5196928632798615,
      "answer_6": 0.5121051309216624
    },
    "query_2": {
      "answer_1": 0.5945601188168025,
      "answer_2": 0.8907410004823211,
      "answer_3": 0.6779672510703943,
      "answer_4": 0.4795823702846577,
      "answer_5": 0.5379263222500013,
      "answer_6": 0.5444507650694548
    },
    "query_3": {
      "answer_1": 0.6184101100738019,
      "answer_2": 0.6492515524997836,
      "answer_3": 0.8803860100068023,
      "answer_4": 0.5224505751960237,
      "answer_5": 0.5173355780554157,
      "answer_6": 0.5272853831752833
    },
    "query_4": {
      "answer_1": 0.5036277479485318,
      "answer_2": 0.5423805605558296,
      "answer_3": 0.5432518301813474,
      "answer_4": 0.8331879118658827,
      "answer_5": 0.5558993587030573,
      "answer_6": 0.6544784299845028
    },
    "query_5": {
      "answer_1": 0.5447713380149799,
      "answer_2": 0.5745419537850337,
      "answer_3": 0.5529792656238325,
      "answer_4": 0.49935237457545933,
      "answer_5": 0.8855877601464174,
      "answer_6": 0.509402745245453
    },
    "query_6": {
      "answer_1": 0.4895353626543255,
      "answer_2": 0.552899942846526,
      "answer_3": 0.5269190190748282,
      "answer_4": 0.5428748233569436,
      "answer_5": 0.48239725771053993,
      "answer_6": 0.8295151746884869
    }
  }
}