{
  "entity": "Abraham Lincoln",
  "cosine_similarities": {
    "query_1": {
      "answer_1": 0.8533239157644418,
      "answer_2": 0.6420125014153527,
      "answer_3": 0.666846089118621,
      "answer_4": 0.48618139776500163,
      "answer_5": 0.6764890612767405,
      "answer_6": 0.5901485968635833
    },
    "query_2": {
      "answer_1": 0.6474509561830961,
      "answer_2": 0.8982261739927506,
      "answer_3": 0.6139331108897478,
      "answer_4": 0.4332465337153538,
      "answer_5": 0.5431424421791806,
      "answer_6": 0.544981644042399
    },
    "query_3": {
      "answer_1": 0.6253752378529123,
      "answer_2": 0.620362909586581,
      "answer_3": 0.8716019227355895,
      "answer_4": 0.5308370395650722,
      "answer_5": 0.5380045327989328,
      "answer_6": 0.5006094171452031
    },
    "query_4": {
      "answer_1": 0.5304816438988015,
      "answer_2": 0.526574708521693,
      "answer_3": 0.580459988993193,
      "answer_4": 0.8549956406574956,
      "answer_5": 0.5504118627557743,
      "answer_6": 0.6868904152260504
    },
    "query_5": {
      "answer_1": 0.6580749726564227,
      "answer_2": 0.5354045375944755,
      "answer_3": 0.5934481605259552,
      "answer_4": 0.5269036593553779,
      "answer_5": 0.8671187828575323,
      "answer_6": 0.5334547567479867
    },
    "query_6": {
      "answer_1": 0.6308488344726282,
      "answer_2": 0.6072765285428433,
      "answer_3": 0.5865713790263289,
      "answer_4": 0.5727970070453556,
      "answer_5": 0.560397025577477,
      "answer_6": 0.8331236561482009
    }
  }
}