{
  "entity": "Abraham Lincoln",
  "cosine_similarities": {
    "query_1": {
      "answer_1": 0.8747047985833155,
      "answer_2": 0.6773885181450616,
      "answer_3": 0.6468347421815175,
      "answer_4": 0.5956285185774104,
      "answer_5": 0.5886772415409203,
      "answer_6": 0.5745442912496149
    },
    "query_2": {
      "answer_1": 0.6633095243736522,
      "answer_2": 0.900260780778886,
      "answer_3": 0.623280635345955,
      "answer_4": 0.5081812019002077,
      "answer_5": 0.47772749208251675,
      "answer_6": 0.4907263118690076
    },
    "query_3": {
      "answer_1": 0.6854139087293848,
      "answer_2": 0.6769014943081677,
      "answer_3": 0.8882960458257527,
      "answer_4": 0.5173717699546698,
      "answer_5": 0.5032567448360126,
      "answer_6": 0.49006054714102265
    },
    "query_4": {
      "answer_1": 0.580178225473383,
      "answer_2": 0.5361193464907786,
      "answer_3": 0.5703293968755244,
      "answer_4": 0.8417670365085076,
      "answer_5": 0.561857243590381,
      "answer_6": 0.6453358797972384
    },
    "query_5": {
      "answer_1": 0.5864766347990598,
      "answer_2": 0.5267924147205792,
      "answer_3": 0.5411500748762607,
      "answer_4": 0.5331924583897332,
      "answer_5": 0.8512888946925913,
      "answer_6": 0.5079211005915927
    },
    "query_6": {
      "answer_1": 0.637459195749786,
      "answer_2": 0.5886068553674086,
      "answer_3": 0.5333247566388812,
      "answer_4": 0.6310016719061553,
      "answer_5": 0.5128733772518115,
      "answer_6": 0.8332016024779995
    }
  }
}