{
  "entity": "Abraham Lincoln",
  "cosine_similarities": {
    "query_1": {
      "answer_1": 0.8710596308916955,
      "answer_2": 0.6525464194512232,
      "answer_3": 0.7229132384022721,
      "answer_4": 0.5323432925176316,
      "answer_5": 0.6281597949713531,
      "answer_6": 0.5086136709972257
    },
    "query_2": {
      "answer_1": 0.6688932920609427,
      "answer_2": 0.9046347722340267,
      "answer_3": 0.6534611548774655,
      "answer_4": 0.4797962290615523,
      "answer_5": 0.5158922524301538,
      "answer_6": 0.45751328410081316
    },
    "query_3": {
      "answer_1": 0.7195519324359678,
      "answer_2": 0.6407606276740416,
      "answer_3": 0.8583816523357524,
      "answer_4": 0.58222635009718,
      "answer_5": 0.5679665127233666,
      "answer_6": 0.5117695535932429
    },
    "query_4": {
      "answer_1": 0.613186882918599,
      "answer_2": 0.5217258063997497,
      "answer_3": 0.6209703958778233,
      "answer_4": 0.8384591194423952,
      "answer_5": 0.5706684721894724,
      "answer_6": 0.6194271050972319
    },
    "query_5": {
      "answer_1": 0.6671712145726997,
      "answer_2": 0.5988562514941109,
      "answer_3": 0.63163549409248,
      "answer_4": 0.514944080387025,
      "answer_5": 0.8561647598916513,
      "answer_6": 0.45832539707598086
    },
    "query_6": {
      "answer_1": 0.5696060167706711,
      "answer_2": 0.48344134728597216,
      "answer_3": 0.5370654220803636,
      "answer_4": 0.642073998650834,
      "answer_5": 0.46991172432825895,
      "answer_6": 0.8660975925428994
    }
  }
}