{
  "entity": "Abraham Lincoln",
  "cosine_similarities": {
    "query_1": {
      "answer_1": 0.8581646826213989,
      "answer_2": 0.6523830350672525,
      "answer_3": 0.660122303717605,
      "answer_4": 0.5613058925717442,
      "answer_5": 0.617213537272721,
      "answer_6": 0.5237081357348482
    },
    "query_2": {
      "answer_1": 0.6630052984646573,
      "answer_2": 0.9095524054413274,
      "answer_3": 0.6104477926752174,
      "answer_4": 0.5027553303692692,
      "answer_5": 0.516299161986377,
      "answer_6": 0.4695447821852173
    },
    "query_3": {
      "answer_1": 0.658434310996715,
      "answer_2": 0.6030624971647376,
      "answer_3": 0.9001264325725539,
      "answer_4": 0.5011292686480042,
      "answer_5": 0.5441984686533059,
      "answer_6": 0.4728711900212999
    },
    "query_4": {
      "answer_1": 0.5748650427253212,
      "answer_2": 0.516039507848252,
      "answer_3": 0.5550110352380982,
      "answer_4": 0.83629634092723,
      "answer_5": 0.5577428705809352,
      "answer_6": 0.6145236069156976
    },
    "query_5": {
      "answer_1": 0.6175199170322289,
      "answer_2": 0.5211454886254697,
      "answer_3": 0.5804668781166455,
      "answer_4": 0.5878718597264346,
      "answer_5": 0.8436708688339492,
      "answer_6": 0.4743709993300796
    },
    "query_6": {
      "answer_1": 0.5524351841253474,
      "answer_2": 0.5032281726111799,
      "answer_3": 0.5240409007029604,
      "answer_4": 0.6471001309654411,
      "answer_5": 0.550777046823109,
      "answer_6": 0.8712670701695276
    }
  }
}