{
  "entity": "Abraham Lincoln",
  "cosine_similarities": {
    "query_1": {
      "answer_1": 0.8216414202198709,
      "answer_2": 0.6236801316201454,
      "answer_3": 0.6532600490679412,
      "answer_4": 0.5664490621244255,
      "answer_5": 0.605060253821732,
      "answer_6": 0.5505726459982887
    },
    "query_2": {
      "answer_1": 0.6712727858945315,
      "answer_2": 0.8649154141766667,
      "answer_3": 0.6157639492823984,
      "answer_4": 0.4818126144079726,
      "answer_5": 0.5131729994925791,
      "answer_6": 0.49868781314974797
    },
    "query_3": {
      "answer_1": 0.6690549424615682,
      "answer_2": 0.628961569075429,
      "answer_3": 0.896889262354393,
      "answer_4": 0.5167978787340756,
      "answer_5": 0.5341873641370363,
      "answer_6": 0.4751346671583228
    },
    "query_4": {
      "answer_1": 0.5394303602258341,
      "answer_2": 0.4994839692251273,
      "answer_3": 0.5700512446920752,
      "answer_4": 0.8400287966934173,
      "answer_5": 0.5481903644703021,
      "answer_6": 0.5916419734038368
    },
    "query_5": {
      "answer_1": 0.5812698784373203,
      "answer_2": 0.4890324790524665,
      "answer_3": 0.5388607604315152,
      "answer_4": 0.5303595666913673,
      "answer_5": 0.8242667756814062,
      "answer_6": 0.47098351303556146
    },
    "query_6": {
      "answer_1": 0.5845042050372495,
      "answer_2": 0.5315571101922508,
      "answer_3": 0.5184296482976328,
      "answer_4": 0.620025064584568,
      "answer_5": 0.5309547205911221,
      "answer_6": 0.8227932067678644
    }
  }
}