{
  "entity": "Abraham Lincoln",
  "cosine_similarities": {
    "query_1": {
      "answer_1": 0.8493322278666819,
      "answer_2": 0.6445611527773115,
      "answer_3": 0.6521158091826582,
      "answer_4": 0.5416909481301361,
      "answer_5": 0.5524735199014449,
      "answer_6": 0.6026659125722468
    },
    "query_2": {
      "answer_1": 0.6381857970011734,
      "answer_2": 0.8872905261289752,
      "answer_3": 0.6174322819966315,
      "answer_4": 0.46001825379077793,
      "answer_5": 0.4757181081150768,
      "answer_6": 0.5260043316457084
    },
    "query_3": {
      "answer_1": 0.6711602608603227,
      "answer_2": 0.6451837175596197,
      "answer_3": 0.897396176222102,
      "answer_4": 0.4894209291778829,
      "answer_5": 0.5126870394898176,
      "answer_6": 0.5051095368216506
    },
    "query_4": {
      "answer_1": 0.5580295651828221,
      "answer_2": 0.5206117850508183,
      "answer_3": 0.5486959072409013,
      "answer_4": 0.8196392526487759,
      "answer_5": 0.5201870879010951,
      "answer_6": 0.5630395558652922
    },
    "query_5": {
      "answer_1": 0.5623513973826102,
      "answer_2": 0.4922319862868417,
      "answer_3": 0.5398771791711154,
      "answer_4": 0.49658175481269107,
      "answer_5": 0.8338037705684752,
      "answer_6": 0.4825314209839153
    },
    "query_6": {
      "answer_1": 0.6220923676022193,
      "answer_2": 0.5336906902573263,
      "answer_3": 0.5281186635972139,
      "answer_4": 0.532824781374571,
      "answer_5": 0.4823202989181846,
      "answer_6": 0.8532901316475368
    }
  }
}