{
  "entity": "Abraham Lincoln",
  "cosine_similarities": {
    "query_1": {
      "answer_1": 0.8542772658501457,
      "answer_2": 0.6557093434155836,
      "answer_3": 0.7060670957599071,
      "answer_4": 0.5233405716792188,
      "answer_5": 0.6157610181586206,
      "answer_6": 0.6058188846412458
    },
    "query_2": {
      "answer_1": 0.632438339527927,
      "answer_2": 0.9054775786128899,
      "answer_3": 0.6507615740089084,
      "answer_4": 0.45488200059208644,
      "answer_5": 0.5168507032432665,
      "answer_6": 0.5168635097276423
    },
    "query_3": {
      "answer_1": 0.7056034727636505,
      "answer_2": 0.6299352392891509,
      "answer_3": 0.8335975473231629,
      "answer_4": 0.5824443259605938,
      "answer_5": 0.5718022972640601,
      "answer_6": 0.5717702440315026
    },
    "query_4": {
      "answer_1": 0.6200587656047689,
      "answer_2": 0.5083338731597934,
      "answer_3": 0.5707295756044867,
      "answer_4": 0.7652036184349031,
      "answer_5": 0.550535386721246,
      "answer_6": 0.650202929832768
    },
    "query_5": {
      "answer_1": 0.6858148977390007,
      "answer_2": 0.5733451062222259,
      "answer_3": 0.6007907412289891,
      "answer_4": 0.5060245263960722,
      "answer_5": 0.8387310096898014,
      "answer_6": 0.5160873813751758
    },
    "query_6": {
      "answer_1": 0.6014974068240908,
      "answer_2": 0.5423386106380182,
      "answer_3": 0.5521431769782283,
      "answer_4": 0.5883279413166598,
      "answer_5": 0.4553325644259789,
      "answer_6": 0.8477428590905715
    }
  }
}