{
  "entity": "Abraham Lincoln",
  "cosine_similarities": {
    "query_1": {
      "answer_1": 0.7821737259683266,
      "answer_2": 0.582904553135107,
      "answer_3": 0.6081563959513451,
      "answer_4": 0.4236392844310603,
      "answer_5": 0.5049898245219204,
      "answer_6": 0.45923964457886224
    },
    "query_2": {
      "answer_1": 0.5491548286399497,
      "answer_2": 0.9017313333259638,
      "answer_3": 0.6899332253630649,
      "answer_4": 0.45221288470100174,
      "answer_5": 0.47137152021210194,
      "answer_6": 0.5010457380141011
    },
    "query_3": {
      "answer_1": 0.5923963993418923,
      "answer_2": 0.6745830509082914,
      "answer_3": 0.8955683146507538,
      "answer_4": 0.528322103634393,
      "answer_5": 0.5212139295988333,
      "answer_6": 0.4841205936868408
    },
    "query_4": {
      "answer_1": 0.4844182346831854,
      "answer_2": 0.5073711466004945,
      "answer_3": 0.5537000631653877,
      "answer_4": 0.815283996818769,
      "answer_5": 0.5368752348652194,
      "answer_6": 0.5844387848572654
    },
    "query_5": {
      "answer_1": 0.5260140839446228,
      "answer_2": 0.538778890825373,
      "answer_3": 0.5613915946809669,
      "answer_4": 0.5207136244871191,
      "answer_5": 0.9013368801626478,
      "answer_6": 0.44930999695506985
    },
    "query_6": {
      "answer_1": 0.4922662387513739,
      "answer_2": 0.5488334578637242,
      "answer_3": 0.5300694210080436,
      "answer_4": 0.5313751329114683,
      "answer_5": 0.4634446062831233,
      "answer_6": 0.7920773957375918
    }
  }
}