{
  "entity": "Abraham Lincoln",
  "cosine_similarities": {
    "query_1": {
      "answer_1": 0.7829969576478527,
      "answer_2": 0.6034771344472676,
      "answer_3": 0.6587033985793898,
      "answer_4": 0.43404664272847476,
      "answer_5": 0.5225181664727062,
      "answer_6": 0.4656856585768673
    },
    "query_2": {
      "answer_1": 0.5340031245611975,
      "answer_2": 0.8854243322141337,
      "answer_3": 0.6947802468110557,
      "answer_4": 0.4911156229457657,
      "answer_5": 0.5093088497802369,
      "answer_6": 0.4844218146208919
    },
    "query_3": {
      "answer_1": 0.5637846428325296,
      "answer_2": 0.6542908540974862,
      "answer_3": 0.8322289539720289,
      "answer_4": 0.5165716164005049,
      "answer_5": 0.4993154702990367,
      "answer_6": 0.47371881606897315
    },
    "query_4": {
      "answer_1": 0.4611122776090792,
      "answer_2": 0.5571690044281186,
      "answer_3": 0.5784977395441159,
      "answer_4": 0.8406246583317727,
      "answer_5": 0.5335313640314836,
      "answer_6": 0.5823595384553505
    },
    "query_5": {
      "answer_1": 0.49192079573089037,
      "answer_2": 0.5870014107137108,
      "answer_3": 0.5772291849303333,
      "answer_4": 0.4892618847376195,
      "answer_5": 0.895595159891345,
      "answer_6": 0.4288175936709485
    },
    "query_6": {
      "answer_1": 0.45237806475188375,
      "answer_2": 0.5934485079097397,
      "answer_3": 0.5762767899064749,
      "answer_4": 0.5918248105817119,
      "answer_5": 0.44638166503129884,
      "answer_6": 0.8834906733977601
    }
  }
}