{
  "entity": "Abraham Lincoln",
  "cosine_similarities": {
    "query_1": {
      "answer_1": 0.8768416403636343,
      "answer_2": 0.6772280307773795,
      "answer_3": 0.6908179651111603,
      "answer_4": 0.5280523354049936,
      "answer_5": 0.6365822317422383,
      "answer_6": 0.5923643180791238
    },
    "query_2": {
      "answer_1": 0.681382146898251,
      "answer_2": 0.9019953366587021,
      "answer_3": 0.6556809453029384,
      "answer_4": 0.4774945804776377,
      "answer_5": 0.5395303103670842,
      "answer_6": 0.4888128224027378
    },
    "query_3": {
      "answer_1": 0.6622035964587042,
      "answer_2": 0.6408380033765276,
      "answer_3": 0.8633460853591505,
      "answer_4": 0.5483595649833143,
      "answer_5": 0.5703043407280121,
      "answer_6": 0.5633982964483242
    },
    "query_4": {
      "answer_1": 0.5765141655577588,
      "answer_2": 0.5120557677807425,
      "answer_3": 0.5517690768245064,
      "answer_4": 0.8445613669196798,
      "answer_5": 0.6133700859383401,
      "answer_6": 0.6621043680712206
    },
    "query_5": {
      "answer_1": 0.6459791439919934,
      "answer_2": 0.5641540127599421,
      "answer_3": 0.6232487128638512,
      "answer_4": 0.5555710585099141,
      "answer_5": 0.874765055847092,
      "answer_6": 0.5280892062542377
    },
    "query_6": {
      "answer_1": 0.5918609285725772,
      "answer_2": 0.5156040131184286,
      "answer_3": 0.5496052235490151,
      "answer_4": 0.5564450501577594,
      "answer_5": 0.5436434733138472,
      "answer_6": 0.8257792274808973
    }
  }
}