{
  "entity": "Abraham Lincoln",
  "cosine_similarities": {
    "query_1": {
      "answer_1": 0.8701563342250779,
      "answer_2": 0.6682782056974299,
      "answer_3": 0.6890207098615381,
      "answer_4": 0.4981118115257369,
      "answer_5": 0.5965387232955518,
      "answer_6": 0.5502883043059713
    },
    "query_2": {
      "answer_1": 0.6673989863870953,
      "answer_2": 0.8978045949401909,
      "answer_3": 0.6574013262651125,
      "answer_4": 0.4652251725319145,
      "answer_5": 0.5150431059847753,
      "answer_6": 0.499354264026385
    },
    "query_3": {
      "answer_1": 0.7366114363570868,
      "answer_2": 0.6839004305321352,
      "answer_3": 0.8844535847106791,
      "answer_4": 0.5356740687739233,
      "answer_5": 0.6112152849684018,
      "answer_6": 0.5545218733696315
    },
    "query_4": {
      "answer_1": 0.6009220708878616,
      "answer_2": 0.5607071687840488,
      "answer_3": 0.5575522635458218,
      "answer_4": 0.8318574127519327,
      "answer_5": 0.5127208468913171,
      "answer_6": 0.652105627330916
    },
    "query_5": {
      "answer_1": 0.6470352538293823,
      "answer_2": 0.5602559277279339,
      "answer_3": 0.6080976773146509,
      "answer_4": 0.47575773918931114,
      "answer_5": 0.8729218388876574,
      "answer_6": 0.4933097946336113
    },
    "query_6": {
      "answer_1": 0.5857767069084634,
      "answer_2": 0.5283367043232787,
      "answer_3": 0.5379168964681476,
      "answer_4": 0.6623470783276917,
      "answer_5": 0.5417296045698675,
      "answer_6": 0.8437664563044858
    }
  }
}