{
  "entity": "Abraham Lincoln",
  "cosine_similarities": {
    "query_1": {
      "answer_1": 0.8240973665916391,
      "answer_2": 0.5764958617372268,
      "answer_3": 0.6165410142842814,
      "answer_4": 0.4113550781992431,
      "answer_5": 0.4999636595282768,
      "answer_6": 0.45371589070573376
    },
    "query_2": {
      "answer_1": 0.5744516888129493,
      "answer_2": 0.9174566107001703,
      "answer_3": 0.7016258760550421,
      "answer_4": 0.4541998398089629,
      "answer_5": 0.5231809680332552,
      "answer_6": 0.5243768821553136
    },
    "query_3": {
      "answer_1": 0.6131400433045311,
      "answer_2": 0.6554197555038991,
      "answer_3": 0.8788172667061447,
      "answer_4": 0.5299726648805697,
      "answer_5": 0.5531648499937182,
      "answer_6": 0.5120045941037642
    },
    "query_4": {
      "answer_1": 0.4971838277526153,
      "answer_2": 0.5050523916609816,
      "answer_3": 0.5384151879781423,
      "answer_4": 0.8408370208344386,
      "answer_5": 0.5937736883721286,
      "answer_6": 0.6441429483857646
    },
    "query_5": {
      "answer_1": 0.5526321953410409,
      "answer_2": 0.5906863188687254,
      "answer_3": 0.6137997645485004,
      "answer_4": 0.5086182284026918,
      "answer_5": 0.8816793325032227,
      "answer_6": 0.5253308760986433
    },
    "query_6": {
      "answer_1": 0.5439420323291002,
      "answer_2": 0.5811838704182904,
      "answer_3": 0.5974181583931492,
      "answer_4": 0.6131255385523151,
      "answer_5": 0.5850345586526609,
      "answer_6": 0.855050722824372
    }
  }
}