{
  "entity": "Abraham Lincoln",
  "cosine_similarities": {
    "query_1": {
      "answer_1": 0.8626436533179781,
      "answer_2": 0.6782318305416726,
      "answer_3": 0.6609807320416226,
      "answer_4": 0.5730816724392068,
      "answer_5": 0.554365905585323,
      "answer_6": 0.5717223989268407
    },
    "query_2": {
      "answer_1": 0.6528837587642042,
      "answer_2": 0.8930501026433666,
      "answer_3": 0.6216100412977014,
      "answer_4": 0.4724335687499968,
      "answer_5": 0.4836706093241329,
      "answer_6": 0.4812842478794597
    },
    "query_3": {
      "answer_1": 0.6798805695106861,
      "answer_2": 0.6627509424872136,
      "answer_3": 0.8909261944802443,
      "answer_4": 0.49520167518381614,
      "answer_5": 0.4959224878100715,
      "answer_6": 0.48559102068040916
    },
    "query_4": {
      "answer_1": 0.6250273199717491,
      "answer_2": 0.5513358228031982,
      "answer_3": 0.5470587237556748,
      "answer_4": 0.8165974735001006,
      "answer_5": 0.5236338879164684,
      "answer_6": 0.6114587329494307
    },
    "query_5": {
      "answer_1": 0.6047871666963909,
      "answer_2": 0.5615391903353757,
      "answer_3": 0.5470561511576192,
      "answer_4": 0.515794915448602,
      "answer_5": 0.8511806411117001,
      "answer_6": 0.4817967335490007
    },
    "query_6": {
      "answer_1": 0.6043597891314684,
      "answer_2": 0.5487168070018297,
      "answer_3": 0.531629261685799,
      "answer_4": 0.6107873070399179,
      "answer_5": 0.45786529246644536,
      "answer_6": 0.8569381306757343
    }
  }
}