{
  "entity": "Abraham Lincoln",
  "cosine_similarities": {
    "query_1": {
      "answer_1": 0.8569616347774239,
      "answer_2": 0.5786828974547537,
      "answer_3": 0.6053662025198062,
      "answer_4": 0.4159662885664753,
      "answer_5": 0.5192452201471164,
      "answer_6": 0.4802916630090804
    },
    "query_2": {
      "answer_1": 0.6235197411800333,
      "answer_2": 0.9031862285703259,
      "answer_3": 0.6929449691873779,
      "answer_4": 0.4481171118713613,
      "answer_5": 0.5032820458486631,
      "answer_6": 0.5519425399143891
    },
    "query_3": {
      "answer_1": 0.6421242736482964,
      "answer_2": 0.6596432592928947,
      "answer_3": 0.8699078203431583,
      "answer_4": 0.5193908539264689,
      "answer_5": 0.5579312660057009,
      "answer_6": 0.5409089870403075
    },
    "query_4": {
      "answer_1": 0.5084420763301497,
      "answer_2": 0.51742849378827,
      "answer_3": 0.5631261499776521,
      "answer_4": 0.7952414975164351,
      "answer_5": 0.5712039525061912,
      "answer_6": 0.6989631409113229
    },
    "query_5": {
      "answer_1": 0.5945988652805929,
      "answer_2": 0.5915247711347268,
      "answer_3": 0.6297725201385325,
      "answer_4": 0.5305795829137395,
      "answer_5": 0.8853129732214464,
      "answer_6": 0.5393577960726402
    },
    "query_6": {
      "answer_1": 0.5372895896565258,
      "answer_2": 0.5491691258526794,
      "answer_3": 0.5877941999357152,
      "answer_4": 0.5925078821618994,
      "answer_5": 0.5318871084854636,
      "answer_6": 0.8207667562102284
    }
  }
}