{
  "entity": "Abraham Lincoln",
  "cosine_similarities": {
    "query_1": {
      "answer_1": 0.7948314783258836,
      "answer_2": 0.5901492459162506,
      "answer_3": 0.6320518298521525,
      "answer_4": 0.40683089470070205,
      "answer_5": 0.5847755818373028,
      "answer_6": 0.48533026984782673
    },
    "query_2": {
      "answer_1": 0.5524967819737145,
      "answer_2": 0.8446851619573275,
      "answer_3": 0.604269312816984,
      "answer_4": 0.44857207085804673,
      "answer_5": 0.6147581582826033,
      "answer_6": 0.5214245971399637
    },
    "query_3": {
      "answer_1": 0.5986653145139933,
      "answer_2": 0.6288290678225347,
      "answer_3": 0.7792905199803872,
      "answer_4": 0.5063653704496159,
      "answer_5": 0.5630022007367353,
      "answer_6": 0.5104026822755997
    },
    "query_4": {
      "answer_1": 0.48002250543486374,
      "answer_2": 0.5051163810613714,
      "answer_3": 0.5264917976693131,
      "answer_4": 0.8323384155560092,
      "answer_5": 0.5573586834781046,
      "answer_6": 0.6845059403837837
    },
    "query_5": {
      "answer_1": 0.5142843536366498,
      "answer_2": 0.5186152984361011,
      "answer_3": 0.5184920602695781,
      "answer_4": 0.4540139754668402,
      "answer_5": 0.8583275452355018,
      "answer_6": 0.5011907364850259
    },
    "query_6": {
      "answer_1": 0.5073886750276655,
      "answer_2": 0.5059724350913002,
      "answer_3": 0.4880139214046196,
      "answer_4": 0.5542818042396995,
      "answer_5": 0.5477284021262617,
      "answer_6": 0.8252458397851626
    }
  }
}