{
  "entity": "Abraham Lincoln",
  "cosine_similarities": {
    "query_1": {
      "answer_1": 0.8611383505834398,
      "answer_2": 0.6544622345975768,
      "answer_3": 0.6681600612292059,
      "answer_4": 0.5289387294738779,
      "answer_5": 0.6269035949123266,
      "answer_6": 0.6069925477200139
    },
    "query_2": {
      "answer_1": 0.6693126065455716,
      "answer_2": 0.9092951383580052,
      "answer_3": 0.6512842891089983,
      "answer_4": 0.4785317206647209,
      "answer_5": 0.535951336015421,
      "answer_6": 0.49601763446207864
    },
    "query_3": {
      "answer_1": 0.6770730210732675,
      "answer_2": 0.6422126141471804,
      "answer_3": 0.8673295750064126,
      "answer_4": 0.5473670172809786,
      "answer_5": 0.5474723705206556,
      "answer_6": 0.5705449698278491
    },
    "query_4": {
      "answer_1": 0.5975606412477997,
      "answer_2": 0.4938515259246773,
      "answer_3": 0.5536243172050043,
      "answer_4": 0.8378107874097794,
      "answer_5": 0.6005983149975874,
      "answer_6": 0.6668675146653208
    },
    "query_5": {
      "answer_1": 0.6445100766826075,
      "answer_2": 0.5547215078612728,
      "answer_3": 0.5923711227477809,
      "answer_4": 0.5572712760580114,
      "answer_5": 0.8878443174992134,
      "answer_6": 0.5484295174668312
    },
    "query_6": {
      "answer_1": 0.6179304985268578,
      "answer_2": 0.509324170871559,
      "answer_3": 0.5443352674103338,
      "answer_4": 0.5749282936106805,
      "answer_5": 0.5425188309450826,
      "answer_6": 0.8446972110246708
    }
  }
}