{
  "entity": "Abraham Lincoln",
  "cosine_similarities": {
    "query_1": {
      "answer_1": 0.8472037556700545,
      "answer_2": 0.6912468919548458,
      "answer_3": 0.665034909396843,
      "answer_4": 0.4860003484521933,
      "answer_5": 0.6504188532221362,
      "answer_6": 0.46929786612168295
    },
    "query_2": {
      "answer_1": 0.6590160542043404,
      "answer_2": 0.869961607011973,
      "answer_3": 0.6846511542111788,
      "answer_4": 0.5048970553542161,
      "answer_5": 0.6538468707729288,
      "answer_6": 0.45041020367139545
    },
    "query_3": {
      "answer_1": 0.690485652839547,
      "answer_2": 0.6744006475598848,
      "answer_3": 0.855886060323663,
      "answer_4": 0.6063022456312992,
      "answer_5": 0.5982164460302856,
      "answer_6": 0.5245538081585668
    },
    "query_4": {
      "answer_1": 0.5184718167738941,
      "answer_2": 0.5447722707682084,
      "answer_3": 0.5850824112550832,
      "answer_4": 0.8178650990956982,
      "answer_5": 0.5986303994304649,
      "answer_6": 0.6062925677239953
    },
    "query_5": {
      "answer_1": 0.7070142855566663,
      "answer_2": 0.7097743859379971,
      "answer_3": 0.6805601415899373,
      "answer_4": 0.6339359737940934,
      "answer_5": 0.8459039222299891,
      "answer_6": 0.5256033635146826
    },
    "query_6": {
      "answer_1": 0.554778985494649,
      "answer_2": 0.5824773277297982,
      "answer_3": 0.5387632581119948,
      "answer_4": 0.6566980535270301,
      "answer_5": 0.547110676634561,
      "answer_6": 0.8424877108823111
    }
  }
}