{
  "entity": "Abraham Lincoln",
  "cosine_similarities": {
    "query_1": {
      "answer_1": 0.8303455810971198,
      "answer_2": 0.6625682328304184,
      "answer_3": 0.6794463602686557,
      "answer_4": 0.5416559101380206,
      "answer_5": 0.6400825440834572,
      "answer_6": 0.5784694402666687
    },
    "query_2": {
      "answer_1": 0.6485781654936057,
      "answer_2": 0.8466498714021721,
      "answer_3": 0.6408674348171954,
      "answer_4": 0.4737702801326334,
      "answer_5": 0.5208612215575418,
      "answer_6": 0.5538151546853181
    },
    "query_3": {
      "answer_1": 0.6815296328603423,
      "answer_2": 0.6383873235107563,
      "answer_3": 0.785252630333642,
      "answer_4": 0.556262180114283,
      "answer_5": 0.5589332205757698,
      "answer_6": 0.5443532339956253
    },
    "query_4": {
      "answer_1": 0.5692324430687634,
      "answer_2": 0.5437568440140382,
      "answer_3": 0.5316851251849425,
      "answer_4": 0.8044974125599443,
      "answer_5": 0.5244153722725596,
      "answer_6": 0.7083420476181264
    },
    "query_5": {
      "answer_1": 0.59994692802612,
      "answer_2": 0.5323103509391887,
      "answer_3": 0.5384700112412386,
      "answer_4": 0.483650211332671,
      "answer_5": 0.841748300642324,
      "answer_6": 0.5012554034813259
    },
    "query_6": {
      "answer_1": 0.5697623031219016,
      "answer_2": 0.56763009968157,
      "answer_3": 0.5119588104557646,
      "answer_4": 0.6508916761209304,
      "answer_5": 0.5253213745013847,
      "answer_6": 0.822206235858225
    }
  }
}