{
  "entity": "Abraham Lincoln",
  "cosine_similarities": {
    "query_1": {
      "answer_1": 0.8644294861058992,
      "answer_2": 0.6789648940970701,
      "answer_3": 0.6664310793532707,
      "answer_4": 0.49548800270200205,
      "answer_5": 0.5936448303980695,
      "answer_6": 0.5746169926546711
    },
    "query_2": {
      "answer_1": 0.6515416703661452,
      "answer_2": 0.8944620070268419,
      "answer_3": 0.6756685304959388,
      "answer_4": 0.4703998771229166,
      "answer_5": 0.49890376159160293,
      "answer_6": 0.4874568040020615
    },
    "query_3": {
      "answer_1": 0.7262682225227373,
      "answer_2": 0.6923386081447417,
      "answer_3": 0.8758955830696115,
      "answer_4": 0.5435000742219925,
      "answer_5": 0.5789765971887897,
      "answer_6": 0.5690899796271724
    },
    "query_4": {
      "answer_1": 0.5796522264513,
      "answer_2": 0.5676403480819768,
      "answer_3": 0.548565897377635,
      "answer_4": 0.8186908173181262,
      "answer_5": 0.47693533835776347,
      "answer_6": 0.6198186474124814
    },
    "query_5": {
      "answer_1": 0.609591092325457,
      "answer_2": 0.5470476614248722,
      "answer_3": 0.5715806545182263,
      "answer_4": 0.45893667273735034,
      "answer_5": 0.8734485652317118,
      "answer_6": 0.4812008501093818
    },
    "query_6": {
      "answer_1": 0.583628864385727,
      "answer_2": 0.5510450208230586,
      "answer_3": 0.5594502940318572,
      "answer_4": 0.5364701415440913,
      "answer_5": 0.4496801844318925,
      "answer_6": 0.823731772459194
    }
  }
}