{
  "entity": "Abraham Lincoln",
  "cosine_similarities": {
    "query_1": {
      "answer_1": 0.8051802889703022,
      "answer_2": 0.593954581235452,
      "answer_3": 0.6011598759935445,
      "answer_4": 0.40881257592877507,
      "answer_5": 0.48226714598556103,
      "answer_6": 0.45222244026728037
    },
    "query_2": {
      "answer_1": 0.5573991401890527,
      "answer_2": 0.9067532327290317,
      "answer_3": 0.6814642049132699,
      "answer_4": 0.4511824491183229,
      "answer_5": 0.5153301631056193,
      "answer_6": 0.49980854054725504
    },
    "query_3": {
      "answer_1": 0.6280109370889492,
      "answer_2": 0.6520958174438268,
      "answer_3": 0.8517981715183343,
      "answer_4": 0.5519246850243179,
      "answer_5": 0.5272981270079101,
      "answer_6": 0.5003270792207318
    },
    "query_4": {
      "answer_1": 0.49434272929473605,
      "answer_2": 0.49963077218595114,
      "answer_3": 0.543962809735091,
      "answer_4": 0.8448018479725118,
      "answer_5": 0.5576655064025797,
      "answer_6": 0.6628815106380782
    },
    "query_5": {
      "answer_1": 0.5284612723297056,
      "answer_2": 0.5486866739949812,
      "answer_3": 0.5834714023368944,
      "answer_4": 0.550932497843786,
      "answer_5": 0.9096818626398689,
      "answer_6": 0.5003610358855387
    },
    "query_6": {
      "answer_1": 0.5103291333212244,
      "answer_2": 0.5604462309035775,
      "answer_3": 0.5430433824307298,
      "answer_4": 0.5835485297003552,
      "answer_5": 0.5226125282122335,
      "answer_6": 0.7836809683902722
    }
  }
}