{
  "entity": "Abraham Lincoln",
  "cosine_similarities": {
    "query_1": {
      "answer_1": 0.8658893343980447,
      "answer_2": 0.6873225898354772,
      "answer_3": 0.703858750564927,
      "answer_4": 0.49411565271879193,
      "answer_5": 0.5921552247798059,
      "answer_6": 0.5443278745494919
    },
    "query_2": {
      "answer_1": 0.6482751486458839,
      "answer_2": 0.8888764655231974,
      "answer_3": 0.6730430423128925,
      "answer_4": 0.482233470662709,
      "answer_5": 0.5020798549381716,
      "answer_6": 0.47437912849225616
    },
    "query_3": {
      "answer_1": 0.7378385624501086,
      "answer_2": 0.7007120282141435,
      "answer_3": 0.8761541367553217,
      "answer_4": 0.5383467871672977,
      "answer_5": 0.5909987141697465,
      "answer_6": 0.5445150145303473
    },
    "query_4": {
      "answer_1": 0.5813129566603017,
      "answer_2": 0.571352918999225,
      "answer_3": 0.5736152645357518,
      "answer_4": 0.8266261971553792,
      "answer_5": 0.5158233287964725,
      "answer_6": 0.6628070819086773
    },
    "query_5": {
      "answer_1": 0.6415146998685003,
      "answer_2": 0.5770426099249635,
      "answer_3": 0.6133055657170579,
      "answer_4": 0.46486615993702146,
      "answer_5": 0.8756851023900383,
      "answer_6": 0.4919034696566275
    },
    "query_6": {
      "answer_1": 0.5691659138761986,
      "answer_2": 0.5294047186064404,
      "answer_3": 0.563492768091959,
      "answer_4": 0.6073133369954604,
      "answer_5": 0.5208695136441749,
      "answer_6": 0.8470697258926112
    }
  }
}