{
  "entity": "Abraham Lincoln",
  "cosine_similarities": {
    "query_1": {
      "answer_1": 0.8283608233297444,
      "answer_2": 0.6503867343367483,
      "answer_3": 0.6549309985082413,
      "answer_4": 0.5598697524793907,
      "answer_5": 0.5700604598727304,
      "answer_6": 0.5802142581760188
    },
    "query_2": {
      "answer_1": 0.6850492077174118,
      "answer_2": 0.8893510096429548,
      "answer_3": 0.6198337400966993,
      "answer_4": 0.4728057783204153,
      "answer_5": 0.4961795071262129,
      "answer_6": 0.49106122019698606
    },
    "query_3": {
      "answer_1": 0.6874051158119456,
      "answer_2": 0.6335539970898973,
      "answer_3": 0.9025935609461034,
      "answer_4": 0.49252894350175197,
      "answer_5": 0.49535437396342163,
      "answer_6": 0.4886861342746158
    },
    "query_4": {
      "answer_1": 0.5919773050953481,
      "answer_2": 0.5293136113708738,
      "answer_3": 0.5660165421206459,
      "answer_4": 0.8205918057201339,
      "answer_5": 0.5318350435998459,
      "answer_6": 0.6226954809366957
    },
    "query_5": {
      "answer_1": 0.5905988086747054,
      "answer_2": 0.5361420571235256,
      "answer_3": 0.5584185015968292,
      "answer_4": 0.511493777991793,
      "answer_5": 0.8291449315126364,
      "answer_6": 0.4878305297384579
    },
    "query_6": {
      "answer_1": 0.5968605423832689,
      "answer_2": 0.5204367016043034,
      "answer_3": 0.5168551022695885,
      "answer_4": 0.5532520801285051,
      "answer_5": 0.46725491769720984,
      "answer_6": 0.8367002981739833
    }
  }
}