{
  "entity": "Abraham Lincoln",
  "cosine_similarities": {
    "query_1": {
      "answer_1": 0.8169563743929126,
      "answer_2": 0.6007655048547504,
      "answer_3": 0.635834537045783,
      "answer_4": 0.5450005395695453,
      "answer_5": 0.5707413916226313,
      "answer_6": 0.5408065806495825
    },
    "query_2": {
      "answer_1": 0.6501049269011814,
      "answer_2": 0.8591515364719015,
      "answer_3": 0.6440947482940785,
      "answer_4": 0.47720642938241886,
      "answer_5": 0.4691695686854505,
      "answer_6": 0.4884968219622541
    },
    "query_3": {
      "answer_1": 0.6637524380525537,
      "answer_2": 0.636611027955611,
      "answer_3": 0.7438632895462433,
      "answer_4": 0.5522085945142483,
      "answer_5": 0.48689451785825827,
      "answer_6": 0.5101206247966739
    },
    "query_4": {
      "answer_1": 0.5357545848800569,
      "answer_2": 0.4632790194355753,
      "answer_3": 0.5288057514759845,
      "answer_4": 0.7394231196758082,
      "answer_5": 0.5134019958905179,
      "answer_6": 0.63063355967791
    },
    "query_5": {
      "answer_1": 0.5980358638809075,
      "answer_2": 0.47610251782217117,
      "answer_3": 0.4717865826114235,
      "answer_4": 0.5352618011420436,
      "answer_5": 0.8926567989459376,
      "answer_6": 0.45591354890737745
    },
    "query_6": {
      "answer_1": 0.5663788126472086,
      "answer_2": 0.5022467327754077,
      "answer_3": 0.49101650493353277,
      "answer_4": 0.6312001665157947,
      "answer_5": 0.45666397736806913,
      "answer_6": 0.794177275447084
    }
  }
}