{
  "entity": "Abraham Lincoln",
  "cosine_similarities": {
    "query_1": {
      "answer_1": 0.8129650807025217,
      "answer_2": 0.635967321985149,
      "answer_3": 0.6312556688524629,
      "answer_4": 0.5197335931234949,
      "answer_5": 0.5620176073688121,
      "answer_6": 0.5772365779277221
    },
    "query_2": {
      "answer_1": 0.6438290488148343,
      "answer_2": 0.8721745973868478,
      "answer_3": 0.5915823869456819,
      "answer_4": 0.45854130203944055,
      "answer_5": 0.4552023509150863,
      "answer_6": 0.481430495805603
    },
    "query_3": {
      "answer_1": 0.6412036057593938,
      "answer_2": 0.6340932347620342,
      "answer_3": 0.8074351037905408,
      "answer_4": 0.6174288933084352,
      "answer_5": 0.49348577536599253,
      "answer_6": 0.5638207926492477
    },
    "query_4": {
      "answer_1": 0.5159589760726027,
      "answer_2": 0.5171832550724985,
      "answer_3": 0.5864329288348649,
      "answer_4": 0.7847674291874909,
      "answer_5": 0.44169950670454433,
      "answer_6": 0.6310848337884717
    },
    "query_5": {
      "answer_1": 0.6030937983242927,
      "answer_2": 0.528107410028786,
      "answer_3": 0.5006815075061293,
      "answer_4": 0.4771220937859688,
      "answer_5": 0.8450279353169562,
      "answer_6": 0.47480107912068403
    },
    "query_6": {
      "answer_1": 0.5487769496515106,
      "answer_2": 0.5083001744718887,
      "answer_3": 0.5401082424640347,
      "answer_4": 0.592476947821643,
      "answer_5": 0.44316131986631685,
      "answer_6": 0.8196108670357798
    }
  }
}