{
  "entity": "Abraham Lincoln",
  "cosine_similarities": {
    "query_1": {
      "answer_1": 0.8763314925222738,
      "answer_2": 0.6511298700226051,
      "answer_3": 0.6587780560037669,
      "answer_4": 0.6021724136309179,
      "answer_5": 0.5631845210864194,
      "answer_6": 0.6083606554695564
    },
    "query_2": {
      "answer_1": 0.6571989935466408,
      "answer_2": 0.8717902314406287,
      "answer_3": 0.6115146909872323,
      "answer_4": 0.4997198991349908,
      "answer_5": 0.48613063272136076,
      "answer_6": 0.49804461101351205
    },
    "query_3": {
      "answer_1": 0.6685901162045077,
      "answer_2": 0.6579854356065805,
      "answer_3": 0.8930387126731019,
      "answer_4": 0.5251904361745876,
      "answer_5": 0.5021302807007487,
      "answer_6": 0.4947745543859621
    },
    "query_4": {
      "answer_1": 0.6208198550064745,
      "answer_2": 0.5486797637752716,
      "answer_3": 0.5606235673340653,
      "answer_4": 0.8266227360916191,
      "answer_5": 0.5439760167720311,
      "answer_6": 0.659774726847629
    },
    "query_5": {
      "answer_1": 0.6138746734894548,
      "answer_2": 0.5458862857590855,
      "answer_3": 0.5551106691653965,
      "answer_4": 0.5649743969026639,
      "answer_5": 0.8447376071453645,
      "answer_6": 0.499178123607403
    },
    "query_6": {
      "answer_1": 0.6124232911511598,
      "answer_2": 0.5512761079195417,
      "answer_3": 0.5184022483932212,
      "answer_4": 0.6004077623794392,
      "answer_5": 0.4801048196726221,
      "answer_6": 0.8471467000413125
    }
  }
}