{
  "entity": "George Washington",
  "cosine_similarities": {
    "query_1": {
      "answer_1": 0.8709254323413718,
      "answer_2": 0.6897739804833564,
      "answer_3": 0.6911956874393861,
      "answer_4": 0.5151844838146508,
      "answer_5": 0.6918800677403935,
      "answer_6": 0.6143458155808178
    },
    "query_2": {
      "answer_1": 0.6583421340180424,
      "answer_2": 0.89140878213043,
      "answer_3": 0.6512922203357991,
      "answer_4": 0.46467757981350283,
      "answer_5": 0.5669572454267852,
      "answer_6": 0.519324978611043
    },
    "query_3": {
      "answer_1": 0.7386711573451493,
      "answer_2": 0.6887089552142888,
      "answer_3": 0.853294400889573,
      "answer_4": 0.61848649765495,
      "answer_5": 0.6461741332107293,
      "answer_6": 0.6163806701234241
    },
    "query_4": {
      "answer_1": 0.6196089690898307,
      "answer_2": 0.5483017685598356,
      "answer_3": 0.7035402843681724,
      "answer_4": 0.8587638229147598,
      "answer_5": 0.6458978309023642,
      "answer_6": 0.650885726469349
    },
    "query_5": {
      "answer_1": 0.7408745901346757,
      "answer_2": 0.6107569361994252,
      "answer_3": 0.6655276882987753,
      "answer_4": 0.5463676300165283,
      "answer_5": 0.8463304819055393,
      "answer_6": 0.6722708583447571
    },
    "query_6": {
      "answer_1": 0.6478448238314569,
      "answer_2": 0.5522114440518062,
      "answer_3": 0.5902131173506765,
      "answer_4": 0.5489446279422793,
      "answer_5": 0.6611867880765574,
      "answer_6": 0.856770946025683
    }
  }
}