{
  "entity": "George Washington",
  "cosine_similarities": {
    "query_1": {
      "answer_1": 0.8965738492835139,
      "answer_2": 0.6981918964698166,
      "answer_3": 0.6919559925033855,
      "answer_4": 0.6184373976511018,
      "answer_5": 0.6829958139793996,
      "answer_6": 0.6123079975497205
    },
    "query_2": {
      "answer_1": 0.6684390483959641,
      "answer_2": 0.8592822576304041,
      "answer_3": 0.659826112965782,
      "answer_4": 0.5496133203942506,
      "answer_5": 0.5701223664325265,
      "answer_6": 0.5543889386043582
    },
    "query_3": {
      "answer_1": 0.6154739077303906,
      "answer_2": 0.6046301407979296,
      "answer_3": 0.8295706621072421,
      "answer_4": 0.5943443138353957,
      "answer_5": 0.6079739031836069,
      "answer_6": 0.506975011181132
    },
    "query_4": {
      "answer_1": 0.6426032888790723,
      "answer_2": 0.5679542607804006,
      "answer_3": 0.6656725538632813,
      "answer_4": 0.8490276754556787,
      "answer_5": 0.641047724659176,
      "answer_6": 0.7304483527127739
    },
    "query_5": {
      "answer_1": 0.6762008258041765,
      "answer_2": 0.5668875701016816,
      "answer_3": 0.5772991773280315,
      "answer_4": 0.587080373611265,
      "answer_5": 0.854422340177585,
      "answer_6": 0.6029613090300906
    },
    "query_6": {
      "answer_1": 0.6405883575165443,
      "answer_2": 0.5724973553763824,
      "answer_3": 0.5719959180549785,
      "answer_4": 0.6732026920205317,
      "answer_5": 0.6124044152010629,
      "answer_6": 0.8036819735835119
    }
  }
}