{
  "entity": "George Washington",
  "cosine_similarities": {
    "query_1": {
      "answer_1": 0.848170700246962,
      "answer_2": 0.6942472645532733,
      "answer_3": 0.7011832092193758,
      "answer_4": 0.5308901949265425,
      "answer_5": 0.5828697546089563,
      "answer_6": 0.6075904126314334
    },
    "query_2": {
      "answer_1": 0.6569282492631912,
      "answer_2": 0.8952089430472585,
      "answer_3": 0.6564170097725825,
      "answer_4": 0.49365472597930493,
      "answer_5": 0.5180119027836103,
      "answer_6": 0.5763096695302071
    },
    "query_3": {
      "answer_1": 0.6919099581103614,
      "answer_2": 0.6609701922973313,
      "answer_3": 0.8276543915378508,
      "answer_4": 0.6538019544761078,
      "answer_5": 0.570441913425777,
      "answer_6": 0.6488008073160345
    },
    "query_4": {
      "answer_1": 0.5508732316178795,
      "answer_2": 0.5323744911511359,
      "answer_3": 0.6806261428072636,
      "answer_4": 0.8033328176238662,
      "answer_5": 0.5355924585795935,
      "answer_6": 0.621730464845578
    },
    "query_5": {
      "answer_1": 0.6539032925193319,
      "answer_2": 0.5562116888830765,
      "answer_3": 0.6070032369529699,
      "answer_4": 0.4956248421549692,
      "answer_5": 0.8281685004761307,
      "answer_6": 0.6220931718817461
    },
    "query_6": {
      "answer_1": 0.6298210961263501,
      "answer_2": 0.6004282388101101,
      "answer_3": 0.612252268383654,
      "answer_4": 0.5479585177031108,
      "answer_5": 0.6198934557560297,
      "answer_6": 0.8345296876879018
    }
  }
}