{
  "entity": "George Washington",
  "cosine_similarities": {
    "query_1": {
      "answer_1": 0.8643974389092139,
      "answer_2": 0.6816274209418117,
      "answer_3": 0.621447646421539,
      "answer_4": 0.6082920544272785,
      "answer_5": 0.6729543245528391,
      "answer_6": 0.6197098983701402
    },
    "query_2": {
      "answer_1": 0.662493836329499,
      "answer_2": 0.8741020512010087,
      "answer_3": 0.5816415523576138,
      "answer_4": 0.5294238687693287,
      "answer_5": 0.55123552374618,
      "answer_6": 0.5560700130560373
    },
    "query_3": {
      "answer_1": 0.6480106773884814,
      "answer_2": 0.591408964850118,
      "answer_3": 0.8378282935718718,
      "answer_4": 0.5959536634512214,
      "answer_5": 0.5738841668281549,
      "answer_6": 0.5220320738262159
    },
    "query_4": {
      "answer_1": 0.6668472266359828,
      "answer_2": 0.5513555090671463,
      "answer_3": 0.6298966713084355,
      "answer_4": 0.8942521792686309,
      "answer_5": 0.6421237862237251,
      "answer_6": 0.7208427171724413
    },
    "query_5": {
      "answer_1": 0.6482336813205299,
      "answer_2": 0.5498299227467611,
      "answer_3": 0.5291271293585043,
      "answer_4": 0.5714199179010395,
      "answer_5": 0.8579724712576001,
      "answer_6": 0.6065406835832076
    },
    "query_6": {
      "answer_1": 0.6403163099003938,
      "answer_2": 0.5730050497952558,
      "answer_3": 0.5290754638720684,
      "answer_4": 0.6718082339495101,
      "answer_5": 0.59991985155775,
      "answer_6": 0.8022402701801425
    }
  }
}