{
  "entity": "George Washington",
  "cosine_similarities": {
    "query_1": {
      "answer_1": 0.799254198289353,
      "answer_2": 0.675984630033035,
      "answer_3": 0.6631267388173625,
      "answer_4": 0.5335182861385555,
      "answer_5": 0.5610576398892401,
      "answer_6": 0.6114158999590309
    },
    "query_2": {
      "answer_1": 0.6436513345630387,
      "answer_2": 0.9058031289585794,
      "answer_3": 0.6797109981849044,
      "answer_4": 0.5021778630616972,
      "answer_5": 0.5202701735487659,
      "answer_6": 0.5214436534639943
    },
    "query_3": {
      "answer_1": 0.6980142653044709,
      "answer_2": 0.6255394914318451,
      "answer_3": 0.7305048559048469,
      "answer_4": 0.6368686977903476,
      "answer_5": 0.5499510236139441,
      "answer_6": 0.5985234581143382
    },
    "query_4": {
      "answer_1": 0.5624773876554573,
      "answer_2": 0.5073526603344862,
      "answer_3": 0.5330988706794421,
      "answer_4": 0.8086955034046605,
      "answer_5": 0.5820934356211925,
      "answer_6": 0.6806161822266077
    },
    "query_5": {
      "answer_1": 0.5943770716499525,
      "answer_2": 0.5711567111666522,
      "answer_3": 0.5544775822526693,
      "answer_4": 0.5911070587547008,
      "answer_5": 0.8013785680733593,
      "answer_6": 0.5840511840308246
    },
    "query_6": {
      "answer_1": 0.5756216524039508,
      "answer_2": 0.49455457430736144,
      "answer_3": 0.47777635524809414,
      "answer_4": 0.5921987575549499,
      "answer_5": 0.5007679170223115,
      "answer_6": 0.7589498987111407
    }
  }
}