{
  "entity": "George Washington",
  "cosine_similarities": {
    "query_1": {
      "answer_1": 0.8795975470432379,
      "answer_2": 0.6882022649542969,
      "answer_3": 0.690277312702453,
      "answer_4": 0.5645459477845194,
      "answer_5": 0.6733810282834048,
      "answer_6": 0.6824181943609076
    },
    "query_2": {
      "answer_1": 0.6823388271564793,
      "answer_2": 0.8585082535082484,
      "answer_3": 0.6400649214963842,
      "answer_4": 0.5237028840549734,
      "answer_5": 0.5604055094197898,
      "answer_6": 0.5698206289983992
    },
    "query_3": {
      "answer_1": 0.6410070888692162,
      "answer_2": 0.6084841852140171,
      "answer_3": 0.8362719309594285,
      "answer_4": 0.608421310915414,
      "answer_5": 0.5779477924164338,
      "answer_6": 0.5470095950223173
    },
    "query_4": {
      "answer_1": 0.6642974215841031,
      "answer_2": 0.588475806128328,
      "answer_3": 0.6838047941030551,
      "answer_4": 0.8404038806194293,
      "answer_5": 0.6982433330757604,
      "answer_6": 0.6997982289189602
    },
    "query_5": {
      "answer_1": 0.7490607068163417,
      "answer_2": 0.6390256861649797,
      "answer_3": 0.6499263857080072,
      "answer_4": 0.6652258485497603,
      "answer_5": 0.8809642921966037,
      "answer_6": 0.7421414997352871
    },
    "query_6": {
      "answer_1": 0.7017496687032466,
      "answer_2": 0.5900979591212351,
      "answer_3": 0.5700252667765382,
      "answer_4": 0.6412331440775084,
      "answer_5": 0.720404342075555,
      "answer_6": 0.8286169576014788
    }
  }
}