{
  "entity": "George Washington",
  "cosine_similarities": {
    "query_1": {
      "answer_1": 0.8681803609480937,
      "answer_2": 0.7112184918303313,
      "answer_3": 0.7118004935300335,
      "answer_4": 0.5564555567252645,
      "answer_5": 0.6987987159914526,
      "answer_6": 0.6340216858782651
    },
    "query_2": {
      "answer_1": 0.6728130239840352,
      "answer_2": 0.8916488413411001,
      "answer_3": 0.6525479419763273,
      "answer_4": 0.5324000829167351,
      "answer_5": 0.6050740965830974,
      "answer_6": 0.6212781483001566
    },
    "query_3": {
      "answer_1": 0.7233224515852407,
      "answer_2": 0.6810894403771452,
      "answer_3": 0.8092857453151573,
      "answer_4": 0.6202417655208367,
      "answer_5": 0.6650714870324533,
      "answer_6": 0.6419333598557773
    },
    "query_4": {
      "answer_1": 0.6393075783304051,
      "answer_2": 0.5706798132751172,
      "answer_3": 0.6602542038871299,
      "answer_4": 0.8298969595760611,
      "answer_5": 0.669963598484024,
      "answer_6": 0.7242917647585019
    },
    "query_5": {
      "answer_1": 0.6931615540338975,
      "answer_2": 0.6362811620732397,
      "answer_3": 0.6304223281582626,
      "answer_4": 0.5786472408562353,
      "answer_5": 0.8707889492438389,
      "answer_6": 0.626386562906243
    },
    "query_6": {
      "answer_1": 0.6322987018400351,
      "answer_2": 0.6129176340432866,
      "answer_3": 0.6140794599468997,
      "answer_4": 0.6492505546854841,
      "answer_5": 0.6615399659444322,
      "answer_6": 0.820117369404958
    }
  }
}