{
  "entity": "George Washington",
  "cosine_similarities": {
    "query_1": {
      "answer_1": 0.865032183653631,
      "answer_2": 0.68405783667847,
      "answer_3": 0.6966977393588829,
      "answer_4": 0.5383378242643485,
      "answer_5": 0.5840644791450758,
      "answer_6": 0.6175421499128289
    },
    "query_2": {
      "answer_1": 0.6901653169315533,
      "answer_2": 0.8797300359061306,
      "answer_3": 0.6643000648270101,
      "answer_4": 0.5062352236968187,
      "answer_5": 0.5459130358813453,
      "answer_6": 0.50869401345461
    },
    "query_3": {
      "answer_1": 0.7135368281560809,
      "answer_2": 0.643809190300246,
      "answer_3": 0.8268282388613111,
      "answer_4": 0.6440548530432035,
      "answer_5": 0.5587490340307345,
      "answer_6": 0.6181375715255895
    },
    "query_4": {
      "answer_1": 0.5888134633491612,
      "answer_2": 0.5306076496683744,
      "answer_3": 0.6052182522681627,
      "answer_4": 0.8237253984676076,
      "answer_5": 0.5847422903432526,
      "answer_6": 0.6939852843259722
    },
    "query_5": {
      "answer_1": 0.6403862697954544,
      "answer_2": 0.558938467376465,
      "answer_3": 0.6045633021552013,
      "answer_4": 0.5894196497856996,
      "answer_5": 0.826072503456063,
      "answer_6": 0.6076851973211929
    },
    "query_6": {
      "answer_1": 0.6208959949481196,
      "answer_2": 0.5142293539240539,
      "answer_3": 0.5338053377092135,
      "answer_4": 0.6200160813330341,
      "answer_5": 0.5252521569351163,
      "answer_6": 0.7988193103034199
    }
  }
}