{
  "entity": "George Washington",
  "cosine_similarities": {
    "query_1": {
      "answer_1": 0.8682101767155306,
      "answer_2": 0.7147277178038824,
      "answer_3": 0.6531237044492989,
      "answer_4": 0.5993340124693581,
      "answer_5": 0.6722405932247623,
      "answer_6": 0.6046170445930107
    },
    "query_2": {
      "answer_1": 0.668257675994561,
      "answer_2": 0.8563250410715595,
      "answer_3": 0.6188469903212953,
      "answer_4": 0.5092859074052366,
      "answer_5": 0.5484650518288023,
      "answer_6": 0.5379640453872085
    },
    "query_3": {
      "answer_1": 0.6404668406010872,
      "answer_2": 0.6087688979536166,
      "answer_3": 0.8483810889402952,
      "answer_4": 0.6232739198642403,
      "answer_5": 0.5575082155229495,
      "answer_6": 0.5042509056875952
    },
    "query_4": {
      "answer_1": 0.6087547586568127,
      "answer_2": 0.5550924460425352,
      "answer_3": 0.6232674143531809,
      "answer_4": 0.8930964101151924,
      "answer_5": 0.7155874150899919,
      "answer_6": 0.6821750502578391
    },
    "query_5": {
      "answer_1": 0.6833211714351173,
      "answer_2": 0.6035186007462473,
      "answer_3": 0.5671830788079832,
      "answer_4": 0.6464036872715182,
      "answer_5": 0.8337465660156408,
      "answer_6": 0.6246301187921033
    },
    "query_6": {
      "answer_1": 0.6535123297358973,
      "answer_2": 0.6140959386697922,
      "answer_3": 0.5649841002625011,
      "answer_4": 0.6431943543118506,
      "answer_5": 0.657243982481915,
      "answer_6": 0.799348232340168
    }
  }
}