{
  "entity": "George Washington",
  "cosine_similarities": {
    "query_1": {
      "answer_1": 0.8376599018857306,
      "answer_2": 0.7034323430083362,
      "answer_3": 0.6991263779944964,
      "answer_4": 0.5596213808148325,
      "answer_5": 0.6948627010270518,
      "answer_6": 0.6133986085888335
    },
    "query_2": {
      "answer_1": 0.6497822154048263,
      "answer_2": 0.8855449318355879,
      "answer_3": 0.6502827153042712,
      "answer_4": 0.523294960633103,
      "answer_5": 0.598583235260892,
      "answer_6": 0.5371351125366453
    },
    "query_3": {
      "answer_1": 0.7156020765899124,
      "answer_2": 0.6670848180515847,
      "answer_3": 0.8115648637266385,
      "answer_4": 0.6296913490781818,
      "answer_5": 0.6443685888296387,
      "answer_6": 0.6036452509618518
    },
    "query_4": {
      "answer_1": 0.6146812079843892,
      "answer_2": 0.5422561526416417,
      "answer_3": 0.6299205621101556,
      "answer_4": 0.8337990005331083,
      "answer_5": 0.6662155048793181,
      "answer_6": 0.7245605364060361
    },
    "query_5": {
      "answer_1": 0.6915243623074785,
      "answer_2": 0.6360467740111879,
      "answer_3": 0.6289105423476711,
      "answer_4": 0.5831208840540449,
      "answer_5": 0.8633678389193437,
      "answer_6": 0.6348873015228478
    },
    "query_6": {
      "answer_1": 0.5802254445700138,
      "answer_2": 0.5314023397437847,
      "answer_3": 0.5346734708610041,
      "answer_4": 0.6071278148740725,
      "answer_5": 0.6474590687566147,
      "answer_6": 0.8066773051718147
    }
  }
}