{
  "entity": "George Washington",
  "cosine_similarities": {
    "query_1": {
      "answer_1": 0.90311439349556,
      "answer_2": 0.7205087677707732,
      "answer_3": 0.7066766981614463,
      "answer_4": 0.5772398506118128,
      "answer_5": 0.667687136109387,
      "answer_6": 0.6123034341210769
    },
    "query_2": {
      "answer_1": 0.6575584371269507,
      "answer_2": 0.8750294486621486,
      "answer_3": 0.6550518772074043,
      "answer_4": 0.5413573468071966,
      "answer_5": 0.5981755023512926,
      "answer_6": 0.5278698524746813
    },
    "query_3": {
      "answer_1": 0.7097100283320273,
      "answer_2": 0.6962782639042594,
      "answer_3": 0.8053195440990795,
      "answer_4": 0.6361169008427336,
      "answer_5": 0.6445872248337774,
      "answer_6": 0.6043759056386915
    },
    "query_4": {
      "answer_1": 0.5795063629697841,
      "answer_2": 0.6086989602701037,
      "answer_3": 0.6335802414836467,
      "answer_4": 0.8238270365514917,
      "answer_5": 0.6555270062098143,
      "answer_6": 0.7113647689000668
    },
    "query_5": {
      "answer_1": 0.7115803485181347,
      "answer_2": 0.6706911689712491,
      "answer_3": 0.6338836162602547,
      "answer_4": 0.5952883765647927,
      "answer_5": 0.8655410830707633,
      "answer_6": 0.6246554237221156
    },
    "query_6": {
      "answer_1": 0.5914217661181927,
      "answer_2": 0.5673122407910576,
      "answer_3": 0.55272516570255,
      "answer_4": 0.6072015971743958,
      "answer_5": 0.6369705229972866,
      "answer_6": 0.8196648788225405
    }
  }
}