{
  "entity": "George Washington",
  "cosine_similarities": {
    "query_1": {
      "answer_1": 0.9023824660540993,
      "answer_2": 0.7013534547624883,
      "answer_3": 0.7254283158166155,
      "answer_4": 0.5592812532651302,
      "answer_5": 0.6244868716849621,
      "answer_6": 0.6104930772467237
    },
    "query_2": {
      "answer_1": 0.6765001540300492,
      "answer_2": 0.8803549879057135,
      "answer_3": 0.6825758101317674,
      "answer_4": 0.5173852511528947,
      "answer_5": 0.5274195232079154,
      "answer_6": 0.5588905872007705
    },
    "query_3": {
      "answer_1": 0.6978988395399949,
      "answer_2": 0.6370027388407563,
      "answer_3": 0.8076117966631,
      "answer_4": 0.6853454506774782,
      "answer_5": 0.5888329587564752,
      "answer_6": 0.6285016858817358
    },
    "query_4": {
      "answer_1": 0.5609586621658809,
      "answer_2": 0.5161398457049798,
      "answer_3": 0.669699901888729,
      "answer_4": 0.8505151342050787,
      "answer_5": 0.5518098017615751,
      "answer_6": 0.601505891782572
    },
    "query_5": {
      "answer_1": 0.6619459555385216,
      "answer_2": 0.5807137424996028,
      "answer_3": 0.6066795255469537,
      "answer_4": 0.5327846932855612,
      "answer_5": 0.844329026291191,
      "answer_6": 0.617282262643946
    },
    "query_6": {
      "answer_1": 0.6540677840382512,
      "answer_2": 0.6206643406764514,
      "answer_3": 0.6149227983407177,
      "answer_4": 0.5935835324012079,
      "answer_5": 0.642289424677135,
      "answer_6": 0.849206563470508
    }
  }
}