{
  "entity": "George Washington",
  "cosine_similarities": {
    "query_1": {
      "answer_1": 0.8717497269265962,
      "answer_2": 0.6946646039712278,
      "answer_3": 0.6883558325026456,
      "answer_4": 0.5450745954080114,
      "answer_5": 0.6413407572521083,
      "answer_6": 0.6118190677017217
    },
    "query_2": {
      "answer_1": 0.6587788930950744,
      "answer_2": 0.8449324533320871,
      "answer_3": 0.6720929438808565,
      "answer_4": 0.48751643455122096,
      "answer_5": 0.5350869435555792,
      "answer_6": 0.5084303662480174
    },
    "query_3": {
      "answer_1": 0.7005518801891042,
      "answer_2": 0.6694086530945595,
      "answer_3": 0.7885786892734082,
      "answer_4": 0.6758900672147549,
      "answer_5": 0.6546062609124915,
      "answer_6": 0.6097566164762905
    },
    "query_4": {
      "answer_1": 0.5552068486525793,
      "answer_2": 0.5502960449191658,
      "answer_3": 0.6304712254717781,
      "answer_4": 0.8520310676097345,
      "answer_5": 0.6184359705562463,
      "answer_6": 0.6388603804777824
    },
    "query_5": {
      "answer_1": 0.6180787494232556,
      "answer_2": 0.5335609110211876,
      "answer_3": 0.5761714973453431,
      "answer_4": 0.5507213934123574,
      "answer_5": 0.8455097460661745,
      "answer_6": 0.5561876786326478
    },
    "query_6": {
      "answer_1": 0.6076713966727133,
      "answer_2": 0.5264413129714073,
      "answer_3": 0.5060839187283076,
      "answer_4": 0.5710054298076088,
      "answer_5": 0.5728611808710976,
      "answer_6": 0.7735819472601849
    }
  }
}