{
  "entity": "George Washington",
  "cosine_similarities": {
    "query_1": {
      "answer_1": 0.8324739904199356,
      "answer_2": 0.7147101090399801,
      "answer_3": 0.6710966157643117,
      "answer_4": 0.5283369191037303,
      "answer_5": 0.701211795376795,
      "answer_6": 0.6245467946846301
    },
    "query_2": {
      "answer_1": 0.6618883548471943,
      "answer_2": 0.8948938867608055,
      "answer_3": 0.6612793866062954,
      "answer_4": 0.5385974498034177,
      "answer_5": 0.6099981684790959,
      "answer_6": 0.54555617380782
    },
    "query_3": {
      "answer_1": 0.6644768667377748,
      "answer_2": 0.696301548080132,
      "answer_3": 0.8156468671274472,
      "answer_4": 0.6330451446783966,
      "answer_5": 0.6579206037581834,
      "answer_6": 0.6079496680592803
    },
    "query_4": {
      "answer_1": 0.5942012341442389,
      "answer_2": 0.5687350680332537,
      "answer_3": 0.5969012179973371,
      "answer_4": 0.8093950847975449,
      "answer_5": 0.6350517268858309,
      "answer_6": 0.6599658108363994
    },
    "query_5": {
      "answer_1": 0.6688120969705691,
      "answer_2": 0.6404974705161188,
      "answer_3": 0.6305272879127407,
      "answer_4": 0.5656151802181711,
      "answer_5": 0.8528644622443862,
      "answer_6": 0.6312543751187657
    },
    "query_6": {
      "answer_1": 0.6046107103574004,
      "answer_2": 0.5533646830274576,
      "answer_3": 0.5407256821077296,
      "answer_4": 0.6185114606802532,
      "answer_5": 0.6605268097687916,
      "answer_6": 0.8230926544930085
    }
  }
}