{
  "entity": "George Washington",
  "cosine_similarities": {
    "query_1": {
      "answer_1": 0.8044147466750239,
      "answer_2": 0.7248961622188967,
      "answer_3": 0.6592394881493857,
      "answer_4": 0.6159755835260579,
      "answer_5": 0.6584397313635719,
      "answer_6": 0.6205974530581224
    },
    "query_2": {
      "answer_1": 0.6724487174649321,
      "answer_2": 0.8615146392002541,
      "answer_3": 0.5974818053191217,
      "answer_4": 0.5527712376044152,
      "answer_5": 0.5494410035916321,
      "answer_6": 0.5534945961428243
    },
    "query_3": {
      "answer_1": 0.6506273231981679,
      "answer_2": 0.6226204704712766,
      "answer_3": 0.8215216521138268,
      "answer_4": 0.6370442385619167,
      "answer_5": 0.5264435527162983,
      "answer_6": 0.509966010289464
    },
    "query_4": {
      "answer_1": 0.6024952051451413,
      "answer_2": 0.587110375090455,
      "answer_3": 0.6428781509106323,
      "answer_4": 0.7773919726773338,
      "answer_5": 0.7002438272190972,
      "answer_6": 0.6353207108538674
    },
    "query_5": {
      "answer_1": 0.6477542879706172,
      "answer_2": 0.6307614782967671,
      "answer_3": 0.5361285143732182,
      "answer_4": 0.635399617806744,
      "answer_5": 0.8071024778732399,
      "answer_6": 0.6330718813933234
    },
    "query_6": {
      "answer_1": 0.6195750381960925,
      "answer_2": 0.5969220487607706,
      "answer_3": 0.525329666216726,
      "answer_4": 0.6195539992674963,
      "answer_5": 0.6626097628167892,
      "answer_6": 0.7778220206927263
    }
  }
}