{
  "entity": "George Washington",
  "cosine_similarities": {
    "query_1": {
      "answer_1": 0.8367691873827386,
      "answer_2": 0.678464232326173,
      "answer_3": 0.6403242393030928,
      "answer_4": 0.5541455227743619,
      "answer_5": 0.7033771282521641,
      "answer_6": 0.6238000048820468
    },
    "query_2": {
      "answer_1": 0.655555936506393,
      "answer_2": 0.842719669182207,
      "answer_3": 0.6319350518210242,
      "answer_4": 0.5360296324517713,
      "answer_5": 0.6144034112164755,
      "answer_6": 0.5386554119355856
    },
    "query_3": {
      "answer_1": 0.7014630380580984,
      "answer_2": 0.6703633858601293,
      "answer_3": 0.7826838822680493,
      "answer_4": 0.6040619350167034,
      "answer_5": 0.6471661053224349,
      "answer_6": 0.6305134689654871
    },
    "query_4": {
      "answer_1": 0.5946430133279722,
      "answer_2": 0.5292002516406736,
      "answer_3": 0.5587913715274728,
      "answer_4": 0.812270476568097,
      "answer_5": 0.6766581274910177,
      "answer_6": 0.701901466735287
    },
    "query_5": {
      "answer_1": 0.6660788614175925,
      "answer_2": 0.5931587957407096,
      "answer_3": 0.5482032342482537,
      "answer_4": 0.5737450860851294,
      "answer_5": 0.857831892544579,
      "answer_6": 0.5973402608544648
    },
    "query_6": {
      "answer_1": 0.6367795607933332,
      "answer_2": 0.5326308708372868,
      "answer_3": 0.5332298350809018,
      "answer_4": 0.6307260201375495,
      "answer_5": 0.6770725860822351,
      "answer_6": 0.7176854105433241
    }
  }
}