{
  "entity": "George Washington",
  "cosine_similarities": {
    "query_1": {
      "answer_1": 0.822869266697847,
      "answer_2": 0.6867461291227245,
      "answer_3": 0.6506750191829225,
      "answer_4": 0.5217932320402909,
      "answer_5": 0.689410513545005,
      "answer_6": 0.5966450712211149
    },
    "query_2": {
      "answer_1": 0.6453967439378094,
      "answer_2": 0.8466740944141127,
      "answer_3": 0.6254602492949805,
      "answer_4": 0.4621652327380564,
      "answer_5": 0.5886086770810461,
      "answer_6": 0.5369432314572464
    },
    "query_3": {
      "answer_1": 0.7136684037580822,
      "answer_2": 0.6930043340175321,
      "answer_3": 0.7830191660265373,
      "answer_4": 0.577797907087537,
      "answer_5": 0.6650132314860305,
      "answer_6": 0.6228438790911955
    },
    "query_4": {
      "answer_1": 0.583796631966653,
      "answer_2": 0.519226146693819,
      "answer_3": 0.6541140161439432,
      "answer_4": 0.802412970399734,
      "answer_5": 0.6356227109397748,
      "answer_6": 0.6332150896100113
    },
    "query_5": {
      "answer_1": 0.6431484863961986,
      "answer_2": 0.5732212586212733,
      "answer_3": 0.5933453327489226,
      "answer_4": 0.5505394873889119,
      "answer_5": 0.8765339222211742,
      "answer_6": 0.6311512549200438
    },
    "query_6": {
      "answer_1": 0.6152467464988435,
      "answer_2": 0.5274759024656536,
      "answer_3": 0.5393560441652799,
      "answer_4": 0.5518989437297942,
      "answer_5": 0.6606137377284134,
      "answer_6": 0.781255831471971
    }
  }
}