{
  "entity": "George Washington",
  "cosine_similarities": {
    "query_1": {
      "answer_1": 0.8682712490388829,
      "answer_2": 0.6902194415199654,
      "answer_3": 0.6668132140410185,
      "answer_4": 0.5415672981463359,
      "answer_5": 0.7047165920081773,
      "answer_6": 0.6256720548513662
    },
    "query_2": {
      "answer_1": 0.6395645867312134,
      "answer_2": 0.8822404562591057,
      "answer_3": 0.6470196379368112,
      "answer_4": 0.5271452482718493,
      "answer_5": 0.5782203817502761,
      "answer_6": 0.5182797044174897
    },
    "query_3": {
      "answer_1": 0.7035225994784655,
      "answer_2": 0.6921032145497754,
      "answer_3": 0.8471039212129021,
      "answer_4": 0.6405385916607723,
      "answer_5": 0.6544047857402304,
      "answer_6": 0.6112422914777308
    },
    "query_4": {
      "answer_1": 0.5774095113127132,
      "answer_2": 0.530751660428175,
      "answer_3": 0.6272952755899257,
      "answer_4": 0.7871770932543637,
      "answer_5": 0.6338144449187235,
      "answer_6": 0.6745096976953693
    },
    "query_5": {
      "answer_1": 0.6973680453903379,
      "answer_2": 0.6072403044445872,
      "answer_3": 0.6575548415279986,
      "answer_4": 0.5868573091926815,
      "answer_5": 0.8502122505172574,
      "answer_6": 0.6627253361435388
    },
    "query_6": {
      "answer_1": 0.5873407301775868,
      "answer_2": 0.5200010420563271,
      "answer_3": 0.5588212648192937,
      "answer_4": 0.6083783635852118,
      "answer_5": 0.6341739276029214,
      "answer_6": 0.8193429905848137
    }
  }
}