{
  "entity": "George Washington",
  "cosine_similarities": {
    "query_1": {
      "answer_1": 0.8953368283828423,
      "answer_2": 0.6928978144917782,
      "answer_3": 0.6907406804706518,
      "answer_4": 0.5420692659889945,
      "answer_5": 0.623872259102574,
      "answer_6": 0.642749678496031
    },
    "query_2": {
      "answer_1": 0.6669742727481645,
      "answer_2": 0.8925228542563528,
      "answer_3": 0.6488737624106337,
      "answer_4": 0.49451174795339287,
      "answer_5": 0.5094466310151234,
      "answer_6": 0.5398507122473296
    },
    "query_3": {
      "answer_1": 0.6770327807506842,
      "answer_2": 0.6669582313671605,
      "answer_3": 0.7979221574304833,
      "answer_4": 0.6721046835288996,
      "answer_5": 0.5753052651993075,
      "answer_6": 0.6199213636293222
    },
    "query_4": {
      "answer_1": 0.6047054226328262,
      "answer_2": 0.5589976684122153,
      "answer_3": 0.6702983656318702,
      "answer_4": 0.8508975830743992,
      "answer_5": 0.5765889983738236,
      "answer_6": 0.6644218062937204
    },
    "query_5": {
      "answer_1": 0.6357817378274442,
      "answer_2": 0.5410742556155522,
      "answer_3": 0.5605914860348297,
      "answer_4": 0.49108314730872205,
      "answer_5": 0.8857409769073329,
      "answer_6": 0.5147435849255434
    },
    "query_6": {
      "answer_1": 0.6570374809191342,
      "answer_2": 0.5607903127356872,
      "answer_3": 0.5827250814841788,
      "answer_4": 0.5944085813988774,
      "answer_5": 0.549949453738486,
      "answer_6": 0.8435166817302934
    }
  }
}