{
  "entity": "George Washington",
  "cosine_similarities": {
    "query_1": {
      "answer_1": 0.8955220815721636,
      "answer_2": 0.6989312150254409,
      "answer_3": 0.6993741584581202,
      "answer_4": 0.5740099548542245,
      "answer_5": 0.6795672825019979,
      "answer_6": 0.6735501169189522
    },
    "query_2": {
      "answer_1": 0.6527457846774872,
      "answer_2": 0.8735104075345999,
      "answer_3": 0.6664295190184298,
      "answer_4": 0.5264013189093222,
      "answer_5": 0.5605351995638798,
      "answer_6": 0.569372078162679
    },
    "query_3": {
      "answer_1": 0.6220083405459077,
      "answer_2": 0.6200658658013715,
      "answer_3": 0.825051498807105,
      "answer_4": 0.6137581965938321,
      "answer_5": 0.5654836128937856,
      "answer_6": 0.5417297804007113
    },
    "query_4": {
      "answer_1": 0.6367130945208536,
      "answer_2": 0.5895850642112215,
      "answer_3": 0.6919853795539946,
      "answer_4": 0.8582662761612944,
      "answer_5": 0.7021393991361408,
      "answer_6": 0.7051623973529558
    },
    "query_5": {
      "answer_1": 0.7406239181218495,
      "answer_2": 0.6424281284873916,
      "answer_3": 0.6603902791727223,
      "answer_4": 0.6883141227265656,
      "answer_5": 0.8721217273273421,
      "answer_6": 0.7617049972973667
    },
    "query_6": {
      "answer_1": 0.679469176627736,
      "answer_2": 0.5910063853468377,
      "answer_3": 0.5993797286707329,
      "answer_4": 0.6502054418120136,
      "answer_5": 0.7310684965355045,
      "answer_6": 0.842726945664974
    }
  }
}