{
  "entity": "George Washington",
  "cosine_similarities": {
    "query_1": {
      "answer_1": 0.8959495647548645,
      "answer_2": 0.6775744556805945,
      "answer_3": 0.6971045119400839,
      "answer_4": 0.5299705450926211,
      "answer_5": 0.6849405676494996,
      "answer_6": 0.610982281249691
    },
    "query_2": {
      "answer_1": 0.6773071062847035,
      "answer_2": 0.8964856019398232,
      "answer_3": 0.6677744454002197,
      "answer_4": 0.5161973713463034,
      "answer_5": 0.5686350726355041,
      "answer_6": 0.505349353037515
    },
    "query_3": {
      "answer_1": 0.6853516631700992,
      "answer_2": 0.6778732132042996,
      "answer_3": 0.8365879102881102,
      "answer_4": 0.6173405387632566,
      "answer_5": 0.6717709907914785,
      "answer_6": 0.6095644439282317
    },
    "query_4": {
      "answer_1": 0.5639248181200215,
      "answer_2": 0.5245523645617982,
      "answer_3": 0.6130732028975648,
      "answer_4": 0.7790658009165888,
      "answer_5": 0.6413448274998437,
      "answer_6": 0.6808593487013975
    },
    "query_5": {
      "answer_1": 0.7146494810488886,
      "answer_2": 0.5964471413691491,
      "answer_3": 0.6578732002169233,
      "answer_4": 0.5674466965132327,
      "answer_5": 0.8643384622457564,
      "answer_6": 0.653768238434839
    },
    "query_6": {
      "answer_1": 0.6024339108700763,
      "answer_2": 0.5099696853891612,
      "answer_3": 0.5571610816548233,
      "answer_4": 0.6222963500056258,
      "answer_5": 0.6440371646421877,
      "answer_6": 0.8464179542854208
    }
  }
}