{
  "entity": "George Washington",
  "cosine_similarities": {
    "query_1": {
      "answer_1": 0.8571542070226066,
      "answer_2": 0.6911512472081723,
      "answer_3": 0.6796834811690199,
      "answer_4": 0.5594919064474816,
      "answer_5": 0.6946733302912578,
      "answer_6": 0.6208721171361675
    },
    "query_2": {
      "answer_1": 0.6547549439146951,
      "answer_2": 0.8757744504010154,
      "answer_3": 0.6332874088978829,
      "answer_4": 0.5181307190056407,
      "answer_5": 0.6028517555893217,
      "answer_6": 0.5243800169725189
    },
    "query_3": {
      "answer_1": 0.6943579674755695,
      "answer_2": 0.6591457098387504,
      "answer_3": 0.7962172949378924,
      "answer_4": 0.6217009532470436,
      "answer_5": 0.6423554125458127,
      "answer_6": 0.5882092573070473
    },
    "query_4": {
      "answer_1": 0.5786824088559867,
      "answer_2": 0.5411513553169255,
      "answer_3": 0.6183906428671658,
      "answer_4": 0.8279258711478357,
      "answer_5": 0.665237686318129,
      "answer_6": 0.7269956140285266
    },
    "query_5": {
      "answer_1": 0.6673309097882857,
      "answer_2": 0.6210382409989011,
      "answer_3": 0.6042097062802021,
      "answer_4": 0.591876040408087,
      "answer_5": 0.8510254344315988,
      "answer_6": 0.6527929571864991
    },
    "query_6": {
      "answer_1": 0.5732649146954021,
      "answer_2": 0.5203510849042163,
      "answer_3": 0.5186714400388576,
      "answer_4": 0.6027668500320125,
      "answer_5": 0.6292258612666293,
      "answer_6": 0.8268837734640322
    }
  }
}