{
  "entity": "George Washington",
  "cosine_similarities": {
    "query_1": {
      "answer_1": 0.8552748527353372,
      "answer_2": 0.7055515163089594,
      "answer_3": 0.6481799970335018,
      "answer_4": 0.6264585868577927,
      "answer_5": 0.6660824927544713,
      "answer_6": 0.63373273810935
    },
    "query_2": {
      "answer_1": 0.6827302341707943,
      "answer_2": 0.8787679756723862,
      "answer_3": 0.6192913847150012,
      "answer_4": 0.5615151595096336,
      "answer_5": 0.5624037382527421,
      "answer_6": 0.5289032414050129
    },
    "query_3": {
      "answer_1": 0.6367539744809531,
      "answer_2": 0.6145385395942373,
      "answer_3": 0.8297365341670945,
      "answer_4": 0.5964034533092282,
      "answer_5": 0.5629039723897074,
      "answer_6": 0.5104664204641071
    },
    "query_4": {
      "answer_1": 0.6225892727423619,
      "answer_2": 0.5768003901237982,
      "answer_3": 0.6436656020486794,
      "answer_4": 0.8738036882615099,
      "answer_5": 0.6625056095690943,
      "answer_6": 0.7648098559986147
    },
    "query_5": {
      "answer_1": 0.6495687958853515,
      "answer_2": 0.5833838449062684,
      "answer_3": 0.5427517754317994,
      "answer_4": 0.6015801985838812,
      "answer_5": 0.8633336114259278,
      "answer_6": 0.5989747209094335
    },
    "query_6": {
      "answer_1": 0.6415465769495257,
      "answer_2": 0.5587639274946679,
      "answer_3": 0.5400540799265248,
      "answer_4": 0.672158040354372,
      "answer_5": 0.6282599750740849,
      "answer_6": 0.8236525089214333
    }
  }
}