{
  "entity": "George Washington",
  "cosine_similarities": {
    "query_1": {
      "answer_1": 0.8086979609657357,
      "answer_2": 0.6630056664142123,
      "answer_3": 0.6549404555809515,
      "answer_4": 0.5502268022963205,
      "answer_5": 0.7112859848978554,
      "answer_6": 0.5971067490015719
    },
    "query_2": {
      "answer_1": 0.6352152918286395,
      "answer_2": 0.8574908099944561,
      "answer_3": 0.6350004604630242,
      "answer_4": 0.5222569948361033,
      "answer_5": 0.6156578208650123,
      "answer_6": 0.5489658084685762
    },
    "query_3": {
      "answer_1": 0.6957388932322228,
      "answer_2": 0.6450405786599915,
      "answer_3": 0.7970673820061611,
      "answer_4": 0.6036358402119816,
      "answer_5": 0.650593301510772,
      "answer_6": 0.6132107274243261
    },
    "query_4": {
      "answer_1": 0.5899157763619363,
      "answer_2": 0.5092983448633435,
      "answer_3": 0.6214071059997077,
      "answer_4": 0.7960304652380263,
      "answer_5": 0.6527854274085867,
      "answer_6": 0.6989465646358072
    },
    "query_5": {
      "answer_1": 0.6538077580412477,
      "answer_2": 0.580589463971658,
      "answer_3": 0.5716942899670325,
      "answer_4": 0.5722390922512455,
      "answer_5": 0.8698203541666304,
      "answer_6": 0.5788017995247282
    },
    "query_6": {
      "answer_1": 0.6079299606503843,
      "answer_2": 0.511777606716446,
      "answer_3": 0.5718096412673673,
      "answer_4": 0.6133983860187665,
      "answer_5": 0.665588757911756,
      "answer_6": 0.6625812340198329
    }
  }
}