{
  "entity": "George Washington",
  "cosine_similarities": {
    "query_1": {
      "answer_1": 0.8628011802250551,
      "answer_2": 0.7010121553997091,
      "answer_3": 0.6774460131218958,
      "answer_4": 0.5573276449831417,
      "answer_5": 0.7159191150391806,
      "answer_6": 0.6278159159408078
    },
    "query_2": {
      "answer_1": 0.6658100805850123,
      "answer_2": 0.8866917307543077,
      "answer_3": 0.624365859358248,
      "answer_4": 0.549245699314319,
      "answer_5": 0.6024358256327629,
      "answer_6": 0.5510236024659885
    },
    "query_3": {
      "answer_1": 0.6829788359885673,
      "answer_2": 0.6199134036370739,
      "answer_3": 0.8346756465970263,
      "answer_4": 0.5837443886944244,
      "answer_5": 0.624056710947035,
      "answer_6": 0.59478232870076
    },
    "query_4": {
      "answer_1": 0.6010559583098668,
      "answer_2": 0.6015414293884749,
      "answer_3": 0.5918205242029148,
      "answer_4": 0.8100274563354476,
      "answer_5": 0.6034979627198183,
      "answer_6": 0.7264018735021234
    },
    "query_5": {
      "answer_1": 0.6912811201849185,
      "answer_2": 0.6060959595357635,
      "answer_3": 0.599303347758056,
      "answer_4": 0.5756923316366789,
      "answer_5": 0.8881633878326666,
      "answer_6": 0.5939971048119325
    },
    "query_6": {
      "answer_1": 0.7014731714369894,
      "answer_2": 0.5974182113462329,
      "answer_3": 0.5997116856134641,
      "answer_4": 0.6761469215975762,
      "answer_5": 0.6569363645252865,
      "answer_6": 0.8170409805550793
    }
  }
}