{
  "entity": "George Washington",
  "cosine_similarities": {
    "query_1": {
      "answer_1": 0.8982165094382171,
      "answer_2": 0.6883610139379063,
      "answer_3": 0.6615410743045266,
      "answer_4": 0.5073411424284379,
      "answer_5": 0.6885740672186301,
      "answer_6": 0.6242792623464474
    },
    "query_2": {
      "answer_1": 0.6627588351289488,
      "answer_2": 0.8891522701442004,
      "answer_3": 0.6477564704670055,
      "answer_4": 0.5047117242833421,
      "answer_5": 0.5727314113407094,
      "answer_6": 0.5321731925784638
    },
    "query_3": {
      "answer_1": 0.6848661413011425,
      "answer_2": 0.6892450695227577,
      "answer_3": 0.8415773749663501,
      "answer_4": 0.6295412308049437,
      "answer_5": 0.6643595087568887,
      "answer_6": 0.619298372586342
    },
    "query_4": {
      "answer_1": 0.5798456942221208,
      "answer_2": 0.574356424588462,
      "answer_3": 0.6026565672879817,
      "answer_4": 0.7796779254338974,
      "answer_5": 0.6408941155719726,
      "answer_6": 0.6852750634428114
    },
    "query_5": {
      "answer_1": 0.7081902074102278,
      "answer_2": 0.6195875856965849,
      "answer_3": 0.6301452967747675,
      "answer_4": 0.5666583648859618,
      "answer_5": 0.856834527002757,
      "answer_6": 0.6523460949954841
    },
    "query_6": {
      "answer_1": 0.6062527926155742,
      "answer_2": 0.5478613327998761,
      "answer_3": 0.5354672363946911,
      "answer_4": 0.5995139342968479,
      "answer_5": 0.6427603858649815,
      "answer_6": 0.8266531266222708
    }
  }
}