{
  "entity": "George Washington",
  "cosine_similarities": {
    "query_1": {
      "answer_1": 0.8738885544932563,
      "answer_2": 0.689020568008427,
      "answer_3": 0.6795647448522919,
      "answer_4": 0.5521352656930929,
      "answer_5": 0.6910560071908285,
      "answer_6": 0.6267623696148406
    },
    "query_2": {
      "answer_1": 0.6492152312334761,
      "answer_2": 0.8843248264723229,
      "answer_3": 0.6541144592513388,
      "answer_4": 0.5289389436842831,
      "answer_5": 0.5760946190647727,
      "answer_6": 0.5023244382053009
    },
    "query_3": {
      "answer_1": 0.7013523731765293,
      "answer_2": 0.6861265692261771,
      "answer_3": 0.8438954505337308,
      "answer_4": 0.64581244947629,
      "answer_5": 0.6672987254638325,
      "answer_6": 0.6179653524063331
    },
    "query_4": {
      "answer_1": 0.5911873128673784,
      "answer_2": 0.5715496985297883,
      "answer_3": 0.6137083260287924,
      "answer_4": 0.8100825966091961,
      "answer_5": 0.6458427677059332,
      "answer_6": 0.6745432429311461
    },
    "query_5": {
      "answer_1": 0.7067700720041802,
      "answer_2": 0.6161569017165305,
      "answer_3": 0.6363854496436084,
      "answer_4": 0.5793626196255172,
      "answer_5": 0.8675835236211076,
      "answer_6": 0.6366695462284988
    },
    "query_6": {
      "answer_1": 0.6591453513002137,
      "answer_2": 0.5451158067549896,
      "answer_3": 0.5562582125726455,
      "answer_4": 0.6145258885927887,
      "answer_5": 0.6770897600605059,
      "answer_6": 0.8538304927995799
    }
  }
}