{
  "entity": "George Washington",
  "cosine_similarities": {
    "query_1": {
      "answer_1": 0.8016366029856269,
      "answer_2": 0.6764437998509867,
      "answer_3": 0.6318378727627829,
      "answer_4": 0.49181714928784803,
      "answer_5": 0.6749530266017474,
      "answer_6": 0.6433446476949233
    },
    "query_2": {
      "answer_1": 0.6319214834284733,
      "answer_2": 0.9012561239600893,
      "answer_3": 0.5825777637310996,
      "answer_4": 0.498549870109745,
      "answer_5": 0.564796662384335,
      "answer_6": 0.5524532210794562
    },
    "query_3": {
      "answer_1": 0.6804015124021223,
      "answer_2": 0.6083021297880743,
      "answer_3": 0.8578270751561431,
      "answer_4": 0.539050691892354,
      "answer_5": 0.5746277313854014,
      "answer_6": 0.569539296255243
    },
    "query_4": {
      "answer_1": 0.5941693375646186,
      "answer_2": 0.5570269723047768,
      "answer_3": 0.5639207744987901,
      "answer_4": 0.7478610802368961,
      "answer_5": 0.6029789390376351,
      "answer_6": 0.6950654839244282
    },
    "query_5": {
      "answer_1": 0.6972951314212619,
      "answer_2": 0.6221213552394954,
      "answer_3": 0.5799569471655641,
      "answer_4": 0.5537418419714718,
      "answer_5": 0.8298159840206247,
      "answer_6": 0.6610524566258312
    },
    "query_6": {
      "answer_1": 0.7013568730887607,
      "answer_2": 0.6021271203879461,
      "answer_3": 0.5788069963960889,
      "answer_4": 0.6388953504201612,
      "answer_5": 0.6931108034881082,
      "answer_6": 0.7915632720419453
    }
  }
}