{
  "entity": "George Washington",
  "cosine_similarities": {
    "query_1": {
      "answer_1": 0.8346483546733237,
      "answer_2": 0.6850452218347324,
      "answer_3": 0.6870547615116136,
      "answer_4": 0.5741185474743092,
      "answer_5": 0.6806836796264825,
      "answer_6": 0.6419894888999667
    },
    "query_2": {
      "answer_1": 0.6302390278269138,
      "answer_2": 0.8701336601936549,
      "answer_3": 0.6425191869992876,
      "answer_4": 0.5555797629989168,
      "answer_5": 0.6011893854323124,
      "answer_6": 0.5527846614357214
    },
    "query_3": {
      "answer_1": 0.6753704380116229,
      "answer_2": 0.6617386260269899,
      "answer_3": 0.8030820060756372,
      "answer_4": 0.6411729118926807,
      "answer_5": 0.6336622871099202,
      "answer_6": 0.6148668872131978
    },
    "query_4": {
      "answer_1": 0.5863647861941006,
      "answer_2": 0.5634729060894552,
      "answer_3": 0.6246094919184542,
      "answer_4": 0.837930587687095,
      "answer_5": 0.6569130348137684,
      "answer_6": 0.67752741637035
    },
    "query_5": {
      "answer_1": 0.6589292794907319,
      "answer_2": 0.6246474126832644,
      "answer_3": 0.6199024940584414,
      "answer_4": 0.606564666019568,
      "answer_5": 0.8614608965422031,
      "answer_6": 0.6245626337258908
    },
    "query_6": {
      "answer_1": 0.6206056427329122,
      "answer_2": 0.5933946438531033,
      "answer_3": 0.6068963145548573,
      "answer_4": 0.6732852030832526,
      "answer_5": 0.6645432158469481,
      "answer_6": 0.8241676988190118
    }
  }
}