{
  "entity": "George Washington",
  "cosine_similarities": {
    "query_1": {
      "answer_1": 0.8745179905425661,
      "answer_2": 0.6944420505693562,
      "answer_3": 0.6807426661558942,
      "answer_4": 0.5259893033396319,
      "answer_5": 0.5934647232421251,
      "answer_6": 0.6177448764830701
    },
    "query_2": {
      "answer_1": 0.6655680719044471,
      "answer_2": 0.859499808773437,
      "answer_3": 0.6641512947096675,
      "answer_4": 0.49074864667397955,
      "answer_5": 0.5222677746955794,
      "answer_6": 0.5417092454981066
    },
    "query_3": {
      "answer_1": 0.6934729410273787,
      "answer_2": 0.6538604825275729,
      "answer_3": 0.7670111898369497,
      "answer_4": 0.6501824291468242,
      "answer_5": 0.5858544844242056,
      "answer_6": 0.6008227320321852
    },
    "query_4": {
      "answer_1": 0.5565969572047091,
      "answer_2": 0.529078612916951,
      "answer_3": 0.5862561021051359,
      "answer_4": 0.8080241491763983,
      "answer_5": 0.5477849439326753,
      "answer_6": 0.5835451421512825
    },
    "query_5": {
      "answer_1": 0.6690894002584814,
      "answer_2": 0.5544160122763372,
      "answer_3": 0.5505528919563581,
      "answer_4": 0.5006792392683228,
      "answer_5": 0.8271331410157169,
      "answer_6": 0.6210539812921962
    },
    "query_6": {
      "answer_1": 0.6335110167683707,
      "answer_2": 0.5817056622156558,
      "answer_3": 0.5382129581176203,
      "answer_4": 0.539586695244418,
      "answer_5": 0.6231828597715257,
      "answer_6": 0.8348827185235042
    }
  }
}