{
  "entity": "George Washington",
  "cosine_similarities": {
    "query_1": {
      "answer_1": 0.8597939432867245,
      "answer_2": 0.7185223399379974,
      "answer_3": 0.6553601123708552,
      "answer_4": 0.5469415560413868,
      "answer_5": 0.6990799308903605,
      "answer_6": 0.630104936640914
    },
    "query_2": {
      "answer_1": 0.6931637239727761,
      "answer_2": 0.8911722980666568,
      "answer_3": 0.6523791829535119,
      "answer_4": 0.5467248388224547,
      "answer_5": 0.6192772581759635,
      "answer_6": 0.54304492350975
    },
    "query_3": {
      "answer_1": 0.6988081842590201,
      "answer_2": 0.6752550871228111,
      "answer_3": 0.7938348538981785,
      "answer_4": 0.6259888707841169,
      "answer_5": 0.6575784868899822,
      "answer_6": 0.6014898796284265
    },
    "query_4": {
      "answer_1": 0.6023724672065004,
      "answer_2": 0.5429997042932331,
      "answer_3": 0.5875066902479275,
      "answer_4": 0.8041899269481672,
      "answer_5": 0.6380344446726708,
      "answer_6": 0.6453970055256248
    },
    "query_5": {
      "answer_1": 0.6846520724438026,
      "answer_2": 0.6222894911678999,
      "answer_3": 0.5907630934484441,
      "answer_4": 0.5646564713625808,
      "answer_5": 0.8560263265580401,
      "answer_6": 0.6444839457175979
    },
    "query_6": {
      "answer_1": 0.6067778570013244,
      "answer_2": 0.5512717940326016,
      "answer_3": 0.5087987788829063,
      "answer_4": 0.5975780084204001,
      "answer_5": 0.6409733875175676,
      "answer_6": 0.8264144603470015
    }
  }
}