{
  "entity": "George Washington",
  "cosine_similarities": {
    "query_1": {
      "answer_1": 0.7571182033301791,
      "answer_2": 0.7330223921616659,
      "answer_3": 0.6854957341016327,
      "answer_4": 0.5613468633174469,
      "answer_5": 0.7113579760344287,
      "answer_6": 0.6272523149704332
    },
    "query_2": {
      "answer_1": 0.6021970695504947,
      "answer_2": 0.8418115757578957,
      "answer_3": 0.634707709556262,
      "answer_4": 0.5283262748248799,
      "answer_5": 0.6149073648721116,
      "answer_6": 0.6051902523186136
    },
    "query_3": {
      "answer_1": 0.6504617136859869,
      "answer_2": 0.7170098372121739,
      "answer_3": 0.7915467404452553,
      "answer_4": 0.6295794888812154,
      "answer_5": 0.6460993425236019,
      "answer_6": 0.6433730957028049
    },
    "query_4": {
      "answer_1": 0.5997170448617524,
      "answer_2": 0.5920660842474279,
      "answer_3": 0.5959901498433425,
      "answer_4": 0.8427410589736032,
      "answer_5": 0.6688596428930516,
      "answer_6": 0.7220200806074898
    },
    "query_5": {
      "answer_1": 0.6221491368559655,
      "answer_2": 0.6582542172793533,
      "answer_3": 0.5940909912259033,
      "answer_4": 0.5826205437246474,
      "answer_5": 0.8552703169232959,
      "answer_6": 0.6251111879002066
    },
    "query_6": {
      "answer_1": 0.5629767985859331,
      "answer_2": 0.6281852430284778,
      "answer_3": 0.5640166880051916,
      "answer_4": 0.6545175998405641,
      "answer_5": 0.6541515295865773,
      "answer_6": 0.8012852243612172
    }
  }
}