{
  "entity": "George Washington",
  "cosine_similarities": {
    "query_1": {
      "answer_1": 0.8748029464747923,
      "answer_2": 0.7226598922853309,
      "answer_3": 0.6609172246729123,
      "answer_4": 0.5262170485183344,
      "answer_5": 0.6771221881698747,
      "answer_6": 0.6221494552381848
    },
    "query_2": {
      "answer_1": 0.6792448166852566,
      "answer_2": 0.8808503882365345,
      "answer_3": 0.6466085143475709,
      "answer_4": 0.4909230637605332,
      "answer_5": 0.5799298917502748,
      "answer_6": 0.5255291680969081
    },
    "query_3": {
      "answer_1": 0.7062378342871873,
      "answer_2": 0.6446065129786083,
      "answer_3": 0.7927424828461881,
      "answer_4": 0.6471120318117228,
      "answer_5": 0.6717223822523687,
      "answer_6": 0.6001134709074317
    },
    "query_4": {
      "answer_1": 0.5722726499032389,
      "answer_2": 0.5345966752142082,
      "answer_3": 0.6546970634207323,
      "answer_4": 0.8142049342982959,
      "answer_5": 0.6326992449394345,
      "answer_6": 0.6356082515709961
    },
    "query_5": {
      "answer_1": 0.6559647714245437,
      "answer_2": 0.5829041058187063,
      "answer_3": 0.5875387552451181,
      "answer_4": 0.5353444582365965,
      "answer_5": 0.86769372227119,
      "answer_6": 0.5756096848310154
    },
    "query_6": {
      "answer_1": 0.6410223574029853,
      "answer_2": 0.56354488949724,
      "answer_3": 0.5159670873927809,
      "answer_4": 0.5483336422475688,
      "answer_5": 0.6068686648272483,
      "answer_6": 0.8156135461096166
    }
  }
}