{
  "entity": "George Washington",
  "cosine_similarities": {
    "query_1": {
      "answer_1": 0.8559139923962048,
      "answer_2": 0.7058422368395555,
      "answer_3": 0.7218976438254096,
      "answer_4": 0.5415835335041286,
      "answer_5": 0.6658588250272418,
      "answer_6": 0.6236975023820003
    },
    "query_2": {
      "answer_1": 0.6684609066780086,
      "answer_2": 0.8907119133571715,
      "answer_3": 0.6952693441697742,
      "answer_4": 0.5001111343346443,
      "answer_5": 0.56024117118687,
      "answer_6": 0.5305366681203647
    },
    "query_3": {
      "answer_1": 0.7196635322513586,
      "answer_2": 0.6566214107111918,
      "answer_3": 0.8126136929760803,
      "answer_4": 0.6665922222830388,
      "answer_5": 0.6612595579543892,
      "answer_6": 0.6123159111018731
    },
    "query_4": {
      "answer_1": 0.5811142778394895,
      "answer_2": 0.5431718010987253,
      "answer_3": 0.6438910195863407,
      "answer_4": 0.8227339271977393,
      "answer_5": 0.6084297827819055,
      "answer_6": 0.6502427566954496
    },
    "query_5": {
      "answer_1": 0.6442207861301475,
      "answer_2": 0.571135579375379,
      "answer_3": 0.6330308762512042,
      "answer_4": 0.5544816643490827,
      "answer_5": 0.8699805699048266,
      "answer_6": 0.5859456034698343
    },
    "query_6": {
      "answer_1": 0.6449045105863529,
      "answer_2": 0.5529780851074168,
      "answer_3": 0.5807904385782893,
      "answer_4": 0.5717306577950958,
      "answer_5": 0.6145436570749625,
      "answer_6": 0.8070446872436451
    }
  }
}