{
  "entity": "Napoleon Bonaparte",
  "cosine_similarities": {
    "query_1": {
      "answer_1": 0.8965411780798938,
      "answer_2": 0.8470182056224091,
      "answer_3": 0.86038194202574,
      "answer_4": 0.8637365218558001,
      "answer_5": 0.8503564889494141,
      "answer_6": 0.8191372308299286
    },
    "query_2": {
      "answer_1": 0.878784961408308,
      "answer_2": 0.9301170182182172,
      "answer_3": 0.8730679942193756,
      "answer_4": 0.8436124460534016,
      "answer_5": 0.8716998547043722,
      "answer_6": 0.8288250118934543
    },
    "query_3": {
      "answer_1": 0.8861405396657768,
      "answer_2": 0.8656650824916295,
      "answer_3": 0.9173444823894725,
      "answer_4": 0.8401031153093873,
      "answer_5": 0.854036854880291,
      "answer_6": 0.8296750266694816
    },
    "query_4": {
      "answer_1": 0.8664755826251935,
      "answer_2": 0.8529830537597416,
      "answer_3": 0.8353466551500679,
      "answer_4": 0.9319495279492992,
      "answer_5": 0.8617099613335336,
      "answer_6": 0.8019292641713308
    },
    "query_5": {
      "answer_1": 0.8502626045017317,
      "answer_2": 0.85856003187198,
      "answer_3": 0.8531555410282354,
      "answer_4": 0.8445729833291881,
      "answer_5": 0.926503195470265,
      "answer_6": 0.8124324370325754
    },
    "query_6": {
      "answer_1": 0.8300862611748597,
      "answer_2": 0.8212379465466261,
      "answer_3": 0.8300634097195365,
      "answer_4": 0.8194588966860425,
      "answer_5": 0.8149879319907655,
      "answer_6": 0.938575479626995
    }
  }
}