{
  "entity": "Napoleon Bonaparte",
  "cosine_similarities": {
    "query_1": {
      "answer_1": 0.9065557421567451,
      "answer_2": 0.8501287931714171,
      "answer_3": 0.8667260685054209,
      "answer_4": 0.8546557688520515,
      "answer_5": 0.845773438905176,
      "answer_6": 0.8179703078286674
    },
    "query_2": {
      "answer_1": 0.867163488028504,
      "answer_2": 0.9242109155334974,
      "answer_3": 0.8811567202336178,
      "answer_4": 0.8539778577246215,
      "answer_5": 0.8714748386838913,
      "answer_6": 0.8179355375932454
    },
    "query_3": {
      "answer_1": 0.8763149830047209,
      "answer_2": 0.8677638394884943,
      "answer_3": 0.9227462347472187,
      "answer_4": 0.8351922475632434,
      "answer_5": 0.8457697514244424,
      "answer_6": 0.8134484222558814
    },
    "query_4": {
      "answer_1": 0.8537198613453716,
      "answer_2": 0.8431578735781754,
      "answer_3": 0.8347311399987669,
      "answer_4": 0.9200902881309707,
      "answer_5": 0.8569821869257053,
      "answer_6": 0.7993733623904707
    },
    "query_5": {
      "answer_1": 0.8544999489544407,
      "answer_2": 0.8567031537205866,
      "answer_3": 0.8559148311394473,
      "answer_4": 0.8542539438505126,
      "answer_5": 0.9274835345157457,
      "answer_6": 0.8070798612921162
    },
    "query_6": {
      "answer_1": 0.8768360340060903,
      "answer_2": 0.8384595903136192,
      "answer_3": 0.83322165538659,
      "answer_4": 0.8236365861381854,
      "answer_5": 0.817544030499954,
      "answer_6": 0.9302350784053232
    }
  }
}