{
  "entity": "Napoleon Bonaparte",
  "cosine_similarities": {
    "query_1": {
      "answer_1": 0.90549238827563,
      "answer_2": 0.8463699646996703,
      "answer_3": 0.8647487807242789,
      "answer_4": 0.8430548922747038,
      "answer_5": 0.84266394610045,
      "answer_6": 0.8497403166626183
    },
    "query_2": {
      "answer_1": 0.8727481387566942,
      "answer_2": 0.9299096413306184,
      "answer_3": 0.8853993798307623,
      "answer_4": 0.8456226754294056,
      "answer_5": 0.8671460214958427,
      "answer_6": 0.8477226011591408
    },
    "query_3": {
      "answer_1": 0.865796621371613,
      "answer_2": 0.8659474518915941,
      "answer_3": 0.9124959059137122,
      "answer_4": 0.8407877973571148,
      "answer_5": 0.8500710603085218,
      "answer_6": 0.8385475693255133
    },
    "query_4": {
      "answer_1": 0.8651373931191476,
      "answer_2": 0.8447662496688356,
      "answer_3": 0.8698306422801896,
      "answer_4": 0.9110655781772932,
      "answer_5": 0.8590484752162899,
      "answer_6": 0.8423492499004527
    },
    "query_5": {
      "answer_1": 0.8628894953009695,
      "answer_2": 0.8663119665207165,
      "answer_3": 0.8749834821352633,
      "answer_4": 0.8699105122307644,
      "answer_5": 0.9288647555776817,
      "answer_6": 0.8510738026325348
    },
    "query_6": {
      "answer_1": 0.8971161476025001,
      "answer_2": 0.8424402294669449,
      "answer_3": 0.8601451237927655,
      "answer_4": 0.8652182856282429,
      "answer_5": 0.8468824357853036,
      "answer_6": 0.9237658786199361
    }
  }
}