{
  "entity": "Napoleon Bonaparte",
  "cosine_similarities": {
    "query_1": {
      "answer_1": 0.9021226046076238,
      "answer_2": 0.8317933977534442,
      "answer_3": 0.8587503307488982,
      "answer_4": 0.8285417572351189,
      "answer_5": 0.8551468993452928,
      "answer_6": 0.860551015634864
    },
    "query_2": {
      "answer_1": 0.8629261055531618,
      "answer_2": 0.9304782603790245,
      "answer_3": 0.8595420302510494,
      "answer_4": 0.8197702096673305,
      "answer_5": 0.8378411912489931,
      "answer_6": 0.8679553025347103
    },
    "query_3": {
      "answer_1": 0.8653300858702343,
      "answer_2": 0.8270586191290054,
      "answer_3": 0.9088791511817886,
      "answer_4": 0.8057249164302425,
      "answer_5": 0.846345619043513,
      "answer_6": 0.8495409588886627
    },
    "query_4": {
      "answer_1": 0.8523442547031098,
      "answer_2": 0.8293102214353788,
      "answer_3": 0.8373221874271446,
      "answer_4": 0.9103418739491423,
      "answer_5": 0.8510409420685658,
      "answer_6": 0.8434805379577274
    },
    "query_5": {
      "answer_1": 0.8710650608140151,
      "answer_2": 0.8365350406478451,
      "answer_3": 0.8569225234940812,
      "answer_4": 0.8531894563006556,
      "answer_5": 0.934866624087596,
      "answer_6": 0.8654984732661897
    },
    "query_6": {
      "answer_1": 0.8769236813667549,
      "answer_2": 0.8641883436633593,
      "answer_3": 0.8813099226755309,
      "answer_4": 0.8616619857590228,
      "answer_5": 0.8733420225054556,
      "answer_6": 0.9329896009712034
    }
  }
}