{
  "entity": "Napoleon Bonaparte",
  "cosine_similarities": {
    "query_1": {
      "answer_1": 0.9017349879513223,
      "answer_2": 0.8510839656659992,
      "answer_3": 0.8700569076404453,
      "answer_4": 0.8652743177966881,
      "answer_5": 0.8442466559363011,
      "answer_6": 0.8270925146452065
    },
    "query_2": {
      "answer_1": 0.8676755267085712,
      "answer_2": 0.921888484011725,
      "answer_3": 0.8841860570097473,
      "answer_4": 0.864026139593117,
      "answer_5": 0.8724330574358122,
      "answer_6": 0.830114024300964
    },
    "query_3": {
      "answer_1": 0.8787496973031569,
      "answer_2": 0.8692817319538952,
      "answer_3": 0.9201300853588807,
      "answer_4": 0.8474237082906663,
      "answer_5": 0.8580492756145428,
      "answer_6": 0.8311425560125493
    },
    "query_4": {
      "answer_1": 0.8611896047318716,
      "answer_2": 0.8566810600386261,
      "answer_3": 0.8375366821104724,
      "answer_4": 0.9108588042778495,
      "answer_5": 0.8558292354392171,
      "answer_6": 0.8098826703996604
    },
    "query_5": {
      "answer_1": 0.8533436931633258,
      "answer_2": 0.8603589107156359,
      "answer_3": 0.8651512178686394,
      "answer_4": 0.8580351893368938,
      "answer_5": 0.9206339408167278,
      "answer_6": 0.818576650732301
    },
    "query_6": {
      "answer_1": 0.8772812811732978,
      "answer_2": 0.8345324113555366,
      "answer_3": 0.8671954025353216,
      "answer_4": 0.8314674093098211,
      "answer_5": 0.8332775319899645,
      "answer_6": 0.9359642307730442
    }
  }
}