{
  "entity": "Napoleon Bonaparte",
  "cosine_similarities": {
    "query_1": {
      "answer_1": 0.9112309269204724,
      "answer_2": 0.84483309417789,
      "answer_3": 0.8675917462194105,
      "answer_4": 0.8226880197593986,
      "answer_5": 0.8635062587272961,
      "answer_6": 0.8339752184672631
    },
    "query_2": {
      "answer_1": 0.8624868182550666,
      "answer_2": 0.9153692364422553,
      "answer_3": 0.8583742204078563,
      "answer_4": 0.8417429761941233,
      "answer_5": 0.8608993286098937,
      "answer_6": 0.7996876778507244
    },
    "query_3": {
      "answer_1": 0.863773614593218,
      "answer_2": 0.8271869887547211,
      "answer_3": 0.9149804656923234,
      "answer_4": 0.8389416718381616,
      "answer_5": 0.8516837216392659,
      "answer_6": 0.8213360241620548
    },
    "query_4": {
      "answer_1": 0.8152124251202231,
      "answer_2": 0.8166350904730602,
      "answer_3": 0.8497084643877019,
      "answer_4": 0.9129618075386728,
      "answer_5": 0.8076642867933531,
      "answer_6": 0.7953021390380239
    },
    "query_5": {
      "answer_1": 0.879641900969062,
      "answer_2": 0.852400019840862,
      "answer_3": 0.8795496805758449,
      "answer_4": 0.830023025842483,
      "answer_5": 0.9389985419644498,
      "answer_6": 0.8342161101006669
    },
    "query_6": {
      "answer_1": 0.8784111375348902,
      "answer_2": 0.7959751930325388,
      "answer_3": 0.8499933162674577,
      "answer_4": 0.7965064541802995,
      "answer_5": 0.8497433266129396,
      "answer_6": 0.9327949382183972
    }
  }
}