{
  "entity": "Napoleon Bonaparte",
  "cosine_similarities": {
    "query_1": {
      "answer_1": 0.9080443081820135,
      "answer_2": 0.8623796054889219,
      "answer_3": 0.8533771917579042,
      "answer_4": 0.858519145411317,
      "answer_5": 0.8361780801064516,
      "answer_6": 0.8354033505878204
    },
    "query_2": {
      "answer_1": 0.869763755770567,
      "answer_2": 0.9339469011812365,
      "answer_3": 0.8709808844418447,
      "answer_4": 0.8603124493714711,
      "answer_5": 0.8646771068649562,
      "answer_6": 0.8375470757987805
    },
    "query_3": {
      "answer_1": 0.8726868343839409,
      "answer_2": 0.8821411373437156,
      "answer_3": 0.9163485268478194,
      "answer_4": 0.8591091661967485,
      "answer_5": 0.8390504696834995,
      "answer_6": 0.819008300027228
    },
    "query_4": {
      "answer_1": 0.8608971350847255,
      "answer_2": 0.8634092672485492,
      "answer_3": 0.8541922721631974,
      "answer_4": 0.9098542455940545,
      "answer_5": 0.8772464218872229,
      "answer_6": 0.841782041819092
    },
    "query_5": {
      "answer_1": 0.8322428170756149,
      "answer_2": 0.862025215143114,
      "answer_3": 0.8408408260960696,
      "answer_4": 0.8749417149580373,
      "answer_5": 0.9237442178692069,
      "answer_6": 0.8031449470582466
    },
    "query_6": {
      "answer_1": 0.8743981387233009,
      "answer_2": 0.8596636877836916,
      "answer_3": 0.817462494554288,
      "answer_4": 0.8489917716039141,
      "answer_5": 0.8397147536212539,
      "answer_6": 0.9317630236172971
    }
  }
}