{
  "entity": "Napoleon Bonaparte",
  "cosine_similarities": {
    "query_1": {
      "answer_1": 0.9066029616823561,
      "answer_2": 0.8461192941704929,
      "answer_3": 0.877499111821484,
      "answer_4": 0.840901915403567,
      "answer_5": 0.8107936401199308,
      "answer_6": 0.8599376943025804
    },
    "query_2": {
      "answer_1": 0.8688651667244632,
      "answer_2": 0.9183040018382352,
      "answer_3": 0.8805325423685891,
      "answer_4": 0.855352642862455,
      "answer_5": 0.8122891662418555,
      "answer_6": 0.8708784123718922
    },
    "query_3": {
      "answer_1": 0.8867301038448583,
      "answer_2": 0.8503470561991303,
      "answer_3": 0.918556669137439,
      "answer_4": 0.8463650716754086,
      "answer_5": 0.8212615877415319,
      "answer_6": 0.8679422618690081
    },
    "query_4": {
      "answer_1": 0.8681777193326606,
      "answer_2": 0.8617473559508019,
      "answer_3": 0.8561798719080137,
      "answer_4": 0.8889476853429507,
      "answer_5": 0.7928023402813538,
      "answer_6": 0.8483304436708297
    },
    "query_5": {
      "answer_1": 0.8748991240403856,
      "answer_2": 0.8272946939161395,
      "answer_3": 0.8686460675952928,
      "answer_4": 0.8146058456263332,
      "answer_5": 0.9032912703943727,
      "answer_6": 0.8620102829159028
    },
    "query_6": {
      "answer_1": 0.8840647211087412,
      "answer_2": 0.8727204509520253,
      "answer_3": 0.8894557356589875,
      "answer_4": 0.8523848068083392,
      "answer_5": 0.829088113514381,
      "answer_6": 0.9214316158234821
    }
  }
}