{
  "entity": "Napoleon Bonaparte",
  "cosine_similarities": {
    "query_1": {
      "answer_1": 0.8988395713277004,
      "answer_2": 0.8389344208284294,
      "answer_3": 0.861626350603364,
      "answer_4": 0.8600376950890223,
      "answer_5": 0.8558414437588215,
      "answer_6": 0.8377852320076721
    },
    "query_2": {
      "answer_1": 0.8643884131077288,
      "answer_2": 0.926280569704603,
      "answer_3": 0.8669154820326951,
      "answer_4": 0.841767128184893,
      "answer_5": 0.8413309420578067,
      "answer_6": 0.8359662918254649
    },
    "query_3": {
      "answer_1": 0.8508735566714473,
      "answer_2": 0.8346172861087298,
      "answer_3": 0.9096985518356697,
      "answer_4": 0.8376681445538152,
      "answer_5": 0.8436999799170964,
      "answer_6": 0.8153736028034136
    },
    "query_4": {
      "answer_1": 0.8458522506368166,
      "answer_2": 0.8253766284941774,
      "answer_3": 0.8472410053699149,
      "answer_4": 0.9131438648511393,
      "answer_5": 0.842921328771225,
      "answer_6": 0.856192537536574
    },
    "query_5": {
      "answer_1": 0.8633905272595358,
      "answer_2": 0.8393599850315503,
      "answer_3": 0.8577511525842844,
      "answer_4": 0.8733492360510913,
      "answer_5": 0.9250389860357936,
      "answer_6": 0.8483409021839401
    },
    "query_6": {
      "answer_1": 0.8647154714037519,
      "answer_2": 0.8452846115768256,
      "answer_3": 0.844623308414931,
      "answer_4": 0.8730996483854885,
      "answer_5": 0.8421308531531712,
      "answer_6": 0.9432128408671083
    }
  }
}