{
  "entity": "Abraham Lincoln",
  "cosine_similarities": {
    "query_1": {
      "answer_1": 0.8841303303467942,
      "answer_2": 0.8572987472870998,
      "answer_3": 0.8514661116527704,
      "answer_4": 0.8184665270352957,
      "answer_5": 0.8708067499441802,
      "answer_6": 0.848746264918304
    },
    "query_2": {
      "answer_1": 0.862165946310871,
      "answer_2": 0.9130835093247119,
      "answer_3": 0.867926207239948,
      "answer_4": 0.7953110652920288,
      "answer_5": 0.8629229844728161,
      "answer_6": 0.8694048128722203
    },
    "query_3": {
      "answer_1": 0.8895890522835146,
      "answer_2": 0.8678365385307664,
      "answer_3": 0.9043395403143069,
      "answer_4": 0.8038094986227694,
      "answer_5": 0.8624242246499804,
      "answer_6": 0.8475416957981345
    },
    "query_4": {
      "answer_1": 0.8391332039087693,
      "answer_2": 0.8376683067971933,
      "answer_3": 0.8323823056444967,
      "answer_4": 0.9167984705652799,
      "answer_5": 0.8438043167920796,
      "answer_6": 0.8043351733263058
    },
    "query_5": {
      "answer_1": 0.874016738444471,
      "answer_2": 0.8636984088684292,
      "answer_3": 0.8541696623565531,
      "answer_4": 0.8132622670884052,
      "answer_5": 0.9168516690638282,
      "answer_6": 0.8723120482992357
    },
    "query_6": {
      "answer_1": 0.872576074757124,
      "answer_2": 0.8841584328245543,
      "answer_3": 0.8720157275186119,
      "answer_4": 0.8220256790540792,
      "answer_5": 0.8806399488437274,
      "answer_6": 0.9095121784227179
    }
  }
}