{
  "entity": "Abraham Lincoln",
  "cosine_similarities": {
    "query_1": {
      "answer_1": 0.8831159615385743,
      "answer_2": 0.8553839371233581,
      "answer_3": 0.8294558711752731,
      "answer_4": 0.847084629867316,
      "answer_5": 0.7940224712812132,
      "answer_6": 0.8244700615299255
    },
    "query_2": {
      "answer_1": 0.8752335903411655,
      "answer_2": 0.9201046627437767,
      "answer_3": 0.8410970602949568,
      "answer_4": 0.8477436611156481,
      "answer_5": 0.8221717269801071,
      "answer_6": 0.8473288746606187
    },
    "query_3": {
      "answer_1": 0.8375799975581013,
      "answer_2": 0.8631995646741124,
      "answer_3": 0.9150937507055924,
      "answer_4": 0.8138622186953777,
      "answer_5": 0.7997560787022715,
      "answer_6": 0.796722119718695
    },
    "query_4": {
      "answer_1": 0.831137801116826,
      "answer_2": 0.8293343073655343,
      "answer_3": 0.8057661093905857,
      "answer_4": 0.8934859694401079,
      "answer_5": 0.7813237829593317,
      "answer_6": 0.8214774800177691
    },
    "query_5": {
      "answer_1": 0.8666848061075045,
      "answer_2": 0.8771921662925322,
      "answer_3": 0.8211637533978308,
      "answer_4": 0.81292895983077,
      "answer_5": 0.908281675851084,
      "answer_6": 0.8211452520986748
    },
    "query_6": {
      "answer_1": 0.839227810789018,
      "answer_2": 0.8382921383329082,
      "answer_3": 0.8129595635807305,
      "answer_4": 0.8136485978333725,
      "answer_5": 0.7933163089911361,
      "answer_6": 0.9200839765339552
    }
  }
}