{
  "entity": "Abraham Lincoln",
  "cosine_similarities": {
    "query_1": {
      "answer_1": 0.8779844419871697,
      "answer_2": 0.8518414695007355,
      "answer_3": 0.8169503540583026,
      "answer_4": 0.8473652087897471,
      "answer_5": 0.7990178969541207,
      "answer_6": 0.8301446714098605
    },
    "query_2": {
      "answer_1": 0.8747013574534044,
      "answer_2": 0.9133899297717614,
      "answer_3": 0.8221542658794834,
      "answer_4": 0.8374732866424359,
      "answer_5": 0.8221427833653657,
      "answer_6": 0.8453069761200661
    },
    "query_3": {
      "answer_1": 0.8544000913891064,
      "answer_2": 0.8518421096126514,
      "answer_3": 0.9092019167643371,
      "answer_4": 0.8191731696579788,
      "answer_5": 0.8063315739200452,
      "answer_6": 0.7995761689322959
    },
    "query_4": {
      "answer_1": 0.8473201042066567,
      "answer_2": 0.8336453662796487,
      "answer_3": 0.8075530303715505,
      "answer_4": 0.8985106159451431,
      "answer_5": 0.7952555652095414,
      "answer_6": 0.8259625969437078
    },
    "query_5": {
      "answer_1": 0.8635249938645463,
      "answer_2": 0.860176402022066,
      "answer_3": 0.8220420933301643,
      "answer_4": 0.8275103492403946,
      "answer_5": 0.9097898985029905,
      "answer_6": 0.8193092981303793
    },
    "query_6": {
      "answer_1": 0.8776154987446084,
      "answer_2": 0.8538352837978191,
      "answer_3": 0.8162405946380713,
      "answer_4": 0.8268452124231742,
      "answer_5": 0.8240875515516013,
      "answer_6": 0.9135630795212011
    }
  }
}