{
  "entity": "Jeanne d'Arc",
  "max_tokens": 100,
  "keyword_scores": {
    "query_1": {
      "answer_1": 2.736119298450889,
      "answer_2": 2.0685797193439046,
      "answer_3": 1.7970326559300838,
      "answer_4": 2.1504339701319872,
      "answer_5": 2.1557215934070557,
      "answer_6": 2.1417622056657124
    },
    "query_2": {
      "answer_1": 2.336626114762702,
      "answer_2": 6.39246143346821,
      "answer_3": 1.020472870565208,
      "answer_4": 2.4159793904916635,
      "answer_5": 0.929130374725125,
      "answer_6": 1.0092443734009928
    },
    "query_3": {
      "answer_1": 2.0086465348520286,
      "answer_2": 2.441594041680626,
      "answer_3": 5.174031101426578,
      "answer_4": 1.5633405135856762,
      "answer_5": 2.5602624833567456,
      "answer_6": 3.160263839648535
    },
    "query_4": {
      "answer_1": 2.733905501843892,
      "answer_2": 2.1382242777627276,
      "answer_3": 1.5433793681767138,
      "answer_4": 6.321659981258579,
      "answer_5": 1.967223299753888,
      "answer_6": 1.7925384337809793
    },
    "query_5": {
      "answer_1": 2.263657984348132,
      "answer_2": 2.4166102263938436,
      "answer_3": 2.821480671313201,
      "answer_4": 1.9983066090646413,
      "answer_5": 11.445931883697167,
      "answer_6": 1.8984228741717188
    },
    "query_6": {
      "answer_1": 2.536272214384221,
      "answer_2": 2.8406289144042383,
      "answer_3": 1.4558635853181832,
      "answer_4": 1.9965395694997035,
      "answer_5": 1.7492981991466117,
      "answer_6": 5.037505029071305
    }
  }
}