{
  "entity": "Jeanne d'Arc",
  "max_tokens": 300,
  "keyword_scores": {
    "query_1": {
      "answer_1": 3.9420710571626203,
      "answer_2": 2.1677831302342687,
      "answer_3": 4.745834627841145,
      "answer_4": 2.9409836860567227,
      "answer_5": 3.74464560724392,
      "answer_6": 2.4048946391684494
    },
    "query_2": {
      "answer_1": 2.6562159863144617,
      "answer_2": 10.525744271524792,
      "answer_3": 1.9888926221681784,
      "answer_4": 3.5892751462344696,
      "answer_5": 3.8062917829031084,
      "answer_6": 4.007064478776034
    },
    "query_3": {
      "answer_1": 1.544788955374762,
      "answer_2": 2.248383378343423,
      "answer_3": 7.0273351701712725,
      "answer_4": 5.628746737915037,
      "answer_5": 2.3867652942101,
      "answer_6": 1.3528515242937762
    },
    "query_4": {
      "answer_1": 3.275472471548633,
      "answer_2": 4.336921330313358,
      "answer_3": 2.227403775610935,
      "answer_4": 4.1641478370293274,
      "answer_5": 2.418790050658065,
      "answer_6": 2.1023096152128264
    },
    "query_5": {
      "answer_1": 2.6192390908979526,
      "answer_2": 3.157393014851424,
      "answer_3": 3.1772515192019015,
      "answer_4": 2.58728925630232,
      "answer_5": 8.057607122787122,
      "answer_6": 2.1479870197242317
    },
    "query_6": {
      "answer_1": 1.9951832164962346,
      "answer_2": 2.8340163127689353,
      "answer_3": 2.0489544147912286,
      "answer_4": 2.760724943216301,
      "answer_5": 2.329253036420026,
      "answer_6": 8.544832742009438
    }
  }
}