{
  "entity": "Jeanne d'Arc",
  "max_tokens": 200,
  "keyword_scores": {
    "query_1": {
      "answer_1": 4.546427919986642,
      "answer_2": 2.8019005906661136,
      "answer_3": 2.0846569626012807,
      "answer_4": 3.1296532085974564,
      "answer_5": 3.3622404545667433,
      "answer_6": 1.6285182047936502
    },
    "query_2": {
      "answer_1": 3.1474642739472687,
      "answer_2": 9.31119731469315,
      "answer_3": 1.6947845124938536,
      "answer_4": 1.7960368155774085,
      "answer_5": 1.7390458685584345,
      "answer_6": 2.2729445684917184
    },
    "query_3": {
      "answer_1": 1.4719902432939058,
      "answer_2": 2.0366785539231773,
      "answer_3": 9.114383659582955,
      "answer_4": 1.6350714400530344,
      "answer_5": 3.023683130533923,
      "answer_6": 1.9142455401047238
    },
    "query_4": {
      "answer_1": 3.53538672132259,
      "answer_2": 3.109289473175555,
      "answer_3": 1.4874328347234644,
      "answer_4": 6.5712145852511386,
      "answer_5": 3.976029288599088,
      "answer_6": 1.5158271543831146
    },
    "query_5": {
      "answer_1": 2.8579621441928804,
      "answer_2": 1.9050764046026698,
      "answer_3": 1.8490466747159588,
      "answer_4": 3.1550974232185562,
      "answer_5": 6.021456071803863,
      "answer_6": 1.7109773460592022
    },
    "query_6": {
      "answer_1": 1.23487333478316,
      "answer_2": 1.8581309430781403,
      "answer_3": 1.076920838849747,
      "answer_4": 3.3528294615062664,
      "answer_5": 1.36514318483698,
      "answer_6": 4.775968157512347
    }
  }
}