{
  "entity": "Jeanne d'Arc",
  "max_tokens": 500,
  "keyword_scores": {
    "query_1": {
      "answer_1": 3.978428283622532,
      "answer_2": 2.9999638100305326,
      "answer_3": 2.7067520450381655,
      "answer_4": 3.415210041416089,
      "answer_5": 2.9956228389684254,
      "answer_6": 2.8529297655335824
    },
    "query_2": {
      "answer_1": 1.8619158733488024,
      "answer_2": 4.905698140576693,
      "answer_3": 1.8820862566598329,
      "answer_4": 3.048818012906718,
      "answer_5": 2.44160662015609,
      "answer_6": 2.0393376288958716
    },
    "query_3": {
      "answer_1": 4.098881597558383,
      "answer_2": 2.513908850933539,
      "answer_3": 7.52823851159622,
      "answer_4": 2.721594721394055,
      "answer_5": 4.476259681143481,
      "answer_6": 2.813164437487787
    },
    "query_4": {
      "answer_1": 3.379217348659154,
      "answer_2": 2.70792831500616,
      "answer_3": 2.155707815630916,
      "answer_4": 3.6846532431874217,
      "answer_5": 4.349082704393265,
      "answer_6": 1.8843333605313077
    },
    "query_5": {
      "answer_1": 3.3157356753120872,
      "answer_2": 2.8766340806083166,
      "answer_3": 3.491836990111347,
      "answer_4": 3.3076362231659298,
      "answer_5": 7.970880757265781,
      "answer_6": 3.190948316452452
    },
    "query_6": {
      "answer_1": 2.266928996682526,
      "answer_2": 3.2727468518005325,
      "answer_3": 3.5049392695072323,
      "answer_4": 2.943915357398987,
      "answer_5": 2.330443916234838,
      "answer_6": 6.048607345240222
    }
  }
}