{
  "entity": "Jeanne d'Arc",
  "similarities": {
    "query_1": {
      "answer_1": 0.9141398683625428,
      "answer_2": 0.8895237204433887,
      "answer_3": 0.883062040803878,
      "answer_4": 0.9026446629226638,
      "answer_5": 0.9079323753321589,
      "answer_6": 0.8990460478555679
    },
    "query_2": {
      "answer_1": 0.9069933326378796,
      "answer_2": 0.9412909835572574,
      "answer_3": 0.8987243050567125,
      "answer_4": 0.9097020933742781,
      "answer_5": 0.9009732575362712,
      "answer_6": 0.8958482221621831
    },
    "query_3": {
      "answer_1": 0.8997231119151572,
      "answer_2": 0.899835472311437,
      "answer_3": 0.9411447419764128,
      "answer_4": 0.8842177855095469,
      "answer_5": 0.87241716910683,
      "answer_6": 0.8783022575365717
    },
    "query_4": {
      "answer_1": 0.8977288565169198,
      "answer_2": 0.8905688743085433,
      "answer_3": 0.8928705950869898,
      "answer_4": 0.941281168496422,
      "answer_5": 0.9066090977812022,
      "answer_6": 0.872722597862752
    },
    "query_5": {
      "answer_1": 0.8874048459060097,
      "answer_2": 0.8762865967408333,
      "answer_3": 0.8735579499341481,
      "answer_4": 0.8969512884471331,
      "answer_5": 0.9388203163071428,
      "answer_6": 0.8748126737467783
    },
    "query_6": {
      "answer_1": 0.881446660317002,
      "answer_2": 0.8720648711954305,
      "answer_3": 0.8643835406389957,
      "answer_4": 0.8702750815970386,
      "answer_5": 0.8708974164452105,
      "answer_6": 0.9297027162779946
    }
  }
}