{
  "entity": "Jeanne d'Arc",
  "similarities": {
    "query_1": {
      "answer_1": 0.9039769201817411,
      "answer_2": 0.8739962849948192,
      "answer_3": 0.8961734894844544,
      "answer_4": 0.8842717536158218,
      "answer_5": 0.9087848183639656,
      "answer_6": 0.9060103616395306
    },
    "query_2": {
      "answer_1": 0.8797760659683543,
      "answer_2": 0.9283451638960584,
      "answer_3": 0.8898185781327528,
      "answer_4": 0.8729525208229912,
      "answer_5": 0.8813741755904766,
      "answer_6": 0.8835588705119123
    },
    "query_3": {
      "answer_1": 0.897899957410389,
      "answer_2": 0.8624035572863269,
      "answer_3": 0.9396492240661329,
      "answer_4": 0.8764045510572203,
      "answer_5": 0.8893074048967288,
      "answer_6": 0.8857954787989233
    },
    "query_4": {
      "answer_1": 0.8713422967833173,
      "answer_2": 0.87345321921899,
      "answer_3": 0.8731385600168033,
      "answer_4": 0.9305853250178461,
      "answer_5": 0.8681853661572203,
      "answer_6": 0.8841435639152887
    },
    "query_5": {
      "answer_1": 0.9030052864409888,
      "answer_2": 0.8718420503458776,
      "answer_3": 0.908812577811751,
      "answer_4": 0.8831919368414957,
      "answer_5": 0.9372285582958501,
      "answer_6": 0.9016268322387716
    },
    "query_6": {
      "answer_1": 0.8845921288766088,
      "answer_2": 0.8796988683304569,
      "answer_3": 0.8932037237032368,
      "answer_4": 0.885193366426449,
      "answer_5": 0.8934081095150901,
      "answer_6": 0.9311913723753497
    }
  }
}