{
  "entity": "Jeanne d'Arc",
  "cosine_similarities": {
    "query_1": {
      "answer_1": 0.7735400908870727,
      "answer_2": 0.7469318532620398,
      "answer_3": 0.7289792571846015,
      "answer_4": 0.8012921048401835,
      "answer_5": 0.7012497903143372,
      "answer_6": 0.7699159703202778
    },
    "query_2": {
      "answer_1": 0.7609619758560682,
      "answer_2": 0.8942030310892735,
      "answer_3": 0.7582245045835051,
      "answer_4": 0.8231613440604296,
      "answer_5": 0.750643967952463,
      "answer_6": 0.783916822021649
    },
    "query_3": {
      "answer_1": 0.7304778938002423,
      "answer_2": 0.7528821511565317,
      "answer_3": 0.8343136114724207,
      "answer_4": 0.7508359574386956,
      "answer_5": 0.6931624622140159,
      "answer_6": 0.7169420263666528
    },
    "query_4": {
      "answer_1": 0.7572404070690611,
      "answer_2": 0.7694309552509963,
      "answer_3": 0.7092675836206229,
      "answer_4": 0.8353055183243971,
      "answer_5": 0.7469975757652563,
      "answer_6": 0.7502714932794609
    },
    "query_5": {
      "answer_1": 0.6934745588154592,
      "answer_2": 0.6997495096859592,
      "answer_3": 0.6710381345796463,
      "answer_4": 0.7101550275307478,
      "answer_5": 0.8669777468499927,
      "answer_6": 0.6827994030106831
    },
    "query_6": {
      "answer_1": 0.7559407758935724,
      "answer_2": 0.7941739320860501,
      "answer_3": 0.7227277747415228,
      "answer_4": 0.8112273801243006,
      "answer_5": 0.7364537389146615,
      "answer_6": 0.836538089742902
    }
  }
}