{
  "entity": "Jeanne d'Arc",
  "cosine_similarities": {
    "query_1": {
      "answer_1": 0.7775295629458387,
      "answer_2": 0.6796255191674566,
      "answer_3": 0.764037623621239,
      "answer_4": 0.747804088561117,
      "answer_5": 0.7409471499578185,
      "answer_6": 0.7339163307056201
    },
    "query_2": {
      "answer_1": 0.7682489824288877,
      "answer_2": 0.8871291736641729,
      "answer_3": 0.790526842641378,
      "answer_4": 0.7350565560898342,
      "answer_5": 0.746698151823598,
      "answer_6": 0.6621412972644635
    },
    "query_3": {
      "answer_1": 0.6771873924304256,
      "answer_2": 0.6564268013466108,
      "answer_3": 0.7654247186327638,
      "answer_4": 0.6490101643052877,
      "answer_5": 0.668901972493334,
      "answer_6": 0.6401608320590131
    },
    "query_4": {
      "answer_1": 0.7845881341812323,
      "answer_2": 0.7034005740790323,
      "answer_3": 0.7761448296157332,
      "answer_4": 0.8194519921359616,
      "answer_5": 0.7647562052985883,
      "answer_6": 0.6908174154362555
    },
    "query_5": {
      "answer_1": 0.7061309726686885,
      "answer_2": 0.6421382016585894,
      "answer_3": 0.7113456211436576,
      "answer_4": 0.725445091609939,
      "answer_5": 0.8138732873984483,
      "answer_6": 0.7373366756394237
    },
    "query_6": {
      "answer_1": 0.7187192873607645,
      "answer_2": 0.6515193644181788,
      "answer_3": 0.7102156410523174,
      "answer_4": 0.7224687786584993,
      "answer_5": 0.7491398518818112,
      "answer_6": 0.8706681117464533
    }
  }
}