{
  "entity": "Jeanne d'Arc",
  "cosine_similarities": {
    "query_1": {
      "answer_1": 0.7755016185351369,
      "answer_2": 0.7388963068312183,
      "answer_3": 0.7488606625744768,
      "answer_4": 0.7887354470453091,
      "answer_5": 0.7420313805058399,
      "answer_6": 0.692032089216275
    },
    "query_2": {
      "answer_1": 0.7771701987563443,
      "answer_2": 0.8885569947937799,
      "answer_3": 0.8060541406200712,
      "answer_4": 0.8055147413512457,
      "answer_5": 0.7377081616513254,
      "answer_6": 0.7651744187234228
    },
    "query_3": {
      "answer_1": 0.7311147176802999,
      "answer_2": 0.7327510300686904,
      "answer_3": 0.8202091918184917,
      "answer_4": 0.7669835581130453,
      "answer_5": 0.6864033861581285,
      "answer_6": 0.678601697073203
    },
    "query_4": {
      "answer_1": 0.7048836634754517,
      "answer_2": 0.7195727603815604,
      "answer_3": 0.7352679653303061,
      "answer_4": 0.8068590818654151,
      "answer_5": 0.669335115849909,
      "answer_6": 0.6601080514900513
    },
    "query_5": {
      "answer_1": 0.7813692427864886,
      "answer_2": 0.7192716269948434,
      "answer_3": 0.7008406172948355,
      "answer_4": 0.7060082306714902,
      "answer_5": 0.8612280724185164,
      "answer_6": 0.7754734397854178
    },
    "query_6": {
      "answer_1": 0.7424401318243491,
      "answer_2": 0.7076035252585359,
      "answer_3": 0.7012795605236845,
      "answer_4": 0.7261677230024055,
      "answer_5": 0.7463493699510577,
      "answer_6": 0.8558425726700506
    }
  }
}