{
  "entity": "Jeanne d'Arc",
  "cosine_similarities": {
    "query_1": {
      "answer_1": 0.7941743327290942,
      "answer_2": 0.6773612311309022,
      "answer_3": 0.676910862252844,
      "answer_4": 0.7522273806198392,
      "answer_5": 0.732767336120113,
      "answer_6": 0.7511968800540523
    },
    "query_2": {
      "answer_1": 0.715142825455904,
      "answer_2": 0.8973541929979754,
      "answer_3": 0.6647283264045988,
      "answer_4": 0.6896179293906822,
      "answer_5": 0.6361038844216433,
      "answer_6": 0.7102680905050436
    },
    "query_3": {
      "answer_1": 0.6663082013114052,
      "answer_2": 0.5932744778757858,
      "answer_3": 0.8539314675068248,
      "answer_4": 0.5998644517915406,
      "answer_5": 0.555160574277087,
      "answer_6": 0.6096287291674458
    },
    "query_4": {
      "answer_1": 0.7061411806921432,
      "answer_2": 0.654647674037048,
      "answer_3": 0.6267532638688335,
      "answer_4": 0.7822746825307888,
      "answer_5": 0.6323098900108713,
      "answer_6": 0.7139045974066743
    },
    "query_5": {
      "answer_1": 0.7222155788181771,
      "answer_2": 0.6528956653281165,
      "answer_3": 0.6523348792516142,
      "answer_4": 0.6804336028446439,
      "answer_5": 0.8601691184923707,
      "answer_6": 0.7448184463952897
    },
    "query_6": {
      "answer_1": 0.7762842596519139,
      "answer_2": 0.7567237645326388,
      "answer_3": 0.7110742616748047,
      "answer_4": 0.7374274826036158,
      "answer_5": 0.7296332700853088,
      "answer_6": 0.8079530225731922
    }
  }
}