{
  "entity": "Jeanne d'Arc",
  "cosine_similarities": {
    "query_1": {
      "answer_1": 0.7841074482005584,
      "answer_2": 0.6201225947015482,
      "answer_3": 0.6868094374458737,
      "answer_4": 0.766985542904829,
      "answer_5": 0.7438359720463911,
      "answer_6": 0.7317393560551474
    },
    "query_2": {
      "answer_1": 0.6706000655231824,
      "answer_2": 0.8727023891986317,
      "answer_3": 0.6374117752829359,
      "answer_4": 0.6762065248116731,
      "answer_5": 0.6350576225004584,
      "answer_6": 0.6366736053439491
    },
    "query_3": {
      "answer_1": 0.6897991446355093,
      "answer_2": 0.5939039635406943,
      "answer_3": 0.8842143912819047,
      "answer_4": 0.6373148482223967,
      "answer_5": 0.5845345573940941,
      "answer_6": 0.596853266632164
    },
    "query_4": {
      "answer_1": 0.7102549373339467,
      "answer_2": 0.6691339869995917,
      "answer_3": 0.6609716303240945,
      "answer_4": 0.7842562116941706,
      "answer_5": 0.6678070726244274,
      "answer_6": 0.655104578907372
    },
    "query_5": {
      "answer_1": 0.663046939909195,
      "answer_2": 0.5579064630947117,
      "answer_3": 0.6131109281638898,
      "answer_4": 0.6367482004667856,
      "answer_5": 0.8392988597977205,
      "answer_6": 0.7872506903906965
    },
    "query_6": {
      "answer_1": 0.6986028607064607,
      "answer_2": 0.6016173335725469,
      "answer_3": 0.6506110933123959,
      "answer_4": 0.6853128134116026,
      "answer_5": 0.7689966041723937,
      "answer_6": 0.8384433176528443
    }
  }
}