{
  "entity": "Jeanne d'Arc",
  "cosine_similarities": {
    "query_1": {
      "answer_1": 0.7907493484662969,
      "answer_2": 0.8042501610095809,
      "answer_3": 0.7354728364709674,
      "answer_4": 0.7373208507524283,
      "answer_5": 0.7307820351559833,
      "answer_6": 0.7268605311926645
    },
    "query_2": {
      "answer_1": 0.7484634002793464,
      "answer_2": 0.7958554267658071,
      "answer_3": 0.7619057997933775,
      "answer_4": 0.7667131429468343,
      "answer_5": 0.6782255265888423,
      "answer_6": 0.7667458350396424
    },
    "query_3": {
      "answer_1": 0.7276698615015381,
      "answer_2": 0.7489562124188612,
      "answer_3": 0.8421538056611908,
      "answer_4": 0.7642203862331152,
      "answer_5": 0.6569216290491969,
      "answer_6": 0.7136264422395612
    },
    "query_4": {
      "answer_1": 0.7015134926445632,
      "answer_2": 0.7427823309267197,
      "answer_3": 0.7720885308184541,
      "answer_4": 0.7895686717983759,
      "answer_5": 0.6506670681758544,
      "answer_6": 0.7081832768661378
    },
    "query_5": {
      "answer_1": 0.7209701190761669,
      "answer_2": 0.7019107254240815,
      "answer_3": 0.708359837183344,
      "answer_4": 0.6449851517609416,
      "answer_5": 0.8603401136948536,
      "answer_6": 0.7469371322685939
    },
    "query_6": {
      "answer_1": 0.7001182687756776,
      "answer_2": 0.7055821981192405,
      "answer_3": 0.7049018743836482,
      "answer_4": 0.6532318014189371,
      "answer_5": 0.6615051254407321,
      "answer_6": 0.8569391937799923
    }
  }
}