{
  "entity": "Jeanne d'Arc",
  "cosine_similarities": {
    "query_1": {
      "answer_1": 0.9104897095505495,
      "answer_2": 0.8755655774566011,
      "answer_3": 0.8900821891292605,
      "answer_4": 0.8896331280084194,
      "answer_5": 0.9081203053677,
      "answer_6": 0.9006539004553052
    },
    "query_2": {
      "answer_1": 0.8774871854060389,
      "answer_2": 0.9299001292124873,
      "answer_3": 0.8713009981276801,
      "answer_4": 0.8779045745828324,
      "answer_5": 0.8674710113851983,
      "answer_6": 0.879664884692258
    },
    "query_3": {
      "answer_1": 0.9032309209528732,
      "answer_2": 0.8577137959828157,
      "answer_3": 0.9440709513730393,
      "answer_4": 0.8718829944793834,
      "answer_5": 0.8575788862015532,
      "answer_6": 0.8942277088736147
    },
    "query_4": {
      "answer_1": 0.8811554142698573,
      "answer_2": 0.8906938646141535,
      "answer_3": 0.8748763660278209,
      "answer_4": 0.9211527009453024,
      "answer_5": 0.8798994108536722,
      "answer_6": 0.8792523638265298
    },
    "query_5": {
      "answer_1": 0.8910625853857799,
      "answer_2": 0.866287883771121,
      "answer_3": 0.8778906456825416,
      "answer_4": 0.8748478856521509,
      "answer_5": 0.9297836370991056,
      "answer_6": 0.8979739258205073
    },
    "query_6": {
      "answer_1": 0.8901905470459271,
      "answer_2": 0.8671300582338247,
      "answer_3": 0.8865548151273446,
      "answer_4": 0.8634502119071721,
      "answer_5": 0.8791240787930915,
      "answer_6": 0.9194003086531582
    }
  }
}