{
  "entity": "George Washington",
  "scores": {
    "query_1": {
      "answer_1": 4.004619853810578,
      "answer_2": 3.7127401942977016,
      "answer_3": 4.587518951532004,
      "answer_4": 4.164291290462614,
      "answer_5": 4.98719068335339,
      "answer_6": 3.3824875309942586
    },
    "query_2": {
      "answer_1": 1.6312610334022732,
      "answer_2": 1.986691266419456,
      "answer_3": 3.490339044969769,
      "answer_4": 1.3610665383927647,
      "answer_5": 1.7574601054715113,
      "answer_6": 1.4720526919579389
    },
    "query_3": {
      "answer_1": 2.3373667251372163,
      "answer_2": 2.2989347002498923,
      "answer_3": 2.619159361140675,
      "answer_4": 3.6266579915922486,
      "answer_5": 2.706943025530917,
      "answer_6": 2.1468470827519
    },
    "query_4": {
      "answer_1": 4.927001160426455,
      "answer_2": 2.0339437528680926,
      "answer_3": 2.349144823990623,
      "answer_4": 6.96430628655331,
      "answer_5": 2.4715204688360592,
      "answer_6": 2.6912643312302493
    },
    "query_5": {
      "answer_1": 2.970037010630837,
      "answer_2": 2.445307555689694,
      "answer_3": 3.071155494357569,
      "answer_4": 2.703726887450033,
      "answer_5": 3.3638683665317637,
      "answer_6": 2.0372080772260572
    },
    "query_6": {
      "answer_1": 2.962921329685855,
      "answer_2": 2.483833426949628,
      "answer_3": 2.3266183063837165,
      "answer_4": 3.3499940331586364,
      "answer_5": 2.848814031101862,
      "answer_6": 5.566637098244647
    }
  }
}