{
  "entity": "George Washington",
  "scores": {
    "query_1": {
      "answer_1": 4.084359165032743,
      "answer_2": 2.541926347526136,
      "answer_3": 3.6040404786164957,
      "answer_4": 3.40089260545766,
      "answer_5": 3.299390416982877,
      "answer_6": 2.835174979654707
    },
    "query_2": {
      "answer_1": 1.036729400960514,
      "answer_2": 5.7468561576992805,
      "answer_3": 1.9162457047399513,
      "answer_4": 2.0306326989654857,
      "answer_5": 1.3749485358988118,
      "answer_6": 2.018433932194131
    },
    "query_3": {
      "answer_1": 4.733974053965779,
      "answer_2": 2.541926347526136,
      "answer_3": 4.61974332908233,
      "answer_4": 3.404044462923844,
      "answer_5": 3.651880323927605,
      "answer_6": 2.9815209956710245
    },
    "query_4": {
      "answer_1": 2.327030960849872,
      "answer_2": 0.9059848804752332,
      "answer_3": 2.0544948686592766,
      "answer_4": 9.791054611420359,
      "answer_5": 2.2988033791187124,
      "answer_6": 2.0343992914421865
    },
    "query_5": {
      "answer_1": 3.417668688116368,
      "answer_2": 1.7423189388693723,
      "answer_3": 2.5786132999880236,
      "answer_4": 2.530587671636784,
      "answer_5": 11.21664664404906,
      "answer_6": 2.247185595115547
    },
    "query_6": {
      "answer_1": 2.4372557792517378,
      "answer_2": 2.5822097361456935,
      "answer_3": 2.355554018988878,
      "answer_4": 3.5003294948954555,
      "answer_5": 2.896447860267938,
      "answer_6": 7.018472806667282
    }
  }
}