{
  "entity": "George Washington",
  "scores": {
    "query_1": {
      "answer_1": 4.577085832982045,
      "answer_2": 3.475926102666741,
      "answer_3": 3.869948845197492,
      "answer_4": 3.7184652425176195,
      "answer_5": 3.7569806209584433,
      "answer_6": 3.0337048672351643
    },
    "query_2": {
      "answer_1": 1.655988135786609,
      "answer_2": 4.225237682505819,
      "answer_3": 2.1438020350354425,
      "answer_4": 1.8122729999526865,
      "answer_5": 1.6880037827444097,
      "answer_6": 1.9894170162541667
    },
    "query_3": {
      "answer_1": 4.493475781001005,
      "answer_2": 3.1633693457381438,
      "answer_3": 4.445840879992637,
      "answer_4": 5.534805005367459,
      "answer_5": 4.415355157825859,
      "answer_6": 2.6920521077403996
    },
    "query_4": {
      "answer_1": 3.2782940242631566,
      "answer_2": 1.0435484936840973,
      "answer_3": 2.0901608782670222,
      "answer_4": 7.053182315783075,
      "answer_5": 2.5353259124429495,
      "answer_6": 1.6354892346410064
    },
    "query_5": {
      "answer_1": 2.711487840621549,
      "answer_2": 1.81191179792578,
      "answer_3": 2.757247965414734,
      "answer_4": 2.6869264449772468,
      "answer_5": 6.565745105885554,
      "answer_6": 1.7661190148726764
    },
    "query_6": {
      "answer_1": 3.899184433402063,
      "answer_2": 2.111952037468035,
      "answer_3": 2.5030096566874898,
      "answer_4": 2.942538180220424,
      "answer_5": 3.429180200612303,
      "answer_6": 4.370416792629349
    }
  }
}