{
  "entity": "Jeanne d'Arc",
  "max_tokens": 500,
  "keyword_scores": {
    "query_1": {
      "answer_1": 2.929906825907346,
      "answer_2": 2.845917134178543,
      "answer_3": 4.132543382357635,
      "answer_4": 2.724666319843604,
      "answer_5": 2.8685792322059864,
      "answer_6": 2.613377755326607
    },
    "query_2": {
      "answer_1": 2.4052469395346567,
      "answer_2": 9.0728615148104,
      "answer_3": 2.2512635653792428,
      "answer_4": 2.218645013235218,
      "answer_5": 2.0638188676372837,
      "answer_6": 1.9399457075635578
    },
    "query_3": {
      "answer_1": 4.268580140413391,
      "answer_2": 3.1140249036382457,
      "answer_3": 3.8522114267886125,
      "answer_4": 2.5312989714592766,
      "answer_5": 3.098085071689767,
      "answer_6": 2.8348352053525194
    },
    "query_4": {
      "answer_1": 2.452307469916499,
      "answer_2": 1.4654958142548022,
      "answer_3": 2.0327436871503686,
      "answer_4": 2.8833533461599092,
      "answer_5": 2.0564173734676703,
      "answer_6": 1.6288317114489734
    },
    "query_5": {
      "answer_1": 3.5263448722789317,
      "answer_2": 3.510753951607145,
      "answer_3": 3.390619147957029,
      "answer_4": 3.654579148872359,
      "answer_5": 6.011022553104478,
      "answer_6": 3.2115693767890954
    },
    "query_6": {
      "answer_1": 2.7534021293960667,
      "answer_2": 3.289022762736297,
      "answer_3": 2.3529978706747605,
      "answer_4": 3.49743801003601,
      "answer_5": 2.343338886691857,
      "answer_6": 4.128395598298936
    }
  }
}