{
  "entity": "Jeanne d'Arc",
  "max_tokens": 400,
  "keyword_scores": {
    "query_1": {
      "answer_1": 3.021597742325279,
      "answer_2": 2.313485326266966,
      "answer_3": 2.737874359144345,
      "answer_4": 2.7977743476665498,
      "answer_5": 2.9300618711216115,
      "answer_6": 2.549701951680064
    },
    "query_2": {
      "answer_1": 3.034638548395327,
      "answer_2": 9.04065448434233,
      "answer_3": 2.030639240254698,
      "answer_4": 1.8490948750699794,
      "answer_5": 1.9198937979288935,
      "answer_6": 2.540732411202832
    },
    "query_3": {
      "answer_1": 2.5280109742386294,
      "answer_2": 2.542587135054281,
      "answer_3": 3.351592671976622,
      "answer_4": 3.227116167499184,
      "answer_5": 2.3033992581737213,
      "answer_6": 3.560556886084979
    },
    "query_4": {
      "answer_1": 2.728934260575381,
      "answer_2": 1.9570103622554953,
      "answer_3": 2.137306618001335,
      "answer_4": 4.152689343493226,
      "answer_5": 1.742599609422711,
      "answer_6": 2.2384430481251214
    },
    "query_5": {
      "answer_1": 4.006142659557778,
      "answer_2": 2.555830162589558,
      "answer_3": 3.2088943978706697,
      "answer_4": 2.6248698176500267,
      "answer_5": 6.468330326303858,
      "answer_6": 3.2499424701379294
    },
    "query_6": {
      "answer_1": 3.3802801633985,
      "answer_2": 2.0528637634243005,
      "answer_3": 4.700228274443558,
      "answer_4": 2.0907826731755055,
      "answer_5": 2.7767981391409178,
      "answer_6": 5.310884907105497
    }
  }
}