{
  "entity": "Jeanne d'Arc",
  "max_tokens": 200,
  "keyword_scores": {
    "query_1": {
      "answer_1": 3.95245238010278,
      "answer_2": 1.995759611712086,
      "answer_3": 2.233342323139222,
      "answer_4": 2.6698891457771774,
      "answer_5": 2.4189403526318345,
      "answer_6": 2.1086318111018834
    },
    "query_2": {
      "answer_1": 1.0925433312612571,
      "answer_2": 8.541421563772756,
      "answer_3": 2.4638268237604977,
      "answer_4": 1.125448738852995,
      "answer_5": 1.1557995627964794,
      "answer_6": 1.7875503006594393
    },
    "query_3": {
      "answer_1": 3.5089230069581627,
      "answer_2": 1.569889904133842,
      "answer_3": 10.468157832792407,
      "answer_4": 1.6908701268464617,
      "answer_5": 1.2551049309230684,
      "answer_6": 2.9489846656619845
    },
    "query_4": {
      "answer_1": 2.045537449137464,
      "answer_2": 1.5014055228732757,
      "answer_3": 1.9742892749571919,
      "answer_4": 2.360800182700193,
      "answer_5": 2.151580538258746,
      "answer_6": 2.070895658711838
    },
    "query_5": {
      "answer_1": 2.285556135366893,
      "answer_2": 2.2465697228224166,
      "answer_3": 2.8368702778143575,
      "answer_4": 2.5633204680871438,
      "answer_5": 10.150299325797622,
      "answer_6": 2.2226961496991047
    },
    "query_6": {
      "answer_1": 2.3880954647539268,
      "answer_2": 4.882231656417233,
      "answer_3": 2.209179597606399,
      "answer_4": 1.8577879544397975,
      "answer_5": 1.8702283342512356,
      "answer_6": 5.488953591587477
    }
  }
}