{
  "entity": "Jeanne d'Arc",
  "max_tokens": 100,
  "keyword_scores": {
    "query_1": {
      "answer_1": 2.506198430568585,
      "answer_2": 1.0782371997636715,
      "answer_3": 3.273646343996436,
      "answer_4": 1.4342661273045305,
      "answer_5": 1.562575411490367,
      "answer_6": 1.1750830564775472
    },
    "query_2": {
      "answer_1": 1.909323084326247,
      "answer_2": 5.547114577400995,
      "answer_3": 0.8076116766793987,
      "answer_4": 0.9297546310057078,
      "answer_5": 2.597190862879894,
      "answer_6": 2.4576872385414936
    },
    "query_3": {
      "answer_1": 1.7622564307703132,
      "answer_2": 1.0782371997636715,
      "answer_3": 4.710763348244765,
      "answer_4": 1.613270469574903,
      "answer_5": 1.8498331612814027,
      "answer_6": 1.1750830564775472
    },
    "query_4": {
      "answer_1": 1.9360212231883118,
      "answer_2": 1.7828136670448185,
      "answer_3": 2.0492414912018733,
      "answer_4": 4.278909144842444,
      "answer_5": 2.531377223912377,
      "answer_6": 2.5192225281425364
    },
    "query_5": {
      "answer_1": 2.156662431827224,
      "answer_2": 1.8551505295310342,
      "answer_3": 1.7432390136700118,
      "answer_4": 1.934066874200798,
      "answer_5": 10.23866774932038,
      "answer_6": 1.4599442410067636
    },
    "query_6": {
      "answer_1": 1.4694908512314555,
      "answer_2": 0.5577428008644549,
      "answer_3": 1.3241199417558358,
      "answer_4": 1.2531122890356756,
      "answer_5": 1.4314174324380318,
      "answer_6": 5.496458475626364
    }
  }
}