{
  "entity": "Jeanne d'Arc",
  "max_tokens": 300,
  "keyword_scores": {
    "query_1": {
      "answer_1": 4.144852876940848,
      "answer_2": 2.766563066445519,
      "answer_3": 2.983262773156884,
      "answer_4": 3.308333529548583,
      "answer_5": 2.8943940871569107,
      "answer_6": 2.241342869456076
    },
    "query_2": {
      "answer_1": 3.1951431288929832,
      "answer_2": 12.140242585271139,
      "answer_3": 3.931213203948894,
      "answer_4": 3.9352826091614883,
      "answer_5": 3.145144623439185,
      "answer_6": 3.2134192724681476
    },
    "query_3": {
      "answer_1": 5.924881985781384,
      "answer_2": 4.366214111524954,
      "answer_3": 9.69795476400472,
      "answer_4": 5.386919824917941,
      "answer_5": 3.5181937789515145,
      "answer_6": 2.1773290470262987
    },
    "query_4": {
      "answer_1": 3.333476976542955,
      "answer_2": 3.039797350215745,
      "answer_3": 4.946691143497468,
      "answer_4": 3.3660432151160355,
      "answer_5": 3.9156808466505204,
      "answer_6": 1.882924301973546
    },
    "query_5": {
      "answer_1": 3.4568659797633257,
      "answer_2": 2.982876948878753,
      "answer_3": 3.1833757392863276,
      "answer_4": 3.4525340194585126,
      "answer_5": 8.93001217719053,
      "answer_6": 3.11179463522602
    },
    "query_6": {
      "answer_1": 3.382468258499836,
      "answer_2": 6.13727459727412,
      "answer_3": 3.1817294615727665,
      "answer_4": 3.26786865235704,
      "answer_5": 3.5664577051371094,
      "answer_6": 9.69882721043641
    }
  }
}