{
  "entity": "Jeanne d'Arc",
  "similarities": {
    "query_1": {
      "answer_1": 0.7752306882345208,
      "answer_2": 0.6539501979228114,
      "answer_3": 0.6928396104220812,
      "answer_4": 0.795626168514762,
      "answer_5": 0.7388074780958002,
      "answer_6": 0.7892275723420635
    },
    "query_2": {
      "answer_1": 0.6921055539645463,
      "answer_2": 0.9043809652245584,
      "answer_3": 0.6811078719517761,
      "answer_4": 0.7133018527006407,
      "answer_5": 0.6753976090961994,
      "answer_6": 0.6731400795762773
    },
    "query_3": {
      "answer_1": 0.692606827678232,
      "answer_2": 0.6235575396052822,
      "answer_3": 0.8783072109895771,
      "answer_4": 0.6761427815555203,
      "answer_5": 0.5791446704678288,
      "answer_6": 0.6479647113480135
    },
    "query_4": {
      "answer_1": 0.6822394319741609,
      "answer_2": 0.6208321512572109,
      "answer_3": 0.6605302180532073,
      "answer_4": 0.8065982991344646,
      "answer_5": 0.6803753464443801,
      "answer_6": 0.7461019124638085
    },
    "query_5": {
      "answer_1": 0.7301592250213557,
      "answer_2": 0.6242656196510029,
      "answer_3": 0.6206054632378971,
      "answer_4": 0.7070454293466855,
      "answer_5": 0.8756710238313812,
      "answer_6": 0.691977450876396
    },
    "query_6": {
      "answer_1": 0.7162836919060648,
      "answer_2": 0.7074584736549819,
      "answer_3": 0.7048077207898454,
      "answer_4": 0.7616110579898345,
      "answer_5": 0.7015143514195332,
      "answer_6": 0.789927651981354
    }
  }
}