{
  "entity": "Jeanne d'Arc",
  "similarities": {
    "query_1": {
      "answer_1": 0.7650779301895132,
      "answer_2": 0.7480311514147228,
      "answer_3": 0.7759120370833044,
      "answer_4": 0.7280506557972608,
      "answer_5": 0.7280901124208567,
      "answer_6": 0.7505287083259207
    },
    "query_2": {
      "answer_1": 0.7702554283294863,
      "answer_2": 0.8847135509703052,
      "answer_3": 0.8093633721680312,
      "answer_4": 0.7621008915730407,
      "answer_5": 0.7517290170663182,
      "answer_6": 0.8024314335712557
    },
    "query_3": {
      "answer_1": 0.6947256607293578,
      "answer_2": 0.6861758718633477,
      "answer_3": 0.817040568753832,
      "answer_4": 0.6984185799757386,
      "answer_5": 0.6423463080710028,
      "answer_6": 0.6809261146390365
    },
    "query_4": {
      "answer_1": 0.6929553429514383,
      "answer_2": 0.673728037103852,
      "answer_3": 0.6977684387647101,
      "answer_4": 0.8152904993776698,
      "answer_5": 0.6162824189790843,
      "answer_6": 0.628429442485062
    },
    "query_5": {
      "answer_1": 0.7509796785315848,
      "answer_2": 0.7031244687830411,
      "answer_3": 0.6990249188145974,
      "answer_4": 0.6949555139103688,
      "answer_5": 0.8327566884151776,
      "answer_6": 0.7979275135080661
    },
    "query_6": {
      "answer_1": 0.7110376791393189,
      "answer_2": 0.726541964263623,
      "answer_3": 0.7292513738584462,
      "answer_4": 0.6926677762277309,
      "answer_5": 0.6826562354060176,
      "answer_6": 0.7866891721938182
    }
  }
}