{
  "entity": "Jeanne d'Arc",
  "similarities": {
    "query_1": {
      "answer_1": 0.8059056371011917,
      "answer_2": 0.7073058617817874,
      "answer_3": 0.6485654004852197,
      "answer_4": 0.6550008349931609,
      "answer_5": 0.7700623085749355,
      "answer_6": 0.7814461417424128
    },
    "query_2": {
      "answer_1": 0.7627597491869268,
      "answer_2": 0.8579251272423896,
      "answer_3": 0.6685843458908468,
      "answer_4": 0.6738098487810078,
      "answer_5": 0.7504637603360482,
      "answer_6": 0.7991232814277592
    },
    "query_3": {
      "answer_1": 0.6442630055438352,
      "answer_2": 0.6669504977681142,
      "answer_3": 0.8091608980613102,
      "answer_4": 0.6005539986533179,
      "answer_5": 0.6502879955002974,
      "answer_6": 0.6217109533700154
    },
    "query_4": {
      "answer_1": 0.6891640750550335,
      "answer_2": 0.7363629454102291,
      "answer_3": 0.6019132827183463,
      "answer_4": 0.8334316580112389,
      "answer_5": 0.6435974410462779,
      "answer_6": 0.6463479941308786
    },
    "query_5": {
      "answer_1": 0.718697493964478,
      "answer_2": 0.6798059217293895,
      "answer_3": 0.575670945311762,
      "answer_4": 0.5938379994771188,
      "answer_5": 0.8341348221407798,
      "answer_6": 0.673811006834909
    },
    "query_6": {
      "answer_1": 0.743374511896865,
      "answer_2": 0.7169608977802239,
      "answer_3": 0.6348377540902089,
      "answer_4": 0.6427539230474504,
      "answer_5": 0.7393936557815683,
      "answer_6": 0.8606185727367919
    }
  }
}