{
  "entity": "Abraham Lincoln",
  "cosine_similarities": {
    "query_1": {
      "answer_1": 0.7040025116073417,
      "answer_2": 0.549323235859631,
      "answer_3": 0.5944624140324737,
      "answer_4": 0.4857791660548687,
      "answer_5": 0.41719650952313936,
      "answer_6": 0.566423532163122
    },
    "query_2": {
      "answer_1": 0.6246917101833384,
      "answer_2": 0.7835481321833214,
      "answer_3": 0.6820186247892367,
      "answer_4": 0.41230195553763127,
      "answer_5": 0.5076413473561752,
      "answer_6": 0.5822660953304282
    },
    "query_3": {
      "answer_1": 0.6648998646673421,
      "answer_2": 0.6246398190897692,
      "answer_3": 0.7864423249971367,
      "answer_4": 0.43635055917105703,
      "answer_5": 0.436557908188303,
      "answer_6": 0.5691488764445526
    },
    "query_4": {
      "answer_1": 0.49096002640757797,
      "answer_2": 0.39260848323366165,
      "answer_3": 0.44577341029890266,
      "answer_4": 0.7806579775348881,
      "answer_5": 0.3852166424810305,
      "answer_6": 0.40966626504401704
    },
    "query_5": {
      "answer_1": 0.5463254240438908,
      "answer_2": 0.5977708342227619,
      "answer_3": 0.5444570559308467,
      "answer_4": 0.495791928573403,
      "answer_5": 0.7115032573334729,
      "answer_6": 0.5423622094567087
    },
    "query_6": {
      "answer_1": 0.6321911009837712,
      "answer_2": 0.6185407204508675,
      "answer_3": 0.6243870809344853,
      "answer_4": 0.5022948457508399,
      "answer_5": 0.5261116570418624,
      "answer_6": 0.7894895834975741
    }
  }
}