{
  "entity": "Abraham Lincoln",
  "cosine_similarities": {
    "query_1": {
      "answer_1": 0.745747102769457,
      "answer_2": 0.5906604808269478,
      "answer_3": 0.6206992572660682,
      "answer_4": 0.5402644975467826,
      "answer_5": 0.6511692273380729,
      "answer_6": 0.629366385776541
    },
    "query_2": {
      "answer_1": 0.6107540552552188,
      "answer_2": 0.7978642502576901,
      "answer_3": 0.6467113588000073,
      "answer_4": 0.5279352290676577,
      "answer_5": 0.6091458071812474,
      "answer_6": 0.5974479829939803
    },
    "query_3": {
      "answer_1": 0.6686147728710093,
      "answer_2": 0.613298601989155,
      "answer_3": 0.7903895483870272,
      "answer_4": 0.5367334105125479,
      "answer_5": 0.5899517094884944,
      "answer_6": 0.5402802422809974
    },
    "query_4": {
      "answer_1": 0.47630979194072093,
      "answer_2": 0.436301952543777,
      "answer_3": 0.4459776097732563,
      "answer_4": 0.7341714968567485,
      "answer_5": 0.44674590037164696,
      "answer_6": 0.4306505613025469
    },
    "query_5": {
      "answer_1": 0.6538713402057813,
      "answer_2": 0.5729723467386034,
      "answer_3": 0.6177323364001454,
      "answer_4": 0.5017377467247736,
      "answer_5": 0.7347583683578373,
      "answer_6": 0.5826625530802455
    },
    "query_6": {
      "answer_1": 0.6548956277524831,
      "answer_2": 0.6410355454902328,
      "answer_3": 0.672542317989218,
      "answer_4": 0.583955921429637,
      "answer_5": 0.6834125966058451,
      "answer_6": 0.7591885876313217
    }
  }
}