{
  "entity": "Abraham Lincoln",
  "cosine_similarities": {
    "query_1": {
      "answer_1": 0.7242321652686688,
      "answer_2": 0.5631544644322591,
      "answer_3": 0.49485429062975805,
      "answer_4": 0.5714930367912513,
      "answer_5": 0.45403526643818487,
      "answer_6": 0.5057948682184501
    },
    "query_2": {
      "answer_1": 0.5363432248794382,
      "answer_2": 0.7363153303870728,
      "answer_3": 0.4170142958231657,
      "answer_4": 0.5145330394550752,
      "answer_5": 0.45583850911065266,
      "answer_6": 0.446378083439815
    },
    "query_3": {
      "answer_1": 0.4800510889355763,
      "answer_2": 0.4840155008221049,
      "answer_3": 0.6790652378811566,
      "answer_4": 0.3902156174585513,
      "answer_5": 0.4106615091109658,
      "answer_6": 0.35506414187299107
    },
    "query_4": {
      "answer_1": 0.45119742303987714,
      "answer_2": 0.39557680334129935,
      "answer_3": 0.3160985344472364,
      "answer_4": 0.6635183207411327,
      "answer_5": 0.31355297076090477,
      "answer_6": 0.3923039949001647
    },
    "query_5": {
      "answer_1": 0.562361853061961,
      "answer_2": 0.5096858844961286,
      "answer_3": 0.44425335462876414,
      "answer_4": 0.4844598423511388,
      "answer_5": 0.6882496341903614,
      "answer_6": 0.4176717903983257
    },
    "query_6": {
      "answer_1": 0.5814558110931598,
      "answer_2": 0.5684844315667792,
      "answer_3": 0.40430781683233047,
      "answer_4": 0.5639732907496798,
      "answer_5": 0.4288335380703041,
      "answer_6": 0.6946864961849855
    }
  }
}