{
  "entity": "Abraham Lincoln",
  "cosine_similarities": {
    "query_1": {
      "answer_1": 0.644457058888511,
      "answer_2": 0.577320174524369,
      "answer_3": 0.5728287044618066,
      "answer_4": 0.5203165631679689,
      "answer_5": 0.6033423393841761,
      "answer_6": 0.4973325157164973
    },
    "query_2": {
      "answer_1": 0.608901475360253,
      "answer_2": 0.7667072241555191,
      "answer_3": 0.6186305770213452,
      "answer_4": 0.49256894203296464,
      "answer_5": 0.5762109423616938,
      "answer_6": 0.5244636273176074
    },
    "query_3": {
      "answer_1": 0.6264889112814193,
      "answer_2": 0.5779259517287365,
      "answer_3": 0.7505403050357599,
      "answer_4": 0.5062939818972108,
      "answer_5": 0.564532673368177,
      "answer_6": 0.4954676912041829
    },
    "query_4": {
      "answer_1": 0.46865051327356577,
      "answer_2": 0.4229591596013752,
      "answer_3": 0.4294722163563447,
      "answer_4": 0.6665381403482226,
      "answer_5": 0.43167342669053654,
      "answer_6": 0.38694715220260795
    },
    "query_5": {
      "answer_1": 0.5942898898302186,
      "answer_2": 0.5879785171589899,
      "answer_3": 0.5638367328517845,
      "answer_4": 0.4791031534516755,
      "answer_5": 0.7026614134323277,
      "answer_6": 0.530672016239398
    },
    "query_6": {
      "answer_1": 0.6026508120373998,
      "answer_2": 0.6211254174612062,
      "answer_3": 0.6110473804638318,
      "answer_4": 0.49808884723916846,
      "answer_5": 0.6196946842548546,
      "answer_6": 0.7224834231420725
    }
  }
}