{
  "entity": "Abraham Lincoln",
  "cosine_similarities": {
    "query_1": {
      "answer_1": 0.7087524178197722,
      "answer_2": 0.5679172740584068,
      "answer_3": 0.5870943818599675,
      "answer_4": 0.48270220419474147,
      "answer_5": 0.6416132087284576,
      "answer_6": 0.588034119377608
    },
    "query_2": {
      "answer_1": 0.5868224214055754,
      "answer_2": 0.7769551438479755,
      "answer_3": 0.6319067164182804,
      "answer_4": 0.38469293601363125,
      "answer_5": 0.5841112826144952,
      "answer_6": 0.6197633062473837
    },
    "query_3": {
      "answer_1": 0.7110961650547686,
      "answer_2": 0.59531891541301,
      "answer_3": 0.7970877650333366,
      "answer_4": 0.39908823920950903,
      "answer_5": 0.5596486102669912,
      "answer_6": 0.5424301689950164
    },
    "query_4": {
      "answer_1": 0.4410860046016654,
      "answer_2": 0.3990902920177701,
      "answer_3": 0.42539521874289377,
      "answer_4": 0.8082772754438349,
      "answer_5": 0.4347378445100515,
      "answer_6": 0.3929556194193591
    },
    "query_5": {
      "answer_1": 0.6214580958840049,
      "answer_2": 0.5635378087925286,
      "answer_3": 0.5830600060823399,
      "answer_4": 0.42223635894708733,
      "answer_5": 0.8157255454840101,
      "answer_6": 0.6105664011678471
    },
    "query_6": {
      "answer_1": 0.6206119730052004,
      "answer_2": 0.615662275569928,
      "answer_3": 0.6480328252476864,
      "answer_4": 0.4361541778027314,
      "answer_5": 0.6683819019527317,
      "answer_6": 0.7930820213256383
    }
  }
}