{
  "entity": "Abraham Lincoln",
  "cosine_similarities": {
    "query_1": {
      "answer_1": 0.692318573089696,
      "answer_2": 0.5715926963635113,
      "answer_3": 0.6030217831567988,
      "answer_4": 0.49955820606335494,
      "answer_5": 0.4648725170301829,
      "answer_6": 0.537111419862809
    },
    "query_2": {
      "answer_1": 0.6032223602497719,
      "answer_2": 0.7767166956830354,
      "answer_3": 0.6307106795914204,
      "answer_4": 0.3913511357900955,
      "answer_5": 0.5000027283919933,
      "answer_6": 0.5249449154248322
    },
    "query_3": {
      "answer_1": 0.612549936652591,
      "answer_2": 0.5824935337075384,
      "answer_3": 0.7260077694906244,
      "answer_4": 0.4009129563817962,
      "answer_5": 0.45502329274886716,
      "answer_6": 0.5173310998371837
    },
    "query_4": {
      "answer_1": 0.45070271048250793,
      "answer_2": 0.39720981049618104,
      "answer_3": 0.40777569558283727,
      "answer_4": 0.6812030142900314,
      "answer_5": 0.3790038745956634,
      "answer_6": 0.32768840442453434
    },
    "query_5": {
      "answer_1": 0.523953988677152,
      "answer_2": 0.5734194734196123,
      "answer_3": 0.5504428929308579,
      "answer_4": 0.4516800404792584,
      "answer_5": 0.6940864933979594,
      "answer_6": 0.4707713958114276
    },
    "query_6": {
      "answer_1": 0.5831721687414178,
      "answer_2": 0.5933212249678721,
      "answer_3": 0.6346482611708627,
      "answer_4": 0.3988465400315092,
      "answer_5": 0.4668983212344685,
      "answer_6": 0.7467528521011968
    }
  }
}