{
  "entity": "Abraham Lincoln",
  "scores": {
    "query_1": {
      "answer_1": 4.878206678008533,
      "answer_2": 2.1881471455664143,
      "answer_3": 2.0279853484195303,
      "answer_4": 1.1772998350969701,
      "answer_5": 1.1020823403859366,
      "answer_6": 2.3599159700331946
    },
    "query_2": {
      "answer_1": 0.9676681016197164,
      "answer_2": 6.896001175658133,
      "answer_3": 1.0052944805975779,
      "answer_4": 1.8336140130846914,
      "answer_5": 0.7425540217211059,
      "answer_6": 1.2931406706924886
    },
    "query_3": {
      "answer_1": 3.4700174779642166,
      "answer_2": 3.627469785298501,
      "answer_3": 9.281585738606731,
      "answer_4": 2.020781925263331,
      "answer_5": 2.894299994032026,
      "answer_6": 1.8043603524912235
    },
    "query_4": {
      "answer_1": 0.8860580954297675,
      "answer_2": 0.6608840960551069,
      "answer_3": 0.8302259177814393,
      "answer_4": 6.298041087102167,
      "answer_5": 0.7757699561294897,
      "answer_6": 0.8515998361743946
    },
    "query_5": {
      "answer_1": 2.366323055261256,
      "answer_2": 2.3476148008860296,
      "answer_3": 3.2063857139715557,
      "answer_4": 1.4232681462451442,
      "answer_5": 3.3684316531910774,
      "answer_6": 3.1150934438180373
    },
    "query_6": {
      "answer_1": 2.1196573600185995,
      "answer_2": 2.3935840273452347,
      "answer_3": 2.6038926917961924,
      "answer_4": 1.381638722266868,
      "answer_5": 1.203665938705862,
      "answer_6": 8.302896064515451
    }
  }
}