{
  "entity": "Abraham Lincoln",
  "scores": {
    "query_1": {
      "answer_1": 3.2378295571268882,
      "answer_2": 1.9553483056479668,
      "answer_3": 2.472085916270516,
      "answer_4": 2.5825627222811236,
      "answer_5": 3.4579447590215278,
      "answer_6": 1.9041911610733022
    },
    "query_2": {
      "answer_1": 3.098023389580403,
      "answer_2": 7.823578363600184,
      "answer_3": 2.5697451440304255,
      "answer_4": 1.736058328362855,
      "answer_5": 1.6729895361393718,
      "answer_6": 1.9032126557687843
    },
    "query_3": {
      "answer_1": 3.671782118430155,
      "answer_2": 2.8163634282140326,
      "answer_3": 7.571984743326117,
      "answer_4": 4.112650219972281,
      "answer_5": 4.770158124562007,
      "answer_6": 2.256811254326202
    },
    "query_4": {
      "answer_1": 2.0881249685157286,
      "answer_2": 1.0961485017609345,
      "answer_3": 1.3863874543876258,
      "answer_4": 7.769946251570788,
      "answer_5": 2.175701730533078,
      "answer_6": 1.784747947402042
    },
    "query_5": {
      "answer_1": 4.034838916910312,
      "answer_2": 2.4833436404035196,
      "answer_3": 3.8012406342692433,
      "answer_4": 2.4104008961727086,
      "answer_5": 7.307468756919534,
      "answer_6": 2.0010308061540734
    },
    "query_6": {
      "answer_1": 4.067680627288963,
      "answer_2": 3.212571225089353,
      "answer_3": 2.702956174163715,
      "answer_4": 3.0658775207786717,
      "answer_5": 4.520091315267214,
      "answer_6": 6.682905264949998
    }
  }
}