{
  "entity": "Abraham Lincoln",
  "scores": {
    "query_1": {
      "answer_1": 6.545667390626479,
      "answer_2": 2.8867337217563533,
      "answer_3": 3.2099011511936144,
      "answer_4": 4.890689764786859,
      "answer_5": 2.690858280177046,
      "answer_6": 2.458794707829556
    },
    "query_2": {
      "answer_1": 1.9045792000630102,
      "answer_2": 8.017742482183115,
      "answer_3": 2.2373057044485436,
      "answer_4": 2.870328497804127,
      "answer_5": 1.5616150343225599,
      "answer_6": 1.132213753152498
    },
    "query_3": {
      "answer_1": 8.072723286350374,
      "answer_2": 4.799975491301836,
      "answer_3": 13.019237405476456,
      "answer_4": 5.274765578975512,
      "answer_5": 4.897989560256044,
      "answer_6": 3.915009977036841
    },
    "query_4": {
      "answer_1": 3.634365050550933,
      "answer_2": 3.793063016802711,
      "answer_3": 3.805549455937964,
      "answer_4": 6.880469839685229,
      "answer_5": 3.0075231491720884,
      "answer_6": 3.7166026222896185
    },
    "query_5": {
      "answer_1": 3.815027644985722,
      "answer_2": 4.022784955243693,
      "answer_3": 5.475377375799914,
      "answer_4": 4.957954799280534,
      "answer_5": 8.87104159252285,
      "answer_6": 3.882740632521413
    },
    "query_6": {
      "answer_1": 5.959047688663125,
      "answer_2": 5.226767386926754,
      "answer_3": 6.539943919957647,
      "answer_4": 4.556400061297652,
      "answer_5": 5.5168741124805605,
      "answer_6": 6.629901081586403
    }
  }
}