{
  "entity": "George Washington",
  "cosine_similarities": {
    "query_1": {
      "answer_1": 0.8841976655435906,
      "answer_2": 0.8411739300865879,
      "answer_3": 0.8670313548033471,
      "answer_4": 0.857612747051992,
      "answer_5": 0.8783690028226242,
      "answer_6": 0.843868004283632
    },
    "query_2": {
      "answer_1": 0.8689731871793854,
      "answer_2": 0.8949995460566313,
      "answer_3": 0.8723323025062167,
      "answer_4": 0.8641024079805286,
      "answer_5": 0.8702416152788801,
      "answer_6": 0.8594708693120849
    },
    "query_3": {
      "answer_1": 0.8742276006520856,
      "answer_2": 0.8295103955760762,
      "answer_3": 0.8956253364924895,
      "answer_4": 0.8427970926417698,
      "answer_5": 0.8574621757820776,
      "answer_6": 0.8219500392703982
    },
    "query_4": {
      "answer_1": 0.8514901486484353,
      "answer_2": 0.8198236258417764,
      "answer_3": 0.8401328834005652,
      "answer_4": 0.8952865701262499,
      "answer_5": 0.8511714174147224,
      "answer_6": 0.8280167443238045
    },
    "query_5": {
      "answer_1": 0.8695180595080578,
      "answer_2": 0.823584974557531,
      "answer_3": 0.8621865142031085,
      "answer_4": 0.8584591078515046,
      "answer_5": 0.921216255612267,
      "answer_6": 0.8473087071786618
    },
    "query_6": {
      "answer_1": 0.8640688654479143,
      "answer_2": 0.8545782795436898,
      "answer_3": 0.8546340284030991,
      "answer_4": 0.8557432510821198,
      "answer_5": 0.877788314260794,
      "answer_6": 0.9122928165154837
    }
  }
}