{
  "entity": "George Washington",
  "cosine_similarities": {
    "query_1": {
      "answer_1": 0.8984041951261682,
      "answer_2": 0.8350564092485576,
      "answer_3": 0.8714595833980976,
      "answer_4": 0.8514679701846444,
      "answer_5": 0.8839054672438985,
      "answer_6": 0.8520283869761455
    },
    "query_2": {
      "answer_1": 0.8633181555638897,
      "answer_2": 0.9072524474122098,
      "answer_3": 0.8274453013501282,
      "answer_4": 0.8411881900577012,
      "answer_5": 0.8573529157043769,
      "answer_6": 0.8229799445758775
    },
    "query_3": {
      "answer_1": 0.8816506116071826,
      "answer_2": 0.8115566829283277,
      "answer_3": 0.9151367185126434,
      "answer_4": 0.8244758695583664,
      "answer_5": 0.8509442474087716,
      "answer_6": 0.8265391062379737
    },
    "query_4": {
      "answer_1": 0.864118120201642,
      "answer_2": 0.8216224195855324,
      "answer_3": 0.8430072288104514,
      "answer_4": 0.9082474672930366,
      "answer_5": 0.8520453994538343,
      "answer_6": 0.8531138872504624
    },
    "query_5": {
      "answer_1": 0.8917899198747209,
      "answer_2": 0.8313057027936769,
      "answer_3": 0.8677191365684659,
      "answer_4": 0.866039330550545,
      "answer_5": 0.9238541260035856,
      "answer_6": 0.8525151419105016
    },
    "query_6": {
      "answer_1": 0.8785419984206827,
      "answer_2": 0.8498436010778149,
      "answer_3": 0.8530980616234684,
      "answer_4": 0.8780625104588208,
      "answer_5": 0.8743053601684092,
      "answer_6": 0.914077528495209
    }
  }
}