{
  "entity": "George Washington",
  "cosine_similarities": {
    "query_1": {
      "answer_1": 0.8711008343829247,
      "answer_2": 0.8541001920312421,
      "answer_3": 0.8620793765093527,
      "answer_4": 0.8429703883574521,
      "answer_5": 0.87897885189695,
      "answer_6": 0.8283447046168816
    },
    "query_2": {
      "answer_1": 0.8587216392758115,
      "answer_2": 0.9059333319395176,
      "answer_3": 0.8620595843550556,
      "answer_4": 0.8474639670131254,
      "answer_5": 0.8747484560284678,
      "answer_6": 0.8494906539670323
    },
    "query_3": {
      "answer_1": 0.8737170940843817,
      "answer_2": 0.8432814792691368,
      "answer_3": 0.9047877152849663,
      "answer_4": 0.8291519088157097,
      "answer_5": 0.8467722820037262,
      "answer_6": 0.796666568819423
    },
    "query_4": {
      "answer_1": 0.8307391521241088,
      "answer_2": 0.8316908661448433,
      "answer_3": 0.8315166550270129,
      "answer_4": 0.905544788416623,
      "answer_5": 0.8503952750324449,
      "answer_6": 0.8294305138200306
    },
    "query_5": {
      "answer_1": 0.8546192485959835,
      "answer_2": 0.838793881620231,
      "answer_3": 0.8492547431074245,
      "answer_4": 0.8517765399983226,
      "answer_5": 0.9338548671184136,
      "answer_6": 0.8279312108747868
    },
    "query_6": {
      "answer_1": 0.8410294578300056,
      "answer_2": 0.8311608330018871,
      "answer_3": 0.8106736801635543,
      "answer_4": 0.8196778271800518,
      "answer_5": 0.8457377203132505,
      "answer_6": 0.9412776984064464
    }
  }
}