{
  "entity": "Napoleon Bonaparte",
  "cosine_similarities": {
    "query_1": {
      "answer_1": 0.8447400510148241,
      "answer_2": 0.577258675116484,
      "answer_3": 0.58558311006582,
      "answer_4": 0.5397482432276044,
      "answer_5": 0.6463067576229419,
      "answer_6": 0.4917681804440264
    },
    "query_2": {
      "answer_1": 0.514258858445314,
      "answer_2": 0.8888277447009677,
      "answer_3": 0.6402309501984935,
      "answer_4": 0.558418268095321,
      "answer_5": 0.5779565314536155,
      "answer_6": 0.6076642451555372
    },
    "query_3": {
      "answer_1": 0.6259086057940799,
      "answer_2": 0.6828173731773799,
      "answer_3": 0.8631083927077902,
      "answer_4": 0.6645936795289764,
      "answer_5": 0.5593414192419782,
      "answer_6": 0.6002739363971257
    },
    "query_4": {
      "answer_1": 0.5164613468065725,
      "answer_2": 0.5492172548608556,
      "answer_3": 0.6531106764889811,
      "answer_4": 0.854382404651163,
      "answer_5": 0.558555438794315,
      "answer_6": 0.6553218436857989
    },
    "query_5": {
      "answer_1": 0.6232996405973769,
      "answer_2": 0.6007524071049207,
      "answer_3": 0.5679126196165973,
      "answer_4": 0.5892548236574227,
      "answer_5": 0.8369280107500485,
      "answer_6": 0.5778851345647854
    },
    "query_6": {
      "answer_1": 0.48311348117723824,
      "answer_2": 0.5825027561964622,
      "answer_3": 0.5632043390832678,
      "answer_4": 0.6568269541578095,
      "answer_5": 0.5561841447206379,
      "answer_6": 0.8313584981208498
    }
  }
}