{
  "entity": "Napoleon Bonaparte",
  "cosine_similarities": {
    "query_1": {
      "answer_1": 0.8352430053333654,
      "answer_2": 0.5658649770906415,
      "answer_3": 0.5548150668593097,
      "answer_4": 0.5081912714594413,
      "answer_5": 0.6151758567398539,
      "answer_6": 0.5068306853787049
    },
    "query_2": {
      "answer_1": 0.5137480419715531,
      "answer_2": 0.8592319921527053,
      "answer_3": 0.5438239711488905,
      "answer_4": 0.5538661868676,
      "answer_5": 0.5298657996355842,
      "answer_6": 0.646581450915505
    },
    "query_3": {
      "answer_1": 0.5810779908595259,
      "answer_2": 0.6438419289092564,
      "answer_3": 0.8337883886602088,
      "answer_4": 0.6020848370481361,
      "answer_5": 0.4677975710719115,
      "answer_6": 0.538207234731071
    },
    "query_4": {
      "answer_1": 0.4992970381742455,
      "answer_2": 0.5663394466963663,
      "answer_3": 0.6272133236761204,
      "answer_4": 0.8215593538818522,
      "answer_5": 0.5273245346411466,
      "answer_6": 0.6233648553465387
    },
    "query_5": {
      "answer_1": 0.5357167793801277,
      "answer_2": 0.5629863907433812,
      "answer_3": 0.4531357387149163,
      "answer_4": 0.5218364934581938,
      "answer_5": 0.8440225158952125,
      "answer_6": 0.544981090738932
    },
    "query_6": {
      "answer_1": 0.5087067269477284,
      "answer_2": 0.6855057632102728,
      "answer_3": 0.5216766301047205,
      "answer_4": 0.5738540889265377,
      "answer_5": 0.5552410609457574,
      "answer_6": 0.8129608270877702
    }
  }
}