{
  "entity": "Napoleon Bonaparte",
  "cosine_similarities": {
    "query_1": {
      "answer_1": 0.8379510708347644,
      "answer_2": 0.5689418123020362,
      "answer_3": 0.5716917517639479,
      "answer_4": 0.5037260236903284,
      "answer_5": 0.5063584743190808,
      "answer_6": 0.47559273669420954
    },
    "query_2": {
      "answer_1": 0.5013161281243963,
      "answer_2": 0.866546290607136,
      "answer_3": 0.5957230915463986,
      "answer_4": 0.5620131508360955,
      "answer_5": 0.41304369391567924,
      "answer_6": 0.5502970703588256
    },
    "query_3": {
      "answer_1": 0.6441344652790238,
      "answer_2": 0.6860856169646697,
      "answer_3": 0.820429721784737,
      "answer_4": 0.6222497009104858,
      "answer_5": 0.4563569957924376,
      "answer_6": 0.5623766051256606
    },
    "query_4": {
      "answer_1": 0.5412823562018688,
      "answer_2": 0.5593661285178054,
      "answer_3": 0.6198249871183195,
      "answer_4": 0.7945637946667385,
      "answer_5": 0.4367688811762405,
      "answer_6": 0.5658382476520449
    },
    "query_5": {
      "answer_1": 0.5275209404196639,
      "answer_2": 0.554851031818763,
      "answer_3": 0.5007472124353495,
      "answer_4": 0.5232299071779285,
      "answer_5": 0.8189590182478531,
      "answer_6": 0.45537030175033727
    },
    "query_6": {
      "answer_1": 0.5359152648694105,
      "answer_2": 0.6710605886742708,
      "answer_3": 0.5809497123850775,
      "answer_4": 0.699641814409493,
      "answer_5": 0.4300635761270547,
      "answer_6": 0.7775677819623367
    }
  }
}