{
  "entity": "Napoleon Bonaparte",
  "cosine_similarities": {
    "query_1": {
      "answer_1": 0.8463419418839507,
      "answer_2": 0.5518019820698179,
      "answer_3": 0.5950450537609063,
      "answer_4": 0.5093226829476601,
      "answer_5": 0.5448238317947965,
      "answer_6": 0.5098416159602813
    },
    "query_2": {
      "answer_1": 0.5206667022040222,
      "answer_2": 0.8847355300038939,
      "answer_3": 0.6112634951120254,
      "answer_4": 0.5794107277595514,
      "answer_5": 0.47529254893613454,
      "answer_6": 0.6647782362256561
    },
    "query_3": {
      "answer_1": 0.5913270157452505,
      "answer_2": 0.6200119159606825,
      "answer_3": 0.8246601609738964,
      "answer_4": 0.6356452314556819,
      "answer_5": 0.4459254300111707,
      "answer_6": 0.5407500616682683
    },
    "query_4": {
      "answer_1": 0.5138073076881875,
      "answer_2": 0.5425149049230134,
      "answer_3": 0.6509813526684979,
      "answer_4": 0.8280098761360426,
      "answer_5": 0.5107969550391921,
      "answer_6": 0.5899432175308758
    },
    "query_5": {
      "answer_1": 0.5664987380077908,
      "answer_2": 0.5146868699301597,
      "answer_3": 0.4941920833262352,
      "answer_4": 0.5328359239004635,
      "answer_5": 0.8738118849864455,
      "answer_6": 0.5035976565686423
    },
    "query_6": {
      "answer_1": 0.509279709506449,
      "answer_2": 0.6288470942436031,
      "answer_3": 0.562535672685761,
      "answer_4": 0.6134898949311607,
      "answer_5": 0.49097342688301815,
      "answer_6": 0.8728670677024248
    }
  }
}