{
  "entity": "Napoleon Bonaparte",
  "cosine_similarities": {
    "query_1": {
      "answer_1": 0.8767605467329742,
      "answer_2": 0.572351939976581,
      "answer_3": 0.5155525475390146,
      "answer_4": 0.5098465471240626,
      "answer_5": 0.5534426664865273,
      "answer_6": 0.49547911086680285
    },
    "query_2": {
      "answer_1": 0.6396721166283775,
      "answer_2": 0.8905222170715765,
      "answer_3": 0.5670999402306849,
      "answer_4": 0.48908030162189214,
      "answer_5": 0.5494670817794478,
      "answer_6": 0.565658362130375
    },
    "query_3": {
      "answer_1": 0.5832701500885549,
      "answer_2": 0.5933968443794385,
      "answer_3": 0.8320005165813716,
      "answer_4": 0.5450095253654422,
      "answer_5": 0.4631800473538104,
      "answer_6": 0.43127545987382004
    },
    "query_4": {
      "answer_1": 0.5541748603465163,
      "answer_2": 0.5207231608452434,
      "answer_3": 0.6019766239336005,
      "answer_4": 0.8628465921504656,
      "answer_5": 0.5208578787163162,
      "answer_6": 0.5447360807758911
    },
    "query_5": {
      "answer_1": 0.6030554088375614,
      "answer_2": 0.5771561212510996,
      "answer_3": 0.5254204488314657,
      "answer_4": 0.5144922798730055,
      "answer_5": 0.8383303558635417,
      "answer_6": 0.4963925492839324
    },
    "query_6": {
      "answer_1": 0.6119041317201943,
      "answer_2": 0.6153424504166737,
      "answer_3": 0.5188795827128025,
      "answer_4": 0.618449063776513,
      "answer_5": 0.5658838821464708,
      "answer_6": 0.8435883987008403
    }
  }
}