{
  "entity": "Napoleon Bonaparte",
  "cosine_similarities": {
    "query_1": {
      "answer_1": 0.900212471002207,
      "answer_2": 0.5627131675803162,
      "answer_3": 0.6298653326307118,
      "answer_4": 0.5007432564532667,
      "answer_5": 0.6383688877899567,
      "answer_6": 0.4748236073523785
    },
    "query_2": {
      "answer_1": 0.5811995004511397,
      "answer_2": 0.8608146015937115,
      "answer_3": 0.6527146020474178,
      "answer_4": 0.5558038932820666,
      "answer_5": 0.5994253997312599,
      "answer_6": 0.5841623900409502
    },
    "query_3": {
      "answer_1": 0.6480603535902923,
      "answer_2": 0.6781700432512633,
      "answer_3": 0.8599781022838686,
      "answer_4": 0.6074033210532589,
      "answer_5": 0.591763679994384,
      "answer_6": 0.5771417693481837
    },
    "query_4": {
      "answer_1": 0.5286328170246135,
      "answer_2": 0.5554402755055664,
      "answer_3": 0.6645996781196503,
      "answer_4": 0.8212252805791206,
      "answer_5": 0.5617997917186842,
      "answer_6": 0.6518493867308534
    },
    "query_5": {
      "answer_1": 0.6651408341849011,
      "answer_2": 0.5883944510223231,
      "answer_3": 0.6140041616121789,
      "answer_4": 0.5684528453066945,
      "answer_5": 0.8557274382080965,
      "answer_6": 0.5959155691985619
    },
    "query_6": {
      "answer_1": 0.5152466421294233,
      "answer_2": 0.5775307347445824,
      "answer_3": 0.6096618373729434,
      "answer_4": 0.6599232150578738,
      "answer_5": 0.5704164417053673,
      "answer_6": 0.8376713517245521
    }
  }
}