{
  "entity": "Napoleon Bonaparte",
  "cosine_similarities": {
    "query_1": {
      "answer_1": 0.8831979217611038,
      "answer_2": 0.5701623351791927,
      "answer_3": 0.574170766706706,
      "answer_4": 0.5218544347795971,
      "answer_5": 0.6376400729901647,
      "answer_6": 0.4900294279940701
    },
    "query_2": {
      "answer_1": 0.6190529892643116,
      "answer_2": 0.8846729323628022,
      "answer_3": 0.6227086003653706,
      "answer_4": 0.6361437845826718,
      "answer_5": 0.5572752267694033,
      "answer_6": 0.5753109718234739
    },
    "query_3": {
      "answer_1": 0.5616236612876887,
      "answer_2": 0.648495986129617,
      "answer_3": 0.822622927754718,
      "answer_4": 0.6955672881600321,
      "answer_5": 0.5166148209179153,
      "answer_6": 0.5465556116592628
    },
    "query_4": {
      "answer_1": 0.5428492255938517,
      "answer_2": 0.6417974970915074,
      "answer_3": 0.6880444089498549,
      "answer_4": 0.8294025596131784,
      "answer_5": 0.563472236023482,
      "answer_6": 0.6314350760729907
    },
    "query_5": {
      "answer_1": 0.5883120799617476,
      "answer_2": 0.576184982860064,
      "answer_3": 0.5412983427468745,
      "answer_4": 0.5502660852209795,
      "answer_5": 0.8661042248938261,
      "answer_6": 0.526477419440726
    },
    "query_6": {
      "answer_1": 0.534631981878022,
      "answer_2": 0.5739529605890662,
      "answer_3": 0.5707017448284695,
      "answer_4": 0.6635644968502763,
      "answer_5": 0.557666345661846,
      "answer_6": 0.8356326636034321
    }
  }
}