{
  "entity": "Napoleon Bonaparte",
  "cosine_similarities": {
    "query_1": {
      "answer_1": 0.8866003761120634,
      "answer_2": 0.549746830059297,
      "answer_3": 0.5703599722757954,
      "answer_4": 0.475526461189286,
      "answer_5": 0.5445304706324301,
      "answer_6": 0.5157536634279442
    },
    "query_2": {
      "answer_1": 0.5795783454112179,
      "answer_2": 0.8905987597216692,
      "answer_3": 0.5879342863697525,
      "answer_4": 0.5433630610820197,
      "answer_5": 0.4970600902444477,
      "answer_6": 0.6537695861303947
    },
    "query_3": {
      "answer_1": 0.5744655787396887,
      "answer_2": 0.6096302082798657,
      "answer_3": 0.8217236387813937,
      "answer_4": 0.5952306743832907,
      "answer_5": 0.4329349185782765,
      "answer_6": 0.5419671358884296
    },
    "query_4": {
      "answer_1": 0.4812318082705738,
      "answer_2": 0.5121380629580732,
      "answer_3": 0.6526287846994834,
      "answer_4": 0.8104098551234334,
      "answer_5": 0.5066601795884309,
      "answer_6": 0.6636772731198277
    },
    "query_5": {
      "answer_1": 0.5834870406864212,
      "answer_2": 0.5362524866672652,
      "answer_3": 0.5156083124745022,
      "answer_4": 0.5228512838336282,
      "answer_5": 0.8608992846090474,
      "answer_6": 0.5704507391689042
    },
    "query_6": {
      "answer_1": 0.5274354961425636,
      "answer_2": 0.6085140204810747,
      "answer_3": 0.5456033097447428,
      "answer_4": 0.5898700197900439,
      "answer_5": 0.5207072132261379,
      "answer_6": 0.8338299122709087
    }
  }
}