{
  "entity": "Napoleon Bonaparte",
  "cosine_similarities": {
    "query_1": {
      "answer_1": 0.8335732321958907,
      "answer_2": 0.5621827909837681,
      "answer_3": 0.5927611323407952,
      "answer_4": 0.5077040846384867,
      "answer_5": 0.6353536293728604,
      "answer_6": 0.5308630239882004
    },
    "query_2": {
      "answer_1": 0.5279449955927699,
      "answer_2": 0.8969020251960643,
      "answer_3": 0.6417997053910226,
      "answer_4": 0.5361983652629351,
      "answer_5": 0.5290572187311796,
      "answer_6": 0.6310310329213022
    },
    "query_3": {
      "answer_1": 0.6039369419683899,
      "answer_2": 0.6748967175745518,
      "answer_3": 0.8525083467541442,
      "answer_4": 0.571773494742002,
      "answer_5": 0.5046925885356065,
      "answer_6": 0.5557862733063884
    },
    "query_4": {
      "answer_1": 0.5332540341116025,
      "answer_2": 0.4969814609844064,
      "answer_3": 0.6168590834504747,
      "answer_4": 0.7916160820479018,
      "answer_5": 0.5514200868277203,
      "answer_6": 0.6278201779767556
    },
    "query_5": {
      "answer_1": 0.5745875628488506,
      "answer_2": 0.5212580085104487,
      "answer_3": 0.5297542196820928,
      "answer_4": 0.514591295745408,
      "answer_5": 0.85886316092644,
      "answer_6": 0.5652481949232204
    },
    "query_6": {
      "answer_1": 0.537232112563229,
      "answer_2": 0.5980460740609291,
      "answer_3": 0.5834218743944206,
      "answer_4": 0.6029005203076742,
      "answer_5": 0.5776877136011555,
      "answer_6": 0.8584285229944355
    }
  }
}