{
  "entity": "Napoleon Bonaparte",
  "cosine_similarities": {
    "query_1": {
      "answer_1": 0.8948312564880817,
      "answer_2": 0.5684202921233493,
      "answer_3": 0.5578016862582663,
      "answer_4": 0.5151342996643042,
      "answer_5": 0.6405970337387434,
      "answer_6": 0.5030678752354752
    },
    "query_2": {
      "answer_1": 0.5099287348807543,
      "answer_2": 0.8662771416792433,
      "answer_3": 0.6155172929031407,
      "answer_4": 0.5182612668495796,
      "answer_5": 0.5458173285270218,
      "answer_6": 0.5557991477387584
    },
    "query_3": {
      "answer_1": 0.6253841359261048,
      "answer_2": 0.6913039121330529,
      "answer_3": 0.8074075838781017,
      "answer_4": 0.6294580851287012,
      "answer_5": 0.5688343870360997,
      "answer_6": 0.5784647608396166
    },
    "query_4": {
      "answer_1": 0.496562225290961,
      "answer_2": 0.558198841660234,
      "answer_3": 0.5665803627364735,
      "answer_4": 0.7684681510830038,
      "answer_5": 0.5300544558197353,
      "answer_6": 0.607577552914122
    },
    "query_5": {
      "answer_1": 0.610262986001615,
      "answer_2": 0.6158428468818705,
      "answer_3": 0.5194928313335982,
      "answer_4": 0.5476262072906722,
      "answer_5": 0.7795814780682898,
      "answer_6": 0.5644890048181125
    },
    "query_6": {
      "answer_1": 0.4619448842055384,
      "answer_2": 0.5858172095241825,
      "answer_3": 0.5020730061663929,
      "answer_4": 0.6057614435084938,
      "answer_5": 0.5078310757999257,
      "answer_6": 0.7512167621794875
    }
  }
}