{
  "entity": "Napoleon Bonaparte",
  "cosine_similarities": {
    "query_1": {
      "answer_1": 0.8802282580021209,
      "answer_2": 0.5428136510915597,
      "answer_3": 0.5927547412261568,
      "answer_4": 0.5031581625675116,
      "answer_5": 0.6504670298310711,
      "answer_6": 0.4855402146069774
    },
    "query_2": {
      "answer_1": 0.5743243372190016,
      "answer_2": 0.8770551558708543,
      "answer_3": 0.629533623809888,
      "answer_4": 0.5542291315460148,
      "answer_5": 0.5650000281681644,
      "answer_6": 0.597838962287991
    },
    "query_3": {
      "answer_1": 0.6565612697911724,
      "answer_2": 0.6561956175929975,
      "answer_3": 0.841783265388116,
      "answer_4": 0.6464993990503503,
      "answer_5": 0.5695861166058863,
      "answer_6": 0.5798169107505385
    },
    "query_4": {
      "answer_1": 0.5425982994995272,
      "answer_2": 0.5269048410977194,
      "answer_3": 0.6811786677564082,
      "answer_4": 0.7920353457217321,
      "answer_5": 0.5503363546004539,
      "answer_6": 0.6464449434615221
    },
    "query_5": {
      "answer_1": 0.6719233598534107,
      "answer_2": 0.5961114677267965,
      "answer_3": 0.5741964182481138,
      "answer_4": 0.5312939977344846,
      "answer_5": 0.8395180959933148,
      "answer_6": 0.5916422674984984
    },
    "query_6": {
      "answer_1": 0.5000039613541613,
      "answer_2": 0.5466823601397931,
      "answer_3": 0.5750394516368041,
      "answer_4": 0.6130501934354399,
      "answer_5": 0.5120702360910472,
      "answer_6": 0.8312873548625654
    }
  }
}