{
  "entity": "Napoleon Bonaparte",
  "cosine_similarities": {
    "query_1": {
      "answer_1": 0.9121188017504681,
      "answer_2": 0.5656664774672312,
      "answer_3": 0.5882756383256807,
      "answer_4": 0.5201317925118777,
      "answer_5": 0.6626702973382709,
      "answer_6": 0.48875403550422764
    },
    "query_2": {
      "answer_1": 0.5801622460199167,
      "answer_2": 0.8880615136997239,
      "answer_3": 0.6712683258834644,
      "answer_4": 0.5427038117128048,
      "answer_5": 0.5954528282091069,
      "answer_6": 0.6023429253536401
    },
    "query_3": {
      "answer_1": 0.6485486553556455,
      "answer_2": 0.6768248874774478,
      "answer_3": 0.856733772991224,
      "answer_4": 0.6241387866673743,
      "answer_5": 0.5888115878257231,
      "answer_6": 0.5925451436485542
    },
    "query_4": {
      "answer_1": 0.5556999386072616,
      "answer_2": 0.5493722466550877,
      "answer_3": 0.6853984146125283,
      "answer_4": 0.8315346703046405,
      "answer_5": 0.5499571423745515,
      "answer_6": 0.6482505305544424
    },
    "query_5": {
      "answer_1": 0.6742208946728668,
      "answer_2": 0.597292643764846,
      "answer_3": 0.5715936175922275,
      "answer_4": 0.5755679762416331,
      "answer_5": 0.8601861642527266,
      "answer_6": 0.5751971249598359
    },
    "query_6": {
      "answer_1": 0.503667683761046,
      "answer_2": 0.570505699014623,
      "answer_3": 0.5654816019061926,
      "answer_4": 0.6398158083820763,
      "answer_5": 0.5465512287388993,
      "answer_6": 0.8232025598755544
    }
  }
}