{
  "entity": "Napoleon Bonaparte",
  "cosine_similarities": {
    "query_1": {
      "answer_1": 0.863456094692068,
      "answer_2": 0.5706467251829092,
      "answer_3": 0.5912002947877535,
      "answer_4": 0.5199074750491494,
      "answer_5": 0.6297973418511404,
      "answer_6": 0.5372326285419035
    },
    "query_2": {
      "answer_1": 0.5417140490137212,
      "answer_2": 0.8724731213269147,
      "answer_3": 0.6516165243081528,
      "answer_4": 0.4873914024609624,
      "answer_5": 0.5307818039292599,
      "answer_6": 0.6461824454887369
    },
    "query_3": {
      "answer_1": 0.5643648546643912,
      "answer_2": 0.6941463000587008,
      "answer_3": 0.8394676518380465,
      "answer_4": 0.6137188549542518,
      "answer_5": 0.5226058017720082,
      "answer_6": 0.6189220890130129
    },
    "query_4": {
      "answer_1": 0.532304126246976,
      "answer_2": 0.5441713252993321,
      "answer_3": 0.6126873267408558,
      "answer_4": 0.7774966992445507,
      "answer_5": 0.548401258729324,
      "answer_6": 0.5952093319934905
    },
    "query_5": {
      "answer_1": 0.5844276595258786,
      "answer_2": 0.5627744330448416,
      "answer_3": 0.5630629445652008,
      "answer_4": 0.5043022009143701,
      "answer_5": 0.8402008052134384,
      "answer_6": 0.5678952723882498
    },
    "query_6": {
      "answer_1": 0.5296942562552287,
      "answer_2": 0.6625783171885867,
      "answer_3": 0.6033824755245488,
      "answer_4": 0.5266452320568178,
      "answer_5": 0.5357711938620957,
      "answer_6": 0.8477596716633504
    }
  }
}