{
  "entity": "Napoleon Bonaparte",
  "cosine_similarities": {
    "query_1": {
      "answer_1": 0.8074530500198288,
      "answer_2": 0.5601120122746233,
      "answer_3": 0.5854596874574788,
      "answer_4": 0.5130218274080014,
      "answer_5": 0.6284937138335723,
      "answer_6": 0.5261962069167809
    },
    "query_2": {
      "answer_1": 0.5049376665624049,
      "answer_2": 0.8701310780112881,
      "answer_3": 0.5627599862920674,
      "answer_4": 0.571978675153799,
      "answer_5": 0.5233560964379822,
      "answer_6": 0.6688187962951441
    },
    "query_3": {
      "answer_1": 0.6303438037695512,
      "answer_2": 0.6608267038006829,
      "answer_3": 0.8158174369682718,
      "answer_4": 0.6179688829904414,
      "answer_5": 0.5279278902977297,
      "answer_6": 0.6254526001712456
    },
    "query_4": {
      "answer_1": 0.5214353977054325,
      "answer_2": 0.541125055644774,
      "answer_3": 0.606418962756251,
      "answer_4": 0.827714987935712,
      "answer_5": 0.526429633006752,
      "answer_6": 0.6373238767345708
    },
    "query_5": {
      "answer_1": 0.5566858273844193,
      "answer_2": 0.5253978216328326,
      "answer_3": 0.5157540344986887,
      "answer_4": 0.522444909480761,
      "answer_5": 0.845211401736109,
      "answer_6": 0.5374533296497954
    },
    "query_6": {
      "answer_1": 0.5580452706364935,
      "answer_2": 0.6536495251422109,
      "answer_3": 0.5605163256038272,
      "answer_4": 0.6395838135109629,
      "answer_5": 0.5537403881941796,
      "answer_6": 0.8403328083172137
    }
  }
}