{
  "entity": "Napoleon Bonaparte",
  "cosine_similarities": {
    "query_1": {
      "answer_1": 0.8887805558394287,
      "answer_2": 0.5385788059006574,
      "answer_3": 0.5964106643478364,
      "answer_4": 0.5033490755822077,
      "answer_5": 0.530633004741383,
      "answer_6": 0.4600915551306786
    },
    "query_2": {
      "answer_1": 0.5533328377204644,
      "answer_2": 0.8655469026361908,
      "answer_3": 0.6494882361811619,
      "answer_4": 0.5301945887849911,
      "answer_5": 0.4868492776402277,
      "answer_6": 0.6416869893030877
    },
    "query_3": {
      "answer_1": 0.6442543574527951,
      "answer_2": 0.6656542146068467,
      "answer_3": 0.8203942375031286,
      "answer_4": 0.6235531438810729,
      "answer_5": 0.48770515117660257,
      "answer_6": 0.5987419636135063
    },
    "query_4": {
      "answer_1": 0.5277281588082093,
      "answer_2": 0.5438354845008949,
      "answer_3": 0.6995659960126508,
      "answer_4": 0.7895692430230652,
      "answer_5": 0.5073933092123624,
      "answer_6": 0.5990581573069549
    },
    "query_5": {
      "answer_1": 0.5611416776301543,
      "answer_2": 0.5053251672648985,
      "answer_3": 0.5354195134859431,
      "answer_4": 0.5235417920266261,
      "answer_5": 0.8565567435899181,
      "answer_6": 0.48654852279667377
    },
    "query_6": {
      "answer_1": 0.5341494148900401,
      "answer_2": 0.637175004507254,
      "answer_3": 0.6466107496693854,
      "answer_4": 0.6826859275926871,
      "answer_5": 0.507324658722083,
      "answer_6": 0.8572851804759812
    }
  }
}