{
  "entity": "Napoleon Bonaparte",
  "cosine_similarities": {
    "query_1": {
      "answer_1": 0.8913706562689746,
      "answer_2": 0.5499194224818195,
      "answer_3": 0.5691306342130314,
      "answer_4": 0.4960051238829644,
      "answer_5": 0.6405029452795562,
      "answer_6": 0.49351582915328673
    },
    "query_2": {
      "answer_1": 0.5577131503699391,
      "answer_2": 0.8590931298116502,
      "answer_3": 0.5978646586052829,
      "answer_4": 0.5401740842897956,
      "answer_5": 0.5726611270423341,
      "answer_6": 0.6705536003161318
    },
    "query_3": {
      "answer_1": 0.663044459723393,
      "answer_2": 0.658550847511619,
      "answer_3": 0.8175925874984973,
      "answer_4": 0.6032054034176021,
      "answer_5": 0.5602904355328564,
      "answer_6": 0.6120916765793228
    },
    "query_4": {
      "answer_1": 0.5116853081877245,
      "answer_2": 0.5450023063174299,
      "answer_3": 0.6808413162387059,
      "answer_4": 0.8137875524756928,
      "answer_5": 0.5596115564629578,
      "answer_6": 0.6508552387168164
    },
    "query_5": {
      "answer_1": 0.5934644454761108,
      "answer_2": 0.5201511523709604,
      "answer_3": 0.5242067805692116,
      "answer_4": 0.5257194047109638,
      "answer_5": 0.8583038853022662,
      "answer_6": 0.5312400047430266
    },
    "query_6": {
      "answer_1": 0.5763653035336258,
      "answer_2": 0.64892916964449,
      "answer_3": 0.6233195483026334,
      "answer_4": 0.6117347729151208,
      "answer_5": 0.5842236239684331,
      "answer_6": 0.8250644224760078
    }
  }
}