{
  "entity": "Napoleon Bonaparte",
  "cosine_similarities": {
    "query_1": {
      "answer_1": 0.8880414818938627,
      "answer_2": 0.5368538943871226,
      "answer_3": 0.575430999681232,
      "answer_4": 0.4924453471610069,
      "answer_5": 0.5658501036690172,
      "answer_6": 0.49217763798539504
    },
    "query_2": {
      "answer_1": 0.5597480887692288,
      "answer_2": 0.8883897029891239,
      "answer_3": 0.6098176168174695,
      "answer_4": 0.5800293805895768,
      "answer_5": 0.5095102878266472,
      "answer_6": 0.6481976359804522
    },
    "query_3": {
      "answer_1": 0.5882277300243561,
      "answer_2": 0.6001299946517764,
      "answer_3": 0.785479088001644,
      "answer_4": 0.630215235297857,
      "answer_5": 0.4490222845933693,
      "answer_6": 0.5179732521464975
    },
    "query_4": {
      "answer_1": 0.48932869372994,
      "answer_2": 0.5118084086755734,
      "answer_3": 0.6756085846655108,
      "answer_4": 0.8096686595354043,
      "answer_5": 0.5027072705794355,
      "answer_6": 0.6264243336896488
    },
    "query_5": {
      "answer_1": 0.5905541227541711,
      "answer_2": 0.5247852819852227,
      "answer_3": 0.5460809468523358,
      "answer_4": 0.5339273638524188,
      "answer_5": 0.8641562974876794,
      "answer_6": 0.5512947409133587
    },
    "query_6": {
      "answer_1": 0.509660701519701,
      "answer_2": 0.6078837800445267,
      "answer_3": 0.5749472111490608,
      "answer_4": 0.6061784184012953,
      "answer_5": 0.5127382798857852,
      "answer_6": 0.8566645948786245
    }
  }
}