{
  "entity": "Napoleon Bonaparte",
  "cosine_similarities": {
    "query_1": {
      "answer_1": 0.8355698093115723,
      "answer_2": 0.5570357303254909,
      "answer_3": 0.5928807958298045,
      "answer_4": 0.49261912401018637,
      "answer_5": 0.583841168831915,
      "answer_6": 0.4814406173254536
    },
    "query_2": {
      "answer_1": 0.5067297777266699,
      "answer_2": 0.8913966742250505,
      "answer_3": 0.6103353052589163,
      "answer_4": 0.5669979314248693,
      "answer_5": 0.5176236463223441,
      "answer_6": 0.6275180629530052
    },
    "query_3": {
      "answer_1": 0.5908129712136897,
      "answer_2": 0.6195732729266811,
      "answer_3": 0.8610380515428259,
      "answer_4": 0.6383442644327771,
      "answer_5": 0.46122196744533206,
      "answer_6": 0.5364593555850632
    },
    "query_4": {
      "answer_1": 0.5057894174876899,
      "answer_2": 0.5445727633623919,
      "answer_3": 0.6574784696472298,
      "answer_4": 0.8190806196424076,
      "answer_5": 0.5087325305908199,
      "answer_6": 0.6501207761537187
    },
    "query_5": {
      "answer_1": 0.5542583198949698,
      "answer_2": 0.5435890251566905,
      "answer_3": 0.49011009859637805,
      "answer_4": 0.5107909038946117,
      "answer_5": 0.870241600868909,
      "answer_6": 0.510259021541989
    },
    "query_6": {
      "answer_1": 0.4875955757254698,
      "answer_2": 0.6296101785160311,
      "answer_3": 0.5506908014616566,
      "answer_4": 0.6650953442307975,
      "answer_5": 0.49514438955731455,
      "answer_6": 0.8390523756593027
    }
  }
}