{
  "entity": "Napoleon Bonaparte",
  "cosine_similarities": {
    "query_1": {
      "answer_1": 0.8710093519362251,
      "answer_2": 0.5505435497060177,
      "answer_3": 0.5900531849783301,
      "answer_4": 0.4765700462511513,
      "answer_5": 0.6125195583055962,
      "answer_6": 0.5059942808055145
    },
    "query_2": {
      "answer_1": 0.5435278301398107,
      "answer_2": 0.8976396539560222,
      "answer_3": 0.6609248335261952,
      "answer_4": 0.4954199739806201,
      "answer_5": 0.53100587732094,
      "answer_6": 0.6102834419516945
    },
    "query_3": {
      "answer_1": 0.5902586723632401,
      "answer_2": 0.6616255181892884,
      "answer_3": 0.850668355484829,
      "answer_4": 0.5487572027752134,
      "answer_5": 0.49880060902729256,
      "answer_6": 0.5352549663804771
    },
    "query_4": {
      "answer_1": 0.5101136510728703,
      "answer_2": 0.4873182137185639,
      "answer_3": 0.6220635474316092,
      "answer_4": 0.8123204383385618,
      "answer_5": 0.5358002061076517,
      "answer_6": 0.6217425140782419
    },
    "query_5": {
      "answer_1": 0.5866322756451151,
      "answer_2": 0.5252089232615248,
      "answer_3": 0.5360544004891912,
      "answer_4": 0.47949604080845104,
      "answer_5": 0.8470354436287008,
      "answer_6": 0.5510860270118939
    },
    "query_6": {
      "answer_1": 0.5394573141936166,
      "answer_2": 0.6053876889737964,
      "answer_3": 0.5921894672112874,
      "answer_4": 0.5737711189684731,
      "answer_5": 0.5416593309829391,
      "answer_6": 0.86477744244471
    }
  }
}