{
  "entity": "Napoleon Bonaparte",
  "cosine_similarities": {
    "query_1": {
      "answer_1": 0.8824525252168128,
      "answer_2": 0.5648530619057647,
      "answer_3": 0.5620023330766352,
      "answer_4": 0.5223488208593982,
      "answer_5": 0.5447860123308979,
      "answer_6": 0.4406012155040568
    },
    "query_2": {
      "answer_1": 0.5105453358628042,
      "answer_2": 0.8937294860109481,
      "answer_3": 0.6450685823226803,
      "answer_4": 0.5624452975367323,
      "answer_5": 0.46004113023412724,
      "answer_6": 0.4022613531132018
    },
    "query_3": {
      "answer_1": 0.5350854611766134,
      "answer_2": 0.6254268647144682,
      "answer_3": 0.8910307383933128,
      "answer_4": 0.5763860942572764,
      "answer_5": 0.4825756563036338,
      "answer_6": 0.3549187397950207
    },
    "query_4": {
      "answer_1": 0.5192727171280938,
      "answer_2": 0.5625093432388534,
      "answer_3": 0.5937452864141294,
      "answer_4": 0.7742625698994934,
      "answer_5": 0.47847274961803726,
      "answer_6": 0.4892536356473759
    },
    "query_5": {
      "answer_1": 0.521034682737237,
      "answer_2": 0.4938444148305295,
      "answer_3": 0.5015153585520614,
      "answer_4": 0.5253338776240363,
      "answer_5": 0.8433844372198822,
      "answer_6": 0.38674232635020184
    },
    "query_6": {
      "answer_1": 0.5172471864279947,
      "answer_2": 0.5068936934679552,
      "answer_3": 0.4591316206650796,
      "answer_4": 0.6821420281027467,
      "answer_5": 0.45932192562877194,
      "answer_6": 0.8647138261061278
    }
  }
}