{
  "entity": "Napoleon Bonaparte",
  "cosine_similarities": {
    "query_1": {
      "answer_1": 0.8406697647571726,
      "answer_2": 0.570538633657912,
      "answer_3": 0.6025656589135041,
      "answer_4": 0.4699990904674295,
      "answer_5": 0.6269569304330127,
      "answer_6": 0.45250060834137745
    },
    "query_2": {
      "answer_1": 0.516959859442915,
      "answer_2": 0.8872848391965431,
      "answer_3": 0.6148690113187468,
      "answer_4": 0.5562857789401129,
      "answer_5": 0.6133093820869199,
      "answer_6": 0.43968649718455705
    },
    "query_3": {
      "answer_1": 0.6080874306632497,
      "answer_2": 0.6716820774981195,
      "answer_3": 0.8329657825255138,
      "answer_4": 0.6945035044307094,
      "answer_5": 0.5612039054437603,
      "answer_6": 0.44416952231768897
    },
    "query_4": {
      "answer_1": 0.5269755439040069,
      "answer_2": 0.5786363675093853,
      "answer_3": 0.7435988483134525,
      "answer_4": 0.8263032368717912,
      "answer_5": 0.571787059090622,
      "answer_6": 0.4832020599921324
    },
    "query_5": {
      "answer_1": 0.5995188569010389,
      "answer_2": 0.6487706669652616,
      "answer_3": 0.5594111967260867,
      "answer_4": 0.5267133099494328,
      "answer_5": 0.8668386284216161,
      "answer_6": 0.45598918216644396
    },
    "query_6": {
      "answer_1": 0.5026881904876085,
      "answer_2": 0.4672908139359278,
      "answer_3": 0.49322902457657153,
      "answer_4": 0.5091163930542348,
      "answer_5": 0.5196762867788343,
      "answer_6": 0.8561733886699416
    }
  }
}