{
  "entity": "Napoleon Bonaparte",
  "cosine_similarities": {
    "query_1": {
      "answer_1": 0.8498695497602716,
      "answer_2": 0.5687062343421143,
      "answer_3": 0.6098936343595891,
      "answer_4": 0.5050746894280451,
      "answer_5": 0.5989604172918568,
      "answer_6": 0.5091959473595357
    },
    "query_2": {
      "answer_1": 0.4536501917155593,
      "answer_2": 0.8592489363538323,
      "answer_3": 0.5815839759557858,
      "answer_4": 0.5316709261143614,
      "answer_5": 0.5019473384404001,
      "answer_6": 0.6556076817427923
    },
    "query_3": {
      "answer_1": 0.6196696690728719,
      "answer_2": 0.6921580525708201,
      "answer_3": 0.8430677190594413,
      "answer_4": 0.6645693478476835,
      "answer_5": 0.5062848402153616,
      "answer_6": 0.6089353645073192
    },
    "query_4": {
      "answer_1": 0.45347218650253096,
      "answer_2": 0.5479694849790473,
      "answer_3": 0.6140179125497152,
      "answer_4": 0.8300219380742557,
      "answer_5": 0.4779119435878935,
      "answer_6": 0.6269389571559612
    },
    "query_5": {
      "answer_1": 0.5781347638645238,
      "answer_2": 0.5356073353548381,
      "answer_3": 0.5258338641757726,
      "answer_4": 0.5333220666722747,
      "answer_5": 0.834066547079744,
      "answer_6": 0.522942062430634
    },
    "query_6": {
      "answer_1": 0.474302501169387,
      "answer_2": 0.6250259365722588,
      "answer_3": 0.521542811386544,
      "answer_4": 0.5921696880737133,
      "answer_5": 0.5088748275417647,
      "answer_6": 0.8196210114941567
    }
  }
}