{
  "entity": "Napoleon Bonaparte",
  "cosine_similarities": {
    "query_1": {
      "answer_1": 0.8852726396805641,
      "answer_2": 0.5551744534581629,
      "answer_3": 0.5614957207727165,
      "answer_4": 0.4717290200954582,
      "answer_5": 0.6377715635779303,
      "answer_6": 0.48364791357913345
    },
    "query_2": {
      "answer_1": 0.5637246011845279,
      "answer_2": 0.8884072256926897,
      "answer_3": 0.605637303463273,
      "answer_4": 0.4681105621120144,
      "answer_5": 0.526953736536168,
      "answer_6": 0.6445066026366614
    },
    "query_3": {
      "answer_1": 0.6290818263162534,
      "answer_2": 0.6468599775428828,
      "answer_3": 0.7898351666295199,
      "answer_4": 0.5135051140267443,
      "answer_5": 0.539344210814183,
      "answer_6": 0.5927347004966769
    },
    "query_4": {
      "answer_1": 0.5389452197035357,
      "answer_2": 0.5237378637715189,
      "answer_3": 0.6304932591121851,
      "answer_4": 0.8702748047135309,
      "answer_5": 0.49264795135264666,
      "answer_6": 0.6136989064174729
    },
    "query_5": {
      "answer_1": 0.6527221797351767,
      "answer_2": 0.5493489649950786,
      "answer_3": 0.5595987208360296,
      "answer_4": 0.4853220106706932,
      "answer_5": 0.8547033028839514,
      "answer_6": 0.5633404664297592
    },
    "query_6": {
      "answer_1": 0.5317720690019575,
      "answer_2": 0.6548984236836696,
      "answer_3": 0.6087257834138748,
      "answer_4": 0.5648763654944865,
      "answer_5": 0.5341591456553467,
      "answer_6": 0.8373769133087641
    }
  }
}