{
  "entity": "Napoleon Bonaparte",
  "cosine_similarities": {
    "query_1": {
      "answer_1": 0.8120203302993249,
      "answer_2": 0.5598594083543448,
      "answer_3": 0.5591977255085451,
      "answer_4": 0.4891143936746148,
      "answer_5": 0.5630510917038564,
      "answer_6": 0.461265000090647
    },
    "query_2": {
      "answer_1": 0.5024598275858264,
      "answer_2": 0.8774772005403811,
      "answer_3": 0.5538197775368471,
      "answer_4": 0.5711154060798201,
      "answer_5": 0.5049031078513313,
      "answer_6": 0.5058460426239962
    },
    "query_3": {
      "answer_1": 0.5718017887934294,
      "answer_2": 0.628315516523654,
      "answer_3": 0.8303396575534605,
      "answer_4": 0.6446577112283776,
      "answer_5": 0.4520041460731831,
      "answer_6": 0.4409228497304399
    },
    "query_4": {
      "answer_1": 0.48192823403579627,
      "answer_2": 0.5518207512018862,
      "answer_3": 0.6304983687975312,
      "answer_4": 0.8236366571843712,
      "answer_5": 0.5108584708998954,
      "answer_6": 0.6446420552902903
    },
    "query_5": {
      "answer_1": 0.5115201214726915,
      "answer_2": 0.49171073215003647,
      "answer_3": 0.44459798502403663,
      "answer_4": 0.5055261652187956,
      "answer_5": 0.8904329982312983,
      "answer_6": 0.4572487838581796
    },
    "query_6": {
      "answer_1": 0.48421830742358846,
      "answer_2": 0.522532560851908,
      "answer_3": 0.4427111715686329,
      "answer_4": 0.6739599835990151,
      "answer_5": 0.5200838354450708,
      "answer_6": 0.8634628543335567
    }
  }
}