{
  "entity": "Napoleon Bonaparte",
  "cosine_similarities": {
    "query_1": {
      "answer_1": 0.8671774628863778,
      "answer_2": 0.543877375341799,
      "answer_3": 0.56292884540195,
      "answer_4": 0.4901699287183109,
      "answer_5": 0.6016908250795467,
      "answer_6": 0.4734585998113675
    },
    "query_2": {
      "answer_1": 0.521926623399817,
      "answer_2": 0.893167163405099,
      "answer_3": 0.6084063660915319,
      "answer_4": 0.4859645761208815,
      "answer_5": 0.6115431206136509,
      "answer_6": 0.6480072701206236
    },
    "query_3": {
      "answer_1": 0.61676335056863,
      "answer_2": 0.6516493425621238,
      "answer_3": 0.8374128112386523,
      "answer_4": 0.5232948584332362,
      "answer_5": 0.6169367054859562,
      "answer_6": 0.5665486483367926
    },
    "query_4": {
      "answer_1": 0.5246327609639976,
      "answer_2": 0.5089103703570529,
      "answer_3": 0.5875663138423909,
      "answer_4": 0.8847883339562931,
      "answer_5": 0.521054490816511,
      "answer_6": 0.6264395708544438
    },
    "query_5": {
      "answer_1": 0.542789188723881,
      "answer_2": 0.584422208839782,
      "answer_3": 0.5813168072621236,
      "answer_4": 0.4825665467887465,
      "answer_5": 0.8541750017969354,
      "answer_6": 0.6013259893800356
    },
    "query_6": {
      "answer_1": 0.49614538772801636,
      "answer_2": 0.6619066219711425,
      "answer_3": 0.5819564525205191,
      "answer_4": 0.563616959789966,
      "answer_5": 0.5747197763462386,
      "answer_6": 0.8716828140027372
    }
  }
}