{
  "entity": "Napoleon Bonaparte",
  "cosine_similarities": {
    "query_1": {
      "answer_1": 0.8369370015230614,
      "answer_2": 0.5673443137191599,
      "answer_3": 0.5905154718104216,
      "answer_4": 0.5279472891483555,
      "answer_5": 0.5347049155816799,
      "answer_6": 0.4839735477864108
    },
    "query_2": {
      "answer_1": 0.5095108028649015,
      "answer_2": 0.8638764668143822,
      "answer_3": 0.594578472147411,
      "answer_4": 0.5386245232374053,
      "answer_5": 0.433493391829568,
      "answer_6": 0.6272779346254236
    },
    "query_3": {
      "answer_1": 0.5991657681674913,
      "answer_2": 0.668357123177306,
      "answer_3": 0.8351281886311503,
      "answer_4": 0.6601260785783054,
      "answer_5": 0.46832748158445026,
      "answer_6": 0.5816385941139027
    },
    "query_4": {
      "answer_1": 0.49991318687009495,
      "answer_2": 0.55253863941755,
      "answer_3": 0.6622240459263857,
      "answer_4": 0.8293869033562359,
      "answer_5": 0.441092547123713,
      "answer_6": 0.592857925515665
    },
    "query_5": {
      "answer_1": 0.537746813308744,
      "answer_2": 0.5250643625598393,
      "answer_3": 0.4896825938642149,
      "answer_4": 0.48724853641506405,
      "answer_5": 0.8764029819541339,
      "answer_6": 0.48151728759975654
    },
    "query_6": {
      "answer_1": 0.5175187507128234,
      "answer_2": 0.7048590157426379,
      "answer_3": 0.6291732227275495,
      "answer_4": 0.6351889737224136,
      "answer_5": 0.4500987303450686,
      "answer_6": 0.8463132652993662
    }
  }
}