{
  "entity": "Napoleon Bonaparte",
  "cosine_similarities": {
    "query_1": {
      "answer_1": 0.8857302429156547,
      "answer_2": 0.5538752361483308,
      "answer_3": 0.59459177338249,
      "answer_4": 0.5098524399946581,
      "answer_5": 0.6334259402141688,
      "answer_6": 0.5147036482862564
    },
    "query_2": {
      "answer_1": 0.5518117628225669,
      "answer_2": 0.8725383303377329,
      "answer_3": 0.6336950001911943,
      "answer_4": 0.5244882352118224,
      "answer_5": 0.546843327176847,
      "answer_6": 0.6457475313213418
    },
    "query_3": {
      "answer_1": 0.645034565341293,
      "answer_2": 0.6706413680777649,
      "answer_3": 0.8119646358125188,
      "answer_4": 0.6137324951291532,
      "answer_5": 0.5364416456545655,
      "answer_6": 0.625173733146743
    },
    "query_4": {
      "answer_1": 0.4958649906866027,
      "answer_2": 0.5470272502084684,
      "answer_3": 0.6976720329188878,
      "answer_4": 0.8304825800668132,
      "answer_5": 0.5282734885718107,
      "answer_6": 0.6412455824511425
    },
    "query_5": {
      "answer_1": 0.5605172769167089,
      "answer_2": 0.518221622608344,
      "answer_3": 0.5422515639955313,
      "answer_4": 0.5205717974123653,
      "answer_5": 0.8580390462643536,
      "answer_6": 0.5423111193781507
    },
    "query_6": {
      "answer_1": 0.55730319688857,
      "answer_2": 0.6313768855004479,
      "answer_3": 0.62343978676395,
      "answer_4": 0.6274737280519747,
      "answer_5": 0.5673339887672405,
      "answer_6": 0.8595649930493043
    }
  }
}