{
  "entity": "Napoleon Bonaparte",
  "cosine_similarities": {
    "query_1": {
      "answer_1": 0.9061405705527545,
      "answer_2": 0.5680725073215824,
      "answer_3": 0.5868109849856081,
      "answer_4": 0.5188049102427964,
      "answer_5": 0.6677521296304532,
      "answer_6": 0.46941671561771214
    },
    "query_2": {
      "answer_1": 0.577300511801788,
      "answer_2": 0.8737629873299236,
      "answer_3": 0.6475316552837711,
      "answer_4": 0.5420441017553737,
      "answer_5": 0.6016943936961294,
      "answer_6": 0.6260261177369364
    },
    "query_3": {
      "answer_1": 0.6376030124213165,
      "answer_2": 0.6817264484304649,
      "answer_3": 0.8459634914045874,
      "answer_4": 0.6303889677040705,
      "answer_5": 0.5933669944904343,
      "answer_6": 0.6084274187755948
    },
    "query_4": {
      "answer_1": 0.5172282876718378,
      "answer_2": 0.5673538758330098,
      "answer_3": 0.6758392745715769,
      "answer_4": 0.8197391908683607,
      "answer_5": 0.5762588398447289,
      "answer_6": 0.654793960748113
    },
    "query_5": {
      "answer_1": 0.7002446501360536,
      "answer_2": 0.6105592844592217,
      "answer_3": 0.5788285787192889,
      "answer_4": 0.5731136984799835,
      "answer_5": 0.8598429383460396,
      "answer_6": 0.5776355997809618
    },
    "query_6": {
      "answer_1": 0.49223550976545233,
      "answer_2": 0.5768555014491382,
      "answer_3": 0.5722961242154238,
      "answer_4": 0.6625955061824915,
      "answer_5": 0.5914985809926486,
      "answer_6": 0.8334841537298658
    }
  }
}