{
  "entity": "Napoleon Bonaparte",
  "cosine_similarities": {
    "query_1": {
      "answer_1": 0.8733045701179274,
      "answer_2": 0.579334364711131,
      "answer_3": 0.5900904619487342,
      "answer_4": 0.5116074904615275,
      "answer_5": 0.5556884115621897,
      "answer_6": 0.49213920635814445
    },
    "query_2": {
      "answer_1": 0.5424527690320691,
      "answer_2": 0.8995045506729251,
      "answer_3": 0.6267741641506879,
      "answer_4": 0.5649886443531899,
      "answer_5": 0.4759916713663232,
      "answer_6": 0.6346701917212042
    },
    "query_3": {
      "answer_1": 0.6103487642775322,
      "answer_2": 0.6843220161836526,
      "answer_3": 0.8321698452789791,
      "answer_4": 0.6508733848469435,
      "answer_5": 0.5042397944105366,
      "answer_6": 0.5883476545353757
    },
    "query_4": {
      "answer_1": 0.5185966928431072,
      "answer_2": 0.5343956096974573,
      "answer_3": 0.6700740928512458,
      "answer_4": 0.8436989412692266,
      "answer_5": 0.4956732922728275,
      "answer_6": 0.6431594007152044
    },
    "query_5": {
      "answer_1": 0.5229678874071759,
      "answer_2": 0.4833120935174126,
      "answer_3": 0.496795788140104,
      "answer_4": 0.4757441992623256,
      "answer_5": 0.8794583132272326,
      "answer_6": 0.48911692504482335
    },
    "query_6": {
      "answer_1": 0.5133728610956744,
      "answer_2": 0.6468830034053331,
      "answer_3": 0.613831956243096,
      "answer_4": 0.6812635511528148,
      "answer_5": 0.5053421627372329,
      "answer_6": 0.8642476488776907
    }
  }
}