{
  "entity": "Napoleon Bonaparte",
  "cosine_similarities": {
    "query_1": {
      "answer_1": 0.8633689394974682,
      "answer_2": 0.5450900540142569,
      "answer_3": 0.5894040803890207,
      "answer_4": 0.5293864526428342,
      "answer_5": 0.5352588761044285,
      "answer_6": 0.47801869191609025
    },
    "query_2": {
      "answer_1": 0.5432575425725739,
      "answer_2": 0.901173643935299,
      "answer_3": 0.6571053957773405,
      "answer_4": 0.5845300980173281,
      "answer_5": 0.450613883373653,
      "answer_6": 0.621792303860639
    },
    "query_3": {
      "answer_1": 0.6223086355588399,
      "answer_2": 0.6684926981632214,
      "answer_3": 0.8545629753927244,
      "answer_4": 0.6567884856754443,
      "answer_5": 0.49183251420683566,
      "answer_6": 0.6017811976880595
    },
    "query_4": {
      "answer_1": 0.5260067808983578,
      "answer_2": 0.540645416913462,
      "answer_3": 0.6199336900919549,
      "answer_4": 0.8360809139320643,
      "answer_5": 0.47704221122032586,
      "answer_6": 0.6213851024029821
    },
    "query_5": {
      "answer_1": 0.5462941515660442,
      "answer_2": 0.5042213934417131,
      "answer_3": 0.5036804882152729,
      "answer_4": 0.5312687731676854,
      "answer_5": 0.830264754725558,
      "answer_6": 0.4878899582373312
    },
    "query_6": {
      "answer_1": 0.5207484145285821,
      "answer_2": 0.6309547605790907,
      "answer_3": 0.6297364741060069,
      "answer_4": 0.6933907264961339,
      "answer_5": 0.47140343309148985,
      "answer_6": 0.864250612622126
    }
  }
}