{
  "entity": "Napoleon Bonaparte",
  "cosine_similarities": {
    "query_1": {
      "answer_1": 0.8386312204024098,
      "answer_2": 0.6252640480027194,
      "answer_3": 0.6048972471076027,
      "answer_4": 0.5017875673903862,
      "answer_5": 0.6001432513832209,
      "answer_6": 0.4940699290023927
    },
    "query_2": {
      "answer_1": 0.5289789917297475,
      "answer_2": 0.8734251112085909,
      "answer_3": 0.6571139670482823,
      "answer_4": 0.5835478847332884,
      "answer_5": 0.5410171815722159,
      "answer_6": 0.6239388731797383
    },
    "query_3": {
      "answer_1": 0.6325705365962895,
      "answer_2": 0.7064382752477559,
      "answer_3": 0.8612276488901855,
      "answer_4": 0.6509978314864853,
      "answer_5": 0.5485071596330227,
      "answer_6": 0.614763077903479
    },
    "query_4": {
      "answer_1": 0.5207347771100821,
      "answer_2": 0.5702945355143982,
      "answer_3": 0.6233822072078757,
      "answer_4": 0.8233394010621482,
      "answer_5": 0.5606656767352449,
      "answer_6": 0.6456196412739398
    },
    "query_5": {
      "answer_1": 0.5660662486828117,
      "answer_2": 0.5619210152983288,
      "answer_3": 0.5326267523665174,
      "answer_4": 0.5288431034997789,
      "answer_5": 0.849426125361047,
      "answer_6": 0.5399481192113318
    },
    "query_6": {
      "answer_1": 0.47214368725694517,
      "answer_2": 0.6283220897900987,
      "answer_3": 0.5500339856800335,
      "answer_4": 0.6205501438917392,
      "answer_5": 0.5153922378689019,
      "answer_6": 0.8427617545212074
    }
  }
}