{
  "entity": "Napoleon Bonaparte",
  "cosine_similarities": {
    "query_1": {
      "answer_1": 0.8828321012229923,
      "answer_2": 0.5584041729131102,
      "answer_3": 0.6123312954706003,
      "answer_4": 0.4999659169952954,
      "answer_5": 0.6271758434879366,
      "answer_6": 0.5145964026473531
    },
    "query_2": {
      "answer_1": 0.5797005885082842,
      "answer_2": 0.88548739594108,
      "answer_3": 0.6284979942093206,
      "answer_4": 0.5277626676345892,
      "answer_5": 0.5284285293824773,
      "answer_6": 0.6351255380586271
    },
    "query_3": {
      "answer_1": 0.6446693633746364,
      "answer_2": 0.6549256471644097,
      "answer_3": 0.8387163945010704,
      "answer_4": 0.6127754477184508,
      "answer_5": 0.517830318446238,
      "answer_6": 0.6070496532947319
    },
    "query_4": {
      "answer_1": 0.5431858659289138,
      "answer_2": 0.5423386049811264,
      "answer_3": 0.6618258801884147,
      "answer_4": 0.8244989876375102,
      "answer_5": 0.5082500290869342,
      "answer_6": 0.6727266930778144
    },
    "query_5": {
      "answer_1": 0.6041970457960644,
      "answer_2": 0.5185056452120248,
      "answer_3": 0.5571685021904836,
      "answer_4": 0.4970550950839946,
      "answer_5": 0.8610886676589605,
      "answer_6": 0.5422490621099781
    },
    "query_6": {
      "answer_1": 0.5514057767832902,
      "answer_2": 0.5917609029538581,
      "answer_3": 0.6007986746827948,
      "answer_4": 0.6308477198866169,
      "answer_5": 0.5291725425840099,
      "answer_6": 0.8564488900277413
    }
  }
}