{
  "entity": "Napoleon Bonaparte",
  "cosine_similarities": {
    "query_1": {
      "answer_1": 0.8721609822916073,
      "answer_2": 0.5606439957269862,
      "answer_3": 0.5948401249697718,
      "answer_4": 0.49714538091468297,
      "answer_5": 0.6201651219079054,
      "answer_6": 0.512304770412812
    },
    "query_2": {
      "answer_1": 0.6018470210114973,
      "answer_2": 0.8883425818519105,
      "answer_3": 0.6747547491638448,
      "answer_4": 0.5660769823269214,
      "answer_5": 0.5136893667795182,
      "answer_6": 0.5562651154956666
    },
    "query_3": {
      "answer_1": 0.6664129155675141,
      "answer_2": 0.6637692274588557,
      "answer_3": 0.8178482916774705,
      "answer_4": 0.6219641097161123,
      "answer_5": 0.5171383072600267,
      "answer_6": 0.5308407140184301
    },
    "query_4": {
      "answer_1": 0.558691103678319,
      "answer_2": 0.6024091007595057,
      "answer_3": 0.704828465898752,
      "answer_4": 0.8308326681833463,
      "answer_5": 0.5331619830575824,
      "answer_6": 0.6439389638476631
    },
    "query_5": {
      "answer_1": 0.6262311855937918,
      "answer_2": 0.5230903820921283,
      "answer_3": 0.5349942538157246,
      "answer_4": 0.4954556950043715,
      "answer_5": 0.865456341805202,
      "answer_6": 0.5193547530380672
    },
    "query_6": {
      "answer_1": 0.5907825294015541,
      "answer_2": 0.5333864512310579,
      "answer_3": 0.578785176035272,
      "answer_4": 0.6744490387235925,
      "answer_5": 0.5877634271223484,
      "answer_6": 0.7985232791779975
    }
  }
}