{
  "entity": "Napoleon Bonaparte",
  "cosine_similarities": {
    "query_1": {
      "answer_1": 0.8747245958441213,
      "answer_2": 0.5510018270073617,
      "answer_3": 0.6037311209891374,
      "answer_4": 0.5004296627721788,
      "answer_5": 0.6245346741530609,
      "answer_6": 0.4923953385091146
    },
    "query_2": {
      "answer_1": 0.5629299933193047,
      "answer_2": 0.8659430372139295,
      "answer_3": 0.5960905205328626,
      "answer_4": 0.5384989548402019,
      "answer_5": 0.5260834810470565,
      "answer_6": 0.6787188911449981
    },
    "query_3": {
      "answer_1": 0.6758128465929585,
      "answer_2": 0.6649887618901053,
      "answer_3": 0.8313785276947138,
      "answer_4": 0.6160885530477593,
      "answer_5": 0.5477429631911872,
      "answer_6": 0.6184659902993779
    },
    "query_4": {
      "answer_1": 0.5415101396405734,
      "answer_2": 0.5416998686984201,
      "answer_3": 0.6554478741762872,
      "answer_4": 0.8280799294987795,
      "answer_5": 0.5234523680462567,
      "answer_6": 0.6334025566634396
    },
    "query_5": {
      "answer_1": 0.565727010000577,
      "answer_2": 0.5211043690555048,
      "answer_3": 0.5370683454960922,
      "answer_4": 0.525058492612724,
      "answer_5": 0.8595782785334608,
      "answer_6": 0.5098929359362933
    },
    "query_6": {
      "answer_1": 0.5789774540102132,
      "answer_2": 0.6616684905206268,
      "answer_3": 0.6248729204433312,
      "answer_4": 0.6116127734671353,
      "answer_5": 0.5388734452346504,
      "answer_6": 0.8671096576134152
    }
  }
}