{
  "entity": "Napoleon Bonaparte",
  "cosine_similarities": {
    "query_1": {
      "answer_1": 0.8333038147975401,
      "answer_2": 0.5874950970648497,
      "answer_3": 0.5843965469704238,
      "answer_4": 0.49883231731046684,
      "answer_5": 0.5838476531819304,
      "answer_6": 0.4640144743747405
    },
    "query_2": {
      "answer_1": 0.5392253400773743,
      "answer_2": 0.8867236242656024,
      "answer_3": 0.6055743270741819,
      "answer_4": 0.5701386073348559,
      "answer_5": 0.5161995927708979,
      "answer_6": 0.6152544889365281
    },
    "query_3": {
      "answer_1": 0.6161494334260199,
      "answer_2": 0.6827090587007767,
      "answer_3": 0.8229025477293876,
      "answer_4": 0.6564826364351576,
      "answer_5": 0.5255159046730221,
      "answer_6": 0.5740075310205065
    },
    "query_4": {
      "answer_1": 0.5299713525136921,
      "answer_2": 0.5503427419792158,
      "answer_3": 0.6525649924857052,
      "answer_4": 0.8207664117694258,
      "answer_5": 0.5165216428706767,
      "answer_6": 0.6058754988477577
    },
    "query_5": {
      "answer_1": 0.5422864718612614,
      "answer_2": 0.5268533346867529,
      "answer_3": 0.47720514951969095,
      "answer_4": 0.4882284444312532,
      "answer_5": 0.8836326478523912,
      "answer_6": 0.46440653848091035
    },
    "query_6": {
      "answer_1": 0.5293482187773124,
      "answer_2": 0.6837294563202618,
      "answer_3": 0.6256480458915115,
      "answer_4": 0.6574649838132456,
      "answer_5": 0.5051169723268855,
      "answer_6": 0.8522908694696869
    }
  }
}