{
  "entity": "Napoleon Bonaparte",
  "cosine_similarities": {
    "query_1": {
      "answer_1": 0.8584168286413426,
      "answer_2": 0.6092793954047351,
      "answer_3": 0.5750332020858295,
      "answer_4": 0.4911877216088092,
      "answer_5": 0.5407644358514324,
      "answer_6": 0.48899821532761273
    },
    "query_2": {
      "answer_1": 0.5808323641872822,
      "answer_2": 0.8789378305066791,
      "answer_3": 0.6079645140897907,
      "answer_4": 0.5552341091760945,
      "answer_5": 0.4912738970375143,
      "answer_6": 0.6334302733367019
    },
    "query_3": {
      "answer_1": 0.6083423197553927,
      "answer_2": 0.6405634517877681,
      "answer_3": 0.8051367078042934,
      "answer_4": 0.6116816406655905,
      "answer_5": 0.4279620582492394,
      "answer_6": 0.5331389902895542
    },
    "query_4": {
      "answer_1": 0.49544959751169093,
      "answer_2": 0.532995256512665,
      "answer_3": 0.6180485007311427,
      "answer_4": 0.814451771406692,
      "answer_5": 0.5095474958296587,
      "answer_6": 0.6396843662637597
    },
    "query_5": {
      "answer_1": 0.592943656571905,
      "answer_2": 0.5345588301894263,
      "answer_3": 0.5069291346795282,
      "answer_4": 0.5201088566693947,
      "answer_5": 0.8736173303490207,
      "answer_6": 0.5573310845072917
    },
    "query_6": {
      "answer_1": 0.542513992462076,
      "answer_2": 0.5987854316375171,
      "answer_3": 0.5501593360613473,
      "answer_4": 0.5993217324562793,
      "answer_5": 0.5253808705113158,
      "answer_6": 0.8483588501449326
    }
  }
}