{
  "entity": "Napoleon Bonaparte",
  "cosine_similarities": {
    "query_1": {
      "answer_1": 0.9016117079517417,
      "answer_2": 0.547268358139999,
      "answer_3": 0.596326445930985,
      "answer_4": 0.4548432452104177,
      "answer_5": 0.5871655711663879,
      "answer_6": 0.49509449004836303
    },
    "query_2": {
      "answer_1": 0.5684522646712287,
      "answer_2": 0.8760128079772653,
      "answer_3": 0.6395214284613353,
      "answer_4": 0.45064514052378535,
      "answer_5": 0.5883061796752649,
      "answer_6": 0.6368688474945688
    },
    "query_3": {
      "answer_1": 0.5891298363232513,
      "answer_2": 0.6397207129335541,
      "answer_3": 0.837069565024846,
      "answer_4": 0.4546629235436663,
      "answer_5": 0.5765888640408495,
      "answer_6": 0.5726299872285147
    },
    "query_4": {
      "answer_1": 0.5109672253217462,
      "answer_2": 0.5057325011988253,
      "answer_3": 0.5674785178061473,
      "answer_4": 0.8671553467911288,
      "answer_5": 0.510111500012534,
      "answer_6": 0.600239945683663
    },
    "query_5": {
      "answer_1": 0.609996379566484,
      "answer_2": 0.6209199652330738,
      "answer_3": 0.6181040480952285,
      "answer_4": 0.5011166954408675,
      "answer_5": 0.8711371112511235,
      "answer_6": 0.6291998103078218
    },
    "query_6": {
      "answer_1": 0.5308597115802374,
      "answer_2": 0.6520836717877382,
      "answer_3": 0.645683499553615,
      "answer_4": 0.5596631363218133,
      "answer_5": 0.6126639540026744,
      "answer_6": 0.8673221247531162
    }
  }
}