{
  "entity": "Napoleon Bonaparte",
  "cosine_similarities": {
    "query_1": {
      "answer_1": 0.8814384713779957,
      "answer_2": 0.5683142923913405,
      "answer_3": 0.5722445638556328,
      "answer_4": 0.5027162559970983,
      "answer_5": 0.5337073875262345,
      "answer_6": 0.48873762145193356
    },
    "query_2": {
      "answer_1": 0.6024063900576275,
      "answer_2": 0.8655890079291294,
      "answer_3": 0.6471165484490251,
      "answer_4": 0.5694133584105975,
      "answer_5": 0.46010606490627964,
      "answer_6": 0.587825634741694
    },
    "query_3": {
      "answer_1": 0.644766285480858,
      "answer_2": 0.6679787920422909,
      "answer_3": 0.850767262325834,
      "answer_4": 0.6223950690981167,
      "answer_5": 0.5056095359010504,
      "answer_6": 0.6054877312206688
    },
    "query_4": {
      "answer_1": 0.5207591587661292,
      "answer_2": 0.5664531898914105,
      "answer_3": 0.6715853414969812,
      "answer_4": 0.7977171996843105,
      "answer_5": 0.501758260850629,
      "answer_6": 0.6265801584450889
    },
    "query_5": {
      "answer_1": 0.5907125940941665,
      "answer_2": 0.5135409902779932,
      "answer_3": 0.504612161173991,
      "answer_4": 0.5135918447683974,
      "answer_5": 0.8515485151028968,
      "answer_6": 0.4998416574166163
    },
    "query_6": {
      "answer_1": 0.5504000361431216,
      "answer_2": 0.6288904311696444,
      "answer_3": 0.6462731098553162,
      "answer_4": 0.6851212172623774,
      "answer_5": 0.48053602246433297,
      "answer_6": 0.8468564874738578
    }
  }
}