{
  "entity": "Jeanne d'Arc",
  "scores": {
    "query_1": {
      "answer_1": 3.4652778384062013,
      "answer_2": 1.1521131588905194,
      "answer_3": 2.0090166460010543,
      "answer_4": 2.0068456636968026,
      "answer_5": 2.6822447480059393,
      "answer_6": 1.8728141433297711
    },
    "query_2": {
      "answer_1": 1.1162682217203042,
      "answer_2": 8.981614900665432,
      "answer_3": 1.1247806190634932,
      "answer_4": 1.0247689673521891,
      "answer_5": 1.5495790690537607,
      "answer_6": 1.0991907376931718
    },
    "query_3": {
      "answer_1": 3.4277839514694506,
      "answer_2": 1.4572825093012234,
      "answer_3": 6.6896934976657905,
      "answer_4": 1.9641533926892265,
      "answer_5": 1.4238579636231783,
      "answer_6": 1.815590530498418
    },
    "query_4": {
      "answer_1": 2.4418917151091564,
      "answer_2": 2.0199073825784217,
      "answer_3": 2.439125629152775,
      "answer_4": 6.405818580335453,
      "answer_5": 2.7334585292850364,
      "answer_6": 1.5773703788427946
    },
    "query_5": {
      "answer_1": 1.7387411064359037,
      "answer_2": 1.30993367837682,
      "answer_3": 1.6539961277695936,
      "answer_4": 1.8818300356087594,
      "answer_5": 11.743194524314962,
      "answer_6": 2.5432662753821806
    },
    "query_6": {
      "answer_1": 1.0674666244983264,
      "answer_2": 2.2648016044289796,
      "answer_3": 1.3418512991786122,
      "answer_4": 1.1246916740801822,
      "answer_5": 1.619144838840174,
      "answer_6": 2.779976005707151
    }
  }
}