{
  "entity": "Jeanne d'Arc",
  "scores": {
    "query_1": {
      "answer_1": 3.200151207099132,
      "answer_2": 2.83364912286888,
      "answer_3": 2.9057044683860895,
      "answer_4": 3.006850038088323,
      "answer_5": 2.912069816670349,
      "answer_6": 3.068619551393422
    },
    "query_2": {
      "answer_1": 1.9084913071269207,
      "answer_2": 6.040235747776208,
      "answer_3": 2.3557088519544154,
      "answer_4": 1.2973211935030449,
      "answer_5": 2.4391993914374908,
      "answer_6": 1.907808554695598
    },
    "query_3": {
      "answer_1": 2.797700285050341,
      "answer_2": 3.579061829811762,
      "answer_3": 4.825661145081414,
      "answer_4": 2.767228189618278,
      "answer_5": 3.002400886341503,
      "answer_6": 2.219597747399405
    },
    "query_4": {
      "answer_1": 2.989466760406603,
      "answer_2": 1.8877946193091284,
      "answer_3": 2.4163061162960062,
      "answer_4": 5.786611589559761,
      "answer_5": 2.3333414045236247,
      "answer_6": 1.582814429127347
    },
    "query_5": {
      "answer_1": 2.5682763979438223,
      "answer_2": 2.4170586938854943,
      "answer_3": 2.529752839852009,
      "answer_4": 4.89839123528496,
      "answer_5": 3.8984812580526285,
      "answer_6": 2.0903399366345647
    },
    "query_6": {
      "answer_1": 3.1687777017423544,
      "answer_2": 2.947189035576985,
      "answer_3": 2.715931847268497,
      "answer_4": 2.7497859070506028,
      "answer_5": 2.9329074714048984,
      "answer_6": 3.611302292182917
    }
  }
}