{
  "entity": "Jeanne d'Arc",
  "scores": {
    "query_1": {
      "answer_1": 3.7230494171725663,
      "answer_2": 3.248095648889306,
      "answer_3": 2.8167715354431206,
      "answer_4": 2.736614376963526,
      "answer_5": 2.8131543211017624,
      "answer_6": 2.6606894541924992
    },
    "query_2": {
      "answer_1": 1.201768884725628,
      "answer_2": 5.443432388342537,
      "answer_3": 1.4746139621720935,
      "answer_4": 1.385886968546309,
      "answer_5": 1.1952070404809398,
      "answer_6": 2.728916443183143
    },
    "query_3": {
      "answer_1": 2.0804757011031363,
      "answer_2": 1.6142980004167926,
      "answer_3": 5.424000292365811,
      "answer_4": 3.05179873458249,
      "answer_5": 1.2002119575742656,
      "answer_6": 2.8532239550760394
    },
    "query_4": {
      "answer_1": 3.2186813190869747,
      "answer_2": 1.6877948954546087,
      "answer_3": 1.9064389011030305,
      "answer_4": 2.160231848206815,
      "answer_5": 1.78666705037123,
      "answer_6": 1.926903843072701
    },
    "query_5": {
      "answer_1": 2.744430346139181,
      "answer_2": 2.280664583734569,
      "answer_3": 2.526527726980178,
      "answer_4": 3.546013626471546,
      "answer_5": 5.793910968597043,
      "answer_6": 2.8845429165243037
    },
    "query_6": {
      "answer_1": 3.178061903092668,
      "answer_2": 3.320006910719516,
      "answer_3": 2.986702412858924,
      "answer_4": 4.621585375888568,
      "answer_5": 3.257990258524428,
      "answer_6": 5.082390167067543
    }
  }
}