{
  "entity": "Jeanne d'Arc",
  "scores": {
    "query_1": {
      "answer_1": 3.477592911740633,
      "answer_2": 2.491780195435385,
      "answer_3": 2.902392221208516,
      "answer_4": 2.6194613572072796,
      "answer_5": 3.798064855606574,
      "answer_6": 2.1581810780260318
    },
    "query_2": {
      "answer_1": 2.6673987124710714,
      "answer_2": 9.923274737604318,
      "answer_3": 3.2959157539131003,
      "answer_4": 3.3729622509531043,
      "answer_5": 1.9639800997250971,
      "answer_6": 2.3112094164630004
    },
    "query_3": {
      "answer_1": 3.6046365313716855,
      "answer_2": 2.4736975205886718,
      "answer_3": 5.757752016062183,
      "answer_4": 3.2793800442767425,
      "answer_5": 1.583442491427574,
      "answer_6": 1.4436692646421871
    },
    "query_4": {
      "answer_1": 2.9952809367123847,
      "answer_2": 3.69514195105494,
      "answer_3": 2.809980444928162,
      "answer_4": 5.554128464791459,
      "answer_5": 2.8996006327245705,
      "answer_6": 4.595352326244644
    },
    "query_5": {
      "answer_1": 2.6923554894469426,
      "answer_2": 1.7107203972554654,
      "answer_3": 1.7271815956568046,
      "answer_4": 2.0030311466742012,
      "answer_5": 8.460677338472152,
      "answer_6": 1.7814907522562542
    },
    "query_6": {
      "answer_1": 3.341708277551229,
      "answer_2": 4.096396433110681,
      "answer_3": 3.56977327739788,
      "answer_4": 5.3911598551095175,
      "answer_5": 4.35185784184838,
      "answer_6": 4.854657015991449
    }
  }
}