{
  "entity": "Jeanne d'Arc",
  "scores": {
    "query_1": {
      "answer_1": 3.9948863769196508,
      "answer_2": 3.3527261638075383,
      "answer_3": 2.4038931844941906,
      "answer_4": 2.5147680865010718,
      "answer_5": 2.997150122644509,
      "answer_6": 2.584387227884933
    },
    "query_2": {
      "answer_1": 1.8875041978880749,
      "answer_2": 2.438076334195256,
      "answer_3": 1.6110054726740262,
      "answer_4": 2.477755101174825,
      "answer_5": 1.7576937858209454,
      "answer_6": 3.2090844788549573
    },
    "query_3": {
      "answer_1": 1.4939883175329411,
      "answer_2": 2.7324461285054156,
      "answer_3": 9.293030013188828,
      "answer_4": 2.1887178851028875,
      "answer_5": 2.3644309873234732,
      "answer_6": 3.0657149898048988
    },
    "query_4": {
      "answer_1": 1.6091784018940045,
      "answer_2": 1.965254186601092,
      "answer_3": 1.706767071442861,
      "answer_4": 6.90985944545506,
      "answer_5": 2.4605770307606423,
      "answer_6": 0.9814056942260343
    },
    "query_5": {
      "answer_1": 2.221320513651971,
      "answer_2": 1.9128013055280224,
      "answer_3": 2.6558350383939042,
      "answer_4": 2.1287720196101825,
      "answer_5": 9.812698132489045,
      "answer_6": 2.384287607504097
    },
    "query_6": {
      "answer_1": 2.575848117106291,
      "answer_2": 1.60704245671404,
      "answer_3": 1.9312147658300096,
      "answer_4": 2.4896173441294636,
      "answer_5": 3.7043457255471353,
      "answer_6": 7.543413138933291
    }
  }
}