{
  "entity": "Jeanne d'Arc",
  "scores": {
    "query_1": {
      "answer_1": 4.639179655334319,
      "answer_2": 3.0292698638737576,
      "answer_3": 2.2711805210182465,
      "answer_4": 2.2093664755183755,
      "answer_5": 2.3682209376116226,
      "answer_6": 2.063710092600161
    },
    "query_2": {
      "answer_1": 1.2246816724786287,
      "answer_2": 9.437586420646996,
      "answer_3": 3.2315811021828758,
      "answer_4": 1.188058240855671,
      "answer_5": 1.224706374830249,
      "answer_6": 1.8388334990482718
    },
    "query_3": {
      "answer_1": 2.930003425589341,
      "answer_2": 1.137239273246648,
      "answer_3": 10.010516430914677,
      "answer_4": 1.060993292180278,
      "answer_5": 1.0897394504215387,
      "answer_6": 1.002388212563325
    },
    "query_4": {
      "answer_1": 2.3834513996524596,
      "answer_2": 3.498289436934326,
      "answer_3": 1.9751470337283532,
      "answer_4": 7.249002871736057,
      "answer_5": 3.069760029218739,
      "answer_6": 3.4643056251544504
    },
    "query_5": {
      "answer_1": 2.564030006984095,
      "answer_2": 2.310363070231372,
      "answer_3": 2.316373503603672,
      "answer_4": 2.2434215863535067,
      "answer_5": 7.547430699625625,
      "answer_6": 1.953865192642391
    },
    "query_6": {
      "answer_1": 2.1785045029831878,
      "answer_2": 2.800322977850865,
      "answer_3": 1.9319155888763384,
      "answer_4": 1.6031651594733858,
      "answer_5": 1.5855754883388882,
      "answer_6": 3.062898210004853
    }
  }
}