{
  "entity": "Jeanne d'Arc",
  "scores": {
    "query_1": {
      "answer_1": 3.9074120084933135,
      "answer_2": 2.7591622631185166,
      "answer_3": 3.570691962837511,
      "answer_4": 2.7701102400055087,
      "answer_5": 3.0513343167044726,
      "answer_6": 2.364345809004632
    },
    "query_2": {
      "answer_1": 1.8601064518394856,
      "answer_2": 9.12379505100585,
      "answer_3": 2.063707588426938,
      "answer_4": 2.138546803036213,
      "answer_5": 2.197668108951113,
      "answer_6": 2.595068542687089
    },
    "query_3": {
      "answer_1": 2.299299945837466,
      "answer_2": 1.9548475270646473,
      "answer_3": 8.817388408036962,
      "answer_4": 3.774523788855088,
      "answer_5": 2.3157098325882055,
      "answer_6": 1.990056061344865
    },
    "query_4": {
      "answer_1": 2.34071370222668,
      "answer_2": 2.9514469710246907,
      "answer_3": 2.1906755484193003,
      "answer_4": 3.5067969413954563,
      "answer_5": 1.5325263879449744,
      "answer_6": 1.432650947588969
    },
    "query_5": {
      "answer_1": 4.239859139747416,
      "answer_2": 3.2497097725286777,
      "answer_3": 3.2849086858093113,
      "answer_4": 3.6707638971931167,
      "answer_5": 6.948821626065765,
      "answer_6": 3.443996960024437
    },
    "query_6": {
      "answer_1": 3.7206605327454256,
      "answer_2": 2.64884265520716,
      "answer_3": 2.4374499519138726,
      "answer_4": 2.706234255197159,
      "answer_5": 3.374970718841702,
      "answer_6": 10.101993309932046
    }
  }
}