{
  "entity": "Jeanne d'Arc",
  "scores": {
    "query_1": {
      "answer_1": 3.681455254781268,
      "answer_2": 2.3473089539630974,
      "answer_3": 2.2335593167011187,
      "answer_4": 1.8934865006790482,
      "answer_5": 2.065768542926634,
      "answer_6": 2.1145572059917073
    },
    "query_2": {
      "answer_1": 1.0100242753680333,
      "answer_2": 7.756801619443028,
      "answer_3": 1.122526380434696,
      "answer_4": 1.1180284704055565,
      "answer_5": 1.5275502325488892,
      "answer_6": 0.9853532958793134
    },
    "query_3": {
      "answer_1": 1.4198558999370021,
      "answer_2": 2.2784653456275428,
      "answer_3": 11.597551820536165,
      "answer_4": 1.0099317234821559,
      "answer_5": 0.8087692712042855,
      "answer_6": 0.8199390991187339
    },
    "query_4": {
      "answer_1": 1.387899577634134,
      "answer_2": 1.2411356985476605,
      "answer_3": 3.1298055253305943,
      "answer_4": 4.196653769739422,
      "answer_5": 2.842153534523223,
      "answer_6": 1.4437704145827335
    },
    "query_5": {
      "answer_1": 0.7452990124496408,
      "answer_2": 0.9284003796498721,
      "answer_3": 0.8007099437230426,
      "answer_4": 0.9686095414452525,
      "answer_5": 4.928571340054003,
      "answer_6": 2.422974060365573
    },
    "query_6": {
      "answer_1": 0.9392977422012903,
      "answer_2": 2.2784653456275428,
      "answer_3": 0.9355663552974498,
      "answer_4": 0.9340170589147273,
      "answer_5": 0.9815457276103523,
      "answer_6": 4.832866243480275
    }
  }
}