{
  "entity": "Jeanne d'Arc",
  "cosine_similarities": {
    "query_1": {
      "answer_1": 0.7292935810705299,
      "answer_2": 0.5048196169647746,
      "answer_3": 0.5415947728451266,
      "answer_4": 0.5722408163933983,
      "answer_5": 0.6909018174016847,
      "answer_6": 0.633698736177334
    },
    "query_2": {
      "answer_1": 0.5937633382588263,
      "answer_2": 0.8346660162749474,
      "answer_3": 0.5262020803158919,
      "answer_4": 0.5540290144683468,
      "answer_5": 0.5290957591910925,
      "answer_6": 0.5678305273043548
    },
    "query_3": {
      "answer_1": 0.6464951592055621,
      "answer_2": 0.5487547076184686,
      "answer_3": 0.8049933393757593,
      "answer_4": 0.5525811123133282,
      "answer_5": 0.48082196328269944,
      "answer_6": 0.6716860299146203
    },
    "query_4": {
      "answer_1": 0.6247341687425833,
      "answer_2": 0.5950870057274179,
      "answer_3": 0.5088896737745717,
      "answer_4": 0.7750217045831306,
      "answer_5": 0.575900610160747,
      "answer_6": 0.5419862335780851
    },
    "query_5": {
      "answer_1": 0.6507132596002423,
      "answer_2": 0.5326266413855881,
      "answer_3": 0.5230526437960272,
      "answer_4": 0.5577463902295006,
      "answer_5": 0.8520741811416706,
      "answer_6": 0.6296879853344166
    },
    "query_6": {
      "answer_1": 0.6241623892204875,
      "answer_2": 0.5549764843614852,
      "answer_3": 0.5561859537263069,
      "answer_4": 0.5075854569194984,
      "answer_5": 0.6078897422400029,
      "answer_6": 0.7507759583917349
    }
  }
}