{
  "entity": "Jeanne d'Arc",
  "cosine_similarities": {
    "query_1": {
      "answer_1": 0.6850379367436215,
      "answer_2": 0.6000782391014435,
      "answer_3": 0.5889666669125123,
      "answer_4": 0.5776186863508913,
      "answer_5": 0.5894598991110145,
      "answer_6": 0.5484737105631163
    },
    "query_2": {
      "answer_1": 0.6831727917079392,
      "answer_2": 0.7819157615899481,
      "answer_3": 0.6557083761759643,
      "answer_4": 0.6176898716836008,
      "answer_5": 0.6203625351080841,
      "answer_6": 0.6040845548395347
    },
    "query_3": {
      "answer_1": 0.6028088810807146,
      "answer_2": 0.5675545700772776,
      "answer_3": 0.6760435801812552,
      "answer_4": 0.5211404076358801,
      "answer_5": 0.49995669722540503,
      "answer_6": 0.4739634530178005
    },
    "query_4": {
      "answer_1": 0.5742685439870047,
      "answer_2": 0.532439166133878,
      "answer_3": 0.5243809057443362,
      "answer_4": 0.7033020264325927,
      "answer_5": 0.5132300125859893,
      "answer_6": 0.5289360581633415
    },
    "query_5": {
      "answer_1": 0.6420889811440921,
      "answer_2": 0.61781711202964,
      "answer_3": 0.5868152446738036,
      "answer_4": 0.5754949924503228,
      "answer_5": 0.6719848575906403,
      "answer_6": 0.5095142223258329
    },
    "query_6": {
      "answer_1": 0.6506641283178596,
      "answer_2": 0.6674916778163698,
      "answer_3": 0.5945777477180731,
      "answer_4": 0.6430117920092447,
      "answer_5": 0.5975470172231948,
      "answer_6": 0.7910830975745478
    }
  }
}