{
  "entity": "Jeanne d'Arc",
  "cosine_similarities": {
    "query_1": {
      "answer_1": 0.708225677541619,
      "answer_2": 0.507135388121112,
      "answer_3": 0.631158275324121,
      "answer_4": 0.6755420040599783,
      "answer_5": 0.6894832756157196,
      "answer_6": 0.5944128626409536
    },
    "query_2": {
      "answer_1": 0.6594959680274357,
      "answer_2": 0.8541956410407311,
      "answer_3": 0.6195488916721995,
      "answer_4": 0.6643002317109241,
      "answer_5": 0.6161078596087534,
      "answer_6": 0.6366819618051079
    },
    "query_3": {
      "answer_1": 0.685160166684671,
      "answer_2": 0.5735071828051508,
      "answer_3": 0.7931364962535401,
      "answer_4": 0.6448201926650132,
      "answer_5": 0.671383841708074,
      "answer_6": 0.6010332095495814
    },
    "query_4": {
      "answer_1": 0.6055049218029595,
      "answer_2": 0.5318619481547171,
      "answer_3": 0.580420861434477,
      "answer_4": 0.7369499809274571,
      "answer_5": 0.5616801138098653,
      "answer_6": 0.513361266725308
    },
    "query_5": {
      "answer_1": 0.7391905973430944,
      "answer_2": 0.5664759798401577,
      "answer_3": 0.6908830043374601,
      "answer_4": 0.7173274624972542,
      "answer_5": 0.8288845458264716,
      "answer_6": 0.7488038819596881
    },
    "query_6": {
      "answer_1": 0.672634916756611,
      "answer_2": 0.5832135023423578,
      "answer_3": 0.6346699634401166,
      "answer_4": 0.6450249961633617,
      "answer_5": 0.6551631568501871,
      "answer_6": 0.8382127912536506
    }
  }
}