{
  "entity": "Abraham Lincoln",
  "scores": {
    "query_1": {
      "answer_1": 7.178638218127526,
      "answer_2": 1.4677925930164542,
      "answer_3": 1.2912463050825405,
      "answer_4": 3.1646360295175597,
      "answer_5": 3.541980973058193,
      "answer_6": 1.5706619273968732
    },
    "query_2": {
      "answer_1": 1.5349344684932111,
      "answer_2": 5.965003497030862,
      "answer_3": 0.9673840897334957,
      "answer_4": 1.1267856157059175,
      "answer_5": 1.5608543897009288,
      "answer_6": 1.8206477655533733
    },
    "query_3": {
      "answer_1": 4.939254408168857,
      "answer_2": 3.089833874277552,
      "answer_3": 8.405426360816474,
      "answer_4": 3.219746639628605,
      "answer_5": 3.278244043080374,
      "answer_6": 2.8654458571307426
    },
    "query_4": {
      "answer_1": 2.5830947242363025,
      "answer_2": 2.873181978921103,
      "answer_3": 2.2725171576228154,
      "answer_4": 7.9996427788375115,
      "answer_5": 2.5895502546961566,
      "answer_6": 2.5523056412381
    },
    "query_5": {
      "answer_1": 3.496785034366651,
      "answer_2": 1.7680760078077995,
      "answer_3": 1.5073171070445242,
      "answer_4": 1.9912813764135002,
      "answer_5": 12.420578701741206,
      "answer_6": 1.53712154738632
    },
    "query_6": {
      "answer_1": 2.880409599482976,
      "answer_2": 2.6245436283771753,
      "answer_3": 2.683409604925705,
      "answer_4": 2.5674791018929928,
      "answer_5": 2.942616692853016,
      "answer_6": 4.80649716471219
    }
  }
}