{
  "entity": "George Washington",
  "cosine_similarities": {
    "query_1": {
      "answer_1": 0.7062173974562588,
      "answer_2": 0.5859457757261662,
      "answer_3": 0.6469420963701152,
      "answer_4": 0.5417618475518053,
      "answer_5": 0.6917425255395249,
      "answer_6": 0.5090487489040354
    },
    "query_2": {
      "answer_1": 0.6024112570277078,
      "answer_2": 0.7529762420475565,
      "answer_3": 0.6195830051593777,
      "answer_4": 0.5246385744531972,
      "answer_5": 0.5925916482310316,
      "answer_6": 0.5269058843674108
    },
    "query_3": {
      "answer_1": 0.7407955682608857,
      "answer_2": 0.5442759945579402,
      "answer_3": 0.7986086946634166,
      "answer_4": 0.5140135146637201,
      "answer_5": 0.5268564963337298,
      "answer_6": 0.3871581209854694
    },
    "query_4": {
      "answer_1": 0.5487360474044756,
      "answer_2": 0.4976125339914116,
      "answer_3": 0.5222998606250305,
      "answer_4": 0.7513692416825697,
      "answer_5": 0.546569348232935,
      "answer_6": 0.5497484504285305
    },
    "query_5": {
      "answer_1": 0.5780359144133463,
      "answer_2": 0.5211147865252891,
      "answer_3": 0.550000016981018,
      "answer_4": 0.513269275959594,
      "answer_5": 0.8557398933601553,
      "answer_6": 0.4167375183123947
    },
    "query_6": {
      "answer_1": 0.5582633122623913,
      "answer_2": 0.4875233941824392,
      "answer_3": 0.4672250523608436,
      "answer_4": 0.5043580735278563,
      "answer_5": 0.5278064357480731,
      "answer_6": 0.8289326866202525
    }
  }
}