{
  "entity": "George Washington",
  "cosine_similarities": {
    "query_1": {
      "answer_1": 0.91943056476665,
      "answer_2": 0.8657870213132769,
      "answer_3": 0.8572243945784435,
      "answer_4": 0.8374018934736295,
      "answer_5": 0.8637086164032421,
      "answer_6": 0.8429019819690652
    },
    "query_2": {
      "answer_1": 0.8739776288384583,
      "answer_2": 0.9512394134469248,
      "answer_3": 0.868874171896031,
      "answer_4": 0.8475198436236617,
      "answer_5": 0.8474890222892878,
      "answer_6": 0.832180147569549
    },
    "query_3": {
      "answer_1": 0.8442022870301952,
      "answer_2": 0.8455136092297881,
      "answer_3": 0.9158054181076073,
      "answer_4": 0.8295738573193372,
      "answer_5": 0.8251258075112557,
      "answer_6": 0.8198560697384815
    },
    "query_4": {
      "answer_1": 0.8431604000843326,
      "answer_2": 0.8329853693784774,
      "answer_3": 0.833597124842194,
      "answer_4": 0.9047065007949716,
      "answer_5": 0.8504122264185031,
      "answer_6": 0.8464792189061024
    },
    "query_5": {
      "answer_1": 0.8490811895698975,
      "answer_2": 0.8372099630797645,
      "answer_3": 0.8225544010027901,
      "answer_4": 0.8296187250763859,
      "answer_5": 0.9420817472981459,
      "answer_6": 0.834733739028548
    },
    "query_6": {
      "answer_1": 0.8486707196871877,
      "answer_2": 0.8293556843789748,
      "answer_3": 0.8202134386040016,
      "answer_4": 0.8387867856402851,
      "answer_5": 0.8454723781904249,
      "answer_6": 0.9003659625291325
    }
  }
}