{
  "entity": "George Washington",
  "cosine_similarities": {
    "query_1": {
      "answer_1": 0.9413878422885793,
      "answer_2": 0.8799360328736625,
      "answer_3": 0.8570000782599624,
      "answer_4": 0.8275718027535308,
      "answer_5": 0.8561828413542977,
      "answer_6": 0.8515334033794542
    },
    "query_2": {
      "answer_1": 0.8696123491318818,
      "answer_2": 0.9472931983391908,
      "answer_3": 0.8639808810067968,
      "answer_4": 0.8175947988335154,
      "answer_5": 0.8415168190386778,
      "answer_6": 0.8491824289686651
    },
    "query_3": {
      "answer_1": 0.8713178491244862,
      "answer_2": 0.868808268580423,
      "answer_3": 0.8990572290988603,
      "answer_4": 0.8476940873720278,
      "answer_5": 0.8603962117548636,
      "answer_6": 0.8672544807006878
    },
    "query_4": {
      "answer_1": 0.8370752272731438,
      "answer_2": 0.8229238359580275,
      "answer_3": 0.8483376334704796,
      "answer_4": 0.907130184374601,
      "answer_5": 0.8520753604697274,
      "answer_6": 0.8474760763135777
    },
    "query_5": {
      "answer_1": 0.8655616652358775,
      "answer_2": 0.8612264910442431,
      "answer_3": 0.8521816140926788,
      "answer_4": 0.8340840082994194,
      "answer_5": 0.9271538314735837,
      "answer_6": 0.8688350855432164
    },
    "query_6": {
      "answer_1": 0.8527822857471237,
      "answer_2": 0.851568242365559,
      "answer_3": 0.8450639018737586,
      "answer_4": 0.8355537736378328,
      "answer_5": 0.8619163906207091,
      "answer_6": 0.9246970298824619
    }
  }
}