{
  "entity": "George Washington",
  "cosine_similarities": {
    "query_1": {
      "answer_1": 0.929168336432503,
      "answer_2": 0.860699808372182,
      "answer_3": 0.8587796630764669,
      "answer_4": 0.8257897553877985,
      "answer_5": 0.8585082126435932,
      "answer_6": 0.859719947317069
    },
    "query_2": {
      "answer_1": 0.8868902385973493,
      "answer_2": 0.9419559047117844,
      "answer_3": 0.892303581086365,
      "answer_4": 0.8348671933479309,
      "answer_5": 0.8513432822891909,
      "answer_6": 0.852803616594619
    },
    "query_3": {
      "answer_1": 0.8541912199078627,
      "answer_2": 0.8418561037844454,
      "answer_3": 0.901323774011922,
      "answer_4": 0.8645141697496764,
      "answer_5": 0.8577232094803173,
      "answer_6": 0.8582162650137488
    },
    "query_4": {
      "answer_1": 0.8297737502025954,
      "answer_2": 0.8224541714398799,
      "answer_3": 0.8649980780171947,
      "answer_4": 0.9239796785290697,
      "answer_5": 0.851767622726687,
      "answer_6": 0.8620575449830495
    },
    "query_5": {
      "answer_1": 0.8564964090364676,
      "answer_2": 0.84354585461217,
      "answer_3": 0.8405973722140779,
      "answer_4": 0.8319685416450355,
      "answer_5": 0.9277816064903235,
      "answer_6": 0.8519433073246422
    },
    "query_6": {
      "answer_1": 0.8533543373347314,
      "answer_2": 0.8300906635527341,
      "answer_3": 0.8232442897201678,
      "answer_4": 0.8222096331370292,
      "answer_5": 0.8260878655466063,
      "answer_6": 0.9011283967761204
    }
  }
}