{
  "entity": "George Washington",
  "cosine_similarities": {
    "query_1": {
      "answer_1": 0.9331635023985778,
      "answer_2": 0.8726874989481179,
      "answer_3": 0.8645887361956888,
      "answer_4": 0.8308241623754016,
      "answer_5": 0.8466256011172931,
      "answer_6": 0.8523024991538091
    },
    "query_2": {
      "answer_1": 0.8830276608638674,
      "answer_2": 0.9430574775667455,
      "answer_3": 0.8915663396600964,
      "answer_4": 0.8422863282939537,
      "answer_5": 0.8468426060275093,
      "answer_6": 0.8596125411691233
    },
    "query_3": {
      "answer_1": 0.85709945960908,
      "answer_2": 0.8530476792496359,
      "answer_3": 0.896226174504779,
      "answer_4": 0.8599963646559262,
      "answer_5": 0.8277834878832585,
      "answer_6": 0.841248137476166
    },
    "query_4": {
      "answer_1": 0.8358654191268533,
      "answer_2": 0.8330582307251858,
      "answer_3": 0.850059750300385,
      "answer_4": 0.9082125414188269,
      "answer_5": 0.8258894292176749,
      "answer_6": 0.8346847288722744
    },
    "query_5": {
      "answer_1": 0.8784411401128988,
      "answer_2": 0.8475604355103982,
      "answer_3": 0.8349120305278009,
      "answer_4": 0.8259884960125913,
      "answer_5": 0.9249592994259258,
      "answer_6": 0.8595694554481111
    },
    "query_6": {
      "answer_1": 0.8514045940225662,
      "answer_2": 0.839892657658023,
      "answer_3": 0.8270459647219739,
      "answer_4": 0.8193375339459767,
      "answer_5": 0.8455030773699742,
      "answer_6": 0.9115733322271771
    }
  }
}