{
  "entity": "George Washington",
  "cosine_similarities": {
    "query_1": {
      "answer_1": 0.9261026607711731,
      "answer_2": 0.8653776551594039,
      "answer_3": 0.8438421280231895,
      "answer_4": 0.8588349307021763,
      "answer_5": 0.8825417369422479,
      "answer_6": 0.860218729231637
    },
    "query_2": {
      "answer_1": 0.8825883945603549,
      "answer_2": 0.9423894460535844,
      "answer_3": 0.8506028308619399,
      "answer_4": 0.8638150063713615,
      "answer_5": 0.8633708527736739,
      "answer_6": 0.850110193117647
    },
    "query_3": {
      "answer_1": 0.8572253787677091,
      "answer_2": 0.8440335021723676,
      "answer_3": 0.8972713981139393,
      "answer_4": 0.8621613528532289,
      "answer_5": 0.8332879543875477,
      "answer_6": 0.8265926338495165
    },
    "query_4": {
      "answer_1": 0.8724803206103717,
      "answer_2": 0.854082398520864,
      "answer_3": 0.851673252302319,
      "answer_4": 0.9193961508547465,
      "answer_5": 0.870286616772295,
      "answer_6": 0.8753468666343367
    },
    "query_5": {
      "answer_1": 0.8582409964086742,
      "answer_2": 0.8413499346744828,
      "answer_3": 0.8100652530839805,
      "answer_4": 0.8452763299039967,
      "answer_5": 0.9312978260485356,
      "answer_6": 0.850002502341065
    },
    "query_6": {
      "answer_1": 0.8487008326340486,
      "answer_2": 0.8260640083766607,
      "answer_3": 0.8122397418038072,
      "answer_4": 0.8512716335207534,
      "answer_5": 0.8601103963065148,
      "answer_6": 0.8961997055037026
    }
  }
}