{
  "entity": "George Washington",
  "cosine_similarities": {
    "query_1": {
      "answer_1": 0.9288259466239441,
      "answer_2": 0.8688017621970503,
      "answer_3": 0.8622701153412093,
      "answer_4": 0.8445620301772174,
      "answer_5": 0.8608969221058723,
      "answer_6": 0.8664972769928424
    },
    "query_2": {
      "answer_1": 0.8838051814599399,
      "answer_2": 0.946244635131001,
      "answer_3": 0.8835615119056928,
      "answer_4": 0.8559151755080109,
      "answer_5": 0.8454492032769684,
      "answer_6": 0.865618789081
    },
    "query_3": {
      "answer_1": 0.8649092628750576,
      "answer_2": 0.8460460011722968,
      "answer_3": 0.9244424655600593,
      "answer_4": 0.8667581067632879,
      "answer_5": 0.8329600479301549,
      "answer_6": 0.8670607662708323
    },
    "query_4": {
      "answer_1": 0.8581574409653306,
      "answer_2": 0.8411095242448635,
      "answer_3": 0.8535674283602535,
      "answer_4": 0.8933951393534151,
      "answer_5": 0.8345709539125297,
      "answer_6": 0.8859396531357819
    },
    "query_5": {
      "answer_1": 0.8624018054676049,
      "answer_2": 0.8461516203090506,
      "answer_3": 0.8399438457712122,
      "answer_4": 0.8452401947052673,
      "answer_5": 0.9386730048155904,
      "answer_6": 0.8516224537804025
    },
    "query_6": {
      "answer_1": 0.8749766114304689,
      "answer_2": 0.8531817793005171,
      "answer_3": 0.8563160773752567,
      "answer_4": 0.8748286616778397,
      "answer_5": 0.8485997281017731,
      "answer_6": 0.9218733233542097
    }
  }
}