{
  "entity": "George Washington",
  "cosine_similarities": {
    "query_1": {
      "answer_1": 0.9277268028718376,
      "answer_2": 0.8718316988723552,
      "answer_3": 0.8746985904351309,
      "answer_4": 0.8323061398767087,
      "answer_5": 0.8495309566074468,
      "answer_6": 0.8605504625766468
    },
    "query_2": {
      "answer_1": 0.8944866216862961,
      "answer_2": 0.9470024377033969,
      "answer_3": 0.8904400872056395,
      "answer_4": 0.844815052946661,
      "answer_5": 0.8522890707041533,
      "answer_6": 0.8524403394755519
    },
    "query_3": {
      "answer_1": 0.860403856898362,
      "answer_2": 0.8487470028294638,
      "answer_3": 0.9180620774981222,
      "answer_4": 0.8490184860457533,
      "answer_5": 0.8289437735701429,
      "answer_6": 0.8525181412610122
    },
    "query_4": {
      "answer_1": 0.8515570943609596,
      "answer_2": 0.8375881489879251,
      "answer_3": 0.8562659375824286,
      "answer_4": 0.9080521485138661,
      "answer_5": 0.8500736778081013,
      "answer_6": 0.8757695424412631
    },
    "query_5": {
      "answer_1": 0.8644922135151879,
      "answer_2": 0.8433793831052394,
      "answer_3": 0.8553747251297629,
      "answer_4": 0.85214984630275,
      "answer_5": 0.9232666871220075,
      "answer_6": 0.8666382096083155
    },
    "query_6": {
      "answer_1": 0.8546146766803223,
      "answer_2": 0.8329821921623695,
      "answer_3": 0.8348433360908312,
      "answer_4": 0.8460322642907897,
      "answer_5": 0.8426177245890222,
      "answer_6": 0.9119191230561082
    }
  }
}