{
  "entity": "George Washington",
  "cosine_similarities": {
    "query_1": {
      "answer_1": 0.9390236178039187,
      "answer_2": 0.8824273755958533,
      "answer_3": 0.8608827176086838,
      "answer_4": 0.8310357043719406,
      "answer_5": 0.8517523898973641,
      "answer_6": 0.8513056381467414
    },
    "query_2": {
      "answer_1": 0.8836086668394459,
      "answer_2": 0.9550515284823123,
      "answer_3": 0.885557042254218,
      "answer_4": 0.8336434079507086,
      "answer_5": 0.8427382951135629,
      "answer_6": 0.8577594342863719
    },
    "query_3": {
      "answer_1": 0.866839493910108,
      "answer_2": 0.8587744818539746,
      "answer_3": 0.907089633633408,
      "answer_4": 0.8546216287018605,
      "answer_5": 0.8354445043110746,
      "answer_6": 0.8460874185342366
    },
    "query_4": {
      "answer_1": 0.840964366943854,
      "answer_2": 0.8378548161052515,
      "answer_3": 0.8576443127297674,
      "answer_4": 0.9013735794748906,
      "answer_5": 0.837751304813332,
      "answer_6": 0.8388492140611218
    },
    "query_5": {
      "answer_1": 0.864812117428027,
      "answer_2": 0.8622851974647413,
      "answer_3": 0.8445428619265091,
      "answer_4": 0.8272863163797352,
      "answer_5": 0.9124533371068075,
      "answer_6": 0.8417225514154288
    },
    "query_6": {
      "answer_1": 0.8589291613329396,
      "answer_2": 0.8514865454109521,
      "answer_3": 0.8249588547661286,
      "answer_4": 0.8219314755241501,
      "answer_5": 0.8233313098527175,
      "answer_6": 0.9154523938658176
    }
  }
}