{
  "entity": "George Washington",
  "cosine_similarities": {
    "query_1": {
      "answer_1": 0.9003878728642969,
      "answer_2": 0.8918215308465804,
      "answer_3": 0.8706325339936344,
      "answer_4": 0.838234259730779,
      "answer_5": 0.8759838130415077,
      "answer_6": 0.8497441356141876
    },
    "query_2": {
      "answer_1": 0.8621193861088733,
      "answer_2": 0.9318417619770702,
      "answer_3": 0.8871447377083371,
      "answer_4": 0.8475147287387965,
      "answer_5": 0.8716616538338802,
      "answer_6": 0.8666396436046587
    },
    "query_3": {
      "answer_1": 0.8487367479488225,
      "answer_2": 0.876109038221848,
      "answer_3": 0.906996844428772,
      "answer_4": 0.8514729030311727,
      "answer_5": 0.8614725162972224,
      "answer_6": 0.8600856492760302
    },
    "query_4": {
      "answer_1": 0.8491481495358297,
      "answer_2": 0.8482271946723919,
      "answer_3": 0.8515743992901851,
      "answer_4": 0.9048387999021535,
      "answer_5": 0.8597089714669495,
      "answer_6": 0.8721946286419625
    },
    "query_5": {
      "answer_1": 0.8542702474974353,
      "answer_2": 0.8821142798337961,
      "answer_3": 0.8556304226502186,
      "answer_4": 0.8408213924691088,
      "answer_5": 0.9341501221662235,
      "answer_6": 0.8612962341040288
    },
    "query_6": {
      "answer_1": 0.8436762618720278,
      "answer_2": 0.8718594294624664,
      "answer_3": 0.8447625822075404,
      "answer_4": 0.8542359813099148,
      "answer_5": 0.8592359485711849,
      "answer_6": 0.908008358853601
    }
  }
}