{
  "entity": "George Washington",
  "cosine_similarities": {
    "query_1": {
      "answer_1": 0.9397621032430403,
      "answer_2": 0.8668889451914693,
      "answer_3": 0.8575495858313487,
      "answer_4": 0.8413947329264616,
      "answer_5": 0.8472039417095372,
      "answer_6": 0.8561824877529953
    },
    "query_2": {
      "answer_1": 0.8811115503158934,
      "answer_2": 0.95191139779711,
      "answer_3": 0.8907792265552451,
      "answer_4": 0.8514537216405714,
      "answer_5": 0.8408861069837028,
      "answer_6": 0.8470597553392331
    },
    "query_3": {
      "answer_1": 0.8620480131545414,
      "answer_2": 0.8444251939485142,
      "answer_3": 0.9120894134309843,
      "answer_4": 0.848823307280727,
      "answer_5": 0.8309717336637794,
      "answer_6": 0.843009228703781
    },
    "query_4": {
      "answer_1": 0.847264355288501,
      "answer_2": 0.8304153131931815,
      "answer_3": 0.8447847145925703,
      "answer_4": 0.9065081037087244,
      "answer_5": 0.8395167773573161,
      "answer_6": 0.8661578444345069
    },
    "query_5": {
      "answer_1": 0.8634405775133057,
      "answer_2": 0.8447989674155095,
      "answer_3": 0.8385911855417653,
      "answer_4": 0.8566221267930485,
      "answer_5": 0.938804264860918,
      "answer_6": 0.8598954731620648
    },
    "query_6": {
      "answer_1": 0.8522977596635855,
      "answer_2": 0.8288749136277397,
      "answer_3": 0.8209493882556181,
      "answer_4": 0.844518070232415,
      "answer_5": 0.8348293499716698,
      "answer_6": 0.9089902910976642
    }
  }
}