{
  "entity": "George Washington",
  "cosine_similarities": {
    "query_1": {
      "answer_1": 0.934564319743932,
      "answer_2": 0.8699241819025333,
      "answer_3": 0.8591264499824541,
      "answer_4": 0.8369879793336602,
      "answer_5": 0.8757230782148225,
      "answer_6": 0.8626243153732753
    },
    "query_2": {
      "answer_1": 0.8932139958006188,
      "answer_2": 0.9395919635210241,
      "answer_3": 0.8746810146609462,
      "answer_4": 0.857574087860328,
      "answer_5": 0.8562045421650427,
      "answer_6": 0.8731754238563706
    },
    "query_3": {
      "answer_1": 0.8763211570121381,
      "answer_2": 0.855930402276985,
      "answer_3": 0.9278892029648855,
      "answer_4": 0.8634802095103612,
      "answer_5": 0.8537745356241052,
      "answer_6": 0.867966525887531
    },
    "query_4": {
      "answer_1": 0.866467766039431,
      "answer_2": 0.8490813316633865,
      "answer_3": 0.8514579693783191,
      "answer_4": 0.8871244259600571,
      "answer_5": 0.8495782775208305,
      "answer_6": 0.8741218898923888
    },
    "query_5": {
      "answer_1": 0.8624490936347868,
      "answer_2": 0.8442243788192195,
      "answer_3": 0.8302293526726621,
      "answer_4": 0.8380381306141517,
      "answer_5": 0.9436964285054693,
      "answer_6": 0.8581981634658709
    },
    "query_6": {
      "answer_1": 0.8727702941433263,
      "answer_2": 0.8492725589682738,
      "answer_3": 0.8310645085414686,
      "answer_4": 0.8632386612050735,
      "answer_5": 0.8518787604029929,
      "answer_6": 0.9250513997068363
    }
  }
}