{
  "entity": "George Washington",
  "cosine_similarities": {
    "query_1": {
      "answer_1": 0.9222930911330783,
      "answer_2": 0.8723562766667443,
      "answer_3": 0.8611582957861794,
      "answer_4": 0.8214645537710328,
      "answer_5": 0.8450848668971034,
      "answer_6": 0.8508925262175812
    },
    "query_2": {
      "answer_1": 0.8672888070071226,
      "answer_2": 0.9532622313608199,
      "answer_3": 0.8920891967265239,
      "answer_4": 0.8296199672983301,
      "answer_5": 0.8392054793327418,
      "answer_6": 0.863168892731107
    },
    "query_3": {
      "answer_1": 0.8470686961350176,
      "answer_2": 0.8512102485617145,
      "answer_3": 0.9199800026898388,
      "answer_4": 0.8521489987099323,
      "answer_5": 0.8261277800270674,
      "answer_6": 0.8468934966459629
    },
    "query_4": {
      "answer_1": 0.8294769276652781,
      "answer_2": 0.8239099267730202,
      "answer_3": 0.8684114474792763,
      "answer_4": 0.9038960597170688,
      "answer_5": 0.823616620110381,
      "answer_6": 0.8469349140528569
    },
    "query_5": {
      "answer_1": 0.8630723636082231,
      "answer_2": 0.8469566712992365,
      "answer_3": 0.8426102771597613,
      "answer_4": 0.8066548962278288,
      "answer_5": 0.9271426593013984,
      "answer_6": 0.8635614960274427
    },
    "query_6": {
      "answer_1": 0.8437206737593902,
      "answer_2": 0.8414890375752985,
      "answer_3": 0.8348336329679916,
      "answer_4": 0.8106208315832313,
      "answer_5": 0.8382320456341976,
      "answer_6": 0.920297731357688
    }
  }
}