{
  "entity": "George Washington",
  "cosine_similarities": {
    "query_1": {
      "answer_1": 0.9112951227133195,
      "answer_2": 0.883001995261177,
      "answer_3": 0.8684949271978308,
      "answer_4": 0.8326657777293599,
      "answer_5": 0.878825578226085,
      "answer_6": 0.8580270376567452
    },
    "query_2": {
      "answer_1": 0.8673328792128434,
      "answer_2": 0.9423719764063656,
      "answer_3": 0.8709406447948624,
      "answer_4": 0.8360014135316409,
      "answer_5": 0.8714203176089368,
      "answer_6": 0.8636824689453603
    },
    "query_3": {
      "answer_1": 0.8623196638623635,
      "answer_2": 0.8743771134061377,
      "answer_3": 0.9156485876638041,
      "answer_4": 0.8544596722423068,
      "answer_5": 0.8725664470659695,
      "answer_6": 0.8730305167222748
    },
    "query_4": {
      "answer_1": 0.8496849143137419,
      "answer_2": 0.8395093037115858,
      "answer_3": 0.8658407247150882,
      "answer_4": 0.8870457228505686,
      "answer_5": 0.8694658543028027,
      "answer_6": 0.8774581892624037
    },
    "query_5": {
      "answer_1": 0.8665319392735055,
      "answer_2": 0.8762656608416598,
      "answer_3": 0.857904030514608,
      "answer_4": 0.8451351765121609,
      "answer_5": 0.9224344901502478,
      "answer_6": 0.8663561305569049
    },
    "query_6": {
      "answer_1": 0.8548673875292768,
      "answer_2": 0.8416275318581197,
      "answer_3": 0.841125807014678,
      "answer_4": 0.8528288198851788,
      "answer_5": 0.8669174856391656,
      "answer_6": 0.8772157749963744
    }
  }
}