{
  "entity": "George Washington",
  "cosine_similarities": {
    "query_1": {
      "answer_1": 0.9429923872805284,
      "answer_2": 0.8833112091062317,
      "answer_3": 0.8631409905339344,
      "answer_4": 0.8378054955293617,
      "answer_5": 0.8711141125580238,
      "answer_6": 0.8510159775488488
    },
    "query_2": {
      "answer_1": 0.8814640761621071,
      "answer_2": 0.9416683673497208,
      "answer_3": 0.8794983226173033,
      "answer_4": 0.8490841441902547,
      "answer_5": 0.8565547130091974,
      "answer_6": 0.851837000552394
    },
    "query_3": {
      "answer_1": 0.8630913500785949,
      "answer_2": 0.860942914311752,
      "answer_3": 0.9156267922720758,
      "answer_4": 0.8507731362773396,
      "answer_5": 0.8615596584977774,
      "answer_6": 0.8453004659915024
    },
    "query_4": {
      "answer_1": 0.8494601632602151,
      "answer_2": 0.832922878853398,
      "answer_3": 0.8463834651289052,
      "answer_4": 0.9114357902353469,
      "answer_5": 0.8504548640117273,
      "answer_6": 0.8647902208598457
    },
    "query_5": {
      "answer_1": 0.8858344619162642,
      "answer_2": 0.8620726859071554,
      "answer_3": 0.8535016165063233,
      "answer_4": 0.842480531955872,
      "answer_5": 0.9369380630648195,
      "answer_6": 0.8642126084565321
    },
    "query_6": {
      "answer_1": 0.8551386793963769,
      "answer_2": 0.8373153662268882,
      "answer_3": 0.834954922215936,
      "answer_4": 0.8465496043016503,
      "answer_5": 0.8570932966814081,
      "answer_6": 0.919108261670854
    }
  }
}