{
  "entity": "George Washington",
  "cosine_similarities": {
    "query_1": {
      "answer_1": 0.9294835559608686,
      "answer_2": 0.8771624807506367,
      "answer_3": 0.8514471997445483,
      "answer_4": 0.8418428145647058,
      "answer_5": 0.8641018764817037,
      "answer_6": 0.8672821655074158
    },
    "query_2": {
      "answer_1": 0.8838744941074992,
      "answer_2": 0.9536074785440776,
      "answer_3": 0.8625955874820119,
      "answer_4": 0.8577055018222102,
      "answer_5": 0.85644843359034,
      "answer_6": 0.8625026709202319
    },
    "query_3": {
      "answer_1": 0.8446387027963913,
      "answer_2": 0.8408414867788832,
      "answer_3": 0.8873245861340258,
      "answer_4": 0.8585362727951321,
      "answer_5": 0.8395807634884795,
      "answer_6": 0.8286387707367512
    },
    "query_4": {
      "answer_1": 0.8710539673153609,
      "answer_2": 0.8662537038916032,
      "answer_3": 0.8656064098934999,
      "answer_4": 0.9300595417539145,
      "answer_5": 0.8887408164932036,
      "answer_6": 0.8874302156893954
    },
    "query_5": {
      "answer_1": 0.8756857412479477,
      "answer_2": 0.862436873289619,
      "answer_3": 0.8438454333573956,
      "answer_4": 0.8638505621849886,
      "answer_5": 0.9309149079489317,
      "answer_6": 0.8794188573463515
    },
    "query_6": {
      "answer_1": 0.8669240686662958,
      "answer_2": 0.8475532272558749,
      "answer_3": 0.8232149781834437,
      "answer_4": 0.8531271734014324,
      "answer_5": 0.8650604215544953,
      "answer_6": 0.9184087111793183
    }
  }
}