{
  "entity": "George Washington",
  "cosine_similarities": {
    "query_1": {
      "answer_1": 0.925604111187057,
      "answer_2": 0.8739948344126286,
      "answer_3": 0.8597273734709506,
      "answer_4": 0.8536187125126553,
      "answer_5": 0.86801156814366,
      "answer_6": 0.8620468894496357
    },
    "query_2": {
      "answer_1": 0.875379295533859,
      "answer_2": 0.9472170773375422,
      "answer_3": 0.8674347112339789,
      "answer_4": 0.8612795831969038,
      "answer_5": 0.8420390640845203,
      "answer_6": 0.8554928092235
    },
    "query_3": {
      "answer_1": 0.8383496510250246,
      "answer_2": 0.8387939969136359,
      "answer_3": 0.912343639409502,
      "answer_4": 0.8580629922607077,
      "answer_5": 0.8244617586526358,
      "answer_6": 0.8343207175814875
    },
    "query_4": {
      "answer_1": 0.8499322844274639,
      "answer_2": 0.8517555827100853,
      "answer_3": 0.8666981277554895,
      "answer_4": 0.9297029341735766,
      "answer_5": 0.872557855171957,
      "answer_6": 0.9028904060316592
    },
    "query_5": {
      "answer_1": 0.8464396151862772,
      "answer_2": 0.8400153283755847,
      "answer_3": 0.8200131217493554,
      "answer_4": 0.8357405737850058,
      "answer_5": 0.9406375614043953,
      "answer_6": 0.8455670404284676
    },
    "query_6": {
      "answer_1": 0.8370131547070251,
      "answer_2": 0.8301135464340567,
      "answer_3": 0.8147422719675723,
      "answer_4": 0.861126164765465,
      "answer_5": 0.8317544381999789,
      "answer_6": 0.917038396493503
    }
  }
}