{
  "entity": "George Washington",
  "cosine_similarities": {
    "query_1": {
      "answer_1": 0.9136869773135228,
      "answer_2": 0.8828694762812024,
      "answer_3": 0.8656047300988509,
      "answer_4": 0.8462019320096174,
      "answer_5": 0.8830494035150724,
      "answer_6": 0.8450529614455655
    },
    "query_2": {
      "answer_1": 0.887322052042722,
      "answer_2": 0.9334611120359414,
      "answer_3": 0.8822378790865377,
      "answer_4": 0.8597660694422262,
      "answer_5": 0.8712909361314236,
      "answer_6": 0.8491475295949827
    },
    "query_3": {
      "answer_1": 0.8671099975688873,
      "answer_2": 0.870301382322949,
      "answer_3": 0.9178899597433969,
      "answer_4": 0.8601904622153832,
      "answer_5": 0.8696212144319987,
      "answer_6": 0.8627932698614208
    },
    "query_4": {
      "answer_1": 0.8602724615021331,
      "answer_2": 0.8447527047612855,
      "answer_3": 0.8576231411312386,
      "answer_4": 0.905423200480583,
      "answer_5": 0.8752207880640882,
      "answer_6": 0.8727657441774032
    },
    "query_5": {
      "answer_1": 0.8766115924865309,
      "answer_2": 0.864317908245703,
      "answer_3": 0.8459040360663346,
      "answer_4": 0.8552336585719769,
      "answer_5": 0.9380209175678225,
      "answer_6": 0.8427577278203199
    },
    "query_6": {
      "answer_1": 0.8716201661235348,
      "answer_2": 0.8574883375978851,
      "answer_3": 0.8468335027179941,
      "answer_4": 0.8703813171524737,
      "answer_5": 0.8815824601703353,
      "answer_6": 0.8893462802739883
    }
  }
}