{
  "entity": "George Washington",
  "cosine_similarities": {
    "query_1": {
      "answer_1": 0.9166064494507554,
      "answer_2": 0.8893151895220207,
      "answer_3": 0.8687893207622677,
      "answer_4": 0.8395321329966839,
      "answer_5": 0.8832941284959991,
      "answer_6": 0.8590641768268676
    },
    "query_2": {
      "answer_1": 0.8761992665842637,
      "answer_2": 0.941578850451097,
      "answer_3": 0.8746273948240745,
      "answer_4": 0.8513455870432634,
      "answer_5": 0.8687676375061186,
      "answer_6": 0.8627370033781997
    },
    "query_3": {
      "answer_1": 0.8733811057005376,
      "answer_2": 0.8722697177352741,
      "answer_3": 0.9141960721861552,
      "answer_4": 0.860416918459866,
      "answer_5": 0.8642693209346138,
      "answer_6": 0.8541563513761962
    },
    "query_4": {
      "answer_1": 0.8594322695320499,
      "answer_2": 0.8468288075342735,
      "answer_3": 0.8601814544067452,
      "answer_4": 0.8894875089685114,
      "answer_5": 0.8561232094043334,
      "answer_6": 0.8591679193562539
    },
    "query_5": {
      "answer_1": 0.8592521241056216,
      "answer_2": 0.8632542490800256,
      "answer_3": 0.8421175802112292,
      "answer_4": 0.8388563718080461,
      "answer_5": 0.9472826532227967,
      "answer_6": 0.8592708263046737
    },
    "query_6": {
      "answer_1": 0.8622436198156412,
      "answer_2": 0.8483174898633584,
      "answer_3": 0.8384556011861073,
      "answer_4": 0.8512444690539224,
      "answer_5": 0.8627382938184724,
      "answer_6": 0.8996714542059027
    }
  }
}