{
  "entity": "George Washington",
  "cosine_similarities": {
    "query_1": {
      "answer_1": 0.9252034523929301,
      "answer_2": 0.8657684294488615,
      "answer_3": 0.8550620094404914,
      "answer_4": 0.8465805038661405,
      "answer_5": 0.85930464401283,
      "answer_6": 0.8614610229772955
    },
    "query_2": {
      "answer_1": 0.8892958856729591,
      "answer_2": 0.9399287812845908,
      "answer_3": 0.8678425806261009,
      "answer_4": 0.8597587938139305,
      "answer_5": 0.8546303620454179,
      "answer_6": 0.8568622436878297
    },
    "query_3": {
      "answer_1": 0.8517797189886882,
      "answer_2": 0.8264158103381594,
      "answer_3": 0.9091618151432229,
      "answer_4": 0.8595847641971366,
      "answer_5": 0.8371417541464438,
      "answer_6": 0.8276786508308784
    },
    "query_4": {
      "answer_1": 0.8834149482035227,
      "answer_2": 0.84521347473142,
      "answer_3": 0.8803934693208594,
      "answer_4": 0.9316666277074944,
      "answer_5": 0.8851860986152081,
      "answer_6": 0.8741409495394076
    },
    "query_5": {
      "answer_1": 0.8773297417943219,
      "answer_2": 0.8472899284107426,
      "answer_3": 0.851127322176051,
      "answer_4": 0.8663607781838838,
      "answer_5": 0.9333888400835603,
      "answer_6": 0.8778570353584232
    },
    "query_6": {
      "answer_1": 0.8680138409640443,
      "answer_2": 0.8355239852997638,
      "answer_3": 0.8319454643615343,
      "answer_4": 0.8523408812992715,
      "answer_5": 0.8663799527151567,
      "answer_6": 0.9269293901836805
    }
  }
}