{
  "entity": "George Washington",
  "cosine_similarities": {
    "query_1": {
      "answer_1": 0.9459448126285167,
      "answer_2": 0.8796971986377232,
      "answer_3": 0.862054231744549,
      "answer_4": 0.8402433596836386,
      "answer_5": 0.8676821226492718,
      "answer_6": 0.8538363615505078
    },
    "query_2": {
      "answer_1": 0.8779444471875122,
      "answer_2": 0.946833384824171,
      "answer_3": 0.8794875321284101,
      "answer_4": 0.8516137666439871,
      "answer_5": 0.8559912705928083,
      "answer_6": 0.8539703253337415
    },
    "query_3": {
      "answer_1": 0.855693464197441,
      "answer_2": 0.8660821254367491,
      "answer_3": 0.9152101179582167,
      "answer_4": 0.8564009772449727,
      "answer_5": 0.857202813841292,
      "answer_6": 0.8620400772925494
    },
    "query_4": {
      "answer_1": 0.8367847156903154,
      "answer_2": 0.8392752116630638,
      "answer_3": 0.8489516133494952,
      "answer_4": 0.9134988760336996,
      "answer_5": 0.8485842401299292,
      "answer_6": 0.8803434712185547
    },
    "query_5": {
      "answer_1": 0.8827551024160711,
      "answer_2": 0.8652525181051492,
      "answer_3": 0.8469269113087327,
      "answer_4": 0.8470801659891576,
      "answer_5": 0.9333221233602736,
      "answer_6": 0.8630681779013359
    },
    "query_6": {
      "answer_1": 0.8476452930095056,
      "answer_2": 0.8396418740351277,
      "answer_3": 0.8314094507570533,
      "answer_4": 0.845903470832898,
      "answer_5": 0.8542731514859674,
      "answer_6": 0.9099697326016443
    }
  }
}