{
  "entity": "George Washington",
  "cosine_similarities": {
    "query_1": {
      "answer_1": 0.9136289377977204,
      "answer_2": 0.8898682262059875,
      "answer_3": 0.8656035286482016,
      "answer_4": 0.829998647267123,
      "answer_5": 0.8689597343980904,
      "answer_6": 0.8522234271592202
    },
    "query_2": {
      "answer_1": 0.8750351142162118,
      "answer_2": 0.938672139590837,
      "answer_3": 0.8763305116498064,
      "answer_4": 0.8288650711053744,
      "answer_5": 0.8627723862038357,
      "answer_6": 0.854158840128841
    },
    "query_3": {
      "answer_1": 0.8631883392828943,
      "answer_2": 0.8627827695035597,
      "answer_3": 0.9059659092640319,
      "answer_4": 0.8594758430123512,
      "answer_5": 0.8544642685835533,
      "answer_6": 0.8638092135552653
    },
    "query_4": {
      "answer_1": 0.8400292567483357,
      "answer_2": 0.8217525435028096,
      "answer_3": 0.8656287680594007,
      "answer_4": 0.9242920328053431,
      "answer_5": 0.8524606860737836,
      "answer_6": 0.8639968268458948
    },
    "query_5": {
      "answer_1": 0.875062414204524,
      "answer_2": 0.8637081852220336,
      "answer_3": 0.8468995446246798,
      "answer_4": 0.8356296962431465,
      "answer_5": 0.9352912683553234,
      "answer_6": 0.8655912729781893
    },
    "query_6": {
      "answer_1": 0.8474362552476212,
      "answer_2": 0.8167610747477545,
      "answer_3": 0.8239967003290684,
      "answer_4": 0.8256632566747611,
      "answer_5": 0.8473296964373676,
      "answer_6": 0.9069273985417421
    }
  }
}