{
  "entity": "George Washington",
  "cosine_similarities": {
    "query_1": {
      "answer_1": 0.928315310999004,
      "answer_2": 0.8780229337004326,
      "answer_3": 0.8694033060323278,
      "answer_4": 0.8385448124049243,
      "answer_5": 0.8713779818289679,
      "answer_6": 0.8531811287176552
    },
    "query_2": {
      "answer_1": 0.8570056750889211,
      "answer_2": 0.945585011802735,
      "answer_3": 0.8643777025200022,
      "answer_4": 0.8398251300330071,
      "answer_5": 0.854439868251908,
      "answer_6": 0.8439666642477093
    },
    "query_3": {
      "answer_1": 0.8655726797316105,
      "answer_2": 0.8749735843247188,
      "answer_3": 0.9229498293968627,
      "answer_4": 0.8629174702566259,
      "answer_5": 0.8762009652655341,
      "answer_6": 0.8568012300127715
    },
    "query_4": {
      "answer_1": 0.8460326374743926,
      "answer_2": 0.8456077285299075,
      "answer_3": 0.8615269823973731,
      "answer_4": 0.8895827109827109,
      "answer_5": 0.8638638127689626,
      "answer_6": 0.8712467846754381
    },
    "query_5": {
      "answer_1": 0.8671830353378231,
      "answer_2": 0.8594154727913335,
      "answer_3": 0.8602533560745166,
      "answer_4": 0.841204388584054,
      "answer_5": 0.9413885723939065,
      "answer_6": 0.8616252560059049
    },
    "query_6": {
      "answer_1": 0.8441979164345198,
      "answer_2": 0.8314175177581181,
      "answer_3": 0.8399999915885236,
      "answer_4": 0.8570871863287363,
      "answer_5": 0.8609341652127618,
      "answer_6": 0.9136273267024058
    }
  }
}