{
  "entity": "George Washington",
  "cosine_similarities": {
    "query_1": {
      "answer_1": 0.9133217043732496,
      "answer_2": 0.891804347987286,
      "answer_3": 0.8697604883251756,
      "answer_4": 0.8436244121318278,
      "answer_5": 0.8749225528124235,
      "answer_6": 0.8579447260083595
    },
    "query_2": {
      "answer_1": 0.8790825361599222,
      "answer_2": 0.9374271055484192,
      "answer_3": 0.8756690695559834,
      "answer_4": 0.8515482443939251,
      "answer_5": 0.8705479663256237,
      "answer_6": 0.8627258322624828
    },
    "query_3": {
      "answer_1": 0.8593664021549291,
      "answer_2": 0.8746214542889114,
      "answer_3": 0.9098990674098228,
      "answer_4": 0.8577877685345615,
      "answer_5": 0.8618934606020991,
      "answer_6": 0.85036614740506
    },
    "query_4": {
      "answer_1": 0.85526313400402,
      "answer_2": 0.8491644174300285,
      "answer_3": 0.8523315747422686,
      "answer_4": 0.9072501507286603,
      "answer_5": 0.8629230355895906,
      "answer_6": 0.8803564150060335
    },
    "query_5": {
      "answer_1": 0.8686883164845138,
      "answer_2": 0.8787298488930474,
      "answer_3": 0.853971973080226,
      "answer_4": 0.8502740074543691,
      "answer_5": 0.9367138136645996,
      "answer_6": 0.8684047697318201
    },
    "query_6": {
      "answer_1": 0.8599999653071703,
      "answer_2": 0.863616701313087,
      "answer_3": 0.8455367652054873,
      "answer_4": 0.8615362392739132,
      "answer_5": 0.8728770078970747,
      "answer_6": 0.907778009515752
    }
  }
}