{
  "entity": "George Washington",
  "cosine_similarities": {
    "query_1": {
      "answer_1": 0.9262610293909759,
      "answer_2": 0.888014702136861,
      "answer_3": 0.8668454975312041,
      "answer_4": 0.8412285895920526,
      "answer_5": 0.8715389570373354,
      "answer_6": 0.853437472226116
    },
    "query_2": {
      "answer_1": 0.8854693030468782,
      "answer_2": 0.9420379388098166,
      "answer_3": 0.8780546338386167,
      "answer_4": 0.8523654774170649,
      "answer_5": 0.8617559308766211,
      "answer_6": 0.861496239697505
    },
    "query_3": {
      "answer_1": 0.875448161732531,
      "answer_2": 0.8720606624762072,
      "answer_3": 0.9154438177350772,
      "answer_4": 0.8674587151815999,
      "answer_5": 0.8688154691956619,
      "answer_6": 0.858140226048743
    },
    "query_4": {
      "answer_1": 0.85605324185732,
      "answer_2": 0.8461053725272885,
      "answer_3": 0.8574762610237233,
      "answer_4": 0.8977137263919379,
      "answer_5": 0.8549077988736,
      "answer_6": 0.8727211914941568
    },
    "query_5": {
      "answer_1": 0.8806672581098117,
      "answer_2": 0.8714418695121232,
      "answer_3": 0.8558540169755995,
      "answer_4": 0.8470526511278298,
      "answer_5": 0.936521044932281,
      "answer_6": 0.8670061692622067
    },
    "query_6": {
      "answer_1": 0.856961117145326,
      "answer_2": 0.845022867942512,
      "answer_3": 0.8388729862347811,
      "answer_4": 0.8555673237331111,
      "answer_5": 0.8568173181072476,
      "answer_6": 0.9119801256577081
    }
  }
}