{
  "entity": "George Washington",
  "cosine_similarities": {
    "query_1": {
      "answer_1": 0.9348502457110943,
      "answer_2": 0.8786549257237961,
      "answer_3": 0.8680992624306002,
      "answer_4": 0.8292529939047264,
      "answer_5": 0.8444420514583352,
      "answer_6": 0.8515688742678419
    },
    "query_2": {
      "answer_1": 0.8633989940537007,
      "answer_2": 0.9432019327163219,
      "answer_3": 0.8655617681599758,
      "answer_4": 0.8215069620435151,
      "answer_5": 0.8215215434441906,
      "answer_6": 0.8459486350432672
    },
    "query_3": {
      "answer_1": 0.860835750357735,
      "answer_2": 0.865806398822065,
      "answer_3": 0.9118292795613584,
      "answer_4": 0.8711107338070533,
      "answer_5": 0.8249118526624946,
      "answer_6": 0.849675466094784
    },
    "query_4": {
      "answer_1": 0.8262363089383012,
      "answer_2": 0.8161882285392025,
      "answer_3": 0.858792993080535,
      "answer_4": 0.9267014051246613,
      "answer_5": 0.8060179401268235,
      "answer_6": 0.8369318552742316
    },
    "query_5": {
      "answer_1": 0.8566332040826129,
      "answer_2": 0.8429201105817483,
      "answer_3": 0.8381571004614177,
      "answer_4": 0.8216031154552259,
      "answer_5": 0.9334966299703454,
      "answer_6": 0.8366709119569427
    },
    "query_6": {
      "answer_1": 0.8568093989696751,
      "answer_2": 0.8453873985512029,
      "answer_3": 0.8474163616358221,
      "answer_4": 0.8404081043524302,
      "answer_5": 0.8293929757704575,
      "answer_6": 0.922408797289938
    }
  }
}