{
  "entity": "George Washington",
  "cosine_similarities": {
    "query_1": {
      "answer_1": 0.9285803364805824,
      "answer_2": 0.8754572243443728,
      "answer_3": 0.8681828885494828,
      "answer_4": 0.8372582431385885,
      "answer_5": 0.8599130410058685,
      "answer_6": 0.8641005446336901
    },
    "query_2": {
      "answer_1": 0.8846322681115341,
      "answer_2": 0.9530336185861619,
      "answer_3": 0.8906540967341982,
      "answer_4": 0.8442368056368019,
      "answer_5": 0.8440533678355262,
      "answer_6": 0.8533190660216198
    },
    "query_3": {
      "answer_1": 0.8568546568474033,
      "answer_2": 0.8523660411508263,
      "answer_3": 0.9034677330212325,
      "answer_4": 0.8598576233697043,
      "answer_5": 0.8411010058611486,
      "answer_6": 0.8514000842080952
    },
    "query_4": {
      "answer_1": 0.8331863136858635,
      "answer_2": 0.8262555309979596,
      "answer_3": 0.8551457453543493,
      "answer_4": 0.9148577517044616,
      "answer_5": 0.8354314063377506,
      "answer_6": 0.854495138564555
    },
    "query_5": {
      "answer_1": 0.8521719136524163,
      "answer_2": 0.8468856026000572,
      "answer_3": 0.8478574082584666,
      "answer_4": 0.834124870612778,
      "answer_5": 0.9416522828152011,
      "answer_6": 0.8508652705768057
    },
    "query_6": {
      "answer_1": 0.8543053436092735,
      "answer_2": 0.8305186454667085,
      "answer_3": 0.8263728033810853,
      "answer_4": 0.827835449636417,
      "answer_5": 0.8358307307202849,
      "answer_6": 0.9113336743547518
    }
  }
}