{
  "entity": "George Washington",
  "cosine_similarities": {
    "query_1": {
      "answer_1": 0.9362490894680081,
      "answer_2": 0.8866299880171528,
      "answer_3": 0.8550079821417939,
      "answer_4": 0.841975110834581,
      "answer_5": 0.8640298807165259,
      "answer_6": 0.8325225517386886
    },
    "query_2": {
      "answer_1": 0.8763152700799782,
      "answer_2": 0.9493997006897982,
      "answer_3": 0.856151373606113,
      "answer_4": 0.8558292457613866,
      "answer_5": 0.8550174735094443,
      "answer_6": 0.8384580003272742
    },
    "query_3": {
      "answer_1": 0.8533044377346113,
      "answer_2": 0.849416038076891,
      "answer_3": 0.919995638623437,
      "answer_4": 0.8359613869900006,
      "answer_5": 0.8242339950818242,
      "answer_6": 0.8245614623539074
    },
    "query_4": {
      "answer_1": 0.8485573796086388,
      "answer_2": 0.8426499679093837,
      "answer_3": 0.8353808786709268,
      "answer_4": 0.9129857966668099,
      "answer_5": 0.8342738655271009,
      "answer_6": 0.8351670060762992
    },
    "query_5": {
      "answer_1": 0.8591134954728296,
      "answer_2": 0.8568682382874547,
      "answer_3": 0.8249044102916734,
      "answer_4": 0.8341166942835632,
      "answer_5": 0.932251122393068,
      "answer_6": 0.8341648250442039
    },
    "query_6": {
      "answer_1": 0.8632019001408688,
      "answer_2": 0.8593234212639355,
      "answer_3": 0.8314109709092133,
      "answer_4": 0.8528068214935718,
      "answer_5": 0.8568226579836311,
      "answer_6": 0.8910653622205444
    }
  }
}