{
  "entity": "George Washington",
  "cosine_similarities": {
    "query_1": {
      "answer_1": 0.933569964480252,
      "answer_2": 0.8771851989598286,
      "answer_3": 0.8724956260001889,
      "answer_4": 0.8345327150200665,
      "answer_5": 0.8600026541615539,
      "answer_6": 0.8542603860474498
    },
    "query_2": {
      "answer_1": 0.8817891255036754,
      "answer_2": 0.9396334482661212,
      "answer_3": 0.8937256642067541,
      "answer_4": 0.842567135782644,
      "answer_5": 0.8491211290736567,
      "answer_6": 0.8489204457350755
    },
    "query_3": {
      "answer_1": 0.8571721912417252,
      "answer_2": 0.8613688279554556,
      "answer_3": 0.9041209110148235,
      "answer_4": 0.8704510545593508,
      "answer_5": 0.8558341506116329,
      "answer_6": 0.8503272349687166
    },
    "query_4": {
      "answer_1": 0.8352261750838818,
      "answer_2": 0.842858341387228,
      "answer_3": 0.8652138836985623,
      "answer_4": 0.9216943796599971,
      "answer_5": 0.8513987900391881,
      "answer_6": 0.8567533334832362
    },
    "query_5": {
      "answer_1": 0.852001715453425,
      "answer_2": 0.8456719949999828,
      "answer_3": 0.852482011599096,
      "answer_4": 0.8384341055658701,
      "answer_5": 0.9304299866791386,
      "answer_6": 0.8493472141770719
    },
    "query_6": {
      "answer_1": 0.8512385690648607,
      "answer_2": 0.835395354381815,
      "answer_3": 0.8306246828892514,
      "answer_4": 0.8317713487144421,
      "answer_5": 0.8319327344409528,
      "answer_6": 0.9010499348667517
    }
  }
}