{
  "entity": "George Washington",
  "cosine_similarities": {
    "query_1": {
      "answer_1": 0.9352073747540752,
      "answer_2": 0.8752610680009322,
      "answer_3": 0.8456273936218921,
      "answer_4": 0.8339423786359756,
      "answer_5": 0.8606249611380274,
      "answer_6": 0.8559502109231295
    },
    "query_2": {
      "answer_1": 0.8711764233403315,
      "answer_2": 0.9418508870102246,
      "answer_3": 0.8549798802503751,
      "answer_4": 0.8358493655465504,
      "answer_5": 0.8472866525050384,
      "answer_6": 0.8448100733812007
    },
    "query_3": {
      "answer_1": 0.8646043340937204,
      "answer_2": 0.8721938592110465,
      "answer_3": 0.9403695467945078,
      "answer_4": 0.844876058936029,
      "answer_5": 0.8381135418592927,
      "answer_6": 0.8336031037891378
    },
    "query_4": {
      "answer_1": 0.8460630079265841,
      "answer_2": 0.8360099865048143,
      "answer_3": 0.8318055342817658,
      "answer_4": 0.888671020949216,
      "answer_5": 0.83392469282091,
      "answer_6": 0.8596412168239513
    },
    "query_5": {
      "answer_1": 0.8624614089346582,
      "answer_2": 0.8451451417161651,
      "answer_3": 0.8222604256603201,
      "answer_4": 0.8260011534720689,
      "answer_5": 0.9381300775613964,
      "answer_6": 0.8530113955797368
    },
    "query_6": {
      "answer_1": 0.8596901821490642,
      "answer_2": 0.8437032563487137,
      "answer_3": 0.8219058074002182,
      "answer_4": 0.8478607898396141,
      "answer_5": 0.852423306253569,
      "answer_6": 0.9207623839325971
    }
  }
}