{
  "entity": "George Washington",
  "cosine_similarities": {
    "query_1": {
      "answer_1": 0.9263697736869679,
      "answer_2": 0.8864723910986817,
      "answer_3": 0.8629892744880603,
      "answer_4": 0.8249840497746672,
      "answer_5": 0.8524512977590106,
      "answer_6": 0.8579147154427992
    },
    "query_2": {
      "answer_1": 0.8718664475103647,
      "answer_2": 0.9412850339186094,
      "answer_3": 0.8626902261286783,
      "answer_4": 0.8267940633063567,
      "answer_5": 0.8325525881987719,
      "answer_6": 0.8598209468636363
    },
    "query_3": {
      "answer_1": 0.8700428378832277,
      "answer_2": 0.8789125419009485,
      "answer_3": 0.905021594976025,
      "answer_4": 0.8668576179751284,
      "answer_5": 0.8378069757293164,
      "answer_6": 0.8646348536092165
    },
    "query_4": {
      "answer_1": 0.8403953457997392,
      "answer_2": 0.8359222158097513,
      "answer_3": 0.8541137203704126,
      "answer_4": 0.9061723445559009,
      "answer_5": 0.8282974064560978,
      "answer_6": 0.8503921513429933
    },
    "query_5": {
      "answer_1": 0.8485676256028277,
      "answer_2": 0.8418660964835771,
      "answer_3": 0.8313648534534838,
      "answer_4": 0.807420139393182,
      "answer_5": 0.9337352014313006,
      "answer_6": 0.8480463258209022
    },
    "query_6": {
      "answer_1": 0.859723359031394,
      "answer_2": 0.8599149349029562,
      "answer_3": 0.8381157220832495,
      "answer_4": 0.8394117070826919,
      "answer_5": 0.836801341693717,
      "answer_6": 0.9151761231030424
    }
  }
}