{
  "entity": "George Washington",
  "cosine_similarities": {
    "query_1": {
      "answer_1": 0.9421886047039942,
      "answer_2": 0.8732700274296645,
      "answer_3": 0.8492046019343447,
      "answer_4": 0.8352282335021664,
      "answer_5": 0.8657526713701829,
      "answer_6": 0.8654477148878382
    },
    "query_2": {
      "answer_1": 0.8623516824497273,
      "answer_2": 0.9427860978441653,
      "answer_3": 0.8560472862298893,
      "answer_4": 0.8400537293358653,
      "answer_5": 0.8499826989150904,
      "answer_6": 0.8526925643778551
    },
    "query_3": {
      "answer_1": 0.8668001869734411,
      "answer_2": 0.8697205896948057,
      "answer_3": 0.8953765447256526,
      "answer_4": 0.8611316356681343,
      "answer_5": 0.8587642730653438,
      "answer_6": 0.8690179679689367
    },
    "query_4": {
      "answer_1": 0.8467744926025705,
      "answer_2": 0.8391789480024474,
      "answer_3": 0.835966795846795,
      "answer_4": 0.896878798352975,
      "answer_5": 0.8424324383601678,
      "answer_6": 0.8727473320497433
    },
    "query_5": {
      "answer_1": 0.8753544578158916,
      "answer_2": 0.8589809908733799,
      "answer_3": 0.8365371690918243,
      "answer_4": 0.8403276225524089,
      "answer_5": 0.9267069652685491,
      "answer_6": 0.8679184436995292
    },
    "query_6": {
      "answer_1": 0.8615568623174008,
      "answer_2": 0.843358452504179,
      "answer_3": 0.8279432244464169,
      "answer_4": 0.8484666967027776,
      "answer_5": 0.86255594466098,
      "answer_6": 0.9303515764880312
    }
  }
}