{
  "entity": "George Washington",
  "cosine_similarities": {
    "query_1": {
      "answer_1": 0.9169052797616037,
      "answer_2": 0.887382632314846,
      "answer_3": 0.8690711954421545,
      "answer_4": 0.8325810570989325,
      "answer_5": 0.8772714443982046,
      "answer_6": 0.8589045254858491
    },
    "query_2": {
      "answer_1": 0.8715501307376573,
      "answer_2": 0.9470142572843527,
      "answer_3": 0.8770425214170183,
      "answer_4": 0.8403288967347987,
      "answer_5": 0.8691662328233702,
      "answer_6": 0.8642703435152955
    },
    "query_3": {
      "answer_1": 0.8607457093197675,
      "answer_2": 0.8681426983064577,
      "answer_3": 0.9103512395690652,
      "answer_4": 0.8417509468775348,
      "answer_5": 0.8680556462036224,
      "answer_6": 0.8589538418581878
    },
    "query_4": {
      "answer_1": 0.8482251777665065,
      "answer_2": 0.8450225868243599,
      "answer_3": 0.8558870557245591,
      "answer_4": 0.9028169209459147,
      "answer_5": 0.8633515440089263,
      "answer_6": 0.8841133647458732
    },
    "query_5": {
      "answer_1": 0.873709428178073,
      "answer_2": 0.8737023846075047,
      "answer_3": 0.8520178703498248,
      "answer_4": 0.8352047847010065,
      "answer_5": 0.9363370570075709,
      "answer_6": 0.8750653749493336
    },
    "query_6": {
      "answer_1": 0.8423976202812699,
      "answer_2": 0.8455334100894076,
      "answer_3": 0.8349563291141594,
      "answer_4": 0.8394848841792155,
      "answer_5": 0.8635546082462794,
      "answer_6": 0.9109589333047514
    }
  }
}