{
  "entity": "George Washington",
  "cosine_similarities": {
    "query_1": {
      "answer_1": 0.9323150013872976,
      "answer_2": 0.8746606857292526,
      "answer_3": 0.8439182644918792,
      "answer_4": 0.8578412960392902,
      "answer_5": 0.8681553296216509,
      "answer_6": 0.8540583185422942
    },
    "query_2": {
      "answer_1": 0.8850534895799813,
      "answer_2": 0.9544105792894341,
      "answer_3": 0.8534728090931796,
      "answer_4": 0.8581546574883615,
      "answer_5": 0.850567986948102,
      "answer_6": 0.8529062265144017
    },
    "query_3": {
      "answer_1": 0.8471854207077079,
      "answer_2": 0.8393760002744356,
      "answer_3": 0.9058644730924209,
      "answer_4": 0.8700026165713486,
      "answer_5": 0.8239928943021851,
      "answer_6": 0.828829720963782
    },
    "query_4": {
      "answer_1": 0.8654132721542386,
      "answer_2": 0.8516937445220408,
      "answer_3": 0.8656792615093285,
      "answer_4": 0.9375676168168802,
      "answer_5": 0.8648155050598049,
      "answer_6": 0.870582175169837
    },
    "query_5": {
      "answer_1": 0.8534150400321235,
      "answer_2": 0.8456201456863778,
      "answer_3": 0.8097691053494052,
      "answer_4": 0.8388930811681348,
      "answer_5": 0.9396549360618682,
      "answer_6": 0.8418724985754079
    },
    "query_6": {
      "answer_1": 0.8570036394082868,
      "answer_2": 0.8485339967386479,
      "answer_3": 0.8246991114776443,
      "answer_4": 0.8624010061110142,
      "answer_5": 0.8447813904307319,
      "answer_6": 0.912040041158779
    }
  }
}