{
  "entity": "Abraham Lincoln",
  "cosine_similarities": {
    "query_1": {
      "answer_1": 0.7143400578741655,
      "answer_2": 0.5812563470157386,
      "answer_3": 0.4708315638592838,
      "answer_4": 0.5788357357676756,
      "answer_5": 0.41252989046657296,
      "answer_6": 0.5195494560102312
    },
    "query_2": {
      "answer_1": 0.6287944523707386,
      "answer_2": 0.7931972511784646,
      "answer_3": 0.4792297870737841,
      "answer_4": 0.5825047502134324,
      "answer_5": 0.48013735553322184,
      "answer_6": 0.5717196479065514
    },
    "query_3": {
      "answer_1": 0.5050140881878545,
      "answer_2": 0.47912623307207813,
      "answer_3": 0.7840127361541696,
      "answer_4": 0.41986681978828577,
      "answer_5": 0.4272127895939485,
      "answer_6": 0.41693575857176823
    },
    "query_4": {
      "answer_1": 0.49981290241196946,
      "answer_2": 0.4259836184528652,
      "answer_3": 0.32146843137708314,
      "answer_4": 0.7114769049028224,
      "answer_5": 0.3056912009165173,
      "answer_6": 0.4034628718551538
    },
    "query_5": {
      "answer_1": 0.5570608176727919,
      "answer_2": 0.5507146795753569,
      "answer_3": 0.4952275535243826,
      "answer_4": 0.49131613970382954,
      "answer_5": 0.726284019542033,
      "answer_6": 0.5374688332007515
    },
    "query_6": {
      "answer_1": 0.5931446706982512,
      "answer_2": 0.5567649933020901,
      "answer_3": 0.46012383384208205,
      "answer_4": 0.5438223590615133,
      "answer_5": 0.463320085025166,
      "answer_6": 0.785220230142172
    }
  }
}