{
  "entity": "Abraham Lincoln",
  "cosine_similarities": {
    "query_1": {
      "answer_1": 0.6043356780511097,
      "answer_2": 0.535227655731666,
      "answer_3": 0.4295895151062365,
      "answer_4": 0.5245859083891741,
      "answer_5": 0.3980628289867983,
      "answer_6": 0.4912652325195314
    },
    "query_2": {
      "answer_1": 0.6124358089329457,
      "answer_2": 0.7751233764080492,
      "answer_3": 0.4459869705347573,
      "answer_4": 0.5170199685827739,
      "answer_5": 0.49291400640562294,
      "answer_6": 0.5905528609604866
    },
    "query_3": {
      "answer_1": 0.457956850447956,
      "answer_2": 0.47983591324312275,
      "answer_3": 0.7744523499500411,
      "answer_4": 0.39282255048904663,
      "answer_5": 0.3995861547241575,
      "answer_6": 0.34655216273712586
    },
    "query_4": {
      "answer_1": 0.4360840403001613,
      "answer_2": 0.4069619445170683,
      "answer_3": 0.3132616240139544,
      "answer_4": 0.6894394647010228,
      "answer_5": 0.29078173392056383,
      "answer_6": 0.4283755742654155
    },
    "query_5": {
      "answer_1": 0.5474362669866238,
      "answer_2": 0.5719817633028302,
      "answer_3": 0.460702411186382,
      "answer_4": 0.44855832902676196,
      "answer_5": 0.7287823545430142,
      "answer_6": 0.45366820298900823
    },
    "query_6": {
      "answer_1": 0.5638079768771949,
      "answer_2": 0.5572766319789588,
      "answer_3": 0.39236072199711797,
      "answer_4": 0.4689127275681297,
      "answer_5": 0.4455750265445838,
      "answer_6": 0.8147205990732319
    }
  }
}