{
  "entity": "Abraham Lincoln",
  "cosine_similarities": {
    "query_1": {
      "answer_1": 0.7195092855818578,
      "answer_2": 0.5523202788520128,
      "answer_3": 0.44403380734816994,
      "answer_4": 0.5873527653619788,
      "answer_5": 0.590412182215093,
      "answer_6": 0.546930642325634
    },
    "query_2": {
      "answer_1": 0.5659932067181623,
      "answer_2": 0.7369636394690295,
      "answer_3": 0.42044697931437114,
      "answer_4": 0.5334475616080451,
      "answer_5": 0.5100093660009136,
      "answer_6": 0.540196788311756
    },
    "query_3": {
      "answer_1": 0.4582269343200476,
      "answer_2": 0.4275250138380985,
      "answer_3": 0.70685671007775,
      "answer_4": 0.3980508707387203,
      "answer_5": 0.43505404378660667,
      "answer_6": 0.43202005468079174
    },
    "query_4": {
      "answer_1": 0.4496402185339062,
      "answer_2": 0.39808008012097507,
      "answer_3": 0.3024485375101216,
      "answer_4": 0.6286512539455229,
      "answer_5": 0.4115452333509735,
      "answer_6": 0.4016302689960945
    },
    "query_5": {
      "answer_1": 0.5863923690180323,
      "answer_2": 0.5058993232558087,
      "answer_3": 0.46769102859440237,
      "answer_4": 0.531132811767823,
      "answer_5": 0.6934569395326484,
      "answer_6": 0.5390428498101315
    },
    "query_6": {
      "answer_1": 0.6206972613057589,
      "answer_2": 0.5616835615941943,
      "answer_3": 0.476393763415966,
      "answer_4": 0.5911441871315678,
      "answer_5": 0.6331145284480856,
      "answer_6": 0.6932315966854928
    }
  }
}