{
  "entity": "Abraham Lincoln",
  "cosine_similarities": {
    "query_1": {
      "answer_1": 0.6416428524477367,
      "answer_2": 0.5174093269309948,
      "answer_3": 0.5881228159957976,
      "answer_4": 0.543901411553827,
      "answer_5": 0.5981985107371497,
      "answer_6": 0.4984646493325753
    },
    "query_2": {
      "answer_1": 0.6447404001509688,
      "answer_2": 0.7813156892796694,
      "answer_3": 0.6680960452758284,
      "answer_4": 0.5540913177880292,
      "answer_5": 0.6180583368984639,
      "answer_6": 0.5798814372190871
    },
    "query_3": {
      "answer_1": 0.6442979467463231,
      "answer_2": 0.564053854029408,
      "answer_3": 0.7229531964875416,
      "answer_4": 0.5566657094313595,
      "answer_5": 0.5787348216003639,
      "answer_6": 0.49889005216565135
    },
    "query_4": {
      "answer_1": 0.5062687776333247,
      "answer_2": 0.416637649625127,
      "answer_3": 0.4486879997943272,
      "answer_4": 0.721328939906395,
      "answer_5": 0.45365099049094765,
      "answer_6": 0.42542069150523404
    },
    "query_5": {
      "answer_1": 0.681142692600236,
      "answer_2": 0.5394489903132558,
      "answer_3": 0.6305608250285835,
      "answer_4": 0.5429164726177902,
      "answer_5": 0.7475291356061653,
      "answer_6": 0.5842993134974165
    },
    "query_6": {
      "answer_1": 0.6311694906873562,
      "answer_2": 0.5733098442814982,
      "answer_3": 0.591656262421035,
      "answer_4": 0.5508967172489141,
      "answer_5": 0.6513959774384581,
      "answer_6": 0.7989664491093451
    }
  }
}