{
  "entity": "Abraham Lincoln",
  "cosine_similarities": {
    "query_1": {
      "answer_1": 0.7250325914661454,
      "answer_2": 0.5674592595119615,
      "answer_3": 0.5772012408383945,
      "answer_4": 0.5083288999147875,
      "answer_5": 0.42281333248032915,
      "answer_6": 0.5683229147767864
    },
    "query_2": {
      "answer_1": 0.6253993243264149,
      "answer_2": 0.8068598804822943,
      "answer_3": 0.5718043614308852,
      "answer_4": 0.3902392097070207,
      "answer_5": 0.49039963767805433,
      "answer_6": 0.5650777368481977
    },
    "query_3": {
      "answer_1": 0.6082376484666506,
      "answer_2": 0.4752815239381565,
      "answer_3": 0.7749579101557127,
      "answer_4": 0.3743460508852817,
      "answer_5": 0.38707212695957444,
      "answer_6": 0.4234995197773379
    },
    "query_4": {
      "answer_1": 0.4888816212276548,
      "answer_2": 0.3884623193137098,
      "answer_3": 0.42440346490789627,
      "answer_4": 0.7784152221739109,
      "answer_5": 0.36521486227674066,
      "answer_6": 0.4059425186368621
    },
    "query_5": {
      "answer_1": 0.5354117916115554,
      "answer_2": 0.5753579195496028,
      "answer_3": 0.5250763951735349,
      "answer_4": 0.4372359814374214,
      "answer_5": 0.7420568733499056,
      "answer_6": 0.5294507292237102
    },
    "query_6": {
      "answer_1": 0.6268386317014857,
      "answer_2": 0.5899945813320905,
      "answer_3": 0.5605540199429541,
      "answer_4": 0.43383675138592576,
      "answer_5": 0.513399642052278,
      "answer_6": 0.8154618949262188
    }
  }
}