{
  "entity": "Abraham Lincoln",
  "cosine_similarities": {
    "query_1": {
      "answer_1": 0.6142965015269809,
      "answer_2": 0.5289114591056776,
      "answer_3": 0.5894087487513532,
      "answer_4": 0.5477667721044238,
      "answer_5": 0.5976358304996264,
      "answer_6": 0.5547284308339914
    },
    "query_2": {
      "answer_1": 0.5923506639613598,
      "answer_2": 0.7968693594131995,
      "answer_3": 0.6214034921421847,
      "answer_4": 0.5411154416957618,
      "answer_5": 0.6215332796952948,
      "answer_6": 0.61422930047467
    },
    "query_3": {
      "answer_1": 0.6765664714781262,
      "answer_2": 0.6123511209739544,
      "answer_3": 0.7663105813464486,
      "answer_4": 0.6168392609507618,
      "answer_5": 0.6314112020237047,
      "answer_6": 0.5809593000379438
    },
    "query_4": {
      "answer_1": 0.47180574984309737,
      "answer_2": 0.4169166299096632,
      "answer_3": 0.4472786569453793,
      "answer_4": 0.6895971242199364,
      "answer_5": 0.44084754854285985,
      "answer_6": 0.43105080915774646
    },
    "query_5": {
      "answer_1": 0.6450815250909904,
      "answer_2": 0.5815792540610947,
      "answer_3": 0.6186014238013738,
      "answer_4": 0.538747213863483,
      "answer_5": 0.7525872395642972,
      "answer_6": 0.6038481130858434
    },
    "query_6": {
      "answer_1": 0.6679034575824001,
      "answer_2": 0.6451818088160746,
      "answer_3": 0.6571354912751337,
      "answer_4": 0.5456668516423998,
      "answer_5": 0.7200331129852142,
      "answer_6": 0.8095824742077506
    }
  }
}