{
  "entity": "Abraham Lincoln",
  "cosine_similarities": {
    "query_1": {
      "answer_1": 0.6202372712916845,
      "answer_2": 0.5411627849004569,
      "answer_3": 0.5789800187411818,
      "answer_4": 0.5214136343962434,
      "answer_5": 0.5555882482291629,
      "answer_6": 0.4718540167283598
    },
    "query_2": {
      "answer_1": 0.6112486044098882,
      "answer_2": 0.744411144844498,
      "answer_3": 0.5841656178437015,
      "answer_4": 0.47595635908108774,
      "answer_5": 0.5715540176935786,
      "answer_6": 0.47814202811876017
    },
    "query_3": {
      "answer_1": 0.5722836602573634,
      "answer_2": 0.4869383635031359,
      "answer_3": 0.5608088544702148,
      "answer_4": 0.47249289430262,
      "answer_5": 0.445606315599285,
      "answer_6": 0.3766442683932693
    },
    "query_4": {
      "answer_1": 0.45858416326362716,
      "answer_2": 0.40889188891065276,
      "answer_3": 0.4313865145971849,
      "answer_4": 0.6612010221382988,
      "answer_5": 0.4136828996846363,
      "answer_6": 0.37305410613386986
    },
    "query_5": {
      "answer_1": 0.6126374907057002,
      "answer_2": 0.6139811891735618,
      "answer_3": 0.6154416600922767,
      "answer_4": 0.49723690336088233,
      "answer_5": 0.6887363727703563,
      "answer_6": 0.5280833037589472
    },
    "query_6": {
      "answer_1": 0.5912041621761894,
      "answer_2": 0.5805564266368144,
      "answer_3": 0.5626880886397212,
      "answer_4": 0.5170634282095301,
      "answer_5": 0.6132589727321544,
      "answer_6": 0.7004714985879117
    }
  }
}