{
  "entity": "Abraham Lincoln",
  "cosine_similarities": {
    "query_1": {
      "answer_1": 0.7168401035610531,
      "answer_2": 0.5931544609632756,
      "answer_3": 0.6072726571957482,
      "answer_4": 0.5755756540264947,
      "answer_5": 0.6412561280702874,
      "answer_6": 0.5651841696865505
    },
    "query_2": {
      "answer_1": 0.607047593626823,
      "answer_2": 0.7744182696195979,
      "answer_3": 0.6457901242334986,
      "answer_4": 0.5366872359093408,
      "answer_5": 0.5992124282400814,
      "answer_6": 0.6027535229719033
    },
    "query_3": {
      "answer_1": 0.6654921542758505,
      "answer_2": 0.6137184075742099,
      "answer_3": 0.7883853826350057,
      "answer_4": 0.5565686141572878,
      "answer_5": 0.5742529591003641,
      "answer_6": 0.5375830424599339
    },
    "query_4": {
      "answer_1": 0.5053665146183336,
      "answer_2": 0.42694201676522125,
      "answer_3": 0.4470050063356985,
      "answer_4": 0.6141928356366069,
      "answer_5": 0.43001335819676634,
      "answer_6": 0.4142482085713033
    },
    "query_5": {
      "answer_1": 0.6386630159100146,
      "answer_2": 0.5784635397307676,
      "answer_3": 0.5953495304704794,
      "answer_4": 0.5625450320633646,
      "answer_5": 0.6984188569166899,
      "answer_6": 0.5648451493573319
    },
    "query_6": {
      "answer_1": 0.6345681292499992,
      "answer_2": 0.6706158162052835,
      "answer_3": 0.6616865080274389,
      "answer_4": 0.6080909749163518,
      "answer_5": 0.6543471988419606,
      "answer_6": 0.7446165770277346
    }
  }
}