{
  "entity": "Abraham Lincoln",
  "cosine_similarities": {
    "query_1": {
      "answer_1": 0.6989478164979885,
      "answer_2": 0.5780391786837336,
      "answer_3": 0.5936826678665486,
      "answer_4": 0.561683909597002,
      "answer_5": 0.4148498754927833,
      "answer_6": 0.5296097921279643
    },
    "query_2": {
      "answer_1": 0.652810615030172,
      "answer_2": 0.8118497887039101,
      "answer_3": 0.6543789166748138,
      "answer_4": 0.553526338089396,
      "answer_5": 0.47996255294663115,
      "answer_6": 0.6216787056917779
    },
    "query_3": {
      "answer_1": 0.6363998607518372,
      "answer_2": 0.587060093590457,
      "answer_3": 0.8206035860850078,
      "answer_4": 0.555620558124977,
      "answer_5": 0.42597980327652407,
      "answer_6": 0.5259343392111037
    },
    "query_4": {
      "answer_1": 0.44507117620064296,
      "answer_2": 0.4049417074502839,
      "answer_3": 0.44853737191752246,
      "answer_4": 0.6993094045208599,
      "answer_5": 0.28094278998654065,
      "answer_6": 0.38967539945683294
    },
    "query_5": {
      "answer_1": 0.5435078794974849,
      "answer_2": 0.5536379408811598,
      "answer_3": 0.5104075297381953,
      "answer_4": 0.45269352997706336,
      "answer_5": 0.7232412705921681,
      "answer_6": 0.5037152305612267
    },
    "query_6": {
      "answer_1": 0.6174232926837161,
      "answer_2": 0.6369232161132748,
      "answer_3": 0.6033217634559861,
      "answer_4": 0.49875500768211584,
      "answer_5": 0.49046383253556086,
      "answer_6": 0.8075382774742557
    }
  }
}