{
  "entity": "Napoleon Bonaparte",
  "cosine_similarities": {
    "query_1": {
      "answer_1": 0.9088450808164845,
      "answer_2": 0.83229504532703,
      "answer_3": 0.8546094711732471,
      "answer_4": 0.8180759102956945,
      "answer_5": 0.8160995218632183,
      "answer_6": 0.8221784240013578
    },
    "query_2": {
      "answer_1": 0.8450881568013905,
      "answer_2": 0.9150738804483006,
      "answer_3": 0.8233264417589796,
      "answer_4": 0.798024723946344,
      "answer_5": 0.8005466114331657,
      "answer_6": 0.8261581395824924
    },
    "query_3": {
      "answer_1": 0.8827947170169226,
      "answer_2": 0.8223493851390584,
      "answer_3": 0.9084051404536944,
      "answer_4": 0.8246974147063586,
      "answer_5": 0.8159608080061957,
      "answer_6": 0.793525450172917
    },
    "query_4": {
      "answer_1": 0.8323267526565412,
      "answer_2": 0.8052420747848688,
      "answer_3": 0.8171144334948335,
      "answer_4": 0.9126320785940454,
      "answer_5": 0.8250291864126268,
      "answer_6": 0.7847164046586225
    },
    "query_5": {
      "answer_1": 0.8309968285872645,
      "answer_2": 0.7903110006450412,
      "answer_3": 0.7961863852773028,
      "answer_4": 0.8216869459022329,
      "answer_5": 0.930683397516911,
      "answer_6": 0.8329937426358015
    },
    "query_6": {
      "answer_1": 0.8633505045410476,
      "answer_2": 0.8317966622498474,
      "answer_3": 0.8057404346665272,
      "answer_4": 0.8098119644313371,
      "answer_5": 0.8496118480647625,
      "answer_6": 0.9223531584715894
    }
  }
}