{
  "entity": "Abraham Lincoln",
  "cosine_similarities": {
    "query_1": {
      "answer_1": 0.9264764604874262,
      "answer_2": 0.853569922591865,
      "answer_3": 0.8459419420136237,
      "answer_4": 0.8089002313720296,
      "answer_5": 0.8601832350107549,
      "answer_6": 0.8301104357196414
    },
    "query_2": {
      "answer_1": 0.8498217584572488,
      "answer_2": 0.9407780680260979,
      "answer_3": 0.8713896797669959,
      "answer_4": 0.82833319336198,
      "answer_5": 0.869106431293683,
      "answer_6": 0.8340026054054155
    },
    "query_3": {
      "answer_1": 0.8490750937015432,
      "answer_2": 0.8661783815642787,
      "answer_3": 0.9268732679084497,
      "answer_4": 0.8618404531602929,
      "answer_5": 0.8444791868411137,
      "answer_6": 0.8476854594000082
    },
    "query_4": {
      "answer_1": 0.820726728203817,
      "answer_2": 0.8364792159837258,
      "answer_3": 0.8453729940218764,
      "answer_4": 0.9099007097552769,
      "answer_5": 0.835584185383491,
      "answer_6": 0.8564068884502107
    },
    "query_5": {
      "answer_1": 0.8678655238046216,
      "answer_2": 0.8745105864025685,
      "answer_3": 0.8591733974709709,
      "answer_4": 0.8487153575075734,
      "answer_5": 0.9264368638788762,
      "answer_6": 0.8388574021033606
    },
    "query_6": {
      "answer_1": 0.8312216886766527,
      "answer_2": 0.8409443054930832,
      "answer_3": 0.8253728762859687,
      "answer_4": 0.8610969676359428,
      "answer_5": 0.8232684830194906,
      "answer_6": 0.9239756328949065
    }
  }
}