{
  "entity": "Abraham Lincoln",
  "cosine_similarities": {
    "query_1": {
      "answer_1": 0.9199629823680842,
      "answer_2": 0.8499644234138198,
      "answer_3": 0.8610559779272932,
      "answer_4": 0.8315688797129596,
      "answer_5": 0.8555498577412438,
      "answer_6": 0.8457369634101651
    },
    "query_2": {
      "answer_1": 0.8649821159670321,
      "answer_2": 0.9320033943108748,
      "answer_3": 0.8707527368191522,
      "answer_4": 0.818502299097006,
      "answer_5": 0.8352702991383206,
      "answer_6": 0.8297200497809937
    },
    "query_3": {
      "answer_1": 0.8580195226718176,
      "answer_2": 0.8523648468615278,
      "answer_3": 0.8794190237707815,
      "answer_4": 0.8315832347021961,
      "answer_5": 0.8247742942570347,
      "answer_6": 0.8256258689361599
    },
    "query_4": {
      "answer_1": 0.8307421369985185,
      "answer_2": 0.8193577026444152,
      "answer_3": 0.8294741628843487,
      "answer_4": 0.8890260473534956,
      "answer_5": 0.8136095375109611,
      "answer_6": 0.8523950836863877
    },
    "query_5": {
      "answer_1": 0.8714456421475036,
      "answer_2": 0.8355646943852718,
      "answer_3": 0.829723823981188,
      "answer_4": 0.8328442231061876,
      "answer_5": 0.9519364708630007,
      "answer_6": 0.8292997366855984
    },
    "query_6": {
      "answer_1": 0.8283526000057303,
      "answer_2": 0.8177792908647666,
      "answer_3": 0.8187906090447832,
      "answer_4": 0.8453610917040608,
      "answer_5": 0.8104415366609207,
      "answer_6": 0.9209852052183084
    }
  }
}