{
  "entity": "Abraham Lincoln",
  "cosine_similarities": {
    "query_1": {
      "answer_1": 0.9439759906162186,
      "answer_2": 0.8372532206791551,
      "answer_3": 0.836132987648319,
      "answer_4": 0.81384371268174,
      "answer_5": 0.8318007623139614,
      "answer_6": 0.8263063486764067
    },
    "query_2": {
      "answer_1": 0.8474654542503866,
      "answer_2": 0.9573090736977166,
      "answer_3": 0.8710782581648889,
      "answer_4": 0.8415985818434543,
      "answer_5": 0.8423311442066262,
      "answer_6": 0.8413535815521812
    },
    "query_3": {
      "answer_1": 0.8438471082313841,
      "answer_2": 0.845847655534376,
      "answer_3": 0.9078523292478586,
      "answer_4": 0.8420858121714552,
      "answer_5": 0.8363273646563038,
      "answer_6": 0.8405664328614787
    },
    "query_4": {
      "answer_1": 0.819443985383849,
      "answer_2": 0.8189090281203383,
      "answer_3": 0.8147295231975218,
      "answer_4": 0.9226384799049018,
      "answer_5": 0.8366505997919597,
      "answer_6": 0.8750542034424829
    },
    "query_5": {
      "answer_1": 0.8385411955418398,
      "answer_2": 0.8378385383214495,
      "answer_3": 0.8379441096330765,
      "answer_4": 0.8222667008721357,
      "answer_5": 0.9435724200527049,
      "answer_6": 0.8238130460874946
    },
    "query_6": {
      "answer_1": 0.8262426197536437,
      "answer_2": 0.8334135114344184,
      "answer_3": 0.8282149279537049,
      "answer_4": 0.8574969136953424,
      "answer_5": 0.8387914051737194,
      "answer_6": 0.9282198023358907
    }
  }
}