{
  "entity": "Abraham Lincoln",
  "cosine_similarities": {
    "query_1": {
      "answer_1": 0.9270567736194739,
      "answer_2": 0.8728473853827726,
      "answer_3": 0.8464721554003319,
      "answer_4": 0.8354793258482304,
      "answer_5": 0.8466936392972554,
      "answer_6": 0.8517750164779853
    },
    "query_2": {
      "answer_1": 0.8647413638092288,
      "answer_2": 0.9453151691848115,
      "answer_3": 0.8443210264215213,
      "answer_4": 0.8282170669030562,
      "answer_5": 0.8409195300724683,
      "answer_6": 0.8334546217792179
    },
    "query_3": {
      "answer_1": 0.8501292128603382,
      "answer_2": 0.8555182084945223,
      "answer_3": 0.9543297402965636,
      "answer_4": 0.8181877095643731,
      "answer_5": 0.8268841765383301,
      "answer_6": 0.8255378742591714
    },
    "query_4": {
      "answer_1": 0.838042584468221,
      "answer_2": 0.8321195211996374,
      "answer_3": 0.8213285022556697,
      "answer_4": 0.9049502414961389,
      "answer_5": 0.8129169742221511,
      "answer_6": 0.8535086006935964
    },
    "query_5": {
      "answer_1": 0.8572090108589993,
      "answer_2": 0.8476297369214295,
      "answer_3": 0.8314475770583307,
      "answer_4": 0.8222557544662258,
      "answer_5": 0.9237061076098627,
      "answer_6": 0.8259137287049544
    },
    "query_6": {
      "answer_1": 0.8513725490506773,
      "answer_2": 0.8261336608976168,
      "answer_3": 0.8213180839791548,
      "answer_4": 0.839289909479494,
      "answer_5": 0.8032966430656246,
      "answer_6": 0.9216836461218997
    }
  }
}