{
  "entity": "Abraham Lincoln",
  "cosine_similarities": {
    "query_1": {
      "answer_1": 0.931582242257739,
      "answer_2": 0.8755871645627696,
      "answer_3": 0.8722275601545877,
      "answer_4": 0.803835727876108,
      "answer_5": 0.8693195323998679,
      "answer_6": 0.8293895386200921
    },
    "query_2": {
      "answer_1": 0.8673536073646402,
      "answer_2": 0.9500235653429152,
      "answer_3": 0.872697642963642,
      "answer_4": 0.8116692659268709,
      "answer_5": 0.8476333412354914,
      "answer_6": 0.8196533738932366
    },
    "query_3": {
      "answer_1": 0.8612830459278734,
      "answer_2": 0.8581431018253367,
      "answer_3": 0.951786236639338,
      "answer_4": 0.8177507995415196,
      "answer_5": 0.8492501578475492,
      "answer_6": 0.8325666598207927
    },
    "query_4": {
      "answer_1": 0.8269948903411376,
      "answer_2": 0.8359419463178652,
      "answer_3": 0.8400475731701338,
      "answer_4": 0.8837164230651064,
      "answer_5": 0.8089008045518269,
      "answer_6": 0.8345931514263115
    },
    "query_5": {
      "answer_1": 0.8677542779945617,
      "answer_2": 0.8538798606216825,
      "answer_3": 0.864952549165459,
      "answer_4": 0.7956908022099325,
      "answer_5": 0.9493364029311934,
      "answer_6": 0.8057951029582034
    },
    "query_6": {
      "answer_1": 0.8326698554597984,
      "answer_2": 0.8253224105923783,
      "answer_3": 0.8381734602029257,
      "answer_4": 0.812679610578362,
      "answer_5": 0.8042571990662828,
      "answer_6": 0.9115001488175449
    }
  }
}