{
  "entity": "Abraham Lincoln",
  "cosine_similarities": {
    "query_1": {
      "answer_1": 0.9460673176193735,
      "answer_2": 0.8597864633594091,
      "answer_3": 0.8441183304411982,
      "answer_4": 0.8241203615951015,
      "answer_5": 0.8492825595601157,
      "answer_6": 0.8322661026111418
    },
    "query_2": {
      "answer_1": 0.85976620236486,
      "answer_2": 0.9448974612997254,
      "answer_3": 0.8650362318472519,
      "answer_4": 0.8447357648004411,
      "answer_5": 0.8624367480991448,
      "answer_6": 0.8395024407369603
    },
    "query_3": {
      "answer_1": 0.8595695868937129,
      "answer_2": 0.8640240433078475,
      "answer_3": 0.9209840003610272,
      "answer_4": 0.8539331637280374,
      "answer_5": 0.8580289132491944,
      "answer_6": 0.8479024020164229
    },
    "query_4": {
      "answer_1": 0.842277140046457,
      "answer_2": 0.846272352249358,
      "answer_3": 0.8330746684129803,
      "answer_4": 0.920600461614209,
      "answer_5": 0.8659319896058111,
      "answer_6": 0.8885683396692227
    },
    "query_5": {
      "answer_1": 0.8557771578310234,
      "answer_2": 0.8690220044105247,
      "answer_3": 0.8542019160283747,
      "answer_4": 0.8495723666384151,
      "answer_5": 0.9427267765264484,
      "answer_6": 0.8509383062511968
    },
    "query_6": {
      "answer_1": 0.8268144676239687,
      "answer_2": 0.8292504095019386,
      "answer_3": 0.8214733986176666,
      "answer_4": 0.8460806259268953,
      "answer_5": 0.8310381707438965,
      "answer_6": 0.9174768603199757
    }
  }
}