{
  "entity": "Abraham Lincoln",
  "cosine_similarities": {
    "query_1": {
      "answer_1": 0.9314891640197736,
      "answer_2": 0.8801871138102045,
      "answer_3": 0.8625281702157201,
      "answer_4": 0.8238612961466354,
      "answer_5": 0.8512226222581598,
      "answer_6": 0.8493488645976859
    },
    "query_2": {
      "answer_1": 0.8601720994026445,
      "answer_2": 0.9530540034663374,
      "answer_3": 0.8644090478715726,
      "answer_4": 0.8316393872322314,
      "answer_5": 0.8308831968006166,
      "answer_6": 0.8360588979838416
    },
    "query_3": {
      "answer_1": 0.862382044580867,
      "answer_2": 0.8662472286793981,
      "answer_3": 0.9432602707337885,
      "answer_4": 0.8386304291212011,
      "answer_5": 0.8385743654672413,
      "answer_6": 0.8475757774932172
    },
    "query_4": {
      "answer_1": 0.8283500835461476,
      "answer_2": 0.8387677748701066,
      "answer_3": 0.8316573051569267,
      "answer_4": 0.9079743178339368,
      "answer_5": 0.8007222034886098,
      "answer_6": 0.859442548534531
    },
    "query_5": {
      "answer_1": 0.8559921167438942,
      "answer_2": 0.8552073389150188,
      "answer_3": 0.8582178219270689,
      "answer_4": 0.8145564026526535,
      "answer_5": 0.9325960027597936,
      "answer_6": 0.8247249081696622
    },
    "query_6": {
      "answer_1": 0.838011108091676,
      "answer_2": 0.8297370992136855,
      "answer_3": 0.8355876532047207,
      "answer_4": 0.8532568957304786,
      "answer_5": 0.8079160000980049,
      "answer_6": 0.9342629686234379
    }
  }
}