{
  "entity": "Abraham Lincoln",
  "cosine_similarities": {
    "query_1": {
      "answer_1": 0.915652737695052,
      "answer_2": 0.8690170157718441,
      "answer_3": 0.8460523854477333,
      "answer_4": 0.8504301144370918,
      "answer_5": 0.8600028755834926,
      "answer_6": 0.837283215401178
    },
    "query_2": {
      "answer_1": 0.855940688242363,
      "answer_2": 0.95036522251803,
      "answer_3": 0.851094411604181,
      "answer_4": 0.8379836665581505,
      "answer_5": 0.8358907668905063,
      "answer_6": 0.8289483668102822
    },
    "query_3": {
      "answer_1": 0.8396809215400435,
      "answer_2": 0.85688801307675,
      "answer_3": 0.9495119446796891,
      "answer_4": 0.8342294276113884,
      "answer_5": 0.8305905290584097,
      "answer_6": 0.8154644937839414
    },
    "query_4": {
      "answer_1": 0.81633364454765,
      "answer_2": 0.8193116124055717,
      "answer_3": 0.8191948317853899,
      "answer_4": 0.9189754591282762,
      "answer_5": 0.8140320370994456,
      "answer_6": 0.8605082719262834
    },
    "query_5": {
      "answer_1": 0.8422912663093699,
      "answer_2": 0.8397968771092511,
      "answer_3": 0.8252685366931041,
      "answer_4": 0.8327504813169067,
      "answer_5": 0.9357156743363062,
      "answer_6": 0.82260444523692
    },
    "query_6": {
      "answer_1": 0.828305682666742,
      "answer_2": 0.829009313115312,
      "answer_3": 0.8139428496812979,
      "answer_4": 0.8593548123353826,
      "answer_5": 0.8179552534653012,
      "answer_6": 0.9269125290700417
    }
  }
}