{
  "entity": "Abraham Lincoln",
  "cosine_similarities": {
    "query_1": {
      "answer_1": 0.9208990671194356,
      "answer_2": 0.8360164202557022,
      "answer_3": 0.8403157877998502,
      "answer_4": 0.8032787464241162,
      "answer_5": 0.8328596829297765,
      "answer_6": 0.8353188929883669
    },
    "query_2": {
      "answer_1": 0.8558958070930736,
      "answer_2": 0.938216877773394,
      "answer_3": 0.856806007087766,
      "answer_4": 0.8276027518475884,
      "answer_5": 0.8405061983900575,
      "answer_6": 0.8426166469865196
    },
    "query_3": {
      "answer_1": 0.8508891317305941,
      "answer_2": 0.8546074634649136,
      "answer_3": 0.9492225169317888,
      "answer_4": 0.8254642881585043,
      "answer_5": 0.8346677939757108,
      "answer_6": 0.8463374535713449
    },
    "query_4": {
      "answer_1": 0.8305048636815088,
      "answer_2": 0.8169189330215376,
      "answer_3": 0.8237765101322578,
      "answer_4": 0.925986767514462,
      "answer_5": 0.8302213670047387,
      "answer_6": 0.874668931296219
    },
    "query_5": {
      "answer_1": 0.8474687591252649,
      "answer_2": 0.8475742626849536,
      "answer_3": 0.8423262487982237,
      "answer_4": 0.8318879956885575,
      "answer_5": 0.9420735136273848,
      "answer_6": 0.8334730179541264
    },
    "query_6": {
      "answer_1": 0.8208182393738567,
      "answer_2": 0.8316999217270781,
      "answer_3": 0.8224324241329858,
      "answer_4": 0.8358324633807224,
      "answer_5": 0.8105929227693314,
      "answer_6": 0.9272984850727715
    }
  }
}