{
  "entity": "Abraham Lincoln",
  "cosine_similarities": {
    "query_1": {
      "answer_1": 0.9315526089533354,
      "answer_2": 0.8266136410901764,
      "answer_3": 0.8709639022780357,
      "answer_4": 0.8096071511750678,
      "answer_5": 0.8114999438711935,
      "answer_6": 0.8096102706742986
    },
    "query_2": {
      "answer_1": 0.840751990388463,
      "answer_2": 0.9479208157815214,
      "answer_3": 0.8565710689304644,
      "answer_4": 0.8294046770949699,
      "answer_5": 0.8143161158342187,
      "answer_6": 0.822327950785169
    },
    "query_3": {
      "answer_1": 0.8558586996762977,
      "answer_2": 0.8532934540050329,
      "answer_3": 0.9426843400014472,
      "answer_4": 0.8356991340927815,
      "answer_5": 0.8108882611655044,
      "answer_6": 0.8333415826741893
    },
    "query_4": {
      "answer_1": 0.8131328089865213,
      "answer_2": 0.8292880465346048,
      "answer_3": 0.8287056585423672,
      "answer_4": 0.9148309075718868,
      "answer_5": 0.8062805662438829,
      "answer_6": 0.8425507755601753
    },
    "query_5": {
      "answer_1": 0.8357498499845085,
      "answer_2": 0.8457948133339919,
      "answer_3": 0.8411334005305189,
      "answer_4": 0.8253902788752329,
      "answer_5": 0.922976333145299,
      "answer_6": 0.8179298594487929
    },
    "query_6": {
      "answer_1": 0.8085191465799795,
      "answer_2": 0.8410979924613379,
      "answer_3": 0.8183325641544673,
      "answer_4": 0.8516716601584983,
      "answer_5": 0.797545225984196,
      "answer_6": 0.9192546730685828
    }
  }
}