{
  "entity": "Abraham Lincoln",
  "cosine_similarities": {
    "query_1": {
      "answer_1": 0.9357995243535169,
      "answer_2": 0.8398913347924712,
      "answer_3": 0.8497324305109225,
      "answer_4": 0.8304280806205458,
      "answer_5": 0.8563991844048875,
      "answer_6": 0.8529968657487189
    },
    "query_2": {
      "answer_1": 0.8699675108548542,
      "answer_2": 0.9177778512453842,
      "answer_3": 0.8497916796564545,
      "answer_4": 0.8252316193811005,
      "answer_5": 0.8446171330965373,
      "answer_6": 0.8374773079390232
    },
    "query_3": {
      "answer_1": 0.8530915939004564,
      "answer_2": 0.8274529954865681,
      "answer_3": 0.948201527354996,
      "answer_4": 0.8192581894158726,
      "answer_5": 0.8335161788223961,
      "answer_6": 0.8236986733713757
    },
    "query_4": {
      "answer_1": 0.8373881272905233,
      "answer_2": 0.8081031118097637,
      "answer_3": 0.8207060191775906,
      "answer_4": 0.910334193687834,
      "answer_5": 0.819383999285048,
      "answer_6": 0.8439529044583204
    },
    "query_5": {
      "answer_1": 0.8550492864361021,
      "answer_2": 0.8163930004499536,
      "answer_3": 0.8279776259543564,
      "answer_4": 0.8203139093414372,
      "answer_5": 0.9374096550488437,
      "answer_6": 0.8197340697340593
    },
    "query_6": {
      "answer_1": 0.8587137750888013,
      "answer_2": 0.8093938294767918,
      "answer_3": 0.8268991712076421,
      "answer_4": 0.8278597685832717,
      "answer_5": 0.8203010545953426,
      "answer_6": 0.9304610152583107
    }
  }
}