{
  "entity": "Abraham Lincoln",
  "cosine_similarities": {
    "query_1": {
      "answer_1": 0.9366355224672674,
      "answer_2": 0.8677190691028097,
      "answer_3": 0.8498822192426212,
      "answer_4": 0.8282543171971809,
      "answer_5": 0.8449243837255244,
      "answer_6": 0.8557236027725893
    },
    "query_2": {
      "answer_1": 0.8723393790980126,
      "answer_2": 0.9460341249100387,
      "answer_3": 0.8383640149923508,
      "answer_4": 0.8309904941455171,
      "answer_5": 0.8415064055193143,
      "answer_6": 0.8296703521900523
    },
    "query_3": {
      "answer_1": 0.8519503922646839,
      "answer_2": 0.8429487874992119,
      "answer_3": 0.8974475527961001,
      "answer_4": 0.8345283529280694,
      "answer_5": 0.82872495902107,
      "answer_6": 0.8331842417118264
    },
    "query_4": {
      "answer_1": 0.8176724194308742,
      "answer_2": 0.8066562145668396,
      "answer_3": 0.8124790376520539,
      "answer_4": 0.9345625675976195,
      "answer_5": 0.836781095816168,
      "answer_6": 0.8801536005352562
    },
    "query_5": {
      "answer_1": 0.8625916346304108,
      "answer_2": 0.848955002394394,
      "answer_3": 0.8360972621213769,
      "answer_4": 0.832907131427346,
      "answer_5": 0.9443469988133818,
      "answer_6": 0.8301414624921165
    },
    "query_6": {
      "answer_1": 0.8409516556545463,
      "answer_2": 0.8176140032749931,
      "answer_3": 0.8089251388872056,
      "answer_4": 0.8383506477265733,
      "answer_5": 0.8174834516138556,
      "answer_6": 0.911952810268513
    }
  }
}