{
  "entity": "Abraham Lincoln",
  "cosine_similarities": {
    "query_1": {
      "answer_1": 0.9256144303493637,
      "answer_2": 0.8177200299570987,
      "answer_3": 0.8259719165084186,
      "answer_4": 0.8020402150358756,
      "answer_5": 0.8253609447297643,
      "answer_6": 0.8162292279352807
    },
    "query_2": {
      "answer_1": 0.8449405195088426,
      "answer_2": 0.9511749831116413,
      "answer_3": 0.8490474907811216,
      "answer_4": 0.8222918652738265,
      "answer_5": 0.8362216460895836,
      "answer_6": 0.8201061030705314
    },
    "query_3": {
      "answer_1": 0.8505164806934459,
      "answer_2": 0.8508642682725691,
      "answer_3": 0.9335800407759782,
      "answer_4": 0.822011752729219,
      "answer_5": 0.8251619863042313,
      "answer_6": 0.8275679594403098
    },
    "query_4": {
      "answer_1": 0.819871949507655,
      "answer_2": 0.820492827422559,
      "answer_3": 0.8022707923094774,
      "answer_4": 0.9282189913849659,
      "answer_5": 0.8217464569296319,
      "answer_6": 0.8543863994695795
    },
    "query_5": {
      "answer_1": 0.8403994728646356,
      "answer_2": 0.8463918800251871,
      "answer_3": 0.8205981316471922,
      "answer_4": 0.8300151571700495,
      "answer_5": 0.9384162861036736,
      "answer_6": 0.8279336641240634
    },
    "query_6": {
      "answer_1": 0.8095666620143309,
      "answer_2": 0.8180790689519508,
      "answer_3": 0.8161242179437834,
      "answer_4": 0.8574152868672181,
      "answer_5": 0.8080966400278601,
      "answer_6": 0.9374333825632077
    }
  }
}