{
  "entity": "Abraham Lincoln",
  "cosine_similarities": {
    "query_1": {
      "answer_1": 0.9295193357939141,
      "answer_2": 0.8504818860092285,
      "answer_3": 0.8456693434239151,
      "answer_4": 0.8160374681102542,
      "answer_5": 0.8663637561272127,
      "answer_6": 0.8222080075504218
    },
    "query_2": {
      "answer_1": 0.8690352605818943,
      "answer_2": 0.9533353773589397,
      "answer_3": 0.8681754615692772,
      "answer_4": 0.8413034614197133,
      "answer_5": 0.8755132636455508,
      "answer_6": 0.8225757023073773
    },
    "query_3": {
      "answer_1": 0.8600720204638375,
      "answer_2": 0.8582438509321804,
      "answer_3": 0.9283320789226283,
      "answer_4": 0.8642025961189973,
      "answer_5": 0.8496214315298787,
      "answer_6": 0.8347305255160719
    },
    "query_4": {
      "answer_1": 0.8268304428745405,
      "answer_2": 0.836317061364686,
      "answer_3": 0.8417275865476052,
      "answer_4": 0.9117163251129188,
      "answer_5": 0.8409669991909443,
      "answer_6": 0.8387901701039954
    },
    "query_5": {
      "answer_1": 0.8784312908266604,
      "answer_2": 0.8774555910782854,
      "answer_3": 0.8560931381908309,
      "answer_4": 0.8521097412014184,
      "answer_5": 0.9276439925383111,
      "answer_6": 0.8302473367841999
    },
    "query_6": {
      "answer_1": 0.8276470255514281,
      "answer_2": 0.8231725362226268,
      "answer_3": 0.8160378260314582,
      "answer_4": 0.8646242809703683,
      "answer_5": 0.835620609293611,
      "answer_6": 0.9463698436049676
    }
  }
}