{
  "entity": "Abraham Lincoln",
  "cosine_similarities": {
    "query_1": {
      "answer_1": 0.9454798795064316,
      "answer_2": 0.8523299040824213,
      "answer_3": 0.8355179639202412,
      "answer_4": 0.8126192936741279,
      "answer_5": 0.8690863033632183,
      "answer_6": 0.827334093191464
    },
    "query_2": {
      "answer_1": 0.8624415332782195,
      "answer_2": 0.9300055385620088,
      "answer_3": 0.8486805513796887,
      "answer_4": 0.8258434159662297,
      "answer_5": 0.8685807380621824,
      "answer_6": 0.8208022910775594
    },
    "query_3": {
      "answer_1": 0.852043795484637,
      "answer_2": 0.8699023559676355,
      "answer_3": 0.91460169875798,
      "answer_4": 0.8549223627240456,
      "answer_5": 0.8505556174443861,
      "answer_6": 0.8388437881744185
    },
    "query_4": {
      "answer_1": 0.8274042064815522,
      "answer_2": 0.84246644761807,
      "answer_3": 0.8485727429912956,
      "answer_4": 0.9114936729151009,
      "answer_5": 0.838597174306489,
      "answer_6": 0.8443992631063146
    },
    "query_5": {
      "answer_1": 0.8774729098930977,
      "answer_2": 0.8695687876762018,
      "answer_3": 0.8493043954499271,
      "answer_4": 0.8436809504684939,
      "answer_5": 0.9273110430328727,
      "answer_6": 0.8295929227610824
    },
    "query_6": {
      "answer_1": 0.8438782401194158,
      "answer_2": 0.8307549436722145,
      "answer_3": 0.8101587094910668,
      "answer_4": 0.8574261471149595,
      "answer_5": 0.8308973285953598,
      "answer_6": 0.9272985295269123
    }
  }
}