{
  "entity": "Abraham Lincoln",
  "cosine_similarities": {
    "query_1": {
      "answer_1": 0.9410565694055584,
      "answer_2": 0.832653262842674,
      "answer_3": 0.8247729798815052,
      "answer_4": 0.80319847305259,
      "answer_5": 0.8095281016920675,
      "answer_6": 0.8184049051100872
    },
    "query_2": {
      "answer_1": 0.8550704526547495,
      "answer_2": 0.9473508775302895,
      "answer_3": 0.8635693575987534,
      "answer_4": 0.8302816995416705,
      "answer_5": 0.8199024652059921,
      "answer_6": 0.8541374943603662
    },
    "query_3": {
      "answer_1": 0.8503400906941225,
      "answer_2": 0.8512972321685841,
      "answer_3": 0.9390603919732509,
      "answer_4": 0.8254532959122447,
      "answer_5": 0.82401130783995,
      "answer_6": 0.8418853534084848
    },
    "query_4": {
      "answer_1": 0.8186482448681504,
      "answer_2": 0.8169874843135818,
      "answer_3": 0.815050254332659,
      "answer_4": 0.9024920566468435,
      "answer_5": 0.8096691111790012,
      "answer_6": 0.8794774681293202
    },
    "query_5": {
      "answer_1": 0.8450636104882218,
      "answer_2": 0.8455582890447596,
      "answer_3": 0.8403767062395682,
      "answer_4": 0.8164418529651686,
      "answer_5": 0.927025489951172,
      "answer_6": 0.830003032530506
    },
    "query_6": {
      "answer_1": 0.8235083532927596,
      "answer_2": 0.8346865348523963,
      "answer_3": 0.8201023499486251,
      "answer_4": 0.8461966916128396,
      "answer_5": 0.8168570004968408,
      "answer_6": 0.9129596814754237
    }
  }
}