{
  "entity": "Abraham Lincoln",
  "cosine_similarities": {
    "query_1": {
      "answer_1": 0.9401416539073889,
      "answer_2": 0.8434880090034528,
      "answer_3": 0.8342934765104418,
      "answer_4": 0.8043969758837259,
      "answer_5": 0.8310493812209062,
      "answer_6": 0.8312480010036267
    },
    "query_2": {
      "answer_1": 0.846921656938635,
      "answer_2": 0.9468715670828857,
      "answer_3": 0.848919432557945,
      "answer_4": 0.8316521373598496,
      "answer_5": 0.8462081391447547,
      "answer_6": 0.8439369716177412
    },
    "query_3": {
      "answer_1": 0.8460854117144538,
      "answer_2": 0.864415685798672,
      "answer_3": 0.9319375399264729,
      "answer_4": 0.8319187385391411,
      "answer_5": 0.8371597302466077,
      "answer_6": 0.8526472417581308
    },
    "query_4": {
      "answer_1": 0.8199198324486815,
      "answer_2": 0.8277329167585346,
      "answer_3": 0.813130185750291,
      "answer_4": 0.9110607649065617,
      "answer_5": 0.8290819810585419,
      "answer_6": 0.8702889576852204
    },
    "query_5": {
      "answer_1": 0.8448428590070909,
      "answer_2": 0.8525799259107377,
      "answer_3": 0.8302810377649651,
      "answer_4": 0.8312166631007875,
      "answer_5": 0.9431470430674526,
      "answer_6": 0.8335070714056899
    },
    "query_6": {
      "answer_1": 0.8207269917186375,
      "answer_2": 0.8473770730856831,
      "answer_3": 0.8358667930429079,
      "answer_4": 0.8449178715466509,
      "answer_5": 0.8256128289859188,
      "answer_6": 0.9310442124659112
    }
  }
}