{
  "entity": "Abraham Lincoln",
  "cosine_similarities": {
    "query_1": {
      "answer_1": 0.9358613999175255,
      "answer_2": 0.8734825079407909,
      "answer_3": 0.8452258834744321,
      "answer_4": 0.8473516875575802,
      "answer_5": 0.8501564623307303,
      "answer_6": 0.8453568971342172
    },
    "query_2": {
      "answer_1": 0.8731973547488318,
      "answer_2": 0.9482411830831319,
      "answer_3": 0.835851127821801,
      "answer_4": 0.8412954808649161,
      "answer_5": 0.842751235472105,
      "answer_6": 0.824875246911647
    },
    "query_3": {
      "answer_1": 0.8585095537340218,
      "answer_2": 0.8513221624498768,
      "answer_3": 0.9412777862986593,
      "answer_4": 0.8308283072500243,
      "answer_5": 0.8241266609783473,
      "answer_6": 0.8191993238161719
    },
    "query_4": {
      "answer_1": 0.842049210962575,
      "answer_2": 0.8255291679942912,
      "answer_3": 0.8106173574582531,
      "answer_4": 0.9193262285036504,
      "answer_5": 0.8087406808164053,
      "answer_6": 0.8476939379407431
    },
    "query_5": {
      "answer_1": 0.8576304052214456,
      "answer_2": 0.8479800372114433,
      "answer_3": 0.8204298961823403,
      "answer_4": 0.8345627964202027,
      "answer_5": 0.9313591532838801,
      "answer_6": 0.8209284223233265
    },
    "query_6": {
      "answer_1": 0.8435655314062951,
      "answer_2": 0.8313102478721677,
      "answer_3": 0.8223349818855468,
      "answer_4": 0.8415474355270106,
      "answer_5": 0.808580581117608,
      "answer_6": 0.9155874225501984
    }
  }
}