{
  "entity": "Abraham Lincoln",
  "cosine_similarities": {
    "query_1": {
      "answer_1": 0.9401359485296789,
      "answer_2": 0.8469531970396998,
      "answer_3": 0.8671863201630704,
      "answer_4": 0.8174427493027778,
      "answer_5": 0.8556409588544086,
      "answer_6": 0.8302634406642223
    },
    "query_2": {
      "answer_1": 0.8648101104111132,
      "answer_2": 0.9271528092783803,
      "answer_3": 0.8623698765970663,
      "answer_4": 0.8235129937258122,
      "answer_5": 0.8428254795498371,
      "answer_6": 0.8221717546156009
    },
    "query_3": {
      "answer_1": 0.863906094318549,
      "answer_2": 0.8290066171345245,
      "answer_3": 0.9462786552299546,
      "answer_4": 0.8368204928376897,
      "answer_5": 0.8499466001229243,
      "answer_6": 0.8327680592567418
    },
    "query_4": {
      "answer_1": 0.8294861268163748,
      "answer_2": 0.8057062897933678,
      "answer_3": 0.8291592345447698,
      "answer_4": 0.9089645071917477,
      "answer_5": 0.8057507206778682,
      "answer_6": 0.8412742620790212
    },
    "query_5": {
      "answer_1": 0.8606190860469493,
      "answer_2": 0.8231200796026443,
      "answer_3": 0.8571501672883178,
      "answer_4": 0.8142691355129189,
      "answer_5": 0.9315022491425953,
      "answer_6": 0.8077548117917186
    },
    "query_6": {
      "answer_1": 0.8384117018503354,
      "answer_2": 0.8006502014303482,
      "answer_3": 0.8265743548530285,
      "answer_4": 0.8609761115180584,
      "answer_5": 0.82406153880699,
      "answer_6": 0.9220149956844103
    }
  }
}