{
  "entity": "Abraham Lincoln",
  "cosine_similarities": {
    "query_1": {
      "answer_1": 0.9328215620137502,
      "answer_2": 0.8699363290818554,
      "answer_3": 0.851751352155782,
      "answer_4": 0.8295071175336187,
      "answer_5": 0.8658344971155206,
      "answer_6": 0.8335008716168711
    },
    "query_2": {
      "answer_1": 0.8755494326085802,
      "answer_2": 0.951948702058701,
      "answer_3": 0.8316130166136864,
      "answer_4": 0.8377936961922984,
      "answer_5": 0.851591020490243,
      "answer_6": 0.8239842339569012
    },
    "query_3": {
      "answer_1": 0.8670378019166475,
      "answer_2": 0.85688116436294,
      "answer_3": 0.9204511928114399,
      "answer_4": 0.8670535216124133,
      "answer_5": 0.8440000664138512,
      "answer_6": 0.8404958863869706
    },
    "query_4": {
      "answer_1": 0.8344627814584025,
      "answer_2": 0.81927062537091,
      "answer_3": 0.8470007276775496,
      "answer_4": 0.9116200303740208,
      "answer_5": 0.8119586422288946,
      "answer_6": 0.8439877146230269
    },
    "query_5": {
      "answer_1": 0.8573593076422279,
      "answer_2": 0.8497106129371234,
      "answer_3": 0.8201032186589479,
      "answer_4": 0.8449231047943374,
      "answer_5": 0.9459809467719802,
      "answer_6": 0.8351894496052658
    },
    "query_6": {
      "answer_1": 0.8375025986574687,
      "answer_2": 0.823339830438714,
      "answer_3": 0.8122640883673916,
      "answer_4": 0.877909527508692,
      "answer_5": 0.8184454814668308,
      "answer_6": 0.9318326445621075
    }
  }
}