{
  "entity": "Abraham Lincoln",
  "cosine_similarities": {
    "query_1": {
      "answer_1": 0.9456487123003355,
      "answer_2": 0.853137794354492,
      "answer_3": 0.8411750456537518,
      "answer_4": 0.8112951069956151,
      "answer_5": 0.8699719510694855,
      "answer_6": 0.8335094334337609
    },
    "query_2": {
      "answer_1": 0.865708977773538,
      "answer_2": 0.9505457111490478,
      "answer_3": 0.8586820626223821,
      "answer_4": 0.8297870933535119,
      "answer_5": 0.875482999906963,
      "answer_6": 0.8355205240911568
    },
    "query_3": {
      "answer_1": 0.8574896922262836,
      "answer_2": 0.8684835162141953,
      "answer_3": 0.9231132964961155,
      "answer_4": 0.8655919083225755,
      "answer_5": 0.8593954318116444,
      "answer_6": 0.8506273137777846
    },
    "query_4": {
      "answer_1": 0.8265157116207191,
      "answer_2": 0.850221828605946,
      "answer_3": 0.8426636596357455,
      "answer_4": 0.9081071755832932,
      "answer_5": 0.8461632583588742,
      "answer_6": 0.8582168355571425
    },
    "query_5": {
      "answer_1": 0.881539684587312,
      "answer_2": 0.8847089366877986,
      "answer_3": 0.8477373935081882,
      "answer_4": 0.84892333161278,
      "answer_5": 0.9284784827978143,
      "answer_6": 0.8412212781141957
    },
    "query_6": {
      "answer_1": 0.8364422006275071,
      "answer_2": 0.8382659722157734,
      "answer_3": 0.8168313727359962,
      "answer_4": 0.8610889799787572,
      "answer_5": 0.8380284254925561,
      "answer_6": 0.9388743604890906
    }
  }
}