{
  "entity": "Abraham Lincoln",
  "cosine_similarities": {
    "query_1": {
      "answer_1": 0.9283403179089719,
      "answer_2": 0.8621515709848417,
      "answer_3": 0.8557205831172798,
      "answer_4": 0.8234551589341793,
      "answer_5": 0.8623806401481231,
      "answer_6": 0.8581604514926114
    },
    "query_2": {
      "answer_1": 0.8737518879965531,
      "answer_2": 0.9380040334986057,
      "answer_3": 0.844757686632492,
      "answer_4": 0.8224567862374865,
      "answer_5": 0.8368512919289397,
      "answer_6": 0.8350497747242124
    },
    "query_3": {
      "answer_1": 0.8609467900768716,
      "answer_2": 0.858404708966644,
      "answer_3": 0.9184693387632085,
      "answer_4": 0.8666093802889138,
      "answer_5": 0.8371271909258682,
      "answer_6": 0.8490842554278702
    },
    "query_4": {
      "answer_1": 0.8320088538716194,
      "answer_2": 0.82879984297141,
      "answer_3": 0.8561943184746007,
      "answer_4": 0.9072502556916688,
      "answer_5": 0.8130810778563475,
      "answer_6": 0.8578999313407325
    },
    "query_5": {
      "answer_1": 0.867930216767207,
      "answer_2": 0.846718476435548,
      "answer_3": 0.833499198381297,
      "answer_4": 0.8222381807949005,
      "answer_5": 0.9292510225513465,
      "answer_6": 0.8329599959915969
    },
    "query_6": {
      "answer_1": 0.838525899266394,
      "answer_2": 0.8238431518230158,
      "answer_3": 0.8286973290721359,
      "answer_4": 0.845270916496702,
      "answer_5": 0.8214930465599034,
      "answer_6": 0.9233478215135128
    }
  }
}