{
  "entity": "Abraham Lincoln",
  "cosine_similarities": {
    "query_1": {
      "answer_1": 0.9398466194370636,
      "answer_2": 0.8503100893584968,
      "answer_3": 0.8417815282905707,
      "answer_4": 0.8215691193021906,
      "answer_5": 0.8645563022957087,
      "answer_6": 0.8283230807428512
    },
    "query_2": {
      "answer_1": 0.8548073870149103,
      "answer_2": 0.9458359849152097,
      "answer_3": 0.8610509751129752,
      "answer_4": 0.8456587895650356,
      "answer_5": 0.8734747439210376,
      "answer_6": 0.8354544583862167
    },
    "query_3": {
      "answer_1": 0.8515329480721304,
      "answer_2": 0.8656029819303117,
      "answer_3": 0.9243424510943102,
      "answer_4": 0.8670311556418546,
      "answer_5": 0.8562580621385943,
      "answer_6": 0.8446210026042018
    },
    "query_4": {
      "answer_1": 0.8166742586982463,
      "answer_2": 0.8383268023695881,
      "answer_3": 0.8405497397992738,
      "answer_4": 0.916857552508979,
      "answer_5": 0.8386040479609685,
      "answer_6": 0.858416789618785
    },
    "query_5": {
      "answer_1": 0.8736109374271658,
      "answer_2": 0.8744189426839997,
      "answer_3": 0.8542731938055753,
      "answer_4": 0.8653972699597849,
      "answer_5": 0.9223450443395746,
      "answer_6": 0.8394975550184164
    },
    "query_6": {
      "answer_1": 0.8260571758828832,
      "answer_2": 0.8360795668954912,
      "answer_3": 0.8256682982142665,
      "answer_4": 0.8694674774148423,
      "answer_5": 0.8324686564336662,
      "answer_6": 0.9329673493995901
    }
  }
}