{
  "entity": "Abraham Lincoln",
  "cosine_similarities": {
    "query_1": {
      "answer_1": 0.9427741541083964,
      "answer_2": 0.8596130903526235,
      "answer_3": 0.8550811328815143,
      "answer_4": 0.850584380281631,
      "answer_5": 0.8617993991139047,
      "answer_6": 0.8461780560292499
    },
    "query_2": {
      "answer_1": 0.8722219407567239,
      "answer_2": 0.9499943980580594,
      "answer_3": 0.8531300436318344,
      "answer_4": 0.8527803998839338,
      "answer_5": 0.8450870628306687,
      "answer_6": 0.8500808503183906
    },
    "query_3": {
      "answer_1": 0.8604891740820184,
      "answer_2": 0.8286080311000521,
      "answer_3": 0.9522518865446363,
      "answer_4": 0.8338441123654634,
      "answer_5": 0.8300877025295118,
      "answer_6": 0.8185094656337359
    },
    "query_4": {
      "answer_1": 0.8428728974054578,
      "answer_2": 0.8128394765372657,
      "answer_3": 0.8310170609022669,
      "answer_4": 0.9090073787185152,
      "answer_5": 0.8291484332457484,
      "answer_6": 0.860037134058188
    },
    "query_5": {
      "answer_1": 0.8561501334794578,
      "answer_2": 0.8315333838168166,
      "answer_3": 0.831308599638862,
      "answer_4": 0.8477404071660638,
      "answer_5": 0.9376977379032239,
      "answer_6": 0.8225271374414566
    },
    "query_6": {
      "answer_1": 0.8408591420516929,
      "answer_2": 0.8256129679944226,
      "answer_3": 0.8227571678538811,
      "answer_4": 0.8637657470063357,
      "answer_5": 0.8187068445926281,
      "answer_6": 0.9245814939458985
    }
  }
}