{
  "entity": "Abraham Lincoln",
  "cosine_similarities": {
    "query_1": {
      "answer_1": 0.9251465849973503,
      "answer_2": 0.8550114218155151,
      "answer_3": 0.8393218735002863,
      "answer_4": 0.8116047580539981,
      "answer_5": 0.8594817791622,
      "answer_6": 0.8289933817063098
    },
    "query_2": {
      "answer_1": 0.868167348406401,
      "answer_2": 0.948423990680799,
      "answer_3": 0.8598182873721497,
      "answer_4": 0.8411207061566606,
      "answer_5": 0.86617826389466,
      "answer_6": 0.8348700694973962
    },
    "query_3": {
      "answer_1": 0.8626311136032624,
      "answer_2": 0.8607696318812298,
      "answer_3": 0.9215261411910692,
      "answer_4": 0.864412497952616,
      "answer_5": 0.8512582213939025,
      "answer_6": 0.8436820601740855
    },
    "query_4": {
      "answer_1": 0.8252944052098621,
      "answer_2": 0.8357490937452489,
      "answer_3": 0.8395145411012287,
      "answer_4": 0.9113247104768508,
      "answer_5": 0.8367801445189784,
      "answer_6": 0.8457960889087552
    },
    "query_5": {
      "answer_1": 0.8799157848788096,
      "answer_2": 0.8734324081227737,
      "answer_3": 0.8628853159503642,
      "answer_4": 0.8532435096158337,
      "answer_5": 0.9212991208957593,
      "answer_6": 0.8386998343010496
    },
    "query_6": {
      "answer_1": 0.8416985505035133,
      "answer_2": 0.8333716629688326,
      "answer_3": 0.8184921749011769,
      "answer_4": 0.8594242740093649,
      "answer_5": 0.8296433558323789,
      "answer_6": 0.9332076915449853
    }
  }
}