{
  "entity": "Abraham Lincoln",
  "cosine_similarities": {
    "query_1": {
      "answer_1": 0.9291573089530007,
      "answer_2": 0.8403938640395171,
      "answer_3": 0.8163187420332565,
      "answer_4": 0.7999462251380179,
      "answer_5": 0.8177860639367402,
      "answer_6": 0.8261161845094518
    },
    "query_2": {
      "answer_1": 0.847130695694364,
      "answer_2": 0.9464868346816322,
      "answer_3": 0.838268507637953,
      "answer_4": 0.8193021044272073,
      "answer_5": 0.8349209035003953,
      "answer_6": 0.8330049172245348
    },
    "query_3": {
      "answer_1": 0.8421303807338075,
      "answer_2": 0.8586702133928216,
      "answer_3": 0.9163090197611786,
      "answer_4": 0.8217929359849282,
      "answer_5": 0.830015140681525,
      "answer_6": 0.8335698997107784
    },
    "query_4": {
      "answer_1": 0.8164025008719883,
      "answer_2": 0.8247263976377648,
      "answer_3": 0.7970855197672442,
      "answer_4": 0.9085841385987858,
      "answer_5": 0.8154368146018124,
      "answer_6": 0.8551022816415895
    },
    "query_5": {
      "answer_1": 0.8366624744769234,
      "answer_2": 0.8515016517970196,
      "answer_3": 0.8139659033123702,
      "answer_4": 0.8192264791012794,
      "answer_5": 0.9447830483558531,
      "answer_6": 0.8243388800616975
    },
    "query_6": {
      "answer_1": 0.8253071508900138,
      "answer_2": 0.8249531702985743,
      "answer_3": 0.7922176664591816,
      "answer_4": 0.8245518077660374,
      "answer_5": 0.7993897298000686,
      "answer_6": 0.9236706144723055
    }
  }
}