{
  "entity": "Abraham Lincoln",
  "cosine_similarities": {
    "query_1": {
      "answer_1": 0.9328197622401897,
      "answer_2": 0.865731502217983,
      "answer_3": 0.8549738678077131,
      "answer_4": 0.8132358940643926,
      "answer_5": 0.8561267220677031,
      "answer_6": 0.8486130911719307
    },
    "query_2": {
      "answer_1": 0.8710757744430844,
      "answer_2": 0.9497981047686048,
      "answer_3": 0.8514860861852325,
      "answer_4": 0.8287565687283323,
      "answer_5": 0.8365871723106092,
      "answer_6": 0.8375056970175102
    },
    "query_3": {
      "answer_1": 0.8496424931668085,
      "answer_2": 0.8480671450616201,
      "answer_3": 0.9546258605506247,
      "answer_4": 0.8364011003054074,
      "answer_5": 0.8260396489238252,
      "answer_6": 0.8254900627804964
    },
    "query_4": {
      "answer_1": 0.8204051297324766,
      "answer_2": 0.8342724560579424,
      "answer_3": 0.8228445331374336,
      "answer_4": 0.9203589300807754,
      "answer_5": 0.8189471110822659,
      "answer_6": 0.8503723481255104
    },
    "query_5": {
      "answer_1": 0.8672078242260072,
      "answer_2": 0.8496900714922335,
      "answer_3": 0.8326671715789171,
      "answer_4": 0.8308534793146303,
      "answer_5": 0.9002841163487855,
      "answer_6": 0.8373169108101521
    },
    "query_6": {
      "answer_1": 0.8523634479321766,
      "answer_2": 0.849057532366176,
      "answer_3": 0.8334408092287752,
      "answer_4": 0.8453199409732055,
      "answer_5": 0.8228368145348711,
      "answer_6": 0.9208431811240575
    }
  }
}