{
  "entity": "Abraham Lincoln",
  "cosine_similarities": {
    "query_1": {
      "answer_1": 0.9060954634438161,
      "answer_2": 0.8473967868129997,
      "answer_3": 0.8661098749212952,
      "answer_4": 0.8161764047241046,
      "answer_5": 0.8453753891887428,
      "answer_6": 0.8188664176045181
    },
    "query_2": {
      "answer_1": 0.8381760436923413,
      "answer_2": 0.9426623391884265,
      "answer_3": 0.8819204195600505,
      "answer_4": 0.8392989581050561,
      "answer_5": 0.8483361450285812,
      "answer_6": 0.8263466430545438
    },
    "query_3": {
      "answer_1": 0.8392955674270566,
      "answer_2": 0.8686895155902019,
      "answer_3": 0.9377547522696366,
      "answer_4": 0.843526310543981,
      "answer_5": 0.8456279064361653,
      "answer_6": 0.8293035855230156
    },
    "query_4": {
      "answer_1": 0.8170103010170104,
      "answer_2": 0.8455772511004153,
      "answer_3": 0.8550375048066216,
      "answer_4": 0.9272579800778011,
      "answer_5": 0.8345745968509427,
      "answer_6": 0.8430049417466623
    },
    "query_5": {
      "answer_1": 0.8314099550498616,
      "answer_2": 0.8690374473517929,
      "answer_3": 0.8618520976811932,
      "answer_4": 0.8424147976668911,
      "answer_5": 0.9534842498547431,
      "answer_6": 0.8193354068365691
    },
    "query_6": {
      "answer_1": 0.8083511798578933,
      "answer_2": 0.8617692875479844,
      "answer_3": 0.8501122132240775,
      "answer_4": 0.8649700165436708,
      "answer_5": 0.8184429153808305,
      "answer_6": 0.9429031960064759
    }
  }
}