{
  "entity": "Abraham Lincoln",
  "cosine_similarities": {
    "query_1": {
      "answer_1": 0.9352672346508004,
      "answer_2": 0.8527279641737263,
      "answer_3": 0.8515886189132272,
      "answer_4": 0.821465609649216,
      "answer_5": 0.8611027100330046,
      "answer_6": 0.8210636790580422
    },
    "query_2": {
      "answer_1": 0.8711448374522683,
      "answer_2": 0.9491132377295539,
      "answer_3": 0.8606229278624105,
      "answer_4": 0.845301614875377,
      "answer_5": 0.8753088518026074,
      "answer_6": 0.8209867121425829
    },
    "query_3": {
      "answer_1": 0.8687675887349022,
      "answer_2": 0.8581242567821074,
      "answer_3": 0.9319864575458274,
      "answer_4": 0.864942131293235,
      "answer_5": 0.8502036902627456,
      "answer_6": 0.8358881489193286
    },
    "query_4": {
      "answer_1": 0.8295533174700571,
      "answer_2": 0.8359888342005584,
      "answer_3": 0.8496207933981811,
      "answer_4": 0.9067533644355208,
      "answer_5": 0.8425493371113331,
      "answer_6": 0.84195297283527
    },
    "query_5": {
      "answer_1": 0.8807587198216902,
      "answer_2": 0.8761134086596069,
      "answer_3": 0.8597238061330145,
      "answer_4": 0.8574005151944499,
      "answer_5": 0.9192627917840068,
      "answer_6": 0.8249129107653059
    },
    "query_6": {
      "answer_1": 0.8424984083575254,
      "answer_2": 0.8261350215215687,
      "answer_3": 0.8208539833835284,
      "answer_4": 0.8732559027821063,
      "answer_5": 0.8367598749021778,
      "answer_6": 0.9257744997357151
    }
  }
}