{
  "entity": "Abraham Lincoln",
  "cosine_similarities": {
    "query_1": {
      "answer_1": 0.9441314699203516,
      "answer_2": 0.8760760510416964,
      "answer_3": 0.867452109220227,
      "answer_4": 0.8213738371041642,
      "answer_5": 0.8458009725524441,
      "answer_6": 0.8594966158719318
    },
    "query_2": {
      "answer_1": 0.8780974469417305,
      "answer_2": 0.9536435314445975,
      "answer_3": 0.8613563894836411,
      "answer_4": 0.8277124730123473,
      "answer_5": 0.8378249573436894,
      "answer_6": 0.8345542764681563
    },
    "query_3": {
      "answer_1": 0.8571820522536874,
      "answer_2": 0.8563374505670079,
      "answer_3": 0.9118786210057601,
      "answer_4": 0.8293686046202577,
      "answer_5": 0.8196276849486397,
      "answer_6": 0.8364529740652463
    },
    "query_4": {
      "answer_1": 0.8272481369425866,
      "answer_2": 0.8255588819618737,
      "answer_3": 0.8309954171039188,
      "answer_4": 0.9319526816435313,
      "answer_5": 0.8185808984938149,
      "answer_6": 0.8735479921910423
    },
    "query_5": {
      "answer_1": 0.8709206316840197,
      "answer_2": 0.8566767331694571,
      "answer_3": 0.8599550206584738,
      "answer_4": 0.8301792975873595,
      "answer_5": 0.9296757126659659,
      "answer_6": 0.8382008177745347
    },
    "query_6": {
      "answer_1": 0.8511986898500318,
      "answer_2": 0.828811857512797,
      "answer_3": 0.83559039169822,
      "answer_4": 0.846547035348669,
      "answer_5": 0.8281664351256319,
      "answer_6": 0.9346927046548428
    }
  }
}