{
  "entity": "Abraham Lincoln",
  "cosine_similarities": {
    "query_1": {
      "answer_1": 0.9341066823259576,
      "answer_2": 0.8602001843713782,
      "answer_3": 0.8855367524173854,
      "answer_4": 0.8202968001674604,
      "answer_5": 0.855548684859434,
      "answer_6": 0.8534853029437709
    },
    "query_2": {
      "answer_1": 0.8699269053566105,
      "answer_2": 0.946847454773712,
      "answer_3": 0.8813870730333645,
      "answer_4": 0.8357951120681719,
      "answer_5": 0.8311936807338645,
      "answer_6": 0.84723347010749
    },
    "query_3": {
      "answer_1": 0.8777838892122246,
      "answer_2": 0.8448034002701748,
      "answer_3": 0.9211009188634492,
      "answer_4": 0.8239681799549375,
      "answer_5": 0.8335604035227652,
      "answer_6": 0.8332829153403153
    },
    "query_4": {
      "answer_1": 0.8215322834158685,
      "answer_2": 0.8145863467240182,
      "answer_3": 0.8365665856541148,
      "answer_4": 0.9115021343819253,
      "answer_5": 0.7973369749700484,
      "answer_6": 0.8704790941745711
    },
    "query_5": {
      "answer_1": 0.8530048539371707,
      "answer_2": 0.8262806536824971,
      "answer_3": 0.8601212007209924,
      "answer_4": 0.8045999558320082,
      "answer_5": 0.9360555747560302,
      "answer_6": 0.8274945126951766
    },
    "query_6": {
      "answer_1": 0.8270554180359705,
      "answer_2": 0.8312052630787791,
      "answer_3": 0.8291533705246279,
      "answer_4": 0.84472697647789,
      "answer_5": 0.8034689610726558,
      "answer_6": 0.9254626339770804
    }
  }
}