{
  "entity": "Abraham Lincoln",
  "cosine_similarities": {
    "query_1": {
      "answer_1": 0.941887769761202,
      "answer_2": 0.8713969928287834,
      "answer_3": 0.8592951333775882,
      "answer_4": 0.8121898041524531,
      "answer_5": 0.8378471314571768,
      "answer_6": 0.8465679223235145
    },
    "query_2": {
      "answer_1": 0.8714088814302257,
      "answer_2": 0.951453531755879,
      "answer_3": 0.858806107345169,
      "answer_4": 0.8152336275616013,
      "answer_5": 0.831149743765021,
      "answer_6": 0.8384776645472792
    },
    "query_3": {
      "answer_1": 0.8627760667599932,
      "answer_2": 0.8558169230380414,
      "answer_3": 0.9335886229922393,
      "answer_4": 0.8302192900314757,
      "answer_5": 0.8367798334249755,
      "answer_6": 0.8477541067060254
    },
    "query_4": {
      "answer_1": 0.830420343467196,
      "answer_2": 0.826393892933503,
      "answer_3": 0.8244286898755948,
      "answer_4": 0.8949295180067138,
      "answer_5": 0.7869712722403526,
      "answer_6": 0.8610870860705468
    },
    "query_5": {
      "answer_1": 0.8617416465936252,
      "answer_2": 0.8507043345694209,
      "answer_3": 0.8517143933297426,
      "answer_4": 0.8078447427233233,
      "answer_5": 0.9184764710262889,
      "answer_6": 0.8246485187308153
    },
    "query_6": {
      "answer_1": 0.8326643794143495,
      "answer_2": 0.8127023432098307,
      "answer_3": 0.8213156783611235,
      "answer_4": 0.8495653895184648,
      "answer_5": 0.8046120623000973,
      "answer_6": 0.9309275619338503
    }
  }
}