{
  "entity": "Abraham Lincoln",
  "cosine_similarities": {
    "query_1": {
      "answer_1": 0.9266301014435357,
      "answer_2": 0.8560148857827944,
      "answer_3": 0.8516888662793745,
      "answer_4": 0.8469528539806914,
      "answer_5": 0.8642049015819884,
      "answer_6": 0.8424439888860082
    },
    "query_2": {
      "answer_1": 0.8691809349736956,
      "answer_2": 0.9362892289338587,
      "answer_3": 0.8497320807064863,
      "answer_4": 0.8339469509830214,
      "answer_5": 0.8443739747817927,
      "answer_6": 0.8386908014647184
    },
    "query_3": {
      "answer_1": 0.8478910185148829,
      "answer_2": 0.8437339956665146,
      "answer_3": 0.9483745623931886,
      "answer_4": 0.8317813589784088,
      "answer_5": 0.834934614950237,
      "answer_6": 0.8183922605239344
    },
    "query_4": {
      "answer_1": 0.8325687876494993,
      "answer_2": 0.8217100137955285,
      "answer_3": 0.8277137103271436,
      "answer_4": 0.9228165931551199,
      "answer_5": 0.8203556616245469,
      "answer_6": 0.8533233056536103
    },
    "query_5": {
      "answer_1": 0.858921981267117,
      "answer_2": 0.8337248761980616,
      "answer_3": 0.8288856683451309,
      "answer_4": 0.8344429243023395,
      "answer_5": 0.9284184080145664,
      "answer_6": 0.8222675820352909
    },
    "query_6": {
      "answer_1": 0.8376445069514336,
      "answer_2": 0.8225442752634522,
      "answer_3": 0.8194947125071537,
      "answer_4": 0.8502106848088359,
      "answer_5": 0.8243468143049307,
      "answer_6": 0.9197205221017528
    }
  }
}