{
  "entity": "Abraham Lincoln",
  "cosine_similarities": {
    "query_1": {
      "answer_1": 0.9175192434245703,
      "answer_2": 0.8262145992225176,
      "answer_3": 0.853101528540361,
      "answer_4": 0.8114870467491021,
      "answer_5": 0.8392715578755996,
      "answer_6": 0.8084935267471044
    },
    "query_2": {
      "answer_1": 0.8460098539896297,
      "answer_2": 0.9356264769116385,
      "answer_3": 0.8936463550119378,
      "answer_4": 0.8300823044045845,
      "answer_5": 0.8471027328428463,
      "answer_6": 0.8113510702510289
    },
    "query_3": {
      "answer_1": 0.8427721693677382,
      "answer_2": 0.8760922241302498,
      "answer_3": 0.9510769489369821,
      "answer_4": 0.8257145088610889,
      "answer_5": 0.8350545496378887,
      "answer_6": 0.8046146475391258
    },
    "query_4": {
      "answer_1": 0.8162758073684162,
      "answer_2": 0.8144744248275131,
      "answer_3": 0.8241392880344004,
      "answer_4": 0.9182960246349852,
      "answer_5": 0.8303108639488515,
      "answer_6": 0.8353812273543896
    },
    "query_5": {
      "answer_1": 0.8434125135342156,
      "answer_2": 0.836941455587854,
      "answer_3": 0.8451564191749756,
      "answer_4": 0.8415458499867092,
      "answer_5": 0.9439171140888064,
      "answer_6": 0.8047158002167892
    },
    "query_6": {
      "answer_1": 0.8067758826233599,
      "answer_2": 0.81398698311159,
      "answer_3": 0.8233992772428872,
      "answer_4": 0.8681262042232061,
      "answer_5": 0.8373020552240931,
      "answer_6": 0.9362769589694475
    }
  }
}