{
  "entity": "Abraham Lincoln",
  "cosine_similarities": {
    "query_1": {
      "answer_1": 0.9313589118477106,
      "answer_2": 0.8747222600976513,
      "answer_3": 0.8418388188545962,
      "answer_4": 0.8466145824967101,
      "answer_5": 0.8495096165121482,
      "answer_6": 0.8459402511614341
    },
    "query_2": {
      "answer_1": 0.8661868317832876,
      "answer_2": 0.9478951763332621,
      "answer_3": 0.8409259475249483,
      "answer_4": 0.8375399080061957,
      "answer_5": 0.8448779650125648,
      "answer_6": 0.8266924454493425
    },
    "query_3": {
      "answer_1": 0.8537730702540347,
      "answer_2": 0.8509110351739331,
      "answer_3": 0.9319277589463418,
      "answer_4": 0.8338984133186267,
      "answer_5": 0.8238996254366613,
      "answer_6": 0.81900874051519
    },
    "query_4": {
      "answer_1": 0.8416363658677767,
      "answer_2": 0.8276004768011032,
      "answer_3": 0.8129271897740447,
      "answer_4": 0.9138189101923928,
      "answer_5": 0.8104731401733924,
      "answer_6": 0.851107036922998
    },
    "query_5": {
      "answer_1": 0.8564744414361267,
      "answer_2": 0.8550408549990826,
      "answer_3": 0.8198939918822946,
      "answer_4": 0.8346367364560348,
      "answer_5": 0.9289220508240121,
      "answer_6": 0.8147367500932794
    },
    "query_6": {
      "answer_1": 0.8447897231967564,
      "answer_2": 0.8315080548849222,
      "answer_3": 0.8127497222133795,
      "answer_4": 0.8407707706435966,
      "answer_5": 0.8048484091917517,
      "answer_6": 0.9188898285783922
    }
  }
}