{
  "entity": "Abraham Lincoln",
  "cosine_similarities": {
    "query_1": {
      "answer_1": 0.9202897316717388,
      "answer_2": 0.8355822382521969,
      "answer_3": 0.8404736418269757,
      "answer_4": 0.8113809957525433,
      "answer_5": 0.8261051718157624,
      "answer_6": 0.8229933234426122
    },
    "query_2": {
      "answer_1": 0.8502943872223927,
      "answer_2": 0.9500678585023169,
      "answer_3": 0.8857916897129995,
      "answer_4": 0.839526214480005,
      "answer_5": 0.8205442985632658,
      "answer_6": 0.8412899018407548
    },
    "query_3": {
      "answer_1": 0.8472929230072747,
      "answer_2": 0.8718131546828692,
      "answer_3": 0.9429788975977698,
      "answer_4": 0.8474037182886436,
      "answer_5": 0.829484796989269,
      "answer_6": 0.8378004036309221
    },
    "query_4": {
      "answer_1": 0.8313620247943685,
      "answer_2": 0.8321309962016092,
      "answer_3": 0.8583952357060258,
      "answer_4": 0.9191919267050361,
      "answer_5": 0.8070672804232565,
      "answer_6": 0.860842490599551
    },
    "query_5": {
      "answer_1": 0.8424365663827232,
      "answer_2": 0.8357300811210236,
      "answer_3": 0.8451525337901781,
      "answer_4": 0.8326340080062787,
      "answer_5": 0.9461135013030432,
      "answer_6": 0.8242645448135457
    },
    "query_6": {
      "answer_1": 0.8148567098214395,
      "answer_2": 0.8341218314480121,
      "answer_3": 0.8467843510318885,
      "answer_4": 0.8611527998750096,
      "answer_5": 0.8105893430203295,
      "answer_6": 0.9370048975739599
    }
  }
}