{
  "entity": "Abraham Lincoln",
  "cosine_similarities": {
    "query_1": {
      "answer_1": 0.9355064270095618,
      "answer_2": 0.8638421718436781,
      "answer_3": 0.8702845869780551,
      "answer_4": 0.8237271608936098,
      "answer_5": 0.8468957622582192,
      "answer_6": 0.8581814933273069
    },
    "query_2": {
      "answer_1": 0.870800069773573,
      "answer_2": 0.9547703507957163,
      "answer_3": 0.8641064151697089,
      "answer_4": 0.831926274479849,
      "answer_5": 0.8351169728519897,
      "answer_6": 0.8393660647266094
    },
    "query_3": {
      "answer_1": 0.862422695119308,
      "answer_2": 0.8501878939099338,
      "answer_3": 0.9494266577715373,
      "answer_4": 0.8395407140992424,
      "answer_5": 0.834482055813931,
      "answer_6": 0.8507335936446602
    },
    "query_4": {
      "answer_1": 0.8306533588400685,
      "answer_2": 0.834119458431865,
      "answer_3": 0.827030220104805,
      "answer_4": 0.908019158073814,
      "answer_5": 0.7902004619679688,
      "answer_6": 0.8562213966123533
    },
    "query_5": {
      "answer_1": 0.8677715052685161,
      "answer_2": 0.8469108601157355,
      "answer_3": 0.8634290666847387,
      "answer_4": 0.8131962831984584,
      "answer_5": 0.9343661595237642,
      "answer_6": 0.8332543595286375
    },
    "query_6": {
      "answer_1": 0.8435000224821929,
      "answer_2": 0.8322625070436671,
      "answer_3": 0.8360714717868492,
      "answer_4": 0.8351724625517435,
      "answer_5": 0.8026040894810574,
      "answer_6": 0.9328699785474025
    }
  }
}