{
  "entity": "Abraham Lincoln",
  "cosine_similarities": {
    "query_1": {
      "answer_1": 0.9324606372861608,
      "answer_2": 0.8355482507955211,
      "answer_3": 0.8192058839736424,
      "answer_4": 0.8144060339373455,
      "answer_5": 0.8188524998269486,
      "answer_6": 0.830039000870166
    },
    "query_2": {
      "answer_1": 0.8505286668814827,
      "answer_2": 0.9329016492056086,
      "answer_3": 0.8388191933513874,
      "answer_4": 0.8391223759022348,
      "answer_5": 0.8308132158456735,
      "answer_6": 0.8379475665176405
    },
    "query_3": {
      "answer_1": 0.8449355680454451,
      "answer_2": 0.8505010856282919,
      "answer_3": 0.9187583405519052,
      "answer_4": 0.8401920733632522,
      "answer_5": 0.8266886654126246,
      "answer_6": 0.8476797073632758
    },
    "query_4": {
      "answer_1": 0.814238153294913,
      "answer_2": 0.8184806850332643,
      "answer_3": 0.8042577859656241,
      "answer_4": 0.9162018928963139,
      "answer_5": 0.8223049319673615,
      "answer_6": 0.8689232758774431
    },
    "query_5": {
      "answer_1": 0.8417754854453602,
      "answer_2": 0.8495091745980157,
      "answer_3": 0.8221779483035161,
      "answer_4": 0.8336352099611779,
      "answer_5": 0.9409883417938522,
      "answer_6": 0.8268867805728245
    },
    "query_6": {
      "answer_1": 0.8248512570322337,
      "answer_2": 0.8341370852042678,
      "answer_3": 0.8210910639764414,
      "answer_4": 0.8562845603882495,
      "answer_5": 0.8154896221283972,
      "answer_6": 0.9304219266755276
    }
  }
}