{
  "entity": "Napoleon Bonaparte",
  "cosine_similarities": {
    "query_1": {
      "answer_1": 0.7141684495767504,
      "answer_2": 0.5236425804630654,
      "answer_3": 0.5041305957736149,
      "answer_4": 0.43108907053276774,
      "answer_5": 0.5120338287862202,
      "answer_6": 0.4452213157121731
    },
    "query_2": {
      "answer_1": 0.5472646138627429,
      "answer_2": 0.850219464510692,
      "answer_3": 0.5555742476102526,
      "answer_4": 0.5680769046636939,
      "answer_5": 0.48146840577274896,
      "answer_6": 0.5883149402646509
    },
    "query_3": {
      "answer_1": 0.5179291707327455,
      "answer_2": 0.5322132649956133,
      "answer_3": 0.8135210607389893,
      "answer_4": 0.5705023234994303,
      "answer_5": 0.4095707933626622,
      "answer_6": 0.4992376397536138
    },
    "query_4": {
      "answer_1": 0.4870823756642707,
      "answer_2": 0.4895013385969768,
      "answer_3": 0.5554000073076842,
      "answer_4": 0.7586353384177588,
      "answer_5": 0.481141145009056,
      "answer_6": 0.5944868213370458
    },
    "query_5": {
      "answer_1": 0.4385093386633842,
      "answer_2": 0.4638846130731415,
      "answer_3": 0.40124638791588,
      "answer_4": 0.4545755115670287,
      "answer_5": 0.8087224018508828,
      "answer_6": 0.440209503279756
    },
    "query_6": {
      "answer_1": 0.5056677026423461,
      "answer_2": 0.6708555614977507,
      "answer_3": 0.5002906135859748,
      "answer_4": 0.6309135664324277,
      "answer_5": 0.4963919835826186,
      "answer_6": 0.7128767500517688
    }
  }
}