{
  "entity": "Napoleon Bonaparte",
  "cosine_similarities": {
    "query_1": {
      "answer_1": 0.8259065000111769,
      "answer_2": 0.5446439777104115,
      "answer_3": 0.5566111664907776,
      "answer_4": 0.44867089247007524,
      "answer_5": 0.5894403627634254,
      "answer_6": 0.45277040328451074
    },
    "query_2": {
      "answer_1": 0.5752289645912755,
      "answer_2": 0.8798347278840861,
      "answer_3": 0.6285488399960547,
      "answer_4": 0.48656566998674716,
      "answer_5": 0.5524035746327683,
      "answer_6": 0.5948792190630665
    },
    "query_3": {
      "answer_1": 0.5390077175524247,
      "answer_2": 0.5464793606910275,
      "answer_3": 0.7896407463468408,
      "answer_4": 0.4488187394134361,
      "answer_5": 0.511616944643778,
      "answer_6": 0.4878362698409286
    },
    "query_4": {
      "answer_1": 0.45265056934297826,
      "answer_2": 0.4630712013394389,
      "answer_3": 0.5023020076612538,
      "answer_4": 0.858879698878336,
      "answer_5": 0.4672958678826708,
      "answer_6": 0.5908467607123391
    },
    "query_5": {
      "answer_1": 0.5733680886688961,
      "answer_2": 0.5912030750833572,
      "answer_3": 0.5727204363981963,
      "answer_4": 0.5159702093240928,
      "answer_5": 0.888386211915676,
      "answer_6": 0.5668994925783823
    },
    "query_6": {
      "answer_1": 0.5157040249088453,
      "answer_2": 0.5817611555010209,
      "answer_3": 0.5693761494523798,
      "answer_4": 0.6299868572130721,
      "answer_5": 0.5336664409747452,
      "answer_6": 0.8823488156082553
    }
  }
}