{
  "entity": "Napoleon Bonaparte",
  "cosine_similarities": {
    "query_1": {
      "answer_1": 0.8200222204999524,
      "answer_2": 0.5364574799636784,
      "answer_3": 0.5152255277829572,
      "answer_4": 0.4528315096844033,
      "answer_5": 0.5568594622315147,
      "answer_6": 0.4564442041079584
    },
    "query_2": {
      "answer_1": 0.573104813700945,
      "answer_2": 0.8782613458804532,
      "answer_3": 0.574160172258139,
      "answer_4": 0.5792153110738821,
      "answer_5": 0.5205764105153975,
      "answer_6": 0.6216566602308269
    },
    "query_3": {
      "answer_1": 0.5037298328790208,
      "answer_2": 0.5125681405377598,
      "answer_3": 0.7770840516128897,
      "answer_4": 0.5462199060338466,
      "answer_5": 0.39179089038522225,
      "answer_6": 0.4504536392744851
    },
    "query_4": {
      "answer_1": 0.4960274267182037,
      "answer_2": 0.518405405561418,
      "answer_3": 0.5998946495375543,
      "answer_4": 0.824387477183577,
      "answer_5": 0.5012481150132201,
      "answer_6": 0.5820439557015044
    },
    "query_5": {
      "answer_1": 0.4947547689251749,
      "answer_2": 0.4948923961697089,
      "answer_3": 0.43100638650636025,
      "answer_4": 0.48353988091650035,
      "answer_5": 0.8786227512775882,
      "answer_6": 0.4874397561917792
    },
    "query_6": {
      "answer_1": 0.5054743268284848,
      "answer_2": 0.6519936459838319,
      "answer_3": 0.5358034723313928,
      "answer_4": 0.6310263588195342,
      "answer_5": 0.5418424913006918,
      "answer_6": 0.8550226434611328
    }
  }
}