{
  "entity": "Napoleon Bonaparte",
  "cosine_similarities": {
    "query_1": {
      "answer_1": 0.6748487650469736,
      "answer_2": 0.5106624077530736,
      "answer_3": 0.5200868476406046,
      "answer_4": 0.4520955607024554,
      "answer_5": 0.5868032602312307,
      "answer_6": 0.46595125271133453
    },
    "query_2": {
      "answer_1": 0.503811310478075,
      "answer_2": 0.8419521647155306,
      "answer_3": 0.5977688847861973,
      "answer_4": 0.5355140755512717,
      "answer_5": 0.5401761094120399,
      "answer_6": 0.5783295910600404
    },
    "query_3": {
      "answer_1": 0.5298756425393145,
      "answer_2": 0.5538817293287593,
      "answer_3": 0.8033963442752966,
      "answer_4": 0.5336130797954303,
      "answer_5": 0.4592528847338509,
      "answer_6": 0.4800697756754723
    },
    "query_4": {
      "answer_1": 0.4704998859481171,
      "answer_2": 0.4948948643101919,
      "answer_3": 0.5333783148655429,
      "answer_4": 0.7759527333003902,
      "answer_5": 0.5117848190752904,
      "answer_6": 0.6317835263357009
    },
    "query_5": {
      "answer_1": 0.5010617184135134,
      "answer_2": 0.5287861291300617,
      "answer_3": 0.4697153820844684,
      "answer_4": 0.5059562492236677,
      "answer_5": 0.8720977560591192,
      "answer_6": 0.5255973070627293
    },
    "query_6": {
      "answer_1": 0.453793728925672,
      "answer_2": 0.5751459635065812,
      "answer_3": 0.46933721330836453,
      "answer_4": 0.6366617577975018,
      "answer_5": 0.5068332919422432,
      "answer_6": 0.8197199207071338
    }
  }
}