{
  "entity": "Napoleon Bonaparte",
  "cosine_similarities": {
    "query_1": {
      "answer_1": 0.805583975908621,
      "answer_2": 0.5489354716042941,
      "answer_3": 0.5590886859742191,
      "answer_4": 0.4812486960391402,
      "answer_5": 0.545301200257039,
      "answer_6": 0.486886577236361
    },
    "query_2": {
      "answer_1": 0.5565173184581333,
      "answer_2": 0.8856719098625312,
      "answer_3": 0.6346488687335251,
      "answer_4": 0.5164075607379593,
      "answer_5": 0.48920645633672477,
      "answer_6": 0.6172068981215453
    },
    "query_3": {
      "answer_1": 0.5597736767502709,
      "answer_2": 0.592941139441099,
      "answer_3": 0.8332557818588736,
      "answer_4": 0.5514643194749753,
      "answer_5": 0.46496384751571684,
      "answer_6": 0.5433761188671967
    },
    "query_4": {
      "answer_1": 0.4704870310046758,
      "answer_2": 0.4989271472913926,
      "answer_3": 0.5851463509688997,
      "answer_4": 0.825339849511597,
      "answer_5": 0.4977979082430561,
      "answer_6": 0.6114695448942236
    },
    "query_5": {
      "answer_1": 0.4654417640695224,
      "answer_2": 0.4540479133266085,
      "answer_3": 0.44958594716048006,
      "answer_4": 0.4794024167860588,
      "answer_5": 0.8430419429641473,
      "answer_6": 0.482484190165231
    },
    "query_6": {
      "answer_1": 0.4871972223933855,
      "answer_2": 0.6057862378767509,
      "answer_3": 0.5747463033411603,
      "answer_4": 0.6298687588533662,
      "answer_5": 0.5197280741972067,
      "answer_6": 0.8666188722510209
    }
  }
}