{
  "entity": "Napoleon Bonaparte",
  "cosine_similarities": {
    "query_1": {
      "answer_1": 0.7748450323578701,
      "answer_2": 0.5312771835005855,
      "answer_3": 0.5421663153630523,
      "answer_4": 0.4524441038606712,
      "answer_5": 0.5222269813885618,
      "answer_6": 0.5045536392497216
    },
    "query_2": {
      "answer_1": 0.5775088711618209,
      "answer_2": 0.8829558471624925,
      "answer_3": 0.6191767125951263,
      "answer_4": 0.4905176639305283,
      "answer_5": 0.4864289594222714,
      "answer_6": 0.6190641425433817
    },
    "query_3": {
      "answer_1": 0.5310103161029698,
      "answer_2": 0.5535947476144649,
      "answer_3": 0.819321653764693,
      "answer_4": 0.5145097739522813,
      "answer_5": 0.42892277580793453,
      "answer_6": 0.4917466271729504
    },
    "query_4": {
      "answer_1": 0.5016224077002484,
      "answer_2": 0.5134656612596256,
      "answer_3": 0.5563551380768977,
      "answer_4": 0.804630804715746,
      "answer_5": 0.5125872691741299,
      "answer_6": 0.6250139050299155
    },
    "query_5": {
      "answer_1": 0.4725206791348581,
      "answer_2": 0.4612933241885707,
      "answer_3": 0.42141564753683347,
      "answer_4": 0.4631635577956861,
      "answer_5": 0.8591050658630316,
      "answer_6": 0.5190225371639616
    },
    "query_6": {
      "answer_1": 0.5046024325556431,
      "answer_2": 0.5955925380511128,
      "answer_3": 0.49902065073222157,
      "answer_4": 0.5836411084678487,
      "answer_5": 0.511101868092896,
      "answer_6": 0.853656433011436
    }
  }
}