{
  "entity": "Napoleon Bonaparte",
  "cosine_similarities": {
    "query_1": {
      "answer_1": 0.7213498544967033,
      "answer_2": 0.5416748927248307,
      "answer_3": 0.49640783784615444,
      "answer_4": 0.44882629243973265,
      "answer_5": 0.4920569137456052,
      "answer_6": 0.42324339711346415
    },
    "query_2": {
      "answer_1": 0.5443268384073661,
      "answer_2": 0.8741975111670985,
      "answer_3": 0.5023589684964734,
      "answer_4": 0.5692271971459418,
      "answer_5": 0.4708334676349762,
      "answer_6": 0.49808750895846055
    },
    "query_3": {
      "answer_1": 0.5056090574254715,
      "answer_2": 0.5425223435049046,
      "answer_3": 0.7122729897907765,
      "answer_4": 0.5850303094261402,
      "answer_5": 0.40593118373912485,
      "answer_6": 0.41530662849031913
    },
    "query_4": {
      "answer_1": 0.47013001116205233,
      "answer_2": 0.4969501252542307,
      "answer_3": 0.5490650649675503,
      "answer_4": 0.815988232769537,
      "answer_5": 0.47929314995330025,
      "answer_6": 0.6531099905674521
    },
    "query_5": {
      "answer_1": 0.4009534336781561,
      "answer_2": 0.4378803015622218,
      "answer_3": 0.3710352421249107,
      "answer_4": 0.4687114584439945,
      "answer_5": 0.873732747060281,
      "answer_6": 0.3943023686292848
    },
    "query_6": {
      "answer_1": 0.4435994717771062,
      "answer_2": 0.5213159972009187,
      "answer_3": 0.4054095417492841,
      "answer_4": 0.6680610483427131,
      "answer_5": 0.4671998108923394,
      "answer_6": 0.8323108629567216
    }
  }
}