{
  "entity": "Napoleon Bonaparte",
  "cosine_similarities": {
    "query_1": {
      "answer_1": 0.7904897216141268,
      "answer_2": 0.5465633462685688,
      "answer_3": 0.5449105530443666,
      "answer_4": 0.4606666105963367,
      "answer_5": 0.49637598684422235,
      "answer_6": 0.4837491083372699
    },
    "query_2": {
      "answer_1": 0.598014499399001,
      "answer_2": 0.8764863269405427,
      "answer_3": 0.5844269188804296,
      "answer_4": 0.5431462948651001,
      "answer_5": 0.5050557821024427,
      "answer_6": 0.6160679067273646
    },
    "query_3": {
      "answer_1": 0.5329421596741182,
      "answer_2": 0.5694392014909532,
      "answer_3": 0.7909622966758457,
      "answer_4": 0.574703516178471,
      "answer_5": 0.41043749497278503,
      "answer_6": 0.5030287375565672
    },
    "query_4": {
      "answer_1": 0.5080348322874915,
      "answer_2": 0.5221057193356743,
      "answer_3": 0.6264905525652061,
      "answer_4": 0.8374315567843653,
      "answer_5": 0.46024896963576545,
      "answer_6": 0.6530729141145555
    },
    "query_5": {
      "answer_1": 0.4685835912653935,
      "answer_2": 0.48997230571052397,
      "answer_3": 0.4652941801866262,
      "answer_4": 0.48677442317587943,
      "answer_5": 0.8546667770974734,
      "answer_6": 0.5036063429057548
    },
    "query_6": {
      "answer_1": 0.5617374338752492,
      "answer_2": 0.6544548406118235,
      "answer_3": 0.5762495956965717,
      "answer_4": 0.6816646822137035,
      "answer_5": 0.49383682162833725,
      "answer_6": 0.8682886138436459
    }
  }
}