{
  "entity": "Napoleon Bonaparte",
  "cosine_similarities": {
    "query_1": {
      "answer_1": 0.880783257515595,
      "answer_2": 0.550288157486705,
      "answer_3": 0.5827779937834698,
      "answer_4": 0.4829667650917326,
      "answer_5": 0.5545573331716895,
      "answer_6": 0.47823800517368864
    },
    "query_2": {
      "answer_1": 0.5915773051804218,
      "answer_2": 0.8682947124408283,
      "answer_3": 0.6605168843530207,
      "answer_4": 0.5545960923668717,
      "answer_5": 0.5851944733454316,
      "answer_6": 0.5738649698239919
    },
    "query_3": {
      "answer_1": 0.5750450030289604,
      "answer_2": 0.5634141556828487,
      "answer_3": 0.8171293991669515,
      "answer_4": 0.5254060262422737,
      "answer_5": 0.4840750230817077,
      "answer_6": 0.5143594820029765
    },
    "query_4": {
      "answer_1": 0.5180334797822232,
      "answer_2": 0.5100009988762396,
      "answer_3": 0.5833323764765369,
      "answer_4": 0.8202303503578228,
      "answer_5": 0.510390958244482,
      "answer_6": 0.6498905241824738
    },
    "query_5": {
      "answer_1": 0.5967961812751702,
      "answer_2": 0.5583430560641724,
      "answer_3": 0.5333354380176363,
      "answer_4": 0.5666881123896613,
      "answer_5": 0.8863286435568397,
      "answer_6": 0.5652660831749221
    },
    "query_6": {
      "answer_1": 0.5129315594129612,
      "answer_2": 0.5800735536196248,
      "answer_3": 0.5505855163225982,
      "answer_4": 0.6829885026822496,
      "answer_5": 0.5323436711256662,
      "answer_6": 0.8352493401926704
    }
  }
}