{
  "entity": "Napoleon Bonaparte",
  "cosine_similarities": {
    "query_1": {
      "answer_1": 0.7312018502355068,
      "answer_2": 0.5444143719785439,
      "answer_3": 0.5469598237855038,
      "answer_4": 0.44570097709524953,
      "answer_5": 0.4956302152150041,
      "answer_6": 0.481208741947056
    },
    "query_2": {
      "answer_1": 0.5641563993698834,
      "answer_2": 0.8777231548134892,
      "answer_3": 0.630165047241153,
      "answer_4": 0.5240242386447721,
      "answer_5": 0.5745004888234632,
      "answer_6": 0.6313252996222906
    },
    "query_3": {
      "answer_1": 0.5647182934623067,
      "answer_2": 0.5811112868343198,
      "answer_3": 0.8088646040678552,
      "answer_4": 0.5172194112415759,
      "answer_5": 0.47515693686623933,
      "answer_6": 0.5028942225835208
    },
    "query_4": {
      "answer_1": 0.4990274988813131,
      "answer_2": 0.4991958203245515,
      "answer_3": 0.5985767519678884,
      "answer_4": 0.7961519607267983,
      "answer_5": 0.5150308670402729,
      "answer_6": 0.592006819539779
    },
    "query_5": {
      "answer_1": 0.49141446819486473,
      "answer_2": 0.5484205688503928,
      "answer_3": 0.5268104929807401,
      "answer_4": 0.4976708215254634,
      "answer_5": 0.893473918823753,
      "answer_6": 0.5306827252931737
    },
    "query_6": {
      "answer_1": 0.48629004455346425,
      "answer_2": 0.5807497954449471,
      "answer_3": 0.5235091365750878,
      "answer_4": 0.6261950876873724,
      "answer_5": 0.529254174052062,
      "answer_6": 0.8566896950951732
    }
  }
}