{
  "entity": "Napoleon Bonaparte",
  "cosine_similarities": {
    "query_1": {
      "answer_1": 0.7175914670562719,
      "answer_2": 0.537937038363597,
      "answer_3": 0.4890149511946276,
      "answer_4": 0.44183043559416935,
      "answer_5": 0.5146405157922992,
      "answer_6": 0.4797887257321887
    },
    "query_2": {
      "answer_1": 0.5380103299918478,
      "answer_2": 0.878017292338873,
      "answer_3": 0.558746783758565,
      "answer_4": 0.5301325426738612,
      "answer_5": 0.4703963700953012,
      "answer_6": 0.5994972115176618
    },
    "query_3": {
      "answer_1": 0.5524802064995135,
      "answer_2": 0.5582450908020775,
      "answer_3": 0.8246974784974341,
      "answer_4": 0.4913284099018998,
      "answer_5": 0.4450756083065075,
      "answer_6": 0.5319849144668223
    },
    "query_4": {
      "answer_1": 0.48910250058896376,
      "answer_2": 0.4990945882856096,
      "answer_3": 0.507278936997117,
      "answer_4": 0.7696655579507864,
      "answer_5": 0.494316658855329,
      "answer_6": 0.6173088654916881
    },
    "query_5": {
      "answer_1": 0.4422356999648399,
      "answer_2": 0.446834656730842,
      "answer_3": 0.4083946223407574,
      "answer_4": 0.4559109831782317,
      "answer_5": 0.820705312919928,
      "answer_6": 0.476772064197733
    },
    "query_6": {
      "answer_1": 0.49634927035439647,
      "answer_2": 0.5933565137989683,
      "answer_3": 0.48320918737945184,
      "answer_4": 0.5803369701732496,
      "answer_5": 0.4855733059677496,
      "answer_6": 0.8201938023440335
    }
  }
}