{
  "entity": "Napoleon Bonaparte",
  "cosine_similarities": {
    "query_1": {
      "answer_1": 0.8265272407930638,
      "answer_2": 0.5223269637347009,
      "answer_3": 0.5566954567356077,
      "answer_4": 0.4537863964992953,
      "answer_5": 0.48350078994005347,
      "answer_6": 0.4519746188634722
    },
    "query_2": {
      "answer_1": 0.5869690427329228,
      "answer_2": 0.8711620932823124,
      "answer_3": 0.6511130654022486,
      "answer_4": 0.5159210370873842,
      "answer_5": 0.4710384498790345,
      "answer_6": 0.6385903192889347
    },
    "query_3": {
      "answer_1": 0.5733703475813547,
      "answer_2": 0.5547336534640867,
      "answer_3": 0.8175143451736865,
      "answer_4": 0.5083675908891725,
      "answer_5": 0.4256373307637212,
      "answer_6": 0.49795718116164633
    },
    "query_4": {
      "answer_1": 0.4828387511636962,
      "answer_2": 0.4974162309678159,
      "answer_3": 0.5997776854599921,
      "answer_4": 0.7857691513325734,
      "answer_5": 0.486569990774541,
      "answer_6": 0.6139540546000469
    },
    "query_5": {
      "answer_1": 0.4912754407748033,
      "answer_2": 0.469471996002685,
      "answer_3": 0.5062852955022806,
      "answer_4": 0.5010762548349045,
      "answer_5": 0.8593862304124807,
      "answer_6": 0.4625729055717861
    },
    "query_6": {
      "answer_1": 0.5039161698512159,
      "answer_2": 0.6277720406245516,
      "answer_3": 0.5796252653281271,
      "answer_4": 0.67901379756418,
      "answer_5": 0.48469191586608024,
      "answer_6": 0.8642281610117003
    }
  }
}