{
  "entity": "Napoleon Bonaparte",
  "cosine_similarities": {
    "query_1": {
      "answer_1": 0.8720378502446958,
      "answer_2": 0.5434793050702137,
      "answer_3": 0.535290138950189,
      "answer_4": 0.4581488572434968,
      "answer_5": 0.5720667809205069,
      "answer_6": 0.46140093945295546
    },
    "query_2": {
      "answer_1": 0.5670860180568569,
      "answer_2": 0.88958158840861,
      "answer_3": 0.6482346670364444,
      "answer_4": 0.5173376210051474,
      "answer_5": 0.5758428741525691,
      "answer_6": 0.5796574098809437
    },
    "query_3": {
      "answer_1": 0.5732216798820321,
      "answer_2": 0.583296149406789,
      "answer_3": 0.8351137635650407,
      "answer_4": 0.5178067527492731,
      "answer_5": 0.49220503281720884,
      "answer_6": 0.5029928781698606
    },
    "query_4": {
      "answer_1": 0.5140347679988421,
      "answer_2": 0.5078447188875641,
      "answer_3": 0.5999245801213776,
      "answer_4": 0.8001098740177254,
      "answer_5": 0.5048139216257573,
      "answer_6": 0.6391193489915572
    },
    "query_5": {
      "answer_1": 0.592517424156373,
      "answer_2": 0.560539071158634,
      "answer_3": 0.5350363980529949,
      "answer_4": 0.5326207607052948,
      "answer_5": 0.8936827853670395,
      "answer_6": 0.5116704953507945
    },
    "query_6": {
      "answer_1": 0.479688785452589,
      "answer_2": 0.5870148831587619,
      "answer_3": 0.5466798185838332,
      "answer_4": 0.6389112644174578,
      "answer_5": 0.5142756870879908,
      "answer_6": 0.8386909847573185
    }
  }
}