{
  "entity": "Napoleon Bonaparte",
  "cosine_similarities": {
    "query_1": {
      "answer_1": 0.6708328517703948,
      "answer_2": 0.5339131832480251,
      "answer_3": 0.5121483701710337,
      "answer_4": 0.4684490554566089,
      "answer_5": 0.5084495535782709,
      "answer_6": 0.4868901174688451
    },
    "query_2": {
      "answer_1": 0.4907033411842894,
      "answer_2": 0.8668490055708097,
      "answer_3": 0.5788774906909083,
      "answer_4": 0.5115930644661978,
      "answer_5": 0.4686429347586368,
      "answer_6": 0.6177951132646559
    },
    "query_3": {
      "answer_1": 0.5093243373135284,
      "answer_2": 0.570270210681622,
      "answer_3": 0.7965789865771119,
      "answer_4": 0.5125537429995745,
      "answer_5": 0.4328121473873625,
      "answer_6": 0.5099469071029596
    },
    "query_4": {
      "answer_1": 0.4784948588685754,
      "answer_2": 0.4993763397836141,
      "answer_3": 0.5031885301277345,
      "answer_4": 0.8092784170795541,
      "answer_5": 0.48733495892832646,
      "answer_6": 0.6304180453399605
    },
    "query_5": {
      "answer_1": 0.43459075771066624,
      "answer_2": 0.44877814809701827,
      "answer_3": 0.40511943138449286,
      "answer_4": 0.4686700930337878,
      "answer_5": 0.8034210732146042,
      "answer_6": 0.4767642346713091
    },
    "query_6": {
      "answer_1": 0.48001751721706265,
      "answer_2": 0.6044132376458823,
      "answer_3": 0.4902789524078699,
      "answer_4": 0.5975904863405793,
      "answer_5": 0.4977169880227514,
      "answer_6": 0.8592226825566146
    }
  }
}