{
  "entity": "Napoleon Bonaparte",
  "cosine_similarities": {
    "query_1": {
      "answer_1": 0.7059286358035959,
      "answer_2": 0.5356854669219948,
      "answer_3": 0.5162277206857874,
      "answer_4": 0.44961518123447164,
      "answer_5": 0.5204398354440332,
      "answer_6": 0.49670083194362386
    },
    "query_2": {
      "answer_1": 0.5540141205198852,
      "answer_2": 0.8843116379079717,
      "answer_3": 0.571760186979954,
      "answer_4": 0.5410369355179078,
      "answer_5": 0.47270013910367437,
      "answer_6": 0.6371291819166901
    },
    "query_3": {
      "answer_1": 0.5261346390253697,
      "answer_2": 0.5738266348555991,
      "answer_3": 0.7911062476066952,
      "answer_4": 0.5083770017052457,
      "answer_5": 0.44195960460980566,
      "answer_6": 0.5351634622354953
    },
    "query_4": {
      "answer_1": 0.4936373848122466,
      "answer_2": 0.5026909054874854,
      "answer_3": 0.531014477357005,
      "answer_4": 0.8008376090774911,
      "answer_5": 0.4901374265970906,
      "answer_6": 0.6267435707756821
    },
    "query_5": {
      "answer_1": 0.45212152253169313,
      "answer_2": 0.45789506854624196,
      "answer_3": 0.42173281717081246,
      "answer_4": 0.46121848773118274,
      "answer_5": 0.831260570896587,
      "answer_6": 0.4851150693502253
    },
    "query_6": {
      "answer_1": 0.5018038887616797,
      "answer_2": 0.6187973111971622,
      "answer_3": 0.49989211569455405,
      "answer_4": 0.60781627367329,
      "answer_5": 0.507645321379578,
      "answer_6": 0.8383914670220699
    }
  }
}