{
  "entity": "Napoleon Bonaparte",
  "cosine_similarities": {
    "query_1": {
      "answer_1": 0.8722425885860846,
      "answer_2": 0.5390170553974802,
      "answer_3": 0.5445609816114454,
      "answer_4": 0.48867021619792644,
      "answer_5": 0.49932646493662325,
      "answer_6": 0.45130298655988416
    },
    "query_2": {
      "answer_1": 0.5977910973754706,
      "answer_2": 0.8826571089491902,
      "answer_3": 0.6061556271203012,
      "answer_4": 0.4668220605633936,
      "answer_5": 0.4837766239200782,
      "answer_6": 0.5649662502066514
    },
    "query_3": {
      "answer_1": 0.535498146928204,
      "answer_2": 0.515363005582155,
      "answer_3": 0.8678941799372912,
      "answer_4": 0.4950649281879859,
      "answer_5": 0.42058421954513675,
      "answer_6": 0.41862147518454046
    },
    "query_4": {
      "answer_1": 0.4841004424363389,
      "answer_2": 0.4497329612199065,
      "answer_3": 0.5326192319949075,
      "answer_4": 0.8732473609500921,
      "answer_5": 0.47011564352429097,
      "answer_6": 0.5171848542124607
    },
    "query_5": {
      "answer_1": 0.50745563789157,
      "answer_2": 0.501426810896672,
      "answer_3": 0.4796922868804404,
      "answer_4": 0.4539312471038217,
      "answer_5": 0.8419392386155014,
      "answer_6": 0.4312935147578923
    },
    "query_6": {
      "answer_1": 0.5095706528456295,
      "answer_2": 0.5874893292106779,
      "answer_3": 0.47535575973678446,
      "answer_4": 0.5492726197148109,
      "answer_5": 0.4947455757660242,
      "answer_6": 0.8724206030728899
    }
  }
}