{
  "entity": "Napoleon Bonaparte",
  "cosine_similarities": {
    "query_1": {
      "answer_1": 0.8243964403311324,
      "answer_2": 0.5300637155030661,
      "answer_3": 0.5340368133116056,
      "answer_4": 0.439047456987936,
      "answer_5": 0.468947926290858,
      "answer_6": 0.484540889564144
    },
    "query_2": {
      "answer_1": 0.5690929760070198,
      "answer_2": 0.8848712075390445,
      "answer_3": 0.5905716884111062,
      "answer_4": 0.5625240148529362,
      "answer_5": 0.45833212353016967,
      "answer_6": 0.6478653388030473
    },
    "query_3": {
      "answer_1": 0.4994607530671952,
      "answer_2": 0.5129213733400866,
      "answer_3": 0.8024566576177541,
      "answer_4": 0.5761061480106615,
      "answer_5": 0.37460605139403913,
      "answer_6": 0.47066897265115243
    },
    "query_4": {
      "answer_1": 0.47993972759058223,
      "answer_2": 0.5053256212301953,
      "answer_3": 0.5863931273688966,
      "answer_4": 0.8263659509261285,
      "answer_5": 0.48946115445656113,
      "answer_6": 0.6543383694137814
    },
    "query_5": {
      "answer_1": 0.47504894392848107,
      "answer_2": 0.4688269127793786,
      "answer_3": 0.46946326351396217,
      "answer_4": 0.5056464854212449,
      "answer_5": 0.8555533933340185,
      "answer_6": 0.5236060028702343
    },
    "query_6": {
      "answer_1": 0.5032838614994566,
      "answer_2": 0.6164110813122984,
      "answer_3": 0.5127878709567885,
      "answer_4": 0.639672652569319,
      "answer_5": 0.4990473415604153,
      "answer_6": 0.8781363201752953
    }
  }
}