{
  "entity": "Napoleon Bonaparte",
  "cosine_similarities": {
    "query_1": {
      "answer_1": 0.7300544007944605,
      "answer_2": 0.5305457374980713,
      "answer_3": 0.5439458978016812,
      "answer_4": 0.4510175670686102,
      "answer_5": 0.508393999989925,
      "answer_6": 0.43744438772089084
    },
    "query_2": {
      "answer_1": 0.5849891619391318,
      "answer_2": 0.8908461277457123,
      "answer_3": 0.5772288381298905,
      "answer_4": 0.5681378234400314,
      "answer_5": 0.48217874045081915,
      "answer_6": 0.5995840485794559
    },
    "query_3": {
      "answer_1": 0.5242274091870872,
      "answer_2": 0.5294663009549696,
      "answer_3": 0.8095254557536645,
      "answer_4": 0.5874517447271298,
      "answer_5": 0.3916965916895258,
      "answer_6": 0.4572901716897929
    },
    "query_4": {
      "answer_1": 0.5089915999476534,
      "answer_2": 0.48705884107058317,
      "answer_3": 0.5884456881608721,
      "answer_4": 0.8268418402915844,
      "answer_5": 0.48903924930683257,
      "answer_6": 0.6398613605279349
    },
    "query_5": {
      "answer_1": 0.467101864316594,
      "answer_2": 0.4680591141717364,
      "answer_3": 0.4345499934242935,
      "answer_4": 0.48111925996825766,
      "answer_5": 0.8599289146559099,
      "answer_6": 0.4534231740068737
    },
    "query_6": {
      "answer_1": 0.5026896994854905,
      "answer_2": 0.6156670647558311,
      "answer_3": 0.5173359715994834,
      "answer_4": 0.6779057878771513,
      "answer_5": 0.4908667086011886,
      "answer_6": 0.8609846318173536
    }
  }
}