{
  "entity": "Napoleon Bonaparte",
  "cosine_similarities": {
    "query_1": {
      "answer_1": 0.8190299339265551,
      "answer_2": 0.5425034213402486,
      "answer_3": 0.5633200160802846,
      "answer_4": 0.4435127153546799,
      "answer_5": 0.49647521883935186,
      "answer_6": 0.45714472704168435
    },
    "query_2": {
      "answer_1": 0.5805860121036917,
      "answer_2": 0.8986698565108858,
      "answer_3": 0.6461357463303551,
      "answer_4": 0.4984234356738975,
      "answer_5": 0.4708926453321865,
      "answer_6": 0.6099403864201534
    },
    "query_3": {
      "answer_1": 0.5583984471436564,
      "answer_2": 0.5721482676837762,
      "answer_3": 0.8328655994550285,
      "answer_4": 0.49762488100651087,
      "answer_5": 0.43526462291946716,
      "answer_6": 0.4921472579034358
    },
    "query_4": {
      "answer_1": 0.49343277741314784,
      "answer_2": 0.5093432817012316,
      "answer_3": 0.624579229581337,
      "answer_4": 0.8013919523973991,
      "answer_5": 0.4924442628503111,
      "answer_6": 0.6178788585074642
    },
    "query_5": {
      "answer_1": 0.4649003780840432,
      "answer_2": 0.4928853187080354,
      "answer_3": 0.5007501688907785,
      "answer_4": 0.48973994657619,
      "answer_5": 0.849051436860042,
      "answer_6": 0.46889774508885157
    },
    "query_6": {
      "answer_1": 0.5014389421258995,
      "answer_2": 0.6316524209248214,
      "answer_3": 0.5960518111445512,
      "answer_4": 0.6608114087098128,
      "answer_5": 0.4781833299162435,
      "answer_6": 0.8830889571903057
    }
  }
}