{
  "entity": "Napoleon Bonaparte",
  "cosine_similarities": {
    "query_1": {
      "answer_1": 0.7944945397437692,
      "answer_2": 0.5179305702085347,
      "answer_3": 0.5535137482456899,
      "answer_4": 0.4654207005260885,
      "answer_5": 0.5851252704819713,
      "answer_6": 0.45757369859085223
    },
    "query_2": {
      "answer_1": 0.5824836828646662,
      "answer_2": 0.8840255231043365,
      "answer_3": 0.6543258031253625,
      "answer_4": 0.5427464557141976,
      "answer_5": 0.5499793931562358,
      "answer_6": 0.5831269207119568
    },
    "query_3": {
      "answer_1": 0.5705928683892414,
      "answer_2": 0.5681635056533769,
      "answer_3": 0.8197648913847608,
      "answer_4": 0.5426411006122872,
      "answer_5": 0.46350409792580555,
      "answer_6": 0.48823889409401605
    },
    "query_4": {
      "answer_1": 0.506000567515701,
      "answer_2": 0.5093302653792144,
      "answer_3": 0.5847614925510484,
      "answer_4": 0.8034557461169403,
      "answer_5": 0.5033538663389666,
      "answer_6": 0.6433486778598618
    },
    "query_5": {
      "answer_1": 0.557549293332319,
      "answer_2": 0.5502799273826817,
      "answer_3": 0.5143245184391128,
      "answer_4": 0.5233592527720158,
      "answer_5": 0.8735663948619863,
      "answer_6": 0.5234622612688068
    },
    "query_6": {
      "answer_1": 0.49268324033870203,
      "answer_2": 0.5782174777101408,
      "answer_3": 0.5207160880280723,
      "answer_4": 0.6413265236556205,
      "answer_5": 0.47814069119590585,
      "answer_6": 0.8468260221633573
    }
  }
}