{
  "entity": "Napoleon Bonaparte",
  "cosine_similarities": {
    "query_1": {
      "answer_1": 0.7462239907796621,
      "answer_2": 0.5277980218337261,
      "answer_3": 0.5471344304102654,
      "answer_4": 0.41107044507892165,
      "answer_5": 0.558661148834045,
      "answer_6": 0.4623939042363282
    },
    "query_2": {
      "answer_1": 0.5626102970013503,
      "answer_2": 0.8880603816158363,
      "answer_3": 0.6123719359398327,
      "answer_4": 0.44686970188450215,
      "answer_5": 0.5282026121376415,
      "answer_6": 0.6351057731503525
    },
    "query_3": {
      "answer_1": 0.5180047525840502,
      "answer_2": 0.552309879233361,
      "answer_3": 0.8077566717666081,
      "answer_4": 0.4135667503346085,
      "answer_5": 0.45249315637245713,
      "answer_6": 0.5058180426598533
    },
    "query_4": {
      "answer_1": 0.45534757672369436,
      "answer_2": 0.4729640077966107,
      "answer_3": 0.5076293892384269,
      "answer_4": 0.8402547594704767,
      "answer_5": 0.44896007199052324,
      "answer_6": 0.618670867709147
    },
    "query_5": {
      "answer_1": 0.5013339850533965,
      "answer_2": 0.4994770980731057,
      "answer_3": 0.5014001006146926,
      "answer_4": 0.41150253414642,
      "answer_5": 0.8759714839965056,
      "answer_6": 0.4904683291888552
    },
    "query_6": {
      "answer_1": 0.5093972436259957,
      "answer_2": 0.6284128719348544,
      "answer_3": 0.5529100964156026,
      "answer_4": 0.6021613432604465,
      "answer_5": 0.4879404438094401,
      "answer_6": 0.8703131736663297
    }
  }
}