{
  "entity": "Napoleon Bonaparte",
  "cosine_similarities": {
    "query_1": {
      "answer_1": 0.824659407831342,
      "answer_2": 0.5595525227486933,
      "answer_3": 0.5403903482246878,
      "answer_4": 0.47298964921757125,
      "answer_5": 0.5617834136735183,
      "answer_6": 0.48943117473388537
    },
    "query_2": {
      "answer_1": 0.597631060635985,
      "answer_2": 0.8679335880525813,
      "answer_3": 0.6113778668956675,
      "answer_4": 0.5204778268056793,
      "answer_5": 0.5170393325240416,
      "answer_6": 0.6551009784601972
    },
    "query_3": {
      "answer_1": 0.5541158024506079,
      "answer_2": 0.5609595045615283,
      "answer_3": 0.7970844282568096,
      "answer_4": 0.526935739564344,
      "answer_5": 0.44318270275460137,
      "answer_6": 0.4927379908632139
    },
    "query_4": {
      "answer_1": 0.5163559663134782,
      "answer_2": 0.5200723273337242,
      "answer_3": 0.5632016330668222,
      "answer_4": 0.8129933372282317,
      "answer_5": 0.521105463071962,
      "answer_6": 0.6034830138549233
    },
    "query_5": {
      "answer_1": 0.5276221304189992,
      "answer_2": 0.48225312457122377,
      "answer_3": 0.4468854002448086,
      "answer_4": 0.5107317076234883,
      "answer_5": 0.8799882309417445,
      "answer_6": 0.5123990193077688
    },
    "query_6": {
      "answer_1": 0.5221466751204721,
      "answer_2": 0.5905223769290154,
      "answer_3": 0.5095303804009897,
      "answer_4": 0.6073208234194878,
      "answer_5": 0.5400428656855468,
      "answer_6": 0.8535750299890871
    }
  }
}