{
  "entity": "Napoleon Bonaparte",
  "cosine_similarities": {
    "query_1": {
      "answer_1": 0.6917453098788864,
      "answer_2": 0.5301146673403709,
      "answer_3": 0.5309199887742941,
      "answer_4": 0.4579260961999354,
      "answer_5": 0.5245776841521715,
      "answer_6": 0.4934581056960638
    },
    "query_2": {
      "answer_1": 0.5653762404655631,
      "answer_2": 0.8722350476521233,
      "answer_3": 0.6532369085109748,
      "answer_4": 0.5185664671576456,
      "answer_5": 0.4687213296772616,
      "answer_6": 0.6102969036543523
    },
    "query_3": {
      "answer_1": 0.5215745600614752,
      "answer_2": 0.5668274839133589,
      "answer_3": 0.8079298500511382,
      "answer_4": 0.5176638419855684,
      "answer_5": 0.42809026732218514,
      "answer_6": 0.5166268950144062
    },
    "query_4": {
      "answer_1": 0.4948774921159125,
      "answer_2": 0.49739984257749686,
      "answer_3": 0.5268736142620124,
      "answer_4": 0.7843254109201859,
      "answer_5": 0.49693799562660906,
      "answer_6": 0.6216889927142124
    },
    "query_5": {
      "answer_1": 0.4472485797175253,
      "answer_2": 0.44611172654079534,
      "answer_3": 0.42874608290930977,
      "answer_4": 0.4591716329171022,
      "answer_5": 0.826291993243118,
      "answer_6": 0.4732002851874324
    },
    "query_6": {
      "answer_1": 0.5150271979260114,
      "answer_2": 0.5925665022141824,
      "answer_3": 0.5055329191056005,
      "answer_4": 0.5781600539479808,
      "answer_5": 0.4941794098774732,
      "answer_6": 0.8273466329642533
    }
  }
}