{
  "entity": "Napoleon Bonaparte",
  "cosine_similarities": {
    "query_1": {
      "answer_1": 0.8299793777566179,
      "answer_2": 0.5267328128712873,
      "answer_3": 0.5448858705100419,
      "answer_4": 0.45879376181960646,
      "answer_5": 0.4784858280889319,
      "answer_6": 0.47921034271442997
    },
    "query_2": {
      "answer_1": 0.5819837443317988,
      "answer_2": 0.8876736350730648,
      "answer_3": 0.6076558736053834,
      "answer_4": 0.5659795193642969,
      "answer_5": 0.47243819988917635,
      "answer_6": 0.6429334927741643
    },
    "query_3": {
      "answer_1": 0.5179946912322224,
      "answer_2": 0.5084638746818827,
      "answer_3": 0.7809999948184213,
      "answer_4": 0.5832735119544494,
      "answer_5": 0.3932662716236264,
      "answer_6": 0.4668763998432114
    },
    "query_4": {
      "answer_1": 0.48701113412652436,
      "answer_2": 0.5195017311004898,
      "answer_3": 0.5991640834827372,
      "answer_4": 0.7923597212894354,
      "answer_5": 0.49324066657336374,
      "answer_6": 0.6290170062607229
    },
    "query_5": {
      "answer_1": 0.484545227257339,
      "answer_2": 0.4708480415690785,
      "answer_3": 0.47674682646294364,
      "answer_4": 0.4872292830113087,
      "answer_5": 0.8675436183245706,
      "answer_6": 0.5077877056252665
    },
    "query_6": {
      "answer_1": 0.5017271437709984,
      "answer_2": 0.6147597248159801,
      "answer_3": 0.546339095898622,
      "answer_4": 0.636456178438735,
      "answer_5": 0.49451992196822336,
      "answer_6": 0.8705518255413568
    }
  }
}