{
  "entity": "Napoleon Bonaparte",
  "cosine_similarities": {
    "query_1": {
      "answer_1": 0.8121705021208403,
      "answer_2": 0.5483530842132611,
      "answer_3": 0.5521340750065985,
      "answer_4": 0.4610425891102384,
      "answer_5": 0.5423590307765532,
      "answer_6": 0.49202567380098733
    },
    "query_2": {
      "answer_1": 0.5550665056371155,
      "answer_2": 0.8701322112392353,
      "answer_3": 0.6265932608164649,
      "answer_4": 0.502344261476132,
      "answer_5": 0.4900463147473721,
      "answer_6": 0.6461249872639359
    },
    "query_3": {
      "answer_1": 0.5758722483723009,
      "answer_2": 0.5788438847861362,
      "answer_3": 0.8414159903990858,
      "answer_4": 0.5519013714521497,
      "answer_5": 0.46774628794558565,
      "answer_6": 0.5446628979937596
    },
    "query_4": {
      "answer_1": 0.4988446545538837,
      "answer_2": 0.5024996826402244,
      "answer_3": 0.5637548418752427,
      "answer_4": 0.8079387991746914,
      "answer_5": 0.4848973579787711,
      "answer_6": 0.6176690424260468
    },
    "query_5": {
      "answer_1": 0.4876588160130848,
      "answer_2": 0.46990997628644254,
      "answer_3": 0.4392781595905086,
      "answer_4": 0.47889844941548626,
      "answer_5": 0.8617197863179251,
      "answer_6": 0.4871659048219888
    },
    "query_6": {
      "answer_1": 0.49553103206386023,
      "answer_2": 0.6371609469612394,
      "answer_3": 0.563063053740234,
      "answer_4": 0.6066312422804419,
      "answer_5": 0.5110138280504682,
      "answer_6": 0.866867772184688
    }
  }
}