{
  "entity": "Napoleon Bonaparte",
  "cosine_similarities": {
    "query_1": {
      "answer_1": 0.7152158632560781,
      "answer_2": 0.5302956785267885,
      "answer_3": 0.5524012058323249,
      "answer_4": 0.4754394464327781,
      "answer_5": 0.5509623952580911,
      "answer_6": 0.39262875472924763
    },
    "query_2": {
      "answer_1": 0.5506464781005904,
      "answer_2": 0.8899279833234858,
      "answer_3": 0.5940314835375842,
      "answer_4": 0.5460244484506411,
      "answer_5": 0.5751710245876129,
      "answer_6": 0.4328566421626603
    },
    "query_3": {
      "answer_1": 0.5196040515771124,
      "answer_2": 0.5692095002658738,
      "answer_3": 0.7872227660017257,
      "answer_4": 0.6659850070997156,
      "answer_5": 0.4743501730799312,
      "answer_6": 0.4016145479454713
    },
    "query_4": {
      "answer_1": 0.5364234435322537,
      "answer_2": 0.5531832531977422,
      "answer_3": 0.7122581852902878,
      "answer_4": 0.793475306911692,
      "answer_5": 0.5579594173880819,
      "answer_6": 0.48917149748073224
    },
    "query_5": {
      "answer_1": 0.5145696501172243,
      "answer_2": 0.5640577967259978,
      "answer_3": 0.5002367985481369,
      "answer_4": 0.4996118169509237,
      "answer_5": 0.8770295366868691,
      "answer_6": 0.4036534507415378
    },
    "query_6": {
      "answer_1": 0.43790450649804313,
      "answer_2": 0.45598512303393185,
      "answer_3": 0.4174607234865983,
      "answer_4": 0.46735540741293946,
      "answer_5": 0.4834547890916584,
      "answer_6": 0.8516057569698154
    }
  }
}