{
  "entity": "Napoleon Bonaparte",
  "cosine_similarities": {
    "query_1": {
      "answer_1": 0.7728461081636552,
      "answer_2": 0.5473495201937537,
      "answer_3": 0.5537939819086443,
      "answer_4": 0.482840332186215,
      "answer_5": 0.5204488258220893,
      "answer_6": 0.4757972499933726
    },
    "query_2": {
      "answer_1": 0.569419246622141,
      "answer_2": 0.886407632292613,
      "answer_3": 0.6476247443123752,
      "answer_4": 0.5323749888861575,
      "answer_5": 0.47715460559472744,
      "answer_6": 0.62424696563873
    },
    "query_3": {
      "answer_1": 0.5349019493302306,
      "answer_2": 0.5711718465378121,
      "answer_3": 0.8194105439375516,
      "answer_4": 0.5029294958840921,
      "answer_5": 0.425145050975868,
      "answer_6": 0.4979151972097808
    },
    "query_4": {
      "answer_1": 0.48704728546260306,
      "answer_2": 0.4916070734082058,
      "answer_3": 0.5874420165565742,
      "answer_4": 0.8401556281299527,
      "answer_5": 0.49656828638040473,
      "answer_6": 0.6143990782472468
    },
    "query_5": {
      "answer_1": 0.47188669154561586,
      "answer_2": 0.4447718402918653,
      "answer_3": 0.44081243105030465,
      "answer_4": 0.49075514277995813,
      "answer_5": 0.8529320433886091,
      "answer_6": 0.4869467397545173
    },
    "query_6": {
      "answer_1": 0.487435593517005,
      "answer_2": 0.585621999618094,
      "answer_3": 0.5328999469417623,
      "answer_4": 0.6257449048531923,
      "answer_5": 0.5034961073584843,
      "answer_6": 0.874010011686516
    }
  }
}