{
  "entity": "Napoleon Bonaparte",
  "cosine_similarities": {
    "query_1": {
      "answer_1": 0.7903968040307713,
      "answer_2": 0.534447001844506,
      "answer_3": 0.5378833697766271,
      "answer_4": 0.46637972353957313,
      "answer_5": 0.5570255547460073,
      "answer_6": 0.5096293310459039
    },
    "query_2": {
      "answer_1": 0.5920942633755111,
      "answer_2": 0.8717135343254299,
      "answer_3": 0.6138503294456135,
      "answer_4": 0.5137779701999592,
      "answer_5": 0.5197032327205889,
      "answer_6": 0.6250849295586117
    },
    "query_3": {
      "answer_1": 0.5489841883858211,
      "answer_2": 0.5726161721102668,
      "answer_3": 0.8216102904062598,
      "answer_4": 0.5156758321726851,
      "answer_5": 0.4617318129452433,
      "answer_6": 0.5388303921679373
    },
    "query_4": {
      "answer_1": 0.49980763027459313,
      "answer_2": 0.5048197232045082,
      "answer_3": 0.5678992954359535,
      "answer_4": 0.8117797078470709,
      "answer_5": 0.5028516206488173,
      "answer_6": 0.6430134358120073
    },
    "query_5": {
      "answer_1": 0.48972452775174086,
      "answer_2": 0.45342471237269943,
      "answer_3": 0.45358677986791596,
      "answer_4": 0.4790420109949088,
      "answer_5": 0.863442970585144,
      "answer_6": 0.5148688996210662
    },
    "query_6": {
      "answer_1": 0.4986019382947781,
      "answer_2": 0.5715746741802971,
      "answer_3": 0.5215777688392348,
      "answer_4": 0.6223974527079589,
      "answer_5": 0.5373387298794452,
      "answer_6": 0.8597408480100668
    }
  }
}