{
  "entity": "Napoleon Bonaparte",
  "cosine_similarities": {
    "query_1": {
      "answer_1": 0.7253196146527219,
      "answer_2": 0.5400997191350397,
      "answer_3": 0.5087966060274532,
      "answer_4": 0.45566351715159636,
      "answer_5": 0.537037680045435,
      "answer_6": 0.4719913010212788
    },
    "query_2": {
      "answer_1": 0.5496744444985401,
      "answer_2": 0.8820738701646225,
      "answer_3": 0.6046192329865816,
      "answer_4": 0.5188422837983685,
      "answer_5": 0.5339478765829602,
      "answer_6": 0.5700089683356208
    },
    "query_3": {
      "answer_1": 0.5650914986899453,
      "answer_2": 0.5789823014452528,
      "answer_3": 0.823916795858701,
      "answer_4": 0.49979231755882464,
      "answer_5": 0.46152057918300554,
      "answer_6": 0.5150721153982039
    },
    "query_4": {
      "answer_1": 0.4975490984320216,
      "answer_2": 0.5031229844909212,
      "answer_3": 0.4917838694916459,
      "answer_4": 0.809744497350707,
      "answer_5": 0.5106789442236735,
      "answer_6": 0.63460018886594
    },
    "query_5": {
      "answer_1": 0.5197837725912906,
      "answer_2": 0.5384638961419406,
      "answer_3": 0.4612170560661949,
      "answer_4": 0.5157607358408319,
      "answer_5": 0.8223176193673228,
      "answer_6": 0.5214436753450538
    },
    "query_6": {
      "answer_1": 0.4937703506265829,
      "answer_2": 0.6002968232183228,
      "answer_3": 0.4669701996937733,
      "answer_4": 0.6395054336309568,
      "answer_5": 0.517702607906858,
      "answer_6": 0.7854070044385821
    }
  }
}