{
  "entity": "Napoleon Bonaparte",
  "cosine_similarities": {
    "query_1": {
      "answer_1": 0.8726851621689365,
      "answer_2": 0.5479654105362877,
      "answer_3": 0.5246419854412031,
      "answer_4": 0.4852825183240083,
      "answer_5": 0.5227322268403269,
      "answer_6": 0.45949942860171
    },
    "query_2": {
      "answer_1": 0.6090463709733774,
      "answer_2": 0.8829631827987569,
      "answer_3": 0.5859289915106277,
      "answer_4": 0.4864023725545865,
      "answer_5": 0.5297119344563337,
      "answer_6": 0.5442429941380805
    },
    "query_3": {
      "answer_1": 0.5470839503761903,
      "answer_2": 0.5322887544002202,
      "answer_3": 0.8704761085437949,
      "answer_4": 0.5063302717436449,
      "answer_5": 0.4627321754662151,
      "answer_6": 0.41603860908888723
    },
    "query_4": {
      "answer_1": 0.486068505038803,
      "answer_2": 0.45531714275742696,
      "answer_3": 0.5219761741635165,
      "answer_4": 0.8768574246370443,
      "answer_5": 0.4904673042526765,
      "answer_6": 0.5192613813031798
    },
    "query_5": {
      "answer_1": 0.5127226843063877,
      "answer_2": 0.4998150577915978,
      "answer_3": 0.4626169192332396,
      "answer_4": 0.47453026615385163,
      "answer_5": 0.8411537095701129,
      "answer_6": 0.42274985407178756
    },
    "query_6": {
      "answer_1": 0.5343219558205331,
      "answer_2": 0.595312703181959,
      "answer_3": 0.4667010817079077,
      "answer_4": 0.561995949556911,
      "answer_5": 0.5062720361160056,
      "answer_6": 0.8620044736800291
    }
  }
}