{
  "entity": "Napoleon Bonaparte",
  "cosine_similarities": {
    "query_1": {
      "answer_1": 0.861600481355583,
      "answer_2": 0.5527086373812033,
      "answer_3": 0.5744857407682626,
      "answer_4": 0.4986577735169054,
      "answer_5": 0.5852395988471528,
      "answer_6": 0.5082905292073706
    },
    "query_2": {
      "answer_1": 0.598835268909927,
      "answer_2": 0.8855124299073032,
      "answer_3": 0.6591587441970476,
      "answer_4": 0.5317600856359722,
      "answer_5": 0.5170253451059977,
      "answer_6": 0.6027249755721894
    },
    "query_3": {
      "answer_1": 0.5482231460960902,
      "answer_2": 0.5936780606178746,
      "answer_3": 0.8035287519341415,
      "answer_4": 0.5360377652785057,
      "answer_5": 0.4889586182872107,
      "answer_6": 0.521170679974483
    },
    "query_4": {
      "answer_1": 0.5280950020532529,
      "answer_2": 0.47555703778006403,
      "answer_3": 0.5700293547071835,
      "answer_4": 0.8247218198527153,
      "answer_5": 0.5269313591253395,
      "answer_6": 0.5442247838497313
    },
    "query_5": {
      "answer_1": 0.6035029489000641,
      "answer_2": 0.5146192663578605,
      "answer_3": 0.5152256487521962,
      "answer_4": 0.492177711001548,
      "answer_5": 0.8750560177127265,
      "answer_6": 0.5022103565142524
    },
    "query_6": {
      "answer_1": 0.5170875861773819,
      "answer_2": 0.6221664345028634,
      "answer_3": 0.5375177328305821,
      "answer_4": 0.5295760522723422,
      "answer_5": 0.5229895421203697,
      "answer_6": 0.8524665963968647
    }
  }
}