{
  "entity": "Napoleon Bonaparte",
  "cosine_similarities": {
    "query_1": {
      "answer_1": 0.8849705946148965,
      "answer_2": 0.5321768723951439,
      "answer_3": 0.5498836271170954,
      "answer_4": 0.4585792034816581,
      "answer_5": 0.5614080472094178,
      "answer_6": 0.4582942390973297
    },
    "query_2": {
      "answer_1": 0.5823581407846739,
      "answer_2": 0.8905323590233788,
      "answer_3": 0.6328056645740898,
      "answer_4": 0.5283044194973099,
      "answer_5": 0.5380891735390716,
      "answer_6": 0.5922907168081178
    },
    "query_3": {
      "answer_1": 0.5671142141054409,
      "answer_2": 0.5692392349324285,
      "answer_3": 0.8271074260739588,
      "answer_4": 0.5255775333517297,
      "answer_5": 0.456660851677014,
      "answer_6": 0.48788584691794507
    },
    "query_4": {
      "answer_1": 0.48998393190361245,
      "answer_2": 0.5123425681030871,
      "answer_3": 0.5711910742920024,
      "answer_4": 0.808911039814569,
      "answer_5": 0.5061513431643397,
      "answer_6": 0.6347739828946178
    },
    "query_5": {
      "answer_1": 0.5992764137769615,
      "answer_2": 0.5603775837339124,
      "answer_3": 0.5342709484754453,
      "answer_4": 0.5350398638805975,
      "answer_5": 0.8821235807773653,
      "answer_6": 0.5355271875126457
    },
    "query_6": {
      "answer_1": 0.48128419381611376,
      "answer_2": 0.5738126915569707,
      "answer_3": 0.5005076075696281,
      "answer_4": 0.646752547970889,
      "answer_5": 0.4961220878492271,
      "answer_6": 0.8509364385231847
    }
  }
}