{
  "entity": "Napoleon Bonaparte",
  "cosine_similarities": {
    "query_1": {
      "answer_1": 0.737540755991405,
      "answer_2": 0.5394535522171352,
      "answer_3": 0.5413028097571835,
      "answer_4": 0.4645912835690028,
      "answer_5": 0.5291014721534075,
      "answer_6": 0.5133296620064135
    },
    "query_2": {
      "answer_1": 0.5613750363969628,
      "answer_2": 0.8862855304467534,
      "answer_3": 0.6211227052944781,
      "answer_4": 0.5064401225950406,
      "answer_5": 0.4834295136765883,
      "answer_6": 0.6233484735176261
    },
    "query_3": {
      "answer_1": 0.5396652164543048,
      "answer_2": 0.5625731072844684,
      "answer_3": 0.816089129869738,
      "answer_4": 0.5218659268804692,
      "answer_5": 0.43621640131645345,
      "answer_6": 0.49412101283246046
    },
    "query_4": {
      "answer_1": 0.5118296078063347,
      "answer_2": 0.510177110662105,
      "answer_3": 0.5540239744772117,
      "answer_4": 0.8017483584228245,
      "answer_5": 0.5157403592416707,
      "answer_6": 0.6339616548495756
    },
    "query_5": {
      "answer_1": 0.4719872000301572,
      "answer_2": 0.450962451389328,
      "answer_3": 0.4187221279556289,
      "answer_4": 0.4782524031139672,
      "answer_5": 0.8562228536823099,
      "answer_6": 0.5298877426772848
    },
    "query_6": {
      "answer_1": 0.4890459841872055,
      "answer_2": 0.5784772793066613,
      "answer_3": 0.49757985188002385,
      "answer_4": 0.6044047836688554,
      "answer_5": 0.5334772011962033,
      "answer_6": 0.8543981628205768
    }
  }
}