{
  "entity": "George Washington",
  "cosine_similarities": {
    "query_1": {
      "answer_1": 0.6413817221788403,
      "answer_2": 0.4604277814501604,
      "answer_3": 0.4950202229835572,
      "answer_4": 0.49085673311788447,
      "answer_5": 0.555959328486527,
      "answer_6": 0.43407495360069887
    },
    "query_2": {
      "answer_1": 0.5452547703958226,
      "answer_2": 0.7545324072995109,
      "answer_3": 0.4623908287284017,
      "answer_4": 0.5065104741070212,
      "answer_5": 0.5236887823458821,
      "answer_6": 0.4394241950385197
    },
    "query_3": {
      "answer_1": 0.5245441772201771,
      "answer_2": 0.3504114169265319,
      "answer_3": 0.6547973398468331,
      "answer_4": 0.39394258595094833,
      "answer_5": 0.4386605385963768,
      "answer_6": 0.3992308547396138
    },
    "query_4": {
      "answer_1": 0.5112667156773547,
      "answer_2": 0.4616790064211876,
      "answer_3": 0.42846478683874106,
      "answer_4": 0.6803796503089143,
      "answer_5": 0.49745606675938603,
      "answer_6": 0.40284879685483055
    },
    "query_5": {
      "answer_1": 0.5993695343044408,
      "answer_2": 0.4597075544732655,
      "answer_3": 0.49806526804025314,
      "answer_4": 0.4867139197945223,
      "answer_5": 0.7051249724719,
      "answer_6": 0.4396470829776922
    },
    "query_6": {
      "answer_1": 0.5910015350161688,
      "answer_2": 0.5184832943352986,
      "answer_3": 0.5790994062258862,
      "answer_4": 0.5016613715919968,
      "answer_5": 0.55016425493698,
      "answer_6": 0.7196857668844577
    }
  }
}