{
  "entity": "George Washington",
  "cosine_similarities": {
    "query_1": {
      "answer_1": 0.6465036838568352,
      "answer_2": 0.49911250077425556,
      "answer_3": 0.5274193883852248,
      "answer_4": 0.546040998299716,
      "answer_5": 0.6075918188717644,
      "answer_6": 0.4565785224230596
    },
    "query_2": {
      "answer_1": 0.6212571578074969,
      "answer_2": 0.7527611430648488,
      "answer_3": 0.6148009152808179,
      "answer_4": 0.49546341625917323,
      "answer_5": 0.5964807548479605,
      "answer_6": 0.5608857021120266
    },
    "query_3": {
      "answer_1": 0.6078799104497197,
      "answer_2": 0.5509938354524412,
      "answer_3": 0.730548552387114,
      "answer_4": 0.5004623718407702,
      "answer_5": 0.4948745225499938,
      "answer_6": 0.38054435142129706
    },
    "query_4": {
      "answer_1": 0.5769818682745047,
      "answer_2": 0.45371175979224443,
      "answer_3": 0.48534941469836107,
      "answer_4": 0.7722262157632267,
      "answer_5": 0.5478631175868697,
      "answer_6": 0.5227831315413167
    },
    "query_5": {
      "answer_1": 0.6755488577443528,
      "answer_2": 0.5173439442197488,
      "answer_3": 0.5773560821174133,
      "answer_4": 0.5342377079448354,
      "answer_5": 0.8146120099058417,
      "answer_6": 0.4705974023719558
    },
    "query_6": {
      "answer_1": 0.5427421311296762,
      "answer_2": 0.4676653157770827,
      "answer_3": 0.4065443984679797,
      "answer_4": 0.4919935238218281,
      "answer_5": 0.5715233162945038,
      "answer_6": 0.8566952282300276
    }
  }
}