{
  "entity": "George Washington",
  "cosine_similarities": {
    "query_1": {
      "answer_1": 0.6796880208907204,
      "answer_2": 0.5911641778085617,
      "answer_3": 0.5677398892423867,
      "answer_4": 0.4967236289343848,
      "answer_5": 0.5934757502029715,
      "answer_6": 0.5618689616509381
    },
    "query_2": {
      "answer_1": 0.5143396956875367,
      "answer_2": 0.6181262325981677,
      "answer_3": 0.45075616724036316,
      "answer_4": 0.38488249910854244,
      "answer_5": 0.48811110399155466,
      "answer_6": 0.46486249763816734
    },
    "query_3": {
      "answer_1": 0.4794509484443143,
      "answer_2": 0.34563534680745184,
      "answer_3": 0.5961995538578203,
      "answer_4": 0.3029306952910868,
      "answer_5": 0.4012956560206959,
      "answer_6": 0.4140535085774116
    },
    "query_4": {
      "answer_1": 0.5561808876057838,
      "answer_2": 0.5345494711719877,
      "answer_3": 0.5611087954362401,
      "answer_4": 0.6434393066008244,
      "answer_5": 0.5243373001235481,
      "answer_6": 0.556161026033903
    },
    "query_5": {
      "answer_1": 0.5794802788279849,
      "answer_2": 0.4914531862210528,
      "answer_3": 0.5569325340489829,
      "answer_4": 0.4231096266561223,
      "answer_5": 0.6995610391950094,
      "answer_6": 0.517492061285396
    },
    "query_6": {
      "answer_1": 0.6163550773357314,
      "answer_2": 0.5582090223596055,
      "answer_3": 0.5961624370411084,
      "answer_4": 0.48411248226799186,
      "answer_5": 0.5322110065878807,
      "answer_6": 0.7472081952616295
    }
  }
}