{
  "entity": "George Washington",
  "cosine_similarities": {
    "query_1": {
      "answer_1": 0.6497179597048003,
      "answer_2": 0.5002716769477625,
      "answer_3": 0.5355117632866838,
      "answer_4": 0.5618654739026371,
      "answer_5": 0.6274949066331283,
      "answer_6": 0.45177555962091376
    },
    "query_2": {
      "answer_1": 0.6275817089478936,
      "answer_2": 0.7703613100260618,
      "answer_3": 0.6399025922564286,
      "answer_4": 0.5522346149144453,
      "answer_5": 0.5834787437853959,
      "answer_6": 0.5302611517411322
    },
    "query_3": {
      "answer_1": 0.6525952813538343,
      "answer_2": 0.5149321941634499,
      "answer_3": 0.7115600049399718,
      "answer_4": 0.5366443900473439,
      "answer_5": 0.5566243145181163,
      "answer_6": 0.3627586908898901
    },
    "query_4": {
      "answer_1": 0.5717376427084769,
      "answer_2": 0.46321505134226443,
      "answer_3": 0.4922945687483408,
      "answer_4": 0.7569345358382757,
      "answer_5": 0.6106604377000264,
      "answer_6": 0.515963550376852
    },
    "query_5": {
      "answer_1": 0.6461281125165466,
      "answer_2": 0.48919941124740934,
      "answer_3": 0.5369246122046407,
      "answer_4": 0.5613628326682667,
      "answer_5": 0.7965969029172082,
      "answer_6": 0.45039625734751126
    },
    "query_6": {
      "answer_1": 0.5498554536680359,
      "answer_2": 0.47447110777855583,
      "answer_3": 0.4171084910516618,
      "answer_4": 0.5410103001891626,
      "answer_5": 0.5553204649645374,
      "answer_6": 0.850007334255082
    }
  }
}