{
  "entity": "Jeanne d'Arc",
  "cosine_similarities": {
    "query_1": {
      "answer_1": 0.9113161200330079,
      "answer_2": 0.873884780606726,
      "answer_3": 0.8851794569485831,
      "answer_4": 0.8986929866649386,
      "answer_5": 0.9145939983312812,
      "answer_6": 0.9006085285002707
    },
    "query_2": {
      "answer_1": 0.8806941360028026,
      "answer_2": 0.9312003066022996,
      "answer_3": 0.8740803267118377,
      "answer_4": 0.8890346170712238,
      "answer_5": 0.8853052935539515,
      "answer_6": 0.8749596293035135
    },
    "query_3": {
      "answer_1": 0.8915765335512214,
      "answer_2": 0.8484488189592891,
      "answer_3": 0.9533781884750157,
      "answer_4": 0.8628705742707655,
      "answer_5": 0.8601937926364336,
      "answer_6": 0.8610736896200514
    },
    "query_4": {
      "answer_1": 0.8986170694816187,
      "answer_2": 0.8876940377553161,
      "answer_3": 0.8847201159722304,
      "answer_4": 0.9384900149672172,
      "answer_5": 0.900402163293583,
      "answer_6": 0.8873229975116984
    },
    "query_5": {
      "answer_1": 0.9020139063265089,
      "answer_2": 0.8653995429374961,
      "answer_3": 0.8835956429127612,
      "answer_4": 0.890335325464291,
      "answer_5": 0.9327520221325584,
      "answer_6": 0.9236472394740218
    },
    "query_6": {
      "answer_1": 0.886059814545239,
      "answer_2": 0.8466296839489155,
      "answer_3": 0.8726282795481289,
      "answer_4": 0.8770149448763775,
      "answer_5": 0.9004547007646607,
      "answer_6": 0.928513279084523
    }
  }
}