{
  "entity": "Jeanne d'Arc",
  "cosine_similarities": {
    "query_1": {
      "answer_1": 0.9141497041305773,
      "answer_2": 0.8912607591872463,
      "answer_3": 0.8882006779487315,
      "answer_4": 0.8983836189979615,
      "answer_5": 0.9070479405847998,
      "answer_6": 0.9047768304585795
    },
    "query_2": {
      "answer_1": 0.8885382041364165,
      "answer_2": 0.9411510014896957,
      "answer_3": 0.8800337291757918,
      "answer_4": 0.8880587363777441,
      "answer_5": 0.8745512136970477,
      "answer_6": 0.8892108169859068
    },
    "query_3": {
      "answer_1": 0.8825711268964281,
      "answer_2": 0.8513033108344532,
      "answer_3": 0.9470589853939878,
      "answer_4": 0.8494444172019815,
      "answer_5": 0.8405576017755538,
      "answer_6": 0.8594177819813914
    },
    "query_4": {
      "answer_1": 0.9028957630604627,
      "answer_2": 0.8950876165475312,
      "answer_3": 0.8776949298446167,
      "answer_4": 0.9346842995460801,
      "answer_5": 0.8896101894887829,
      "answer_6": 0.9050902745898858
    },
    "query_5": {
      "answer_1": 0.9101963964785662,
      "answer_2": 0.8886947906929678,
      "answer_3": 0.8908737260021915,
      "answer_4": 0.8966091415578124,
      "answer_5": 0.9340767874788306,
      "answer_6": 0.910905486236127
    },
    "query_6": {
      "answer_1": 0.9059682336951047,
      "answer_2": 0.8932711353326014,
      "answer_3": 0.8891033961106226,
      "answer_4": 0.8926769381160279,
      "answer_5": 0.8920130163295703,
      "answer_6": 0.9286033175295995
    }
  }
}