{
  "entity": "Jeanne d'Arc",
  "cosine_similarities": {
    "query_1": {
      "answer_1": 0.9081779286057888,
      "answer_2": 0.8754197919654765,
      "answer_3": 0.8862369853639234,
      "answer_4": 0.8985212970638077,
      "answer_5": 0.9040381650884178,
      "answer_6": 0.8939036330725727
    },
    "query_2": {
      "answer_1": 0.8803009053317806,
      "answer_2": 0.9290281529476048,
      "answer_3": 0.8778541743216495,
      "answer_4": 0.876837145598573,
      "answer_5": 0.8767893967084797,
      "answer_6": 0.8801305559061242
    },
    "query_3": {
      "answer_1": 0.8879875217574683,
      "answer_2": 0.849587512686304,
      "answer_3": 0.9358229649568219,
      "answer_4": 0.867751120835162,
      "answer_5": 0.8640432441306828,
      "answer_6": 0.8620206053007515
    },
    "query_4": {
      "answer_1": 0.8772076202013126,
      "answer_2": 0.8786785370163517,
      "answer_3": 0.8731385680305719,
      "answer_4": 0.9190179088259737,
      "answer_5": 0.8780962331321309,
      "answer_6": 0.8839171655440676
    },
    "query_5": {
      "answer_1": 0.9082759635086183,
      "answer_2": 0.8692286591417384,
      "answer_3": 0.8921242098925777,
      "answer_4": 0.8877416811104633,
      "answer_5": 0.9317050096270029,
      "answer_6": 0.9023341188623464
    },
    "query_6": {
      "answer_1": 0.8927288846406344,
      "answer_2": 0.8793444815476984,
      "answer_3": 0.8765461854504701,
      "answer_4": 0.8978589722081167,
      "answer_5": 0.8954606435846112,
      "answer_6": 0.9353019354723956
    }
  }
}