{
  "entity": "Jeanne d'Arc",
  "cosine_similarities": {
    "query_1": {
      "answer_1": 0.9079082748810962,
      "answer_2": 0.8787622603784608,
      "answer_3": 0.8963671603456832,
      "answer_4": 0.8974538351477259,
      "answer_5": 0.896883194234491,
      "answer_6": 0.8808272255403221
    },
    "query_2": {
      "answer_1": 0.8828558740535507,
      "answer_2": 0.9336210104709297,
      "answer_3": 0.8934586655736899,
      "answer_4": 0.8795286978420042,
      "answer_5": 0.8876047531087611,
      "answer_6": 0.8637549739510624
    },
    "query_3": {
      "answer_1": 0.874469390597495,
      "answer_2": 0.8604453829265086,
      "answer_3": 0.922248560408352,
      "answer_4": 0.8722996557655575,
      "answer_5": 0.8816849705331058,
      "answer_6": 0.8554407636247578
    },
    "query_4": {
      "answer_1": 0.8940163493634626,
      "answer_2": 0.8687204380080028,
      "answer_3": 0.8868287825335579,
      "answer_4": 0.9081210043694402,
      "answer_5": 0.893199148857881,
      "answer_6": 0.8703541376502173
    },
    "query_5": {
      "answer_1": 0.9000516764114906,
      "answer_2": 0.8811136578295004,
      "answer_3": 0.8958857502002707,
      "answer_4": 0.903440296465736,
      "answer_5": 0.9391668993902844,
      "answer_6": 0.9049420696716821
    },
    "query_6": {
      "answer_1": 0.873128806829102,
      "answer_2": 0.8614601838441017,
      "answer_3": 0.8765323024100065,
      "answer_4": 0.8725379265899357,
      "answer_5": 0.8848950810888425,
      "answer_6": 0.9342249316295621
    }
  }
}