{
  "entity": "Jeanne d'Arc",
  "cosine_similarities": {
    "query_1": {
      "answer_1": 0.9080140560507042,
      "answer_2": 0.8808173566672924,
      "answer_3": 0.8948000692732989,
      "answer_4": 0.9027814548403524,
      "answer_5": 0.9105281909652816,
      "answer_6": 0.8803029331531828
    },
    "query_2": {
      "answer_1": 0.9009225133642845,
      "answer_2": 0.9360638406504955,
      "answer_3": 0.9065707904261493,
      "answer_4": 0.9028334085628164,
      "answer_5": 0.8989069705410169,
      "answer_6": 0.8855416170006226
    },
    "query_3": {
      "answer_1": 0.8903084382291975,
      "answer_2": 0.8866503184741338,
      "answer_3": 0.9186073052388922,
      "answer_4": 0.8986723671303061,
      "answer_5": 0.8897790884482398,
      "answer_6": 0.8751698795421072
    },
    "query_4": {
      "answer_1": 0.8810625384833787,
      "answer_2": 0.8699014074730582,
      "answer_3": 0.8928501728078362,
      "answer_4": 0.9185065699723051,
      "answer_5": 0.8854468729848295,
      "answer_6": 0.8581713694619504
    },
    "query_5": {
      "answer_1": 0.9106038895059682,
      "answer_2": 0.8928075842285661,
      "answer_3": 0.893057168288453,
      "answer_4": 0.8941627744477516,
      "answer_5": 0.9363937842012992,
      "answer_6": 0.9141322336389189
    },
    "query_6": {
      "answer_1": 0.8789465142604858,
      "answer_2": 0.8697049623922479,
      "answer_3": 0.8762010218844087,
      "answer_4": 0.8758862122816309,
      "answer_5": 0.8885042074109689,
      "answer_6": 0.9287757627155931
    }
  }
}