{
  "entity": "Jeanne d'Arc",
  "cosine_similarities": {
    "query_1": {
      "answer_1": 0.9090081384133297,
      "answer_2": 0.9152759649520003,
      "answer_3": 0.8923926597073655,
      "answer_4": 0.884236187710778,
      "answer_5": 0.9091225930495662,
      "answer_6": 0.8877482376059197
    },
    "query_2": {
      "answer_1": 0.892317428556258,
      "answer_2": 0.9128122721330048,
      "answer_3": 0.8990079071625452,
      "answer_4": 0.8991530571985303,
      "answer_5": 0.8865252914334645,
      "answer_6": 0.9072419581261777
    },
    "query_3": {
      "answer_1": 0.8811159412291403,
      "answer_2": 0.8934658679179586,
      "answer_3": 0.921772009238886,
      "answer_4": 0.8947531436416164,
      "answer_5": 0.8773502845966927,
      "answer_6": 0.8795529313409464
    },
    "query_4": {
      "answer_1": 0.8832111379435394,
      "answer_2": 0.8992503605395703,
      "answer_3": 0.9021435592436658,
      "answer_4": 0.9191998880816274,
      "answer_5": 0.8787625757381552,
      "answer_6": 0.8750882379312163
    },
    "query_5": {
      "answer_1": 0.8940403088732111,
      "answer_2": 0.8922259898961337,
      "answer_3": 0.8849245877578468,
      "answer_4": 0.8695165174311732,
      "answer_5": 0.9289876682985325,
      "answer_6": 0.8922340858230092
    },
    "query_6": {
      "answer_1": 0.8940220605654914,
      "answer_2": 0.8916270185057025,
      "answer_3": 0.886070891148355,
      "answer_4": 0.8765916805791548,
      "answer_5": 0.8895235040944098,
      "answer_6": 0.942080998640215
    }
  }
}