{
  "entity": "George Washington",
  "cosine_similarities": {
    "query_1": {
      "answer_1": 0.886523666108289,
      "answer_2": 0.8553556446255747,
      "answer_3": 0.8698414647248531,
      "answer_4": 0.8586648703671876,
      "answer_5": 0.8763476629219626,
      "answer_6": 0.8164569822695388
    },
    "query_2": {
      "answer_1": 0.8750618415288706,
      "answer_2": 0.8949454991656921,
      "answer_3": 0.8650592518037924,
      "answer_4": 0.8454868059533908,
      "answer_5": 0.8742768617667634,
      "answer_6": 0.8482362572550352
    },
    "query_3": {
      "answer_1": 0.8553988276990936,
      "answer_2": 0.8463645451101521,
      "answer_3": 0.8917701788941396,
      "answer_4": 0.8367184370646068,
      "answer_5": 0.8375563629789097,
      "answer_6": 0.7906087910271142
    },
    "query_4": {
      "answer_1": 0.8709458109244831,
      "answer_2": 0.8396508856387418,
      "answer_3": 0.8532799600206823,
      "answer_4": 0.9017876970084114,
      "answer_5": 0.8590975440447007,
      "answer_6": 0.8227246909392867
    },
    "query_5": {
      "answer_1": 0.8871181627685426,
      "answer_2": 0.8525631892632699,
      "answer_3": 0.8739332382475475,
      "answer_4": 0.8583065315515761,
      "answer_5": 0.9221926946369471,
      "answer_6": 0.8250167333536853
    },
    "query_6": {
      "answer_1": 0.8754196440631152,
      "answer_2": 0.8306083829229634,
      "answer_3": 0.8146768071645784,
      "answer_4": 0.8254413854916661,
      "answer_5": 0.8603874969477779,
      "answer_6": 0.9402827415950576
    }
  }
}