{
  "entity": "Jeanne d'Arc",
  "cosine_similarities": {
    "query_1": {
      "answer_1": 0.6757342222195394,
      "answer_2": 0.5542286097833736,
      "answer_3": 0.5820803573928123,
      "answer_4": 0.579770508838065,
      "answer_5": 0.6484062641185184,
      "answer_6": 0.6348282709093148
    },
    "query_2": {
      "answer_1": 0.6219050995219779,
      "answer_2": 0.8148788449171918,
      "answer_3": 0.6373520690753252,
      "answer_4": 0.5963503942587891,
      "answer_5": 0.5716006843742685,
      "answer_6": 0.5799341294022424
    },
    "query_3": {
      "answer_1": 0.5560587328357155,
      "answer_2": 0.5101086322485882,
      "answer_3": 0.7181015634291801,
      "answer_4": 0.49625879563964015,
      "answer_5": 0.48982535371523034,
      "answer_6": 0.49464394764915576
    },
    "query_4": {
      "answer_1": 0.5885698013304284,
      "answer_2": 0.5344660233783848,
      "answer_3": 0.5307448802779702,
      "answer_4": 0.7520956699281748,
      "answer_5": 0.5368638847940385,
      "answer_6": 0.6041365056027554
    },
    "query_5": {
      "answer_1": 0.7389667413232909,
      "answer_2": 0.6179153004554355,
      "answer_3": 0.647372668679579,
      "answer_4": 0.6228260559275157,
      "answer_5": 0.7970768424117872,
      "answer_6": 0.6523558114120995
    },
    "query_6": {
      "answer_1": 0.7248180011126876,
      "answer_2": 0.637413236219378,
      "answer_3": 0.6322657859710571,
      "answer_4": 0.7001522911392375,
      "answer_5": 0.6804550953573373,
      "answer_6": 0.8014531029534542
    }
  }
}