{
  "entity": "Jeanne d'Arc",
  "cosine_similarities": {
    "query_1": {
      "answer_1": 0.7351908165799214,
      "answer_2": 0.5950562765627812,
      "answer_3": 0.6205916852022264,
      "answer_4": 0.6169387025181406,
      "answer_5": 0.5782670101209769,
      "answer_6": 0.6947231133639475
    },
    "query_2": {
      "answer_1": 0.6978531881982981,
      "answer_2": 0.8150067814256625,
      "answer_3": 0.6418872015841929,
      "answer_4": 0.7036078871830375,
      "answer_5": 0.6189426555954809,
      "answer_6": 0.6835705626051201
    },
    "query_3": {
      "answer_1": 0.6485985716561817,
      "answer_2": 0.6295619070287164,
      "answer_3": 0.813159360727123,
      "answer_4": 0.5925170319791324,
      "answer_5": 0.524381258642954,
      "answer_6": 0.5581334822862247
    },
    "query_4": {
      "answer_1": 0.683514356523518,
      "answer_2": 0.6968523607591527,
      "answer_3": 0.6089989223936614,
      "answer_4": 0.7994555664843259,
      "answer_5": 0.6233326752286957,
      "answer_6": 0.6696286747216124
    },
    "query_5": {
      "answer_1": 0.6652799936806203,
      "answer_2": 0.6303882856020545,
      "answer_3": 0.5815257390118282,
      "answer_4": 0.5874561578368787,
      "answer_5": 0.8509661081566469,
      "answer_6": 0.5958639321783987
    },
    "query_6": {
      "answer_1": 0.7382348755097177,
      "answer_2": 0.6965018157122405,
      "answer_3": 0.656519352230356,
      "answer_4": 0.7295751312277178,
      "answer_5": 0.660488614484277,
      "answer_6": 0.8487515552637898
    }
  }
}