{
  "entity": "Jeanne d'Arc",
  "cosine_similarities": {
    "query_1": {
      "answer_1": 0.7274466925381803,
      "answer_2": 0.5380468057865101,
      "answer_3": 0.5879329671878689,
      "answer_4": 0.6354022996426225,
      "answer_5": 0.6855293002771339,
      "answer_6": 0.6410347367225325
    },
    "query_2": {
      "answer_1": 0.6519807562082601,
      "answer_2": 0.8488528604978802,
      "answer_3": 0.6622485625542391,
      "answer_4": 0.6042357772566328,
      "answer_5": 0.6115127106729923,
      "answer_6": 0.5763077229510732
    },
    "query_3": {
      "answer_1": 0.5974331364088176,
      "answer_2": 0.5272075943264761,
      "answer_3": 0.8014520183669057,
      "answer_4": 0.5385275792138735,
      "answer_5": 0.5518904694875989,
      "answer_6": 0.49532506362953677
    },
    "query_4": {
      "answer_1": 0.592004652163707,
      "answer_2": 0.5462160178360534,
      "answer_3": 0.5695242434580141,
      "answer_4": 0.7681044827506293,
      "answer_5": 0.5919073692533514,
      "answer_6": 0.6249173131025659
    },
    "query_5": {
      "answer_1": 0.7698925145634778,
      "answer_2": 0.5894454379471199,
      "answer_3": 0.6577685469218496,
      "answer_4": 0.6618175483170659,
      "answer_5": 0.8386483151637834,
      "answer_6": 0.6980358485404901
    },
    "query_6": {
      "answer_1": 0.7570908529618795,
      "answer_2": 0.6307584398260023,
      "answer_3": 0.6480041003334691,
      "answer_4": 0.7444630768900927,
      "answer_5": 0.762204918745603,
      "answer_6": 0.86122910635148
    }
  }
}