{
  "entity": "Jeanne d'Arc",
  "cosine_similarities": {
    "query_1": {
      "answer_1": 0.6575695710593388,
      "answer_2": 0.5163554797066391,
      "answer_3": 0.5750665340968573,
      "answer_4": 0.6144784541375221,
      "answer_5": 0.6138079503028678,
      "answer_6": 0.6341596504930467
    },
    "query_2": {
      "answer_1": 0.6130416042063149,
      "answer_2": 0.7586625286562377,
      "answer_3": 0.6548064338431195,
      "answer_4": 0.5876657574537619,
      "answer_5": 0.5577019269752604,
      "answer_6": 0.597935429279747
    },
    "query_3": {
      "answer_1": 0.5267326436595361,
      "answer_2": 0.4829244978266082,
      "answer_3": 0.6146105862628216,
      "answer_4": 0.49685732352861267,
      "answer_5": 0.48168933521649954,
      "answer_6": 0.4728698224541538
    },
    "query_4": {
      "answer_1": 0.5337613012417723,
      "answer_2": 0.45592144516688526,
      "answer_3": 0.4926501426737793,
      "answer_4": 0.6225114246996596,
      "answer_5": 0.49569757788692775,
      "answer_6": 0.5729156547259816
    },
    "query_5": {
      "answer_1": 0.708055807341653,
      "answer_2": 0.5986168635990308,
      "answer_3": 0.6487402138801776,
      "answer_4": 0.6591498993017396,
      "answer_5": 0.7598445927258205,
      "answer_6": 0.6306600228324546
    },
    "query_6": {
      "answer_1": 0.689979935174082,
      "answer_2": 0.5971674368069334,
      "answer_3": 0.6320304535791397,
      "answer_4": 0.714486576316656,
      "answer_5": 0.6403614867144761,
      "answer_6": 0.7717345021943979
    }
  }
}