{
  "entity": "Jeanne d'Arc",
  "cosine_similarities": {
    "query_1": {
      "answer_1": 0.6545644543374709,
      "answer_2": 0.5309515564127534,
      "answer_3": 0.6057502233054284,
      "answer_4": 0.6485704678396833,
      "answer_5": 0.6306761142010325,
      "answer_6": 0.564696906777314
    },
    "query_2": {
      "answer_1": 0.6792807821385858,
      "answer_2": 0.7992644726224707,
      "answer_3": 0.6412408085897608,
      "answer_4": 0.6360755496557231,
      "answer_5": 0.6441117046901194,
      "answer_6": 0.5466986080497375
    },
    "query_3": {
      "answer_1": 0.5674419248541716,
      "answer_2": 0.48097376318780505,
      "answer_3": 0.628431812578442,
      "answer_4": 0.5172145470967472,
      "answer_5": 0.5207549328734048,
      "answer_6": 0.4462293888551378
    },
    "query_4": {
      "answer_1": 0.6124640457618217,
      "answer_2": 0.5029764795933998,
      "answer_3": 0.544608454410383,
      "answer_4": 0.6308978268539445,
      "answer_5": 0.5765085436885575,
      "answer_6": 0.5540913185891393
    },
    "query_5": {
      "answer_1": 0.697367848639693,
      "answer_2": 0.5986799000655855,
      "answer_3": 0.6971728475708975,
      "answer_4": 0.7279778880798315,
      "answer_5": 0.7782030244998864,
      "answer_6": 0.6062380208701633
    },
    "query_6": {
      "answer_1": 0.7296130863822194,
      "answer_2": 0.6157813600483364,
      "answer_3": 0.6858435566591577,
      "answer_4": 0.7473212811981349,
      "answer_5": 0.7168489471306508,
      "answer_6": 0.742458593256093
    }
  }
}