{
  "entity": "Napoleon Bonaparte",
  "cosine_similarities": {
    "query_1": {
      "answer_1": 0.8451762804473162,
      "answer_2": 0.5632087017594628,
      "answer_3": 0.5479374466475428,
      "answer_4": 0.45805736683876946,
      "answer_5": 0.5633546762423397,
      "answer_6": 0.5151084631350995
    },
    "query_2": {
      "answer_1": 0.5749222887542068,
      "answer_2": 0.8711312695776513,
      "answer_3": 0.6026166052293176,
      "answer_4": 0.4674117417813524,
      "answer_5": 0.49987036011570024,
      "answer_6": 0.6085621947838021
    },
    "query_3": {
      "answer_1": 0.54312871129268,
      "answer_2": 0.580746441552471,
      "answer_3": 0.7816647376744742,
      "answer_4": 0.5192658528173121,
      "answer_5": 0.46684250352923234,
      "answer_6": 0.5351263380716634
    },
    "query_4": {
      "answer_1": 0.5244297541626023,
      "answer_2": 0.4991965430606178,
      "answer_3": 0.5226057472080835,
      "answer_4": 0.7811191025808115,
      "answer_5": 0.5005857526713197,
      "answer_6": 0.549164011617294
    },
    "query_5": {
      "answer_1": 0.5453573164475876,
      "answer_2": 0.5045459458372685,
      "answer_3": 0.4799069101094885,
      "answer_4": 0.42223839899324667,
      "answer_5": 0.8559339915218167,
      "answer_6": 0.5015208326524301
    },
    "query_6": {
      "answer_1": 0.5183521160170987,
      "answer_2": 0.6185927818407544,
      "answer_3": 0.5042978144325146,
      "answer_4": 0.4794581036748014,
      "answer_5": 0.5223585942226219,
      "answer_6": 0.8489903118473558
    }
  }
}