{
  "entity": "Napoleon Bonaparte",
  "cosine_similarities": {
    "query_1": {
      "answer_1": 0.7948246646589207,
      "answer_2": 0.6289949903378327,
      "answer_3": 0.560756012228952,
      "answer_4": 0.47961222737483544,
      "answer_5": 0.6058952240277945,
      "answer_6": 0.5636764708436625
    },
    "query_2": {
      "answer_1": 0.6569596266735723,
      "answer_2": 0.8830581554169564,
      "answer_3": 0.6141134883363502,
      "answer_4": 0.5364164189546696,
      "answer_5": 0.5776918222853774,
      "answer_6": 0.6331999357123387
    },
    "query_3": {
      "answer_1": 0.5739814370267903,
      "answer_2": 0.5671669330545168,
      "answer_3": 0.8183104552776983,
      "answer_4": 0.5443792230752964,
      "answer_5": 0.5223502136839316,
      "answer_6": 0.5092657900317765
    },
    "query_4": {
      "answer_1": 0.5284428936087925,
      "answer_2": 0.5191861409597842,
      "answer_3": 0.545935983844823,
      "answer_4": 0.8271028006256429,
      "answer_5": 0.5650970380516798,
      "answer_6": 0.6108096575018676
    },
    "query_5": {
      "answer_1": 0.5865465911167655,
      "answer_2": 0.5816615957858321,
      "answer_3": 0.5194509400574961,
      "answer_4": 0.5416474996083281,
      "answer_5": 0.8566230884735773,
      "answer_6": 0.5970448970731195
    },
    "query_6": {
      "answer_1": 0.5858127922904055,
      "answer_2": 0.63590402874412,
      "answer_3": 0.5141526467420326,
      "answer_4": 0.6038904310031423,
      "answer_5": 0.6034654226828681,
      "answer_6": 0.8849165480692753
    }
  }
}