{
  "entity": "Napoleon Bonaparte",
  "cosine_similarities": {
    "query_1": {
      "answer_1": 0.7199836153958039,
      "answer_2": 0.5324095260352262,
      "answer_3": 0.5003459728784619,
      "answer_4": 0.4643931536580089,
      "answer_5": 0.4860036277597493,
      "answer_6": 0.4650883171224092
    },
    "query_2": {
      "answer_1": 0.5615117443967327,
      "answer_2": 0.8644593008019378,
      "answer_3": 0.6074233389155473,
      "answer_4": 0.5445121931752737,
      "answer_5": 0.5435803084937182,
      "answer_6": 0.5925114440421434
    },
    "query_3": {
      "answer_1": 0.5546065716701293,
      "answer_2": 0.5727229222549092,
      "answer_3": 0.7980391963702954,
      "answer_4": 0.5278832324872172,
      "answer_5": 0.5095544077141229,
      "answer_6": 0.5040884299606028
    },
    "query_4": {
      "answer_1": 0.4975276933503221,
      "answer_2": 0.5004030280387334,
      "answer_3": 0.4969992760638675,
      "answer_4": 0.8080454697291689,
      "answer_5": 0.4948550750272439,
      "answer_6": 0.6146303264649167
    },
    "query_5": {
      "answer_1": 0.47786864294309644,
      "answer_2": 0.5520437964562539,
      "answer_3": 0.5084140960289487,
      "answer_4": 0.5100180941462397,
      "answer_5": 0.8810692564869538,
      "answer_6": 0.50833968655213
    },
    "query_6": {
      "answer_1": 0.4911889282431642,
      "answer_2": 0.6188580496573479,
      "answer_3": 0.49995395125049263,
      "answer_4": 0.6465964335662063,
      "answer_5": 0.515896986352944,
      "answer_6": 0.860034976454074
    }
  }
}