{
  "entity": "Napoleon Bonaparte",
  "cosine_similarities": {
    "query_1": {
      "answer_1": 0.8707910606271203,
      "answer_2": 0.5700903116166595,
      "answer_3": 0.5428943194320005,
      "answer_4": 0.48504221794262,
      "answer_5": 0.5451805209625009,
      "answer_6": 0.5204776767043936
    },
    "query_2": {
      "answer_1": 0.6230173393172185,
      "answer_2": 0.8791562081165144,
      "answer_3": 0.6401521338886691,
      "answer_4": 0.6206565068853342,
      "answer_5": 0.4872495348445152,
      "answer_6": 0.5703930833485729
    },
    "query_3": {
      "answer_1": 0.5160152571168911,
      "answer_2": 0.5347488571429285,
      "answer_3": 0.8093624706286978,
      "answer_4": 0.6016859326127041,
      "answer_5": 0.42483050428085184,
      "answer_6": 0.4960031205267265
    },
    "query_4": {
      "answer_1": 0.5267951227233894,
      "answer_2": 0.5846693589721773,
      "answer_3": 0.6332315840224424,
      "answer_4": 0.8414605268606401,
      "answer_5": 0.477856983273289,
      "answer_6": 0.6682870099647336
    },
    "query_5": {
      "answer_1": 0.5429858511879707,
      "answer_2": 0.5017780047716685,
      "answer_3": 0.47249519573852555,
      "answer_4": 0.5151831578914935,
      "answer_5": 0.8813381540360873,
      "answer_6": 0.5044415119587154
    },
    "query_6": {
      "answer_1": 0.5153445075888127,
      "answer_2": 0.5520886074661959,
      "answer_3": 0.5282452342124273,
      "answer_4": 0.6814467390524087,
      "answer_5": 0.5030271975779678,
      "answer_6": 0.866553649951757
    }
  }
}