{
  "entity": "Napoleon Bonaparte",
  "cosine_similarities": {
    "query_1": {
      "answer_1": 0.7581067675761314,
      "answer_2": 0.5399578442797035,
      "answer_3": 0.5532107775935806,
      "answer_4": 0.43329606390829134,
      "answer_5": 0.5533570640462805,
      "answer_6": 0.4382966604787539
    },
    "query_2": {
      "answer_1": 0.5930222072745711,
      "answer_2": 0.8802636346954222,
      "answer_3": 0.6374629565868579,
      "answer_4": 0.4731456247356816,
      "answer_5": 0.5350815533441182,
      "answer_6": 0.6240634899624089
    },
    "query_3": {
      "answer_1": 0.5541364117346373,
      "answer_2": 0.5558309560874484,
      "answer_3": 0.824123858104792,
      "answer_4": 0.45161378419391923,
      "answer_5": 0.47078153012759794,
      "answer_6": 0.4977850170038017
    },
    "query_4": {
      "answer_1": 0.4476076579836432,
      "answer_2": 0.47817319092367505,
      "answer_3": 0.529238346896557,
      "answer_4": 0.8695620240046632,
      "answer_5": 0.4724630710933782,
      "answer_6": 0.5840308705116433
    },
    "query_5": {
      "answer_1": 0.5064025853266159,
      "answer_2": 0.5100852655409049,
      "answer_3": 0.5047550503259967,
      "answer_4": 0.46044479013514233,
      "answer_5": 0.8673936930745598,
      "answer_6": 0.49977874835992514
    },
    "query_6": {
      "answer_1": 0.5100125023084949,
      "answer_2": 0.6210799120509691,
      "answer_3": 0.578065432492054,
      "answer_4": 0.6106671837680488,
      "answer_5": 0.5108191840176953,
      "answer_6": 0.8757345648201476
    }
  }
}