{
  "entity": "Napoleon Bonaparte",
  "cosine_similarities": {
    "query_1": {
      "answer_1": 0.8502399033880176,
      "answer_2": 0.5240981737557396,
      "answer_3": 0.5074771327982284,
      "answer_4": 0.435674996944653,
      "answer_5": 0.5554536768997828,
      "answer_6": 0.4507290277801635
    },
    "query_2": {
      "answer_1": 0.5749705509340168,
      "answer_2": 0.8776079277927428,
      "answer_3": 0.6436407178913246,
      "answer_4": 0.4944547331483394,
      "answer_5": 0.5241042330922644,
      "answer_6": 0.5554752247913294
    },
    "query_3": {
      "answer_1": 0.5704684206911809,
      "answer_2": 0.5675712762077846,
      "answer_3": 0.779647532795328,
      "answer_4": 0.5045421871213898,
      "answer_5": 0.4919843166327594,
      "answer_6": 0.48028810668976724
    },
    "query_4": {
      "answer_1": 0.49981738534537057,
      "answer_2": 0.4929801511028798,
      "answer_3": 0.5147971637626922,
      "answer_4": 0.784325730120368,
      "answer_5": 0.5050788203645442,
      "answer_6": 0.6189595396829041
    },
    "query_5": {
      "answer_1": 0.5358114580383093,
      "answer_2": 0.5404606072663383,
      "answer_3": 0.4701171721942791,
      "answer_4": 0.5086043107527131,
      "answer_5": 0.8034328094524925,
      "answer_6": 0.502655245620335
    },
    "query_6": {
      "answer_1": 0.4730941308444225,
      "answer_2": 0.5806053993266087,
      "answer_3": 0.4841551677365149,
      "answer_4": 0.6123239849010084,
      "answer_5": 0.4831937614513453,
      "answer_6": 0.7737404418841639
    }
  }
}