{
  "entity": "Napoleon Bonaparte",
  "cosine_similarities": {
    "query_1": {
      "answer_1": 0.7363480664798868,
      "answer_2": 0.5710091247334967,
      "answer_3": 0.5420000542601853,
      "answer_4": 0.43663946134521797,
      "answer_5": 0.5360869241188503,
      "answer_6": 0.46713142027883187
    },
    "query_2": {
      "answer_1": 0.566611503745835,
      "answer_2": 0.8741679832640359,
      "answer_3": 0.6660214609586066,
      "answer_4": 0.5636603289701738,
      "answer_5": 0.517256418436004,
      "answer_6": 0.6048524350879355
    },
    "query_3": {
      "answer_1": 0.5526700993137661,
      "answer_2": 0.600847748361182,
      "answer_3": 0.821326616157248,
      "answer_4": 0.5491446306864117,
      "answer_5": 0.4743227162413819,
      "answer_6": 0.5197582273086627
    },
    "query_4": {
      "answer_1": 0.4907609169983376,
      "answer_2": 0.504428571590966,
      "answer_3": 0.5450177092354125,
      "answer_4": 0.7942948190709574,
      "answer_5": 0.5273519024583997,
      "answer_6": 0.6282943180255595
    },
    "query_5": {
      "answer_1": 0.46383560767192883,
      "answer_2": 0.4712277698701076,
      "answer_3": 0.4475526655207316,
      "answer_4": 0.47720565605972665,
      "answer_5": 0.8463107410681592,
      "answer_6": 0.4801763641542368
    },
    "query_6": {
      "answer_1": 0.4819310294671528,
      "answer_2": 0.6180380020730377,
      "answer_3": 0.5500437603965822,
      "answer_4": 0.6557061742615462,
      "answer_5": 0.5232278536280321,
      "answer_6": 0.853248046006838
    }
  }
}