{
  "entity": "Napoleon Bonaparte",
  "cosine_similarities": {
    "query_1": {
      "answer_1": 0.877852811909711,
      "answer_2": 0.5355798849271766,
      "answer_3": 0.5485399231087512,
      "answer_4": 0.4860201173155466,
      "answer_5": 0.6036982761806498,
      "answer_6": 0.44828088904231433
    },
    "query_2": {
      "answer_1": 0.5747310552015777,
      "answer_2": 0.8757745591261363,
      "answer_3": 0.666227006563213,
      "answer_4": 0.5383091490606554,
      "answer_5": 0.5619202894809896,
      "answer_6": 0.5961813413047518
    },
    "query_3": {
      "answer_1": 0.5606155132291846,
      "answer_2": 0.5775975730853758,
      "answer_3": 0.8145374636140691,
      "answer_4": 0.5344376592938801,
      "answer_5": 0.46310886252128514,
      "answer_6": 0.5025302213781941
    },
    "query_4": {
      "answer_1": 0.4896106994622011,
      "answer_2": 0.5278760405819792,
      "answer_3": 0.573948430795099,
      "answer_4": 0.807868627372339,
      "answer_5": 0.5104701499326522,
      "answer_6": 0.6484918412842298
    },
    "query_5": {
      "answer_1": 0.6343027992902132,
      "answer_2": 0.5736250526247266,
      "answer_3": 0.534364602546365,
      "answer_4": 0.5692124676726512,
      "answer_5": 0.8962307370670558,
      "answer_6": 0.5490501686996624
    },
    "query_6": {
      "answer_1": 0.4671817784372593,
      "answer_2": 0.5855973608373846,
      "answer_3": 0.5160642867306413,
      "answer_4": 0.667636539125717,
      "answer_5": 0.527621354512707,
      "answer_6": 0.845890334506144
    }
  }
}