{
  "entity": "Napoleon Bonaparte",
  "cosine_similarities": {
    "query_1": {
      "answer_1": 0.7999932211281512,
      "answer_2": 0.5284543870783042,
      "answer_3": 0.5462724905014283,
      "answer_4": 0.4643444984728126,
      "answer_5": 0.555352835315076,
      "answer_6": 0.4843378675412866
    },
    "query_2": {
      "answer_1": 0.603181588928597,
      "answer_2": 0.8644250655511521,
      "answer_3": 0.6378295911450328,
      "answer_4": 0.5043431354450832,
      "answer_5": 0.5161380226465816,
      "answer_6": 0.6259222598770354
    },
    "query_3": {
      "answer_1": 0.5550168710797505,
      "answer_2": 0.5574629347647431,
      "answer_3": 0.824634645652137,
      "answer_4": 0.49066956629108044,
      "answer_5": 0.43648161805720126,
      "answer_6": 0.5086116229983509
    },
    "query_4": {
      "answer_1": 0.4963657164086866,
      "answer_2": 0.5013686731753781,
      "answer_3": 0.5868292537566998,
      "answer_4": 0.8063004194092399,
      "answer_5": 0.5013766738188759,
      "answer_6": 0.619311473441429
    },
    "query_5": {
      "answer_1": 0.5066635956481051,
      "answer_2": 0.4667981879907458,
      "answer_3": 0.46291131942079533,
      "answer_4": 0.47437197591621305,
      "answer_5": 0.8682061863237077,
      "answer_6": 0.4961126958857496
    },
    "query_6": {
      "answer_1": 0.508136405901079,
      "answer_2": 0.6092309718251444,
      "answer_3": 0.5649418811686013,
      "answer_4": 0.6120297363043947,
      "answer_5": 0.5374849788300724,
      "answer_6": 0.8750831166490735
    }
  }
}