{
  "entity": "Napoleon Bonaparte",
  "cosine_similarities": {
    "query_1": {
      "answer_1": 0.7922860715904003,
      "answer_2": 0.5196077713211151,
      "answer_3": 0.5462559789517766,
      "answer_4": 0.4280998054591354,
      "answer_5": 0.5049971874024302,
      "answer_6": 0.4578329384621576
    },
    "query_2": {
      "answer_1": 0.5662848971752312,
      "answer_2": 0.891363792760136,
      "answer_3": 0.6192790882806299,
      "answer_4": 0.4695704942939055,
      "answer_5": 0.5490993188691505,
      "answer_6": 0.6251708619792631
    },
    "query_3": {
      "answer_1": 0.514559785805282,
      "answer_2": 0.544472891043944,
      "answer_3": 0.8027549514147561,
      "answer_4": 0.44861481375261003,
      "answer_5": 0.4987215405404178,
      "answer_6": 0.49433611770388775
    },
    "query_4": {
      "answer_1": 0.43425311762597024,
      "answer_2": 0.4642250291775601,
      "answer_3": 0.508246093681681,
      "answer_4": 0.8783769434607952,
      "answer_5": 0.45160590853024213,
      "answer_6": 0.6011813690022377
    },
    "query_5": {
      "answer_1": 0.47696311367708,
      "answer_2": 0.5148353416643267,
      "answer_3": 0.5263196431165731,
      "answer_4": 0.43722097432260487,
      "answer_5": 0.8864116373863892,
      "answer_6": 0.5311160390726496
    },
    "query_6": {
      "answer_1": 0.4934577641559912,
      "answer_2": 0.6304560361215473,
      "answer_3": 0.5597240530096439,
      "answer_4": 0.5835400836917218,
      "answer_5": 0.5257563475077764,
      "answer_6": 0.8774836760578518
    }
  }
}