{
  "entity": "Napoleon Bonaparte",
  "cosine_similarities": {
    "query_1": {
      "answer_1": 0.7335656230327617,
      "answer_2": 0.6230546953967804,
      "answer_3": 0.5575418269036193,
      "answer_4": 0.4782340238212323,
      "answer_5": 0.6079469599381077,
      "answer_6": 0.5589154802604116
    },
    "query_2": {
      "answer_1": 0.5837240784511835,
      "answer_2": 0.8895605880937592,
      "answer_3": 0.6182698047878984,
      "answer_4": 0.5187422534952153,
      "answer_5": 0.577704661437716,
      "answer_6": 0.6384409302372844
    },
    "query_3": {
      "answer_1": 0.552456151859669,
      "answer_2": 0.5642404238160738,
      "answer_3": 0.7895646196601178,
      "answer_4": 0.5176076794877288,
      "answer_5": 0.5122205647726092,
      "answer_6": 0.5055793415032526
    },
    "query_4": {
      "answer_1": 0.4977797957376702,
      "answer_2": 0.5025710454346393,
      "answer_3": 0.5645354124216669,
      "answer_4": 0.8097668571924832,
      "answer_5": 0.5632646446343076,
      "answer_6": 0.5950124122559719
    },
    "query_5": {
      "answer_1": 0.5698123995122023,
      "answer_2": 0.5677542465506883,
      "answer_3": 0.5301198244875263,
      "answer_4": 0.5475874908831345,
      "answer_5": 0.8722885714087173,
      "answer_6": 0.5886067388541971
    },
    "query_6": {
      "answer_1": 0.5134730691380793,
      "answer_2": 0.6295402228756499,
      "answer_3": 0.520958673548086,
      "answer_4": 0.6032818312548975,
      "answer_5": 0.5989060994394375,
      "answer_6": 0.8883604031735238
    }
  }
}