{
  "entity": "Napoleon Bonaparte",
  "cosine_similarities": {
    "query_1": {
      "answer_1": 0.872856885810985,
      "answer_2": 0.5305882428462868,
      "answer_3": 0.5672698187052323,
      "answer_4": 0.46021626095748003,
      "answer_5": 0.5936265260187599,
      "answer_6": 0.4544762769676154
    },
    "query_2": {
      "answer_1": 0.5572245548876036,
      "answer_2": 0.8864298216508426,
      "answer_3": 0.6511702369579322,
      "answer_4": 0.5438767930951046,
      "answer_5": 0.5708975809813565,
      "answer_6": 0.5662832506302141
    },
    "query_3": {
      "answer_1": 0.5526991648716896,
      "answer_2": 0.5634225836625796,
      "answer_3": 0.811889680580346,
      "answer_4": 0.5322414447194732,
      "answer_5": 0.47348190256427164,
      "answer_6": 0.466484639176536
    },
    "query_4": {
      "answer_1": 0.49914361691491405,
      "answer_2": 0.5156608405459293,
      "answer_3": 0.5670091288298936,
      "answer_4": 0.8037330104769455,
      "answer_5": 0.531517854417584,
      "answer_6": 0.6340256525200156
    },
    "query_5": {
      "answer_1": 0.5979524611351124,
      "answer_2": 0.5690312167899453,
      "answer_3": 0.5124687078595087,
      "answer_4": 0.5392502645264073,
      "answer_5": 0.8916901275262759,
      "answer_6": 0.5248606686636007
    },
    "query_6": {
      "answer_1": 0.4816701092438482,
      "answer_2": 0.5686807550719645,
      "answer_3": 0.5332917110578514,
      "answer_4": 0.6533919933614863,
      "answer_5": 0.5311912822363973,
      "answer_6": 0.8729568917290395
    }
  }
}