{
  "entity": "Napoleon Bonaparte",
  "cosine_similarities": {
    "query_1": {
      "answer_1": 0.7133684074735362,
      "answer_2": 0.5293767383586706,
      "answer_3": 0.5499321992653975,
      "answer_4": 0.43256424069248156,
      "answer_5": 0.5660584891795319,
      "answer_6": 0.4729783090253526
    },
    "query_2": {
      "answer_1": 0.5650138468384068,
      "answer_2": 0.8937599421599727,
      "answer_3": 0.5915097779545218,
      "answer_4": 0.5717023954393625,
      "answer_5": 0.5814251044105077,
      "answer_6": 0.5713436623440118
    },
    "query_3": {
      "answer_1": 0.5290535210720247,
      "answer_2": 0.5372862498608051,
      "answer_3": 0.7909905244328174,
      "answer_4": 0.5642760955407657,
      "answer_5": 0.47679877197901777,
      "answer_6": 0.46000839339566546
    },
    "query_4": {
      "answer_1": 0.47425165716911927,
      "answer_2": 0.4826479189809453,
      "answer_3": 0.6433010262808457,
      "answer_4": 0.8472877595302257,
      "answer_5": 0.5436644380340305,
      "answer_6": 0.66281150331476
    },
    "query_5": {
      "answer_1": 0.5183549089597729,
      "answer_2": 0.5163626050893786,
      "answer_3": 0.5106011755122832,
      "answer_4": 0.5208910646346746,
      "answer_5": 0.8520182923808289,
      "answer_6": 0.502168212233501
    },
    "query_6": {
      "answer_1": 0.5342669761524643,
      "answer_2": 0.5877737943478679,
      "answer_3": 0.5640533524592684,
      "answer_4": 0.6747480526976125,
      "answer_5": 0.5471462453889285,
      "answer_6": 0.861383844884825
    }
  }
}