{
  "entity": "Napoleon Bonaparte",
  "cosine_similarities": {
    "query_1": {
      "answer_1": 0.8799387483095152,
      "answer_2": 0.5255470634300303,
      "answer_3": 0.5876825127321733,
      "answer_4": 0.4721055358275393,
      "answer_5": 0.511678885602039,
      "answer_6": 0.4681776904053113
    },
    "query_2": {
      "answer_1": 0.5911952765824113,
      "answer_2": 0.8876795386106098,
      "answer_3": 0.6494700827636029,
      "answer_4": 0.5345831139401922,
      "answer_5": 0.4972278735876371,
      "answer_6": 0.6371871449264008
    },
    "query_3": {
      "answer_1": 0.5689282191355276,
      "answer_2": 0.57185037225896,
      "answer_3": 0.7929981185067021,
      "answer_4": 0.5388377530596434,
      "answer_5": 0.4577783386572523,
      "answer_6": 0.511748537999291
    },
    "query_4": {
      "answer_1": 0.4949362304855878,
      "answer_2": 0.5156395816111426,
      "answer_3": 0.6196438979819838,
      "answer_4": 0.8147044435848623,
      "answer_5": 0.4870693539418395,
      "answer_6": 0.6361000325284814
    },
    "query_5": {
      "answer_1": 0.5094400194670439,
      "answer_2": 0.46712057937671597,
      "answer_3": 0.5029396482027233,
      "answer_4": 0.5057850534260125,
      "answer_5": 0.8675842273891103,
      "answer_6": 0.4813789506043691
    },
    "query_6": {
      "answer_1": 0.49608557114060126,
      "answer_2": 0.6171007182327268,
      "answer_3": 0.624096304545653,
      "answer_4": 0.694946445519749,
      "answer_5": 0.491213193869224,
      "answer_6": 0.8885288215021426
    }
  }
}