{
  "entity": "Napoleon Bonaparte",
  "cosine_similarities": {
    "query_1": {
      "answer_1": 0.7655838601882217,
      "answer_2": 0.5560226677579785,
      "answer_3": 0.5365292955270128,
      "answer_4": 0.47893404661245975,
      "answer_5": 0.5616481934214841,
      "answer_6": 0.4856127174860295
    },
    "query_2": {
      "answer_1": 0.560096974506028,
      "answer_2": 0.8836172874804934,
      "answer_3": 0.636917398089121,
      "answer_4": 0.5117485476667478,
      "answer_5": 0.48605274372794144,
      "answer_6": 0.6204157878308871
    },
    "query_3": {
      "answer_1": 0.5464227297173845,
      "answer_2": 0.5594914675972601,
      "answer_3": 0.8168201042692077,
      "answer_4": 0.4953339737328231,
      "answer_5": 0.4406887579806754,
      "answer_6": 0.5039639272857284
    },
    "query_4": {
      "answer_1": 0.515084521458049,
      "answer_2": 0.502771477282144,
      "answer_3": 0.5721284055564555,
      "answer_4": 0.8281550219848638,
      "answer_5": 0.500854385847829,
      "answer_6": 0.6255756669133767
    },
    "query_5": {
      "answer_1": 0.4917061746769773,
      "answer_2": 0.48263067705873997,
      "answer_3": 0.44464424429072236,
      "answer_4": 0.4976482916690621,
      "answer_5": 0.8584631903777953,
      "answer_6": 0.49910203724196767
    },
    "query_6": {
      "answer_1": 0.5133895904330066,
      "answer_2": 0.6208799781231976,
      "answer_3": 0.5628855070330782,
      "answer_4": 0.6448585658359943,
      "answer_5": 0.5268791267203172,
      "answer_6": 0.8719217052396455
    }
  }
}