{
  "entity": "Napoleon Bonaparte",
  "cosine_similarities": {
    "query_1": {
      "answer_1": 0.8161848403399026,
      "answer_2": 0.575154227767442,
      "answer_3": 0.5527167973961453,
      "answer_4": 0.4611401918195501,
      "answer_5": 0.5808453101714888,
      "answer_6": 0.4753710557967361
    },
    "query_2": {
      "answer_1": 0.5851900905683363,
      "answer_2": 0.8684757630803169,
      "answer_3": 0.6555691468898935,
      "answer_4": 0.5066996020218678,
      "answer_5": 0.5166650320392442,
      "answer_6": 0.6199905885657582
    },
    "query_3": {
      "answer_1": 0.5533796557808404,
      "answer_2": 0.5831907586567501,
      "answer_3": 0.8128025500340834,
      "answer_4": 0.49510505470011984,
      "answer_5": 0.4527893273476865,
      "answer_6": 0.48436938891841574
    },
    "query_4": {
      "answer_1": 0.498173322277615,
      "answer_2": 0.5085674394914593,
      "answer_3": 0.5749497589474087,
      "answer_4": 0.8178354870665474,
      "answer_5": 0.497531362808251,
      "answer_6": 0.619814765864994
    },
    "query_5": {
      "answer_1": 0.5106029910102475,
      "answer_2": 0.4752639340513322,
      "answer_3": 0.4645062570394369,
      "answer_4": 0.4780653642892602,
      "answer_5": 0.863482283315043,
      "answer_6": 0.49110987149501106
    },
    "query_6": {
      "answer_1": 0.5108310413704616,
      "answer_2": 0.6073350801135095,
      "answer_3": 0.5557629773144647,
      "answer_4": 0.6011500641309744,
      "answer_5": 0.5374291567153654,
      "answer_6": 0.860290519482205
    }
  }
}