{
  "entity": "Napoleon Bonaparte",
  "cosine_similarities": {
    "query_1": {
      "answer_1": 0.7126265308609318,
      "answer_2": 0.526419586351198,
      "answer_3": 0.5349911526764475,
      "answer_4": 0.44097542492051667,
      "answer_5": 0.5293174716381852,
      "answer_6": 0.503167058642811
    },
    "query_2": {
      "answer_1": 0.5408593205194362,
      "answer_2": 0.8865765845092903,
      "answer_3": 0.6104503494007397,
      "answer_4": 0.559711843515027,
      "answer_5": 0.4902756635832279,
      "answer_6": 0.6253287279657533
    },
    "query_3": {
      "answer_1": 0.5359366254662594,
      "answer_2": 0.5584826040356621,
      "answer_3": 0.8230329977087368,
      "answer_4": 0.552370771741996,
      "answer_5": 0.4512575339094627,
      "answer_6": 0.5410278889594182
    },
    "query_4": {
      "answer_1": 0.4874541338153193,
      "answer_2": 0.5029151774383351,
      "answer_3": 0.5539242113700624,
      "answer_4": 0.8085194257432972,
      "answer_5": 0.5044683907890763,
      "answer_6": 0.652217486840094
    },
    "query_5": {
      "answer_1": 0.47977509012706193,
      "answer_2": 0.4443556862659815,
      "answer_3": 0.4418130372677008,
      "answer_4": 0.45820852223243647,
      "answer_5": 0.8527239171077464,
      "answer_6": 0.5108564528185509
    },
    "query_6": {
      "answer_1": 0.5066442495867579,
      "answer_2": 0.5868824912525528,
      "answer_3": 0.49678664867508876,
      "answer_4": 0.6098289257162134,
      "answer_5": 0.5145481579939476,
      "answer_6": 0.8646270594453234
    }
  }
}