{
  "entity": "Napoleon Bonaparte",
  "cosine_similarities": {
    "query_1": {
      "answer_1": 0.7054499722843344,
      "answer_2": 0.5313155688791072,
      "answer_3": 0.5107124371785043,
      "answer_4": 0.45109811342771744,
      "answer_5": 0.5748805209063609,
      "answer_6": 0.47470596089473105
    },
    "query_2": {
      "answer_1": 0.5143568370365881,
      "answer_2": 0.8822006461787009,
      "answer_3": 0.5678127035944156,
      "answer_4": 0.5444066302400009,
      "answer_5": 0.5719648724339708,
      "answer_6": 0.5983061934867873
    },
    "query_3": {
      "answer_1": 0.5359313397036127,
      "answer_2": 0.5759465043196398,
      "answer_3": 0.7789622939874264,
      "answer_4": 0.5172960044974398,
      "answer_5": 0.47466400415254417,
      "answer_6": 0.4990302041889069
    },
    "query_4": {
      "answer_1": 0.47375770619618446,
      "answer_2": 0.4977528600275285,
      "answer_3": 0.5066905146127234,
      "answer_4": 0.799016563839842,
      "answer_5": 0.5328538633682178,
      "answer_6": 0.6250501280084808
    },
    "query_5": {
      "answer_1": 0.5097272112844451,
      "answer_2": 0.5332949540213191,
      "answer_3": 0.4628686046783673,
      "answer_4": 0.5102085138773371,
      "answer_5": 0.8418881118652424,
      "answer_6": 0.5213409680625491
    },
    "query_6": {
      "answer_1": 0.46603242738021533,
      "answer_2": 0.5865913333329867,
      "answer_3": 0.4575193355550496,
      "answer_4": 0.6533749673816736,
      "answer_5": 0.5176406786451365,
      "answer_6": 0.8410514862058096
    }
  }
}