{
  "entity": "Napoleon Bonaparte",
  "cosine_similarities": {
    "query_1": {
      "answer_1": 0.7756414101378535,
      "answer_2": 0.5664855945703903,
      "answer_3": 0.5381148362382204,
      "answer_4": 0.45802446845172284,
      "answer_5": 0.4963003597894051,
      "answer_6": 0.4606484969786765
    },
    "query_2": {
      "answer_1": 0.5843240278168647,
      "answer_2": 0.886615382153583,
      "answer_3": 0.5866086811126775,
      "answer_4": 0.5688852414465912,
      "answer_5": 0.4946169766473,
      "answer_6": 0.6239020567793049
    },
    "query_3": {
      "answer_1": 0.5304389292150526,
      "answer_2": 0.5422798767834363,
      "answer_3": 0.7394296743137102,
      "answer_4": 0.5838271530046358,
      "answer_5": 0.399845020929592,
      "answer_6": 0.46741555795349354
    },
    "query_4": {
      "answer_1": 0.49576770693056404,
      "answer_2": 0.5313840129817112,
      "answer_3": 0.5722864746494237,
      "answer_4": 0.8293350100528093,
      "answer_5": 0.5098038175817118,
      "answer_6": 0.6203650232027182
    },
    "query_5": {
      "answer_1": 0.4680799551935457,
      "answer_2": 0.4752123807030048,
      "answer_3": 0.46065759717798194,
      "answer_4": 0.48742986533519195,
      "answer_5": 0.8700365413283512,
      "answer_6": 0.49235782043766885
    },
    "query_6": {
      "answer_1": 0.5145287312148262,
      "answer_2": 0.6068492728795949,
      "answer_3": 0.5189714351926716,
      "answer_4": 0.639178455288039,
      "answer_5": 0.5270675726939684,
      "answer_6": 0.8645807370753527
    }
  }
}