{
  "entity": "Napoleon Bonaparte",
  "cosine_similarities": {
    "query_1": {
      "answer_1": 0.8255563393234233,
      "answer_2": 0.5263467980367038,
      "answer_3": 0.5826075311346407,
      "answer_4": 0.4881317514687883,
      "answer_5": 0.5716254189672287,
      "answer_6": 0.4535608556044313
    },
    "query_2": {
      "answer_1": 0.5758310700093093,
      "answer_2": 0.8845647617226339,
      "answer_3": 0.6335822090629746,
      "answer_4": 0.5411694961620198,
      "answer_5": 0.5804638866424451,
      "answer_6": 0.576586565612993
    },
    "query_3": {
      "answer_1": 0.5783503538825944,
      "answer_2": 0.5695610173000931,
      "answer_3": 0.8225546279214325,
      "answer_4": 0.545147666761393,
      "answer_5": 0.487090133916622,
      "answer_6": 0.4746671791503224
    },
    "query_4": {
      "answer_1": 0.5099407010631122,
      "answer_2": 0.5221200484520341,
      "answer_3": 0.5748448086548433,
      "answer_4": 0.8133879349308951,
      "answer_5": 0.5234474534072675,
      "answer_6": 0.6366377286942918
    },
    "query_5": {
      "answer_1": 0.5846610151321209,
      "answer_2": 0.56091543524464,
      "answer_3": 0.534426776401755,
      "answer_4": 0.5513363106219434,
      "answer_5": 0.895424757287189,
      "answer_6": 0.5478684343817518
    },
    "query_6": {
      "answer_1": 0.4964972378130381,
      "answer_2": 0.5876090519662833,
      "answer_3": 0.525234275004433,
      "answer_4": 0.6710479764722183,
      "answer_5": 0.525464960991777,
      "answer_6": 0.862897407336536
    }
  }
}