{
  "entity": "Napoleon Bonaparte",
  "cosine_similarities": {
    "query_1": {
      "answer_1": 0.8240629664063855,
      "answer_2": 0.5340157341436491,
      "answer_3": 0.5389096008751922,
      "answer_4": 0.4806064247599735,
      "answer_5": 0.5755529905810179,
      "answer_6": 0.4651977995958896
    },
    "query_2": {
      "answer_1": 0.5820800319986487,
      "answer_2": 0.8833295099532759,
      "answer_3": 0.6470904500934364,
      "answer_4": 0.5356213821306047,
      "answer_5": 0.5852083459531348,
      "answer_6": 0.5912383169289455
    },
    "query_3": {
      "answer_1": 0.5623947456006366,
      "answer_2": 0.5749573218582252,
      "answer_3": 0.836843215404826,
      "answer_4": 0.5197124020668901,
      "answer_5": 0.4997808359315253,
      "answer_6": 0.5330689929458456
    },
    "query_4": {
      "answer_1": 0.49886260389888704,
      "answer_2": 0.5061094637117971,
      "answer_3": 0.5831574831604666,
      "answer_4": 0.7981557139215073,
      "answer_5": 0.5178692705606414,
      "answer_6": 0.6577184001917838
    },
    "query_5": {
      "answer_1": 0.5592541156337868,
      "answer_2": 0.5838749208641841,
      "answer_3": 0.5375242801554045,
      "answer_4": 0.5394012826108956,
      "answer_5": 0.8724945395645065,
      "answer_6": 0.5496696137866421
    },
    "query_6": {
      "answer_1": 0.4839044010935047,
      "answer_2": 0.5850958399915407,
      "answer_3": 0.5568326698193555,
      "answer_4": 0.6612532684685432,
      "answer_5": 0.5199296124422647,
      "answer_6": 0.8559921656427301
    }
  }
}