{
  "entity": "Napoleon Bonaparte",
  "cosine_similarities": {
    "query_1": {
      "answer_1": 0.7850207522320785,
      "answer_2": 0.5183443156115756,
      "answer_3": 0.5481255511274677,
      "answer_4": 0.4611523314545008,
      "answer_5": 0.49066624681548393,
      "answer_6": 0.4502745956448841
    },
    "query_2": {
      "answer_1": 0.5642223669235926,
      "answer_2": 0.8725036086983553,
      "answer_3": 0.6119538168958444,
      "answer_4": 0.5491589280491022,
      "answer_5": 0.48405660202546125,
      "answer_6": 0.6109476219480154
    },
    "query_3": {
      "answer_1": 0.5240824010496131,
      "answer_2": 0.50928862577674,
      "answer_3": 0.7768406499674508,
      "answer_4": 0.5718149938187538,
      "answer_5": 0.39118238975689285,
      "answer_6": 0.4531386634683706
    },
    "query_4": {
      "answer_1": 0.4931806447232461,
      "answer_2": 0.5206328194734152,
      "answer_3": 0.6039075144319017,
      "answer_4": 0.8058165397959277,
      "answer_5": 0.49406910886763494,
      "answer_6": 0.625234869030949
    },
    "query_5": {
      "answer_1": 0.46776444628829916,
      "answer_2": 0.4669923690890151,
      "answer_3": 0.4874121663132772,
      "answer_4": 0.49830543766157687,
      "answer_5": 0.8656826387287744,
      "answer_6": 0.5019508712347237
    },
    "query_6": {
      "answer_1": 0.5142597701205194,
      "answer_2": 0.6122592511975427,
      "answer_3": 0.5355952367804886,
      "answer_4": 0.660097992835355,
      "answer_5": 0.5055010420095999,
      "answer_6": 0.874644793434671
    }
  }
}