{
  "entity": "Napoleon Bonaparte",
  "cosine_similarities": {
    "query_1": {
      "answer_1": 0.7847186321359385,
      "answer_2": 0.5303972893589135,
      "answer_3": 0.5434253283728262,
      "answer_4": 0.43807171830017727,
      "answer_5": 0.4896297455466987,
      "answer_6": 0.45310965953163546
    },
    "query_2": {
      "answer_1": 0.5598246236573875,
      "answer_2": 0.8870847061975645,
      "answer_3": 0.5756834841799505,
      "answer_4": 0.5719963832340283,
      "answer_5": 0.4777367623771534,
      "answer_6": 0.5151245703053872
    },
    "query_3": {
      "answer_1": 0.5077115623466276,
      "answer_2": 0.5299363467885017,
      "answer_3": 0.7349540741004522,
      "answer_4": 0.5647025139643305,
      "answer_5": 0.41312749577528135,
      "answer_6": 0.4150684555127426
    },
    "query_4": {
      "answer_1": 0.5043344862615545,
      "answer_2": 0.4921937618705504,
      "answer_3": 0.5861422205623014,
      "answer_4": 0.8112803003224244,
      "answer_5": 0.5003309840539956,
      "answer_6": 0.671865842636002
    },
    "query_5": {
      "answer_1": 0.4233540029502012,
      "answer_2": 0.43526296525808544,
      "answer_3": 0.42264942666069266,
      "answer_4": 0.45565973828293393,
      "answer_5": 0.8714386986611112,
      "answer_6": 0.41166699220447706
    },
    "query_6": {
      "answer_1": 0.4767166410680177,
      "answer_2": 0.5230786035931742,
      "answer_3": 0.45740487975532373,
      "answer_4": 0.6609649766977952,
      "answer_5": 0.4775600469149757,
      "answer_6": 0.8607110478739871
    }
  }
}