{
  "entity": "Napoleon Bonaparte",
  "cosine_similarities": {
    "query_1": {
      "answer_1": 0.7241184342532502,
      "answer_2": 0.5358873755231841,
      "answer_3": 0.5610947835368214,
      "answer_4": 0.4215720969113547,
      "answer_5": 0.518375516643313,
      "answer_6": 0.4686485863229323
    },
    "query_2": {
      "answer_1": 0.5025467007260846,
      "answer_2": 0.8766028840622024,
      "answer_3": 0.5954198725343217,
      "answer_4": 0.5016408611475566,
      "answer_5": 0.4726870152360034,
      "answer_6": 0.6238081171871047
    },
    "query_3": {
      "answer_1": 0.5665222311103111,
      "answer_2": 0.5641673189677175,
      "answer_3": 0.8098774009671059,
      "answer_4": 0.5541616693722732,
      "answer_5": 0.4206742957741241,
      "answer_6": 0.4975276763816683
    },
    "query_4": {
      "answer_1": 0.47064180715633436,
      "answer_2": 0.5053318122272065,
      "answer_3": 0.5777058440636265,
      "answer_4": 0.826802986838733,
      "answer_5": 0.4618978234906039,
      "answer_6": 0.5882232127117267
    },
    "query_5": {
      "answer_1": 0.44953459427302966,
      "answer_2": 0.4629757080490132,
      "answer_3": 0.42466602637501394,
      "answer_4": 0.4438147943677057,
      "answer_5": 0.8322834543229659,
      "answer_6": 0.46789487249800826
    },
    "query_6": {
      "answer_1": 0.5035856857086309,
      "answer_2": 0.6323492196661852,
      "answer_3": 0.49827141777291273,
      "answer_4": 0.6008653867969803,
      "answer_5": 0.5105010801676924,
      "answer_6": 0.8514493884538669
    }
  }
}