{
  "entity": "Napoleon Bonaparte",
  "cosine_similarities": {
    "query_1": {
      "answer_1": 0.7299458866010251,
      "answer_2": 0.5335261306298539,
      "answer_3": 0.5396715086751007,
      "answer_4": 0.47047574909927603,
      "answer_5": 0.5660697330270283,
      "answer_6": 0.44738914962058135
    },
    "query_2": {
      "answer_1": 0.5647478058835849,
      "answer_2": 0.8856508781911744,
      "answer_3": 0.6224912978367685,
      "answer_4": 0.5302982497067367,
      "answer_5": 0.5567413335026078,
      "answer_6": 0.5805585748365423
    },
    "query_3": {
      "answer_1": 0.555769988645314,
      "answer_2": 0.5669420071295801,
      "answer_3": 0.811574076399153,
      "answer_4": 0.5283656617960798,
      "answer_5": 0.466825657425994,
      "answer_6": 0.48177062545249133
    },
    "query_4": {
      "answer_1": 0.4876033058091922,
      "answer_2": 0.49915259403079754,
      "answer_3": 0.5370394036131981,
      "answer_4": 0.79902131399815,
      "answer_5": 0.5061366213727021,
      "answer_6": 0.63731529022171
    },
    "query_5": {
      "answer_1": 0.5365621501824248,
      "answer_2": 0.5289021028733571,
      "answer_3": 0.4893014398044587,
      "answer_4": 0.5329625652689918,
      "answer_5": 0.8733835366921467,
      "answer_6": 0.5047093043911045
    },
    "query_6": {
      "answer_1": 0.4742180629673666,
      "answer_2": 0.5709547547098516,
      "answer_3": 0.4937788055074289,
      "answer_4": 0.6545548047017122,
      "answer_5": 0.5097637916639249,
      "answer_6": 0.8431744607411873
    }
  }
}