{
  "entity": "Napoleon Bonaparte",
  "cosine_similarities": {
    "query_1": {
      "answer_1": 0.7862510822064591,
      "answer_2": 0.5433775001083595,
      "answer_3": 0.549173158345142,
      "answer_4": 0.452073464694016,
      "answer_5": 0.554527560923115,
      "answer_6": 0.4776523413700606
    },
    "query_2": {
      "answer_1": 0.6090439899380397,
      "answer_2": 0.8873331732996713,
      "answer_3": 0.6679090879313364,
      "answer_4": 0.5396383835603341,
      "answer_5": 0.49780718925311584,
      "answer_6": 0.547563355012229
    },
    "query_3": {
      "answer_1": 0.5707682197272942,
      "answer_2": 0.57206261618272,
      "answer_3": 0.7909441246702588,
      "answer_4": 0.5543540634961278,
      "answer_5": 0.4343345656262972,
      "answer_6": 0.4694211749727749
    },
    "query_4": {
      "answer_1": 0.5506476785050186,
      "answer_2": 0.5830995837480132,
      "answer_3": 0.6893212257298699,
      "answer_4": 0.7927057261612483,
      "answer_5": 0.5194754253007265,
      "answer_6": 0.6250328708695632
    },
    "query_5": {
      "answer_1": 0.5172338236090502,
      "answer_2": 0.5056212090787179,
      "answer_3": 0.49828592158930457,
      "answer_4": 0.502271550901722,
      "answer_5": 0.8857450879814617,
      "answer_6": 0.5353632887921164
    },
    "query_6": {
      "answer_1": 0.5298425695127547,
      "answer_2": 0.524755730853342,
      "answer_3": 0.5094727122250332,
      "answer_4": 0.6296121747888243,
      "answer_5": 0.5278488462611404,
      "answer_6": 0.8363954967003566
    }
  }
}