{
  "entity": "Napoleon Bonaparte",
  "cosine_similarities": {
    "query_1": {
      "answer_1": 0.8702520027617991,
      "answer_2": 0.5224554969995074,
      "answer_3": 0.5400737190379755,
      "answer_4": 0.4093405626143075,
      "answer_5": 0.5043760322961836,
      "answer_6": 0.4585511221048451
    },
    "query_2": {
      "answer_1": 0.5761042903466472,
      "answer_2": 0.8733291016037246,
      "answer_3": 0.6547973448417238,
      "answer_4": 0.4635767052382695,
      "answer_5": 0.5379220283957747,
      "answer_6": 0.6391928483227772
    },
    "query_3": {
      "answer_1": 0.5089882531468503,
      "answer_2": 0.5461959165263579,
      "answer_3": 0.8313931749803075,
      "answer_4": 0.4082013234278721,
      "answer_5": 0.4729948547349343,
      "answer_6": 0.5183217278509084
    },
    "query_4": {
      "answer_1": 0.43888208959441233,
      "answer_2": 0.4668986853235772,
      "answer_3": 0.5170850943527463,
      "answer_4": 0.8402148760284885,
      "answer_5": 0.43829212290968106,
      "answer_6": 0.5690201488004525
    },
    "query_5": {
      "answer_1": 0.5223419714127832,
      "answer_2": 0.5379493800790903,
      "answer_3": 0.534115602690937,
      "answer_4": 0.4301977709212613,
      "answer_5": 0.8876462127204032,
      "answer_6": 0.5713615115638464
    },
    "query_6": {
      "answer_1": 0.5017063257558585,
      "answer_2": 0.6284858303336962,
      "answer_3": 0.6015903546373528,
      "answer_4": 0.5750784518839923,
      "answer_5": 0.5549519592265006,
      "answer_6": 0.8674777186105788
    }
  }
}