{
  "entity": "Napoleon Bonaparte",
  "cosine_similarities": {
    "query_1": {
      "answer_1": 0.7302880693125071,
      "answer_2": 0.5352697249024112,
      "answer_3": 0.5439152811586473,
      "answer_4": 0.46828821494946665,
      "answer_5": 0.4605634469066381,
      "answer_6": 0.4649211879390728
    },
    "query_2": {
      "answer_1": 0.5570853732342649,
      "answer_2": 0.8730806765572365,
      "answer_3": 0.5598701597948675,
      "answer_4": 0.5242768446138693,
      "answer_5": 0.4352911271391675,
      "answer_6": 0.6068303038007596
    },
    "query_3": {
      "answer_1": 0.5119208854229799,
      "answer_2": 0.5685845821071704,
      "answer_3": 0.7657943288493821,
      "answer_4": 0.5808804564145955,
      "answer_5": 0.4301132470824165,
      "answer_6": 0.4973737278745031
    },
    "query_4": {
      "answer_1": 0.4801662508511881,
      "answer_2": 0.49927596103689936,
      "answer_3": 0.5691331409186274,
      "answer_4": 0.8222099667233516,
      "answer_5": 0.4418383869416728,
      "answer_6": 0.6291292827575096
    },
    "query_5": {
      "answer_1": 0.446764129123987,
      "answer_2": 0.4773697959350511,
      "answer_3": 0.44387656413106163,
      "answer_4": 0.466845853693917,
      "answer_5": 0.817515739712713,
      "answer_6": 0.4681204066622658
    },
    "query_6": {
      "answer_1": 0.5275329153489985,
      "answer_2": 0.6681018427120127,
      "answer_3": 0.5582294570019628,
      "answer_4": 0.6760915394235237,
      "answer_5": 0.44056238676644904,
      "answer_6": 0.8794319401682558
    }
  }
}