{
  "entity": "Napoleon Bonaparte",
  "cosine_similarities": {
    "query_1": {
      "answer_1": 0.7210050131514488,
      "answer_2": 0.5365245134498712,
      "answer_3": 0.5112573075983311,
      "answer_4": 0.4510633646297204,
      "answer_5": 0.5226173331628103,
      "answer_6": 0.4805124851367636
    },
    "query_2": {
      "answer_1": 0.5475077521430319,
      "answer_2": 0.8829661584147387,
      "answer_3": 0.5221367191755668,
      "answer_4": 0.5715674334464709,
      "answer_5": 0.48587012749223873,
      "answer_6": 0.6320100751259227
    },
    "query_3": {
      "answer_1": 0.5107560904768069,
      "answer_2": 0.5449971790103122,
      "answer_3": 0.7332835424833158,
      "answer_4": 0.5523237949844219,
      "answer_5": 0.39176584829542477,
      "answer_6": 0.4753740326861159
    },
    "query_4": {
      "answer_1": 0.488641058279625,
      "answer_2": 0.48439626820944026,
      "answer_3": 0.5643134938160949,
      "answer_4": 0.8308853425987252,
      "answer_5": 0.4931950480838092,
      "answer_6": 0.6142865244896045
    },
    "query_5": {
      "answer_1": 0.4420004276411778,
      "answer_2": 0.47072558466361153,
      "answer_3": 0.4064597839205236,
      "answer_4": 0.4879352658648462,
      "answer_5": 0.8396590447673652,
      "answer_6": 0.48684907284536943
    },
    "query_6": {
      "answer_1": 0.4943543381122282,
      "answer_2": 0.6524565429373399,
      "answer_3": 0.49287637431116055,
      "answer_4": 0.6136826243668775,
      "answer_5": 0.5116732844081263,
      "answer_6": 0.8495192629535422
    }
  }
}