{
  "entity": "Napoleon Bonaparte",
  "cosine_similarities": {
    "query_1": {
      "answer_1": 0.8667111781715324,
      "answer_2": 0.555264400079232,
      "answer_3": 0.5152115060303476,
      "answer_4": 0.45309799421457503,
      "answer_5": 0.5546179173646585,
      "answer_6": 0.42932069534375045
    },
    "query_2": {
      "answer_1": 0.5869045872648652,
      "answer_2": 0.8890647904281144,
      "answer_3": 0.6382213310730044,
      "answer_4": 0.5621177246576903,
      "answer_5": 0.4851234203987659,
      "answer_6": 0.45683225910479586
    },
    "query_3": {
      "answer_1": 0.46773717399738285,
      "answer_2": 0.5486617599778955,
      "answer_3": 0.8487041687118255,
      "answer_4": 0.5128251074430964,
      "answer_5": 0.39032798879302183,
      "answer_6": 0.3701539705929204
    },
    "query_4": {
      "answer_1": 0.4768248072823221,
      "answer_2": 0.5651674972296257,
      "answer_3": 0.5611536615575359,
      "answer_4": 0.8475972354833946,
      "answer_5": 0.47991818722662577,
      "answer_6": 0.4802260621905469
    },
    "query_5": {
      "answer_1": 0.5472754320108698,
      "answer_2": 0.46545659626637703,
      "answer_3": 0.4257221436725795,
      "answer_4": 0.4967724459941857,
      "answer_5": 0.8501371564688701,
      "answer_6": 0.38016205695199534
    },
    "query_6": {
      "answer_1": 0.4761671991430997,
      "answer_2": 0.4802384936522444,
      "answer_3": 0.41784041989693205,
      "answer_4": 0.5276750347143845,
      "answer_5": 0.4519480003609003,
      "answer_6": 0.8575652831550891
    }
  }
}