{
  "entity": "Napoleon Bonaparte",
  "cosine_similarities": {
    "query_1": {
      "answer_1": 0.7431656307875634,
      "answer_2": 0.5248860028977596,
      "answer_3": 0.5210556157707351,
      "answer_4": 0.4320271432684831,
      "answer_5": 0.49205316354657097,
      "answer_6": 0.45878575993903786
    },
    "query_2": {
      "answer_1": 0.5816756233837513,
      "answer_2": 0.8775496121659687,
      "answer_3": 0.5648853508916494,
      "answer_4": 0.559002744736704,
      "answer_5": 0.4912546848030796,
      "answer_6": 0.6005618825984451
    },
    "query_3": {
      "answer_1": 0.5301401593442497,
      "answer_2": 0.5615979773813042,
      "answer_3": 0.7631226428369686,
      "answer_4": 0.5647835423579066,
      "answer_5": 0.442252618035363,
      "answer_6": 0.48914830967564893
    },
    "query_4": {
      "answer_1": 0.5061149468467357,
      "answer_2": 0.48470326227325067,
      "answer_3": 0.5536937117935604,
      "answer_4": 0.7972995961532985,
      "answer_5": 0.47698541003479644,
      "answer_6": 0.6246905471824583
    },
    "query_5": {
      "answer_1": 0.4480026297651919,
      "answer_2": 0.46223655642573136,
      "answer_3": 0.4254711184602062,
      "answer_4": 0.45752540931755736,
      "answer_5": 0.8762023734780942,
      "answer_6": 0.4611977430744738
    },
    "query_6": {
      "answer_1": 0.5460363855832918,
      "answer_2": 0.6239571381785654,
      "answer_3": 0.5509602739080124,
      "answer_4": 0.680457979959878,
      "answer_5": 0.48636318653096106,
      "answer_6": 0.876427612082345
    }
  }
}