{
  "entity": "Napoleon Bonaparte",
  "cosine_similarities": {
    "query_1": {
      "answer_1": 0.7415919165971434,
      "answer_2": 0.5240937790869749,
      "answer_3": 0.4947712714725018,
      "answer_4": 0.46493092978986633,
      "answer_5": 0.4658820384367927,
      "answer_6": 0.43748978970841185
    },
    "query_2": {
      "answer_1": 0.573928112968576,
      "answer_2": 0.8831652154629597,
      "answer_3": 0.5661244855856011,
      "answer_4": 0.5358517871323714,
      "answer_5": 0.4149036023994184,
      "answer_6": 0.5785917487568454
    },
    "query_3": {
      "answer_1": 0.5667186014301266,
      "answer_2": 0.5616402969636464,
      "answer_3": 0.7800630721429822,
      "answer_4": 0.5239615805097657,
      "answer_5": 0.4221635378650528,
      "answer_6": 0.48778276621399025
    },
    "query_4": {
      "answer_1": 0.5190370752288722,
      "answer_2": 0.48941865733855505,
      "answer_3": 0.5129544131734749,
      "answer_4": 0.7896763375300175,
      "answer_5": 0.4464145062944097,
      "answer_6": 0.5972926975240759
    },
    "query_5": {
      "answer_1": 0.45572992423039266,
      "answer_2": 0.47552086385643966,
      "answer_3": 0.4303410226020702,
      "answer_4": 0.49733925250204136,
      "answer_5": 0.8000839997715479,
      "answer_6": 0.43050971282994077
    },
    "query_6": {
      "answer_1": 0.5247080290574149,
      "answer_2": 0.6236152923368908,
      "answer_3": 0.5161516765246739,
      "answer_4": 0.689761573349344,
      "answer_5": 0.42285066807045657,
      "answer_6": 0.8070162410993333
    }
  }
}