{
  "entity": "Napoleon Bonaparte",
  "cosine_similarities": {
    "query_1": {
      "answer_1": 0.7779384208068728,
      "answer_2": 0.5405899937773775,
      "answer_3": 0.5561376098106795,
      "answer_4": 0.44675119538355396,
      "answer_5": 0.5749264203790179,
      "answer_6": 0.45933781528508405
    },
    "query_2": {
      "answer_1": 0.5484845023741239,
      "answer_2": 0.8738303712047603,
      "answer_3": 0.6607766629543531,
      "answer_4": 0.4995036164211656,
      "answer_5": 0.5701273292631869,
      "answer_6": 0.5882231474834315
    },
    "query_3": {
      "answer_1": 0.5587711299257324,
      "answer_2": 0.5670370249761267,
      "answer_3": 0.8329686747004859,
      "answer_4": 0.5158842658349063,
      "answer_5": 0.45681305004881584,
      "answer_6": 0.481078595952899
    },
    "query_4": {
      "answer_1": 0.4991523598283718,
      "answer_2": 0.5143337894348614,
      "answer_3": 0.5764211325537413,
      "answer_4": 0.7977359814017265,
      "answer_5": 0.4946276384117738,
      "answer_6": 0.6416549516727242
    },
    "query_5": {
      "answer_1": 0.5321161964662385,
      "answer_2": 0.560462632281155,
      "answer_3": 0.5232546683861686,
      "answer_4": 0.5066586416603388,
      "answer_5": 0.8889590955400223,
      "answer_6": 0.525898480648634
    },
    "query_6": {
      "answer_1": 0.4732694154645047,
      "answer_2": 0.5821400641818096,
      "answer_3": 0.5085316410659563,
      "answer_4": 0.6281913102565682,
      "answer_5": 0.5118062666154043,
      "answer_6": 0.8677767552580535
    }
  }
}