{
  "entity": "Napoleon Bonaparte",
  "cosine_similarities": {
    "query_1": {
      "answer_1": 0.8546687060692468,
      "answer_2": 0.5718508290544417,
      "answer_3": 0.524864204551323,
      "answer_4": 0.3720799686336619,
      "answer_5": 0.546921032514825,
      "answer_6": 0.3572249576828643
    },
    "query_2": {
      "answer_1": 0.537995915091721,
      "answer_2": 0.8914582079419973,
      "answer_3": 0.6843967509021337,
      "answer_4": 0.5656395043810367,
      "answer_5": 0.48624132181377205,
      "answer_6": 0.38449804977458585
    },
    "query_3": {
      "answer_1": 0.4682901858321781,
      "answer_2": 0.5727769666406436,
      "answer_3": 0.8356331764305048,
      "answer_4": 0.5163431510691358,
      "answer_5": 0.41188279825804397,
      "answer_6": 0.3364784211205708
    },
    "query_4": {
      "answer_1": 0.45191389974688,
      "answer_2": 0.5240317882532095,
      "answer_3": 0.5469884750139842,
      "answer_4": 0.7711147935789564,
      "answer_5": 0.4853947584894748,
      "answer_6": 0.423958801831391
    },
    "query_5": {
      "answer_1": 0.4849045506781207,
      "answer_2": 0.4528760945388772,
      "answer_3": 0.41371621618627674,
      "answer_4": 0.42115496820398235,
      "answer_5": 0.8312567841302174,
      "answer_6": 0.318997715566556
    },
    "query_6": {
      "answer_1": 0.37104793344828435,
      "answer_2": 0.4189972261634271,
      "answer_3": 0.35011135109501135,
      "answer_4": 0.4010336287955895,
      "answer_5": 0.4149140604951659,
      "answer_6": 0.8596586227789329
    }
  }
}