{
  "entity": "Napoleon Bonaparte",
  "cosine_similarities": {
    "query_1": {
      "answer_1": 0.7978763611055512,
      "answer_2": 0.5516886012119981,
      "answer_3": 0.5493788525660653,
      "answer_4": 0.45860130784666,
      "answer_5": 0.4957913767584817,
      "answer_6": 0.4699256383424886
    },
    "query_2": {
      "answer_1": 0.5685468099766161,
      "answer_2": 0.9011704901372339,
      "answer_3": 0.5896431201803581,
      "answer_4": 0.5474416944741086,
      "answer_5": 0.4527494268363035,
      "answer_6": 0.6267504382838658
    },
    "query_3": {
      "answer_1": 0.5425281605434291,
      "answer_2": 0.5659076255877559,
      "answer_3": 0.7787744674181527,
      "answer_4": 0.5607971028691049,
      "answer_5": 0.44464028580610016,
      "answer_6": 0.5108666647895264
    },
    "query_4": {
      "answer_1": 0.49623170404451633,
      "answer_2": 0.49424884969491306,
      "answer_3": 0.5864621456543998,
      "answer_4": 0.8096916906676741,
      "answer_5": 0.47572260589294413,
      "answer_6": 0.6262289495063769
    },
    "query_5": {
      "answer_1": 0.44152241530418934,
      "answer_2": 0.447604325224873,
      "answer_3": 0.4402109225255397,
      "answer_4": 0.46786907846855563,
      "answer_5": 0.8594554710755694,
      "answer_6": 0.47396178445978515
    },
    "query_6": {
      "answer_1": 0.4932279732032193,
      "answer_2": 0.6229280978144396,
      "answer_3": 0.5502791563692793,
      "answer_4": 0.6932873627752673,
      "answer_5": 0.4775702207956795,
      "answer_6": 0.8827758282784057
    }
  }
}