{
  "entity": "Napoleon Bonaparte",
  "cosine_similarities": {
    "query_1": {
      "answer_1": 0.7338904487195553,
      "answer_2": 0.5227239498699009,
      "answer_3": 0.5336345225580903,
      "answer_4": 0.45446673506533664,
      "answer_5": 0.4948877914716724,
      "answer_6": 0.4751483499438456
    },
    "query_2": {
      "answer_1": 0.5776500680024196,
      "answer_2": 0.8823092838683266,
      "answer_3": 0.582946446481311,
      "answer_4": 0.5734461607537258,
      "answer_5": 0.4706887484471978,
      "answer_6": 0.6486537884544992
    },
    "query_3": {
      "answer_1": 0.5231472912302239,
      "answer_2": 0.5326589467478727,
      "answer_3": 0.7672811738530141,
      "answer_4": 0.5841338014313378,
      "answer_5": 0.41010698473977714,
      "answer_6": 0.4573002214118256
    },
    "query_4": {
      "answer_1": 0.5214030501379954,
      "answer_2": 0.4885575114903586,
      "answer_3": 0.592195873847116,
      "answer_4": 0.8281936240030833,
      "answer_5": 0.4861296206045744,
      "answer_6": 0.577871362398362
    },
    "query_5": {
      "answer_1": 0.46651911636541527,
      "answer_2": 0.4435731174779197,
      "answer_3": 0.4346927839524088,
      "answer_4": 0.4887729945909345,
      "answer_5": 0.8583659599013588,
      "answer_6": 0.4741018559628545
    },
    "query_6": {
      "answer_1": 0.509637501401,
      "answer_2": 0.6376374167083365,
      "answer_3": 0.525225642505196,
      "answer_4": 0.6053253021739115,
      "answer_5": 0.4800895198975637,
      "answer_6": 0.896675133901425
    }
  }
}