{
  "entity": "Napoleon Bonaparte",
  "cosine_similarities": {
    "query_1": {
      "answer_1": 0.8667169719254123,
      "answer_2": 0.5707795253692335,
      "answer_3": 0.5390568751419326,
      "answer_4": 0.477361118908321,
      "answer_5": 0.4782093943996676,
      "answer_6": 0.45882623816142043
    },
    "query_2": {
      "answer_1": 0.5968552417610086,
      "answer_2": 0.8720210031150207,
      "answer_3": 0.6547036316923096,
      "answer_4": 0.5347918602825619,
      "answer_5": 0.4641645803458912,
      "answer_6": 0.58923402479592
    },
    "query_3": {
      "answer_1": 0.5675412635775796,
      "answer_2": 0.6016134462963589,
      "answer_3": 0.8397811495410629,
      "answer_4": 0.5390113912336303,
      "answer_5": 0.44940207157792145,
      "answer_6": 0.5345650247219464
    },
    "query_4": {
      "answer_1": 0.4728498689019016,
      "answer_2": 0.5270825664648192,
      "answer_3": 0.5786987696328098,
      "answer_4": 0.8160573378213813,
      "answer_5": 0.4616031847127166,
      "answer_6": 0.6289457078868196
    },
    "query_5": {
      "answer_1": 0.512196755521009,
      "answer_2": 0.4998065995895657,
      "answer_3": 0.47399880909539016,
      "answer_4": 0.5214117418296651,
      "answer_5": 0.8467725272799155,
      "answer_6": 0.46659691789121954
    },
    "query_6": {
      "answer_1": 0.4891535320469967,
      "answer_2": 0.6247722784723501,
      "answer_3": 0.6082966050134944,
      "answer_4": 0.6821451803551132,
      "answer_5": 0.45009680917552397,
      "answer_6": 0.8611446474667667
    }
  }
}