{
  "entity": "Napoleon Bonaparte",
  "cosine_similarities": {
    "query_1": {
      "answer_1": 0.8328992155657369,
      "answer_2": 0.5433402657800079,
      "answer_3": 0.5537337500498087,
      "answer_4": 0.4258815803028956,
      "answer_5": 0.5766814869730674,
      "answer_6": 0.4746806130747573
    },
    "query_2": {
      "answer_1": 0.5964081027257406,
      "answer_2": 0.8920369295978752,
      "answer_3": 0.6128645370572461,
      "answer_4": 0.46225877051184805,
      "answer_5": 0.5250157315594952,
      "answer_6": 0.616195694000749
    },
    "query_3": {
      "answer_1": 0.5268796707460421,
      "answer_2": 0.5414612906491574,
      "answer_3": 0.7655067324340179,
      "answer_4": 0.43757909972005044,
      "answer_5": 0.4526396945970177,
      "answer_6": 0.5040162431769184
    },
    "query_4": {
      "answer_1": 0.4546118734846722,
      "answer_2": 0.4786338575685738,
      "answer_3": 0.5533393931326632,
      "answer_4": 0.8727596528826636,
      "answer_5": 0.4497368583215961,
      "answer_6": 0.6077318205564645
    },
    "query_5": {
      "answer_1": 0.5405529428894017,
      "answer_2": 0.5130546509843795,
      "answer_3": 0.5078824529163497,
      "answer_4": 0.4487813269034791,
      "answer_5": 0.8762041120592193,
      "answer_6": 0.5162017397951263
    },
    "query_6": {
      "answer_1": 0.49769178720123314,
      "answer_2": 0.6230900037550617,
      "answer_3": 0.598497120195741,
      "answer_4": 0.603144944470109,
      "answer_5": 0.5111626976753396,
      "answer_6": 0.8264131454258569
    }
  }
}