{
  "entity": "Napoleon Bonaparte",
  "cosine_similarities": {
    "query_1": {
      "answer_1": 0.7135569729843433,
      "answer_2": 0.537447943210643,
      "answer_3": 0.5161957592362342,
      "answer_4": 0.4518344361782594,
      "answer_5": 0.5284563418074086,
      "answer_6": 0.49890438190116265
    },
    "query_2": {
      "answer_1": 0.548904648817727,
      "answer_2": 0.8883710986062294,
      "answer_3": 0.5880482258384008,
      "answer_4": 0.5417886461713274,
      "answer_5": 0.4891924205559406,
      "answer_6": 0.6117213730136799
    },
    "query_3": {
      "answer_1": 0.524459534416921,
      "answer_2": 0.5742369489871503,
      "answer_3": 0.7872602308598042,
      "answer_4": 0.510588375003852,
      "answer_5": 0.4383082823495755,
      "answer_6": 0.5225559000442682
    },
    "query_4": {
      "answer_1": 0.4969247374986473,
      "answer_2": 0.5063535311946894,
      "answer_3": 0.5248031223825154,
      "answer_4": 0.8025766230464988,
      "answer_5": 0.5013596160541146,
      "answer_6": 0.6426855009578482
    },
    "query_5": {
      "answer_1": 0.4759507638470978,
      "answer_2": 0.44803064826403005,
      "answer_3": 0.4094312221365484,
      "answer_4": 0.461845728322163,
      "answer_5": 0.8499397363640009,
      "answer_6": 0.5120732591825301
    },
    "query_6": {
      "answer_1": 0.5062812836135377,
      "answer_2": 0.6032498558159397,
      "answer_3": 0.4812209640083366,
      "answer_4": 0.6048481520425667,
      "answer_5": 0.5071033097567774,
      "answer_6": 0.8477966309400877
    }
  }
}