{
  "entity": "Napoleon Bonaparte",
  "cosine_similarities": {
    "query_1": {
      "answer_1": 0.851972554991475,
      "answer_2": 0.5559587222102866,
      "answer_3": 0.5396290241933014,
      "answer_4": 0.4595593071942381,
      "answer_5": 0.5085987079668985,
      "answer_6": 0.39418625228386106
    },
    "query_2": {
      "answer_1": 0.539110033515512,
      "answer_2": 0.8867495425883707,
      "answer_3": 0.6606152005574868,
      "answer_4": 0.5231489338203462,
      "answer_5": 0.44390770602905866,
      "answer_6": 0.39086526902438196
    },
    "query_3": {
      "answer_1": 0.4912760072706755,
      "answer_2": 0.5559116659556543,
      "answer_3": 0.8730079136226122,
      "answer_4": 0.49243571729642466,
      "answer_5": 0.39738289516478903,
      "answer_6": 0.35531028532814707
    },
    "query_4": {
      "answer_1": 0.4962311224645988,
      "answer_2": 0.5334866384733221,
      "answer_3": 0.5364719960678908,
      "answer_4": 0.780195015696838,
      "answer_5": 0.4713097171422432,
      "answer_6": 0.4872266785212024
    },
    "query_5": {
      "answer_1": 0.46444397768967727,
      "answer_2": 0.4416415868945439,
      "answer_3": 0.4229487944157376,
      "answer_4": 0.4803571779087823,
      "answer_5": 0.8266612142744904,
      "answer_6": 0.3332534767362093
    },
    "query_6": {
      "answer_1": 0.438389661797704,
      "answer_2": 0.4556269707431654,
      "answer_3": 0.41689526584805553,
      "answer_4": 0.6472971573569036,
      "answer_5": 0.4106045931951272,
      "answer_6": 0.844616731996042
    }
  }
}