{
  "entity": "George Washington",
  "cosine_similarities": {
    "query_1": {
      "answer_1": 0.9395664392790949,
      "answer_2": 0.8735075528835144,
      "answer_3": 0.867334071018198,
      "answer_4": 0.8350479779642095,
      "answer_5": 0.858431593136205,
      "answer_6": 0.8317317780395003
    },
    "query_2": {
      "answer_1": 0.8741977555629826,
      "answer_2": 0.9521677348101786,
      "answer_3": 0.8958032270763023,
      "answer_4": 0.8372899104936526,
      "answer_5": 0.8439816867297145,
      "answer_6": 0.838909485491438
    },
    "query_3": {
      "answer_1": 0.8507224081104371,
      "answer_2": 0.8432718666553841,
      "answer_3": 0.9070515597097351,
      "answer_4": 0.8575835115604458,
      "answer_5": 0.830804270633566,
      "answer_6": 0.8236332884037992
    },
    "query_4": {
      "answer_1": 0.8295669331958264,
      "answer_2": 0.818884608346698,
      "answer_3": 0.8594572261526334,
      "answer_4": 0.9171753798988108,
      "answer_5": 0.8258219399715804,
      "answer_6": 0.8127544815264766
    },
    "query_5": {
      "answer_1": 0.8611593635586884,
      "answer_2": 0.8451061885988883,
      "answer_3": 0.838473598607821,
      "answer_4": 0.8233304536648647,
      "answer_5": 0.9364285654512225,
      "answer_6": 0.8351674495534279
    },
    "query_6": {
      "answer_1": 0.8462310523411067,
      "answer_2": 0.8412656089852163,
      "answer_3": 0.8281113020809188,
      "answer_4": 0.8268768765220571,
      "answer_5": 0.844993512262675,
      "answer_6": 0.9104334213283783
    }
  }
}