{
  "entity": "George Washington",
  "cosine_similarities": {
    "query_1": {
      "answer_1": 0.9200033053526563,
      "answer_2": 0.8736336687286779,
      "answer_3": 0.8681754747680449,
      "answer_4": 0.8408212321068519,
      "answer_5": 0.8736660061443253,
      "answer_6": 0.8327128104845721
    },
    "query_2": {
      "answer_1": 0.8730904189246678,
      "answer_2": 0.9435117702148396,
      "answer_3": 0.8795465669923525,
      "answer_4": 0.8505751700198557,
      "answer_5": 0.8639026896275004,
      "answer_6": 0.835062006132968
    },
    "query_3": {
      "answer_1": 0.8621867392206362,
      "answer_2": 0.8609764911215665,
      "answer_3": 0.9148212844806862,
      "answer_4": 0.8559711050948078,
      "answer_5": 0.8590841586369516,
      "answer_6": 0.8254998118043465
    },
    "query_4": {
      "answer_1": 0.8532851545148098,
      "answer_2": 0.8466627893525682,
      "answer_3": 0.8584030020301497,
      "answer_4": 0.9158309059452203,
      "answer_5": 0.8637565958605761,
      "answer_6": 0.8464689269133404
    },
    "query_5": {
      "answer_1": 0.8703468659088606,
      "answer_2": 0.8656242846367473,
      "answer_3": 0.8552484778911528,
      "answer_4": 0.8474477012030011,
      "answer_5": 0.9374849051994348,
      "answer_6": 0.8378497145856557
    },
    "query_6": {
      "answer_1": 0.8490353392261235,
      "answer_2": 0.8590534382962979,
      "answer_3": 0.8413905264951955,
      "answer_4": 0.8585451959721704,
      "answer_5": 0.8655052310935478,
      "answer_6": 0.902972894404279
    }
  }
}