{
  "entity": "George Washington",
  "cosine_similarities": {
    "query_1": {
      "answer_1": 0.9462182306985385,
      "answer_2": 0.873484790471005,
      "answer_3": 0.8526591765631756,
      "answer_4": 0.8489805457791318,
      "answer_5": 0.8604098287544267,
      "answer_6": 0.8638510503977184
    },
    "query_2": {
      "answer_1": 0.8848310925029377,
      "answer_2": 0.9479663694086098,
      "answer_3": 0.8626421179141416,
      "answer_4": 0.8621108697774317,
      "answer_5": 0.8522974695782568,
      "answer_6": 0.8598659682281278
    },
    "query_3": {
      "answer_1": 0.8502105394488217,
      "answer_2": 0.8393857605277757,
      "answer_3": 0.8883753669895699,
      "answer_4": 0.8698459004936375,
      "answer_5": 0.8352736308595604,
      "answer_6": 0.8322632221590627
    },
    "query_4": {
      "answer_1": 0.8735188176022515,
      "answer_2": 0.8599574564446208,
      "answer_3": 0.8647507261762878,
      "answer_4": 0.9341325832043079,
      "answer_5": 0.8880420801691465,
      "answer_6": 0.8854077254775853
    },
    "query_5": {
      "answer_1": 0.8821934071613099,
      "answer_2": 0.8546972541605466,
      "answer_3": 0.8364868090861501,
      "answer_4": 0.8745728885875813,
      "answer_5": 0.9302092467344958,
      "answer_6": 0.8837508986655354
    },
    "query_6": {
      "answer_1": 0.8672833803256365,
      "answer_2": 0.8404236832154185,
      "answer_3": 0.8267367910997273,
      "answer_4": 0.8593666919121926,
      "answer_5": 0.8681820649602403,
      "answer_6": 0.9250487605830384
    }
  }
}