{
  "entity": "George Washington",
  "cosine_similarities": {
    "query_1": {
      "answer_1": 0.9283898172355279,
      "answer_2": 0.8795206369652042,
      "answer_3": 0.8411762448228279,
      "answer_4": 0.848989785827849,
      "answer_5": 0.8741396096851989,
      "answer_6": 0.8479891748804325
    },
    "query_2": {
      "answer_1": 0.8827873868792783,
      "answer_2": 0.9486725242542757,
      "answer_3": 0.8549958047202896,
      "answer_4": 0.8596973355536737,
      "answer_5": 0.8610935072717162,
      "answer_6": 0.8493945897565431
    },
    "query_3": {
      "answer_1": 0.8525677479660957,
      "answer_2": 0.8420041675952246,
      "answer_3": 0.9081984922142836,
      "answer_4": 0.8594800205066078,
      "answer_5": 0.8329341362889094,
      "answer_6": 0.8203801220100826
    },
    "query_4": {
      "answer_1": 0.876412042595299,
      "answer_2": 0.8663153471697136,
      "answer_3": 0.867494854420629,
      "answer_4": 0.9365785135569779,
      "answer_5": 0.8920552232625553,
      "answer_6": 0.8674404721467839
    },
    "query_5": {
      "answer_1": 0.883712247792269,
      "answer_2": 0.8629010102550769,
      "answer_3": 0.8298243926837825,
      "answer_4": 0.8693704654919766,
      "answer_5": 0.9476510252119178,
      "answer_6": 0.8642128120744343
    },
    "query_6": {
      "answer_1": 0.8449770748071367,
      "answer_2": 0.8376416854292609,
      "answer_3": 0.8070422950077568,
      "answer_4": 0.8346712816745214,
      "answer_5": 0.84804615530789,
      "answer_6": 0.9155767601826981
    }
  }
}