{
  "entity": "George Washington",
  "cosine_similarities": {
    "query_1": {
      "answer_1": 0.9397726825693645,
      "answer_2": 0.8792332116595851,
      "answer_3": 0.8705967043098808,
      "answer_4": 0.832595202272654,
      "answer_5": 0.8706246258003641,
      "answer_6": 0.8520248134816022
    },
    "query_2": {
      "answer_1": 0.8719834054880959,
      "answer_2": 0.9443916316261025,
      "answer_3": 0.8706563541363973,
      "answer_4": 0.8366704923859719,
      "answer_5": 0.8499629237301739,
      "answer_6": 0.84365393886793
    },
    "query_3": {
      "answer_1": 0.8662820326898856,
      "answer_2": 0.8716215383450504,
      "answer_3": 0.9166947880688555,
      "answer_4": 0.8579731856432515,
      "answer_5": 0.8647463551744112,
      "answer_6": 0.8577553079846375
    },
    "query_4": {
      "answer_1": 0.8427722768705493,
      "answer_2": 0.8372059010439491,
      "answer_3": 0.8531783969120595,
      "answer_4": 0.8920221515792257,
      "answer_5": 0.8537735054616044,
      "answer_6": 0.8678349932103829
    },
    "query_5": {
      "answer_1": 0.8762651492186496,
      "answer_2": 0.8559296311110208,
      "answer_3": 0.8640412459972213,
      "answer_4": 0.838404897358938,
      "answer_5": 0.9370521890818364,
      "answer_6": 0.8635716883468696
    },
    "query_6": {
      "answer_1": 0.8458227742402151,
      "answer_2": 0.8348052345248211,
      "answer_3": 0.8375992011542557,
      "answer_4": 0.8465974304909492,
      "answer_5": 0.8584489069418142,
      "answer_6": 0.9209523958782424
    }
  }
}