{
  "entity": "George Washington",
  "cosine_similarities": {
    "query_1": {
      "answer_1": 0.9217846956477689,
      "answer_2": 0.8878796604830484,
      "answer_3": 0.8694505206523918,
      "answer_4": 0.8317870841218123,
      "answer_5": 0.877216499250332,
      "answer_6": 0.8334321488424535
    },
    "query_2": {
      "answer_1": 0.8746968049250419,
      "answer_2": 0.9443148247358422,
      "answer_3": 0.8784116697357728,
      "answer_4": 0.8442481704060057,
      "answer_5": 0.8631631904849679,
      "answer_6": 0.8358909943511822
    },
    "query_3": {
      "answer_1": 0.858778337006457,
      "answer_2": 0.8709126759912211,
      "answer_3": 0.9173260864430528,
      "answer_4": 0.8490034424182249,
      "answer_5": 0.8670921307340139,
      "answer_6": 0.8352714465386519
    },
    "query_4": {
      "answer_1": 0.8486926778150106,
      "answer_2": 0.8482897402272737,
      "answer_3": 0.8536142349371367,
      "answer_4": 0.9083075747605156,
      "answer_5": 0.8630954259605625,
      "answer_6": 0.8547222136812
    },
    "query_5": {
      "answer_1": 0.8690207645471201,
      "answer_2": 0.8712438470033435,
      "answer_3": 0.8557208659538895,
      "answer_4": 0.8374306319169358,
      "answer_5": 0.9397967368003273,
      "answer_6": 0.8411671110345925
    },
    "query_6": {
      "answer_1": 0.847335195127165,
      "answer_2": 0.8574825278524268,
      "answer_3": 0.8455207148277843,
      "answer_4": 0.8427637115240445,
      "answer_5": 0.8631596537065214,
      "answer_6": 0.9027621208180265
    }
  }
}