{
  "entity": "George Washington",
  "cosine_similarities": {
    "query_1": {
      "answer_1": 0.9269891866735873,
      "answer_2": 0.8892153500021587,
      "answer_3": 0.8614998075709023,
      "answer_4": 0.8320636217004947,
      "answer_5": 0.8665077555593462,
      "answer_6": 0.8602230201491811
    },
    "query_2": {
      "answer_1": 0.8732581956936879,
      "answer_2": 0.940065240559143,
      "answer_3": 0.8638087187241302,
      "answer_4": 0.8486370398100598,
      "answer_5": 0.8639172527395559,
      "answer_6": 0.8565512605424334
    },
    "query_3": {
      "answer_1": 0.8450257267235985,
      "answer_2": 0.856907606609534,
      "answer_3": 0.9080530592484406,
      "answer_4": 0.8486369376925029,
      "answer_5": 0.8479379122175521,
      "answer_6": 0.8514020264513052
    },
    "query_4": {
      "answer_1": 0.8364611506330244,
      "answer_2": 0.8427205858716861,
      "answer_3": 0.8549724258415893,
      "answer_4": 0.9097457787702428,
      "answer_5": 0.8577194227860504,
      "answer_6": 0.8682097226124862
    },
    "query_5": {
      "answer_1": 0.8706592324347675,
      "answer_2": 0.8750253370907205,
      "answer_3": 0.8467993668975942,
      "answer_4": 0.8440557271164777,
      "answer_5": 0.9277878468041789,
      "answer_6": 0.8745936732183045
    },
    "query_6": {
      "answer_1": 0.8505583269383891,
      "answer_2": 0.846002423089728,
      "answer_3": 0.8337391623431212,
      "answer_4": 0.8407044562039285,
      "answer_5": 0.8590868219910992,
      "answer_6": 0.9269397751869419
    }
  }
}