{
  "entity": "George Washington",
  "cosine_similarities": {
    "query_1": {
      "answer_1": 0.9084330914206619,
      "answer_2": 0.87661786945889,
      "answer_3": 0.8619060746510729,
      "answer_4": 0.8323561536399195,
      "answer_5": 0.8801563778307439,
      "answer_6": 0.8626202276610343
    },
    "query_2": {
      "answer_1": 0.8777500802857269,
      "answer_2": 0.956954083963821,
      "answer_3": 0.8724901921970101,
      "answer_4": 0.8521744750740476,
      "answer_5": 0.8612935183721315,
      "answer_6": 0.8632343264640274
    },
    "query_3": {
      "answer_1": 0.8683823289609969,
      "answer_2": 0.8580746912087152,
      "answer_3": 0.9449545728384138,
      "answer_4": 0.854742279213413,
      "answer_5": 0.8549052881441008,
      "answer_6": 0.8588057079101457
    },
    "query_4": {
      "answer_1": 0.8601477806101827,
      "answer_2": 0.8573275796079463,
      "answer_3": 0.8580946809884407,
      "answer_4": 0.8879753738663597,
      "answer_5": 0.8631200320295912,
      "answer_6": 0.8807983493376498
    },
    "query_5": {
      "answer_1": 0.8836351824051034,
      "answer_2": 0.8672504858190035,
      "answer_3": 0.8518355982917899,
      "answer_4": 0.8455450127731862,
      "answer_5": 0.9374442461590696,
      "answer_6": 0.8777253035772864
    },
    "query_6": {
      "answer_1": 0.8750378938850539,
      "answer_2": 0.8649214017579493,
      "answer_3": 0.8499959933314561,
      "answer_4": 0.8643800363763443,
      "answer_5": 0.8794269289127281,
      "answer_6": 0.9085154421667954
    }
  }
}