{
  "entity": "George Washington",
  "cosine_similarities": {
    "query_1": {
      "answer_1": 0.9095629203485359,
      "answer_2": 0.86701813577713,
      "answer_3": 0.8769080507224162,
      "answer_4": 0.8362014925551109,
      "answer_5": 0.8420085640932888,
      "answer_6": 0.8528197767879027
    },
    "query_2": {
      "answer_1": 0.8793446618007553,
      "answer_2": 0.95685543880007,
      "answer_3": 0.9046085351759244,
      "answer_4": 0.8448698723198516,
      "answer_5": 0.8531522022619227,
      "answer_6": 0.8495903806058569
    },
    "query_3": {
      "answer_1": 0.8654871838626472,
      "answer_2": 0.8457555588614428,
      "answer_3": 0.8998687681756303,
      "answer_4": 0.8552080750239349,
      "answer_5": 0.8317148641325431,
      "answer_6": 0.8376359725284243
    },
    "query_4": {
      "answer_1": 0.8538246275395311,
      "answer_2": 0.8391608667901779,
      "answer_3": 0.8519509605971051,
      "answer_4": 0.9061382793192959,
      "answer_5": 0.8520936999535471,
      "answer_6": 0.8685883679287809
    },
    "query_5": {
      "answer_1": 0.8604499609612625,
      "answer_2": 0.8535712908593512,
      "answer_3": 0.8578989051312734,
      "answer_4": 0.8604870742277876,
      "answer_5": 0.9170165322282089,
      "answer_6": 0.8612310942968634
    },
    "query_6": {
      "answer_1": 0.8490137482901983,
      "answer_2": 0.8360163945908906,
      "answer_3": 0.8328409954799766,
      "answer_4": 0.8524972136939571,
      "answer_5": 0.8382776736518784,
      "answer_6": 0.8983246757983725
    }
  }
}