{
  "entity": "George Washington",
  "cosine_similarities": {
    "query_1": {
      "answer_1": 0.9364072502296664,
      "answer_2": 0.8865387473052838,
      "answer_3": 0.8678578609924972,
      "answer_4": 0.826018221801577,
      "answer_5": 0.8480746582289205,
      "answer_6": 0.8588991972892825
    },
    "query_2": {
      "answer_1": 0.8907335642482842,
      "answer_2": 0.9531404166495299,
      "answer_3": 0.892627722767025,
      "answer_4": 0.8384404083101288,
      "answer_5": 0.8405434772437046,
      "answer_6": 0.8514587503787638
    },
    "query_3": {
      "answer_1": 0.8610340331266233,
      "answer_2": 0.8516288915825448,
      "answer_3": 0.9095456259669649,
      "answer_4": 0.856390845753563,
      "answer_5": 0.8384646452896368,
      "answer_6": 0.8496103568517288
    },
    "query_4": {
      "answer_1": 0.8321827251211754,
      "answer_2": 0.832503246753328,
      "answer_3": 0.8625531127196099,
      "answer_4": 0.9053117798339904,
      "answer_5": 0.8284962951488676,
      "answer_6": 0.8511514999725748
    },
    "query_5": {
      "answer_1": 0.8591199643029535,
      "answer_2": 0.8542698254457148,
      "answer_3": 0.847916128748995,
      "answer_4": 0.8248606968665604,
      "answer_5": 0.9122943059500243,
      "answer_6": 0.846186953070759
    },
    "query_6": {
      "answer_1": 0.8538482151302659,
      "answer_2": 0.8378768296995648,
      "answer_3": 0.8223625663081721,
      "answer_4": 0.815271224472954,
      "answer_5": 0.8240161628223392,
      "answer_6": 0.9108855045923723
    }
  }
}