{
  "entity": "George Washington",
  "cosine_similarities": {
    "query_1": {
      "answer_1": 0.9247041952185492,
      "answer_2": 0.876595206893431,
      "answer_3": 0.8601703493238487,
      "answer_4": 0.8386545971141222,
      "answer_5": 0.8695948502447914,
      "answer_6": 0.8698862626601039
    },
    "query_2": {
      "answer_1": 0.8855422526204259,
      "answer_2": 0.9438570673500905,
      "answer_3": 0.875745037383394,
      "answer_4": 0.8532719943469074,
      "answer_5": 0.8510734664294665,
      "answer_6": 0.8710261584902927
    },
    "query_3": {
      "answer_1": 0.8617482944958951,
      "answer_2": 0.848566195019075,
      "answer_3": 0.9190656987855319,
      "answer_4": 0.8636116838577395,
      "answer_5": 0.837659572455305,
      "answer_6": 0.8743125692290382
    },
    "query_4": {
      "answer_1": 0.8551849112347043,
      "answer_2": 0.8437588725927317,
      "answer_3": 0.8515729377942061,
      "answer_4": 0.8931678626590812,
      "answer_5": 0.8335365107163256,
      "answer_6": 0.8830610317156689
    },
    "query_5": {
      "answer_1": 0.862567770845415,
      "answer_2": 0.8530003903234906,
      "answer_3": 0.8350102793994536,
      "answer_4": 0.8363969174200716,
      "answer_5": 0.9427086673315224,
      "answer_6": 0.8563478087612041
    },
    "query_6": {
      "answer_1": 0.8790904826858347,
      "answer_2": 0.858003578451091,
      "answer_3": 0.8472575820195547,
      "answer_4": 0.8677494378856613,
      "answer_5": 0.8553152734543238,
      "answer_6": 0.921623023795544
    }
  }
}