{
  "entity": "George Washington",
  "cosine_similarities": {
    "query_1": {
      "answer_1": 0.9287551290022432,
      "answer_2": 0.8639694062279328,
      "answer_3": 0.8620212074538969,
      "answer_4": 0.8333078262971579,
      "answer_5": 0.8762267384317429,
      "answer_6": 0.8493185801959571
    },
    "query_2": {
      "answer_1": 0.8800090476560603,
      "answer_2": 0.939342570689412,
      "answer_3": 0.873881352691601,
      "answer_4": 0.846950458163627,
      "answer_5": 0.8513538841231287,
      "answer_6": 0.8523639806892508
    },
    "query_3": {
      "answer_1": 0.8506149040920241,
      "answer_2": 0.8406141467911173,
      "answer_3": 0.9183677231683689,
      "answer_4": 0.8269545224613555,
      "answer_5": 0.8118790303593727,
      "answer_6": 0.8203819392172371
    },
    "query_4": {
      "answer_1": 0.8482265319099953,
      "answer_2": 0.8444547252312126,
      "answer_3": 0.8351481886133565,
      "answer_4": 0.9024566085152594,
      "answer_5": 0.8535956382472735,
      "answer_6": 0.854166600857528
    },
    "query_5": {
      "answer_1": 0.8449594178220798,
      "answer_2": 0.8399055104569263,
      "answer_3": 0.8216622316597001,
      "answer_4": 0.8234910159011017,
      "answer_5": 0.9463017377251506,
      "answer_6": 0.8493511645195507
    },
    "query_6": {
      "answer_1": 0.8526630062477926,
      "answer_2": 0.8375841644023148,
      "answer_3": 0.8262287258671333,
      "answer_4": 0.8368075467397798,
      "answer_5": 0.8497203548265859,
      "answer_6": 0.9016857244112241
    }
  }
}