{
  "entity": "George Washington",
  "cosine_similarities": {
    "query_1": {
      "answer_1": 0.9172305286385002,
      "answer_2": 0.8882005098219716,
      "answer_3": 0.8666994040905026,
      "answer_4": 0.8339297142406951,
      "answer_5": 0.8762195638363102,
      "answer_6": 0.8558657641064675
    },
    "query_2": {
      "answer_1": 0.8717937242598433,
      "answer_2": 0.9285226878603913,
      "answer_3": 0.8716853809003947,
      "answer_4": 0.8458718334670522,
      "answer_5": 0.8601981568260296,
      "answer_6": 0.868237065889178
    },
    "query_3": {
      "answer_1": 0.8586780146305076,
      "answer_2": 0.866334924610248,
      "answer_3": 0.9118622445203608,
      "answer_4": 0.8454925660664943,
      "answer_5": 0.8621459923125258,
      "answer_6": 0.8639258424944517
    },
    "query_4": {
      "answer_1": 0.8523587535071403,
      "answer_2": 0.8453935837767482,
      "answer_3": 0.8551004448270596,
      "answer_4": 0.8971597668632466,
      "answer_5": 0.8603225499515073,
      "answer_6": 0.8690062205849898
    },
    "query_5": {
      "answer_1": 0.8711283365144449,
      "answer_2": 0.8671382072110209,
      "answer_3": 0.8506933195581072,
      "answer_4": 0.8394011928598996,
      "answer_5": 0.9348555856100975,
      "answer_6": 0.8613186065453687
    },
    "query_6": {
      "answer_1": 0.847758464143917,
      "answer_2": 0.8570275759433823,
      "answer_3": 0.8353112693324624,
      "answer_4": 0.8525385243250817,
      "answer_5": 0.8647621657633536,
      "answer_6": 0.9140311019639061
    }
  }
}