{
  "entity": "George Washington",
  "cosine_similarities": {
    "query_1": {
      "answer_1": 0.9251691971563272,
      "answer_2": 0.8891926546318819,
      "answer_3": 0.8716976777252379,
      "answer_4": 0.8417149825570217,
      "answer_5": 0.8689672579463572,
      "answer_6": 0.8310011541985217
    },
    "query_2": {
      "answer_1": 0.8749822997188593,
      "answer_2": 0.9408330419436318,
      "answer_3": 0.8817251622032855,
      "answer_4": 0.8548709981070974,
      "answer_5": 0.8545759050247067,
      "answer_6": 0.8341319158109403
    },
    "query_3": {
      "answer_1": 0.8651875906515952,
      "answer_2": 0.8753588463311471,
      "answer_3": 0.9117148475909794,
      "answer_4": 0.8584295185119595,
      "answer_5": 0.8593487687953005,
      "answer_6": 0.8365759470986649
    },
    "query_4": {
      "answer_1": 0.8577599169291891,
      "answer_2": 0.8519544781541486,
      "answer_3": 0.8558499054525424,
      "answer_4": 0.909095132376044,
      "answer_5": 0.8600521162598302,
      "answer_6": 0.8579675969507913
    },
    "query_5": {
      "answer_1": 0.8788843743366288,
      "answer_2": 0.8706555977009608,
      "answer_3": 0.8556921803010746,
      "answer_4": 0.8489889963759063,
      "answer_5": 0.9293379123145844,
      "answer_6": 0.8343658336488724
    },
    "query_6": {
      "answer_1": 0.8563766943005569,
      "answer_2": 0.8625947587817843,
      "answer_3": 0.8377793476907971,
      "answer_4": 0.8559338131797616,
      "answer_5": 0.8570851997143052,
      "answer_6": 0.9116969753889002
    }
  }
}