{
  "entity": "George Washington",
  "cosine_similarities": {
    "query_1": {
      "answer_1": 0.9290466043291266,
      "answer_2": 0.8843515782651198,
      "answer_3": 0.8686282121906189,
      "answer_4": 0.8391852127930537,
      "answer_5": 0.8766630776793178,
      "answer_6": 0.8580218978602017
    },
    "query_2": {
      "answer_1": 0.8750640452084305,
      "answer_2": 0.9430141311898775,
      "answer_3": 0.8682313081295837,
      "answer_4": 0.8512762762763462,
      "answer_5": 0.8657039804861137,
      "answer_6": 0.8623596489897195
    },
    "query_3": {
      "answer_1": 0.8754034976309242,
      "answer_2": 0.8805700305349344,
      "answer_3": 0.909781488762746,
      "answer_4": 0.8657056788345551,
      "answer_5": 0.8695545309668851,
      "answer_6": 0.8640298007255889
    },
    "query_4": {
      "answer_1": 0.8620483790115655,
      "answer_2": 0.8485419529544191,
      "answer_3": 0.8538485526775672,
      "answer_4": 0.8980576037767927,
      "answer_5": 0.8583737608199424,
      "answer_6": 0.872443319019796
    },
    "query_5": {
      "answer_1": 0.8789667169946931,
      "answer_2": 0.8773757833554741,
      "answer_3": 0.8571196705536899,
      "answer_4": 0.8491760516788739,
      "answer_5": 0.9341209884758418,
      "answer_6": 0.8690846498491871
    },
    "query_6": {
      "answer_1": 0.8619680200164613,
      "answer_2": 0.8457615890705807,
      "answer_3": 0.8376870324082635,
      "answer_4": 0.8522487920535146,
      "answer_5": 0.8650917298968497,
      "answer_6": 0.9138615795696461
    }
  }
}