{
  "entity": "George Washington",
  "cosine_similarities": {
    "query_1": {
      "answer_1": 0.9368932041485344,
      "answer_2": 0.8681145230114646,
      "answer_3": 0.8628397665174936,
      "answer_4": 0.8296849309990918,
      "answer_5": 0.8781155871361415,
      "answer_6": 0.8488286021860492
    },
    "query_2": {
      "answer_1": 0.8676081945539427,
      "answer_2": 0.9345557003846081,
      "answer_3": 0.8647972225375484,
      "answer_4": 0.8348584448052451,
      "answer_5": 0.8528445813023727,
      "answer_6": 0.8464915247647788
    },
    "query_3": {
      "answer_1": 0.8745040361946977,
      "answer_2": 0.8725102081478531,
      "answer_3": 0.9262550593536707,
      "answer_4": 0.8559391712828017,
      "answer_5": 0.86511007596062,
      "answer_6": 0.8554267454805328
    },
    "query_4": {
      "answer_1": 0.8524949039306675,
      "answer_2": 0.8358914419554255,
      "answer_3": 0.8591652341417972,
      "answer_4": 0.8854440757971715,
      "answer_5": 0.8535717959192325,
      "answer_6": 0.8645172732037425
    },
    "query_5": {
      "answer_1": 0.8804021538711315,
      "answer_2": 0.8536147715086452,
      "answer_3": 0.8586950673207502,
      "answer_4": 0.8397554783417155,
      "answer_5": 0.9411566374453647,
      "answer_6": 0.8725320766626311
    },
    "query_6": {
      "answer_1": 0.8521583633942547,
      "answer_2": 0.8305843341145143,
      "answer_3": 0.8396921480931474,
      "answer_4": 0.8413669794658986,
      "answer_5": 0.8570131647472434,
      "answer_6": 0.9116348965791088
    }
  }
}