{
  "entity": "George Washington",
  "cosine_similarities": {
    "query_1": {
      "answer_1": 0.9353325394590821,
      "answer_2": 0.8708115134413115,
      "answer_3": 0.859112016190229,
      "answer_4": 0.8263996392099205,
      "answer_5": 0.8710176789668119,
      "answer_6": 0.8574969577905875
    },
    "query_2": {
      "answer_1": 0.8648657748402501,
      "answer_2": 0.9393834461276995,
      "answer_3": 0.8665356563369833,
      "answer_4": 0.8273986098391508,
      "answer_5": 0.8487741916499363,
      "answer_6": 0.8486631367044428
    },
    "query_3": {
      "answer_1": 0.8571324986945851,
      "answer_2": 0.8677630434440899,
      "answer_3": 0.9156142342098609,
      "answer_4": 0.8510655222961818,
      "answer_5": 0.8665635578630577,
      "answer_6": 0.8581817978741827
    },
    "query_4": {
      "answer_1": 0.8369600542213558,
      "answer_2": 0.8386638535517188,
      "answer_3": 0.8486042120280414,
      "answer_4": 0.8866522451877124,
      "answer_5": 0.8564364140017667,
      "answer_6": 0.8654780890977916
    },
    "query_5": {
      "answer_1": 0.8674765521821488,
      "answer_2": 0.854492089240901,
      "answer_3": 0.8553173346755154,
      "answer_4": 0.831869870408335,
      "answer_5": 0.9318297535147473,
      "answer_6": 0.8685817613036593
    },
    "query_6": {
      "answer_1": 0.8400557487980715,
      "answer_2": 0.8339524233213047,
      "answer_3": 0.8305589288644382,
      "answer_4": 0.8332819582194781,
      "answer_5": 0.8581236087066985,
      "answer_6": 0.9124555969927777
    }
  }
}