{
  "entity": "George Washington",
  "cosine_similarities": {
    "query_1": {
      "answer_1": 0.9165800131851082,
      "answer_2": 0.8621468740981042,
      "answer_3": 0.8499900414727549,
      "answer_4": 0.8523034108847188,
      "answer_5": 0.8758309271946015,
      "answer_6": 0.8510636729470554
    },
    "query_2": {
      "answer_1": 0.8659453679279587,
      "answer_2": 0.9412905693074015,
      "answer_3": 0.8566791501697756,
      "answer_4": 0.8581546542587258,
      "answer_5": 0.8502676305813056,
      "answer_6": 0.8504905854201991
    },
    "query_3": {
      "answer_1": 0.8537226262474935,
      "answer_2": 0.8296748485924555,
      "answer_3": 0.8979803837700109,
      "answer_4": 0.8662588530535076,
      "answer_5": 0.8270044995326454,
      "answer_6": 0.8127909703530789
    },
    "query_4": {
      "answer_1": 0.8761639004708666,
      "answer_2": 0.8418217352571221,
      "answer_3": 0.8581672970908311,
      "answer_4": 0.9168991416493527,
      "answer_5": 0.8573332961057355,
      "answer_6": 0.8570905858588934
    },
    "query_5": {
      "answer_1": 0.85531531963874,
      "answer_2": 0.8354907202876191,
      "answer_3": 0.8135579364915135,
      "answer_4": 0.8346199932051794,
      "answer_5": 0.9383057186140715,
      "answer_6": 0.8399926747352838
    },
    "query_6": {
      "answer_1": 0.858883462617707,
      "answer_2": 0.8395435468061712,
      "answer_3": 0.8205281286418558,
      "answer_4": 0.8530699727083019,
      "answer_5": 0.8493508635327911,
      "answer_6": 0.8846770832703579
    }
  }
}