{
  "entity": "George Washington",
  "cosine_similarities": {
    "query_1": {
      "answer_1": 0.9424673731918976,
      "answer_2": 0.8756962748907394,
      "answer_3": 0.858652638966234,
      "answer_4": 0.8356318436738042,
      "answer_5": 0.8459604843976497,
      "answer_6": 0.8635241019232428
    },
    "query_2": {
      "answer_1": 0.8777924745132651,
      "answer_2": 0.9428912120886773,
      "answer_3": 0.8812889212480389,
      "answer_4": 0.841717262717551,
      "answer_5": 0.8481536987551563,
      "answer_6": 0.8538184508936741
    },
    "query_3": {
      "answer_1": 0.874635079420228,
      "answer_2": 0.886340619147653,
      "answer_3": 0.9454119529735956,
      "answer_4": 0.8420997361600289,
      "answer_5": 0.8296588248087692,
      "answer_6": 0.8389654985664542
    },
    "query_4": {
      "answer_1": 0.8469355881312369,
      "answer_2": 0.8277788632284844,
      "answer_3": 0.8331963116119728,
      "answer_4": 0.9182869626703776,
      "answer_5": 0.8363266385632266,
      "answer_6": 0.8665424617040797
    },
    "query_5": {
      "answer_1": 0.8598283214405803,
      "answer_2": 0.8534517717909618,
      "answer_3": 0.8296481505166695,
      "answer_4": 0.8347500328923932,
      "answer_5": 0.9169886730212088,
      "answer_6": 0.8550892376279094
    },
    "query_6": {
      "answer_1": 0.8590182619408011,
      "answer_2": 0.8455705755697662,
      "answer_3": 0.8287391266721339,
      "answer_4": 0.8493452453246906,
      "answer_5": 0.8398422020783873,
      "answer_6": 0.9127007326062266
    }
  }
}