{
  "entity": "George Washington",
  "cosine_similarities": {
    "query_1": {
      "answer_1": 0.9310098225730659,
      "answer_2": 0.8842901470119728,
      "answer_3": 0.8485759057797244,
      "answer_4": 0.8442537078312828,
      "answer_5": 0.8681146196303016,
      "answer_6": 0.850808879497149
    },
    "query_2": {
      "answer_1": 0.8733565244256856,
      "answer_2": 0.9422008564009346,
      "answer_3": 0.8734328787512281,
      "answer_4": 0.8553097930526938,
      "answer_5": 0.8535163570758152,
      "answer_6": 0.8550986406760085
    },
    "query_3": {
      "answer_1": 0.8445020624348567,
      "answer_2": 0.8662430907390689,
      "answer_3": 0.9142699168110636,
      "answer_4": 0.8437318187473732,
      "answer_5": 0.827356587940808,
      "answer_6": 0.8357720454859016
    },
    "query_4": {
      "answer_1": 0.8362720475979266,
      "answer_2": 0.8397739886472433,
      "answer_3": 0.8339887964788999,
      "answer_4": 0.9117940175977142,
      "answer_5": 0.8439855007945101,
      "answer_6": 0.8555745835100893
    },
    "query_5": {
      "answer_1": 0.8598379788476971,
      "answer_2": 0.8593958719847797,
      "answer_3": 0.8236621737018512,
      "answer_4": 0.8425297667457974,
      "answer_5": 0.9493366960438666,
      "answer_6": 0.8521598147112913
    },
    "query_6": {
      "answer_1": 0.856937151009008,
      "answer_2": 0.857085907643955,
      "answer_3": 0.8294835882580889,
      "answer_4": 0.8531705379197124,
      "answer_5": 0.8586562441480656,
      "answer_6": 0.916440975738195
    }
  }
}