{
  "entity": "George Washington",
  "cosine_similarities": {
    "query_1": {
      "answer_1": 0.9438912202904761,
      "answer_2": 0.8787813213348562,
      "answer_3": 0.8559976715928623,
      "answer_4": 0.8322835790079799,
      "answer_5": 0.8647507882207442,
      "answer_6": 0.8472777531396765
    },
    "query_2": {
      "answer_1": 0.881864027075031,
      "answer_2": 0.9507629038696139,
      "answer_3": 0.8701207020872975,
      "answer_4": 0.8424513778133131,
      "answer_5": 0.8551678275931976,
      "answer_6": 0.8490345165699204
    },
    "query_3": {
      "answer_1": 0.8648264498952931,
      "answer_2": 0.8689843477243057,
      "answer_3": 0.8962479750365036,
      "answer_4": 0.8461247695698635,
      "answer_5": 0.8587694057123803,
      "answer_6": 0.846816513089549
    },
    "query_4": {
      "answer_1": 0.850206698929937,
      "answer_2": 0.83962451202298,
      "answer_3": 0.8330157540935805,
      "answer_4": 0.8947114646227347,
      "answer_5": 0.8522708590197443,
      "answer_6": 0.864126651440968
    },
    "query_5": {
      "answer_1": 0.8807816099970549,
      "answer_2": 0.8636641282437925,
      "answer_3": 0.8475188985823493,
      "answer_4": 0.834166431658664,
      "answer_5": 0.931137344218841,
      "answer_6": 0.8548180251720896
    },
    "query_6": {
      "answer_1": 0.8580514073000659,
      "answer_2": 0.8529867471170595,
      "answer_3": 0.8332099454431651,
      "answer_4": 0.8458283967657201,
      "answer_5": 0.8574055083113167,
      "answer_6": 0.9228311915627646
    }
  }
}