{
  "entity": "George Washington",
  "cosine_similarities": {
    "query_1": {
      "answer_1": 0.9403967486910609,
      "answer_2": 0.8633467404667654,
      "answer_3": 0.8511724202032016,
      "answer_4": 0.8358255951571973,
      "answer_5": 0.8638978522951898,
      "answer_6": 0.8594186649166539
    },
    "query_2": {
      "answer_1": 0.8713084725525008,
      "answer_2": 0.939147233027136,
      "answer_3": 0.8612898530120825,
      "answer_4": 0.8453480241325567,
      "answer_5": 0.8512045795011388,
      "answer_6": 0.8517352249052583
    },
    "query_3": {
      "answer_1": 0.8428206985198418,
      "answer_2": 0.8301426189581288,
      "answer_3": 0.8862879800761166,
      "answer_4": 0.8372234399620099,
      "answer_5": 0.8189103944480371,
      "answer_6": 0.8336579560513172
    },
    "query_4": {
      "answer_1": 0.8546654407826905,
      "answer_2": 0.8437533327557838,
      "answer_3": 0.8582500602981078,
      "answer_4": 0.9084201232692886,
      "answer_5": 0.8662622808463527,
      "answer_6": 0.903300808441638
    },
    "query_5": {
      "answer_1": 0.8594403621042787,
      "answer_2": 0.8366891923498543,
      "answer_3": 0.8166481611083926,
      "answer_4": 0.8242023242275628,
      "answer_5": 0.9396560923487642,
      "answer_6": 0.8434061281586157
    },
    "query_6": {
      "answer_1": 0.8509283041425546,
      "answer_2": 0.8243144686022056,
      "answer_3": 0.8180807989834196,
      "answer_4": 0.8370506198498213,
      "answer_5": 0.8520202643957783,
      "answer_6": 0.9099194324082561
    }
  }
}