{
  "entity": "George Washington",
  "cosine_similarities": {
    "query_1": {
      "answer_1": 0.917487337407606,
      "answer_2": 0.8680204527165495,
      "answer_3": 0.8742656205406334,
      "answer_4": 0.8596191970902692,
      "answer_5": 0.8619151612913362,
      "answer_6": 0.8598831341862123
    },
    "query_2": {
      "answer_1": 0.8648954415632468,
      "answer_2": 0.9486458935301675,
      "answer_3": 0.8823061443185392,
      "answer_4": 0.8639359366860561,
      "answer_5": 0.8484921953953818,
      "answer_6": 0.8516425423493013
    },
    "query_3": {
      "answer_1": 0.8198835233681473,
      "answer_2": 0.8327895311469642,
      "answer_3": 0.9075176110355359,
      "answer_4": 0.8540404272278259,
      "answer_5": 0.8162864685664047,
      "answer_6": 0.8302985384474961
    },
    "query_4": {
      "answer_1": 0.8355425845715095,
      "answer_2": 0.8421442289603587,
      "answer_3": 0.8747108700679693,
      "answer_4": 0.9355890758322117,
      "answer_5": 0.8614637830726464,
      "answer_6": 0.8864060875159464
    },
    "query_5": {
      "answer_1": 0.8386109377195647,
      "answer_2": 0.8447220640547408,
      "answer_3": 0.8390716063151746,
      "answer_4": 0.8456420854632125,
      "answer_5": 0.9342159895309062,
      "answer_6": 0.851469541987564
    },
    "query_6": {
      "answer_1": 0.8340256538001046,
      "answer_2": 0.8276681149515002,
      "answer_3": 0.831835257881143,
      "answer_4": 0.8600455430015589,
      "answer_5": 0.8397017308479893,
      "answer_6": 0.9259293392793378
    }
  }
}