{
  "entity": "George Washington",
  "cosine_similarities": {
    "query_1": {
      "answer_1": 0.9050567567692609,
      "answer_2": 0.8672780247153378,
      "answer_3": 0.8521963571609933,
      "answer_4": 0.8231008020670441,
      "answer_5": 0.8668315937462893,
      "answer_6": 0.8525213336240212
    },
    "query_2": {
      "answer_1": 0.885787960182816,
      "answer_2": 0.9402307559383035,
      "answer_3": 0.8579222490435443,
      "answer_4": 0.8374493938755646,
      "answer_5": 0.8519551482513089,
      "answer_6": 0.8608808349434715
    },
    "query_3": {
      "answer_1": 0.8513147577493095,
      "answer_2": 0.8514343207168757,
      "answer_3": 0.9255537744150982,
      "answer_4": 0.8525052135503622,
      "answer_5": 0.8374047780587828,
      "answer_6": 0.8398211161232593
    },
    "query_4": {
      "answer_1": 0.83586128071615,
      "answer_2": 0.8364976483666515,
      "answer_3": 0.8534739124731894,
      "answer_4": 0.9100410228544513,
      "answer_5": 0.862360103760584,
      "answer_6": 0.8508430280226237
    },
    "query_5": {
      "answer_1": 0.8462158660478095,
      "answer_2": 0.8455750970190593,
      "answer_3": 0.8179133942257643,
      "answer_4": 0.8233768640494747,
      "answer_5": 0.9362670340659438,
      "answer_6": 0.8474605651430388
    },
    "query_6": {
      "answer_1": 0.8528806555984086,
      "answer_2": 0.8411773926027539,
      "answer_3": 0.8185939069584668,
      "answer_4": 0.8261950004663752,
      "answer_5": 0.8642310339662856,
      "answer_6": 0.9057302315450126
    }
  }
}