{
  "entity": "George Washington",
  "cosine_similarities": {
    "query_1": {
      "answer_1": 0.9274624880742388,
      "answer_2": 0.885802511177784,
      "answer_3": 0.8633296804673848,
      "answer_4": 0.834272534343327,
      "answer_5": 0.8723865576204712,
      "answer_6": 0.8572643345401766
    },
    "query_2": {
      "answer_1": 0.8784932321524568,
      "answer_2": 0.9438864136349329,
      "answer_3": 0.8743879697506542,
      "answer_4": 0.8467040425755394,
      "answer_5": 0.8597610230348017,
      "answer_6": 0.878033275264357
    },
    "query_3": {
      "answer_1": 0.8649292935250861,
      "answer_2": 0.8660439055102479,
      "answer_3": 0.9111929319562212,
      "answer_4": 0.8511004540974229,
      "answer_5": 0.8599255496075481,
      "answer_6": 0.8608717358416594
    },
    "query_4": {
      "answer_1": 0.8605957433467746,
      "answer_2": 0.8423801987522517,
      "answer_3": 0.8532038956766896,
      "answer_4": 0.9071415118164308,
      "answer_5": 0.8518933428186239,
      "answer_6": 0.8749033526007258
    },
    "query_5": {
      "answer_1": 0.8754102770960812,
      "answer_2": 0.8661954656384104,
      "answer_3": 0.8451479826434556,
      "answer_4": 0.8441306925068605,
      "answer_5": 0.9308718429743293,
      "answer_6": 0.8581495725726654
    },
    "query_6": {
      "answer_1": 0.8538717899530094,
      "answer_2": 0.8615278408915619,
      "answer_3": 0.8404765458722162,
      "answer_4": 0.8534739594932956,
      "answer_5": 0.8580644092548326,
      "answer_6": 0.9173851216264416
    }
  }
}