{
  "entity": "George Washington",
  "cosine_similarities": {
    "query_1": {
      "answer_1": 0.9174829904221538,
      "answer_2": 0.8829928235631934,
      "answer_3": 0.8747172478934669,
      "answer_4": 0.8362131228161225,
      "answer_5": 0.8820452601261639,
      "answer_6": 0.8528276518889687
    },
    "query_2": {
      "answer_1": 0.8670989967249394,
      "answer_2": 0.9458332879505528,
      "answer_3": 0.8797927039801647,
      "answer_4": 0.8433450618708391,
      "answer_5": 0.8687006141117449,
      "answer_6": 0.848770188778264
    },
    "query_3": {
      "answer_1": 0.8632655807839178,
      "answer_2": 0.86778376120671,
      "answer_3": 0.9073614707981392,
      "answer_4": 0.8517621967325216,
      "answer_5": 0.8743582866121357,
      "answer_6": 0.8412354196097878
    },
    "query_4": {
      "answer_1": 0.8530317178563673,
      "answer_2": 0.8442590336338746,
      "answer_3": 0.8475539899849951,
      "answer_4": 0.913589440292256,
      "answer_5": 0.8704464292089679,
      "answer_6": 0.8770311291790234
    },
    "query_5": {
      "answer_1": 0.8682894506234669,
      "answer_2": 0.8714332841763232,
      "answer_3": 0.849446503878278,
      "answer_4": 0.841625379249599,
      "answer_5": 0.9334550230329012,
      "answer_6": 0.8673630399165524
    },
    "query_6": {
      "answer_1": 0.8436298237768574,
      "answer_2": 0.8475132686192942,
      "answer_3": 0.8327595145234781,
      "answer_4": 0.8402156775748767,
      "answer_5": 0.8654916707344383,
      "answer_6": 0.9057845435214928
    }
  }
}