{
  "entity": "George Washington",
  "cosine_similarities": {
    "query_1": {
      "answer_1": 0.9274154119238309,
      "answer_2": 0.8618361312378442,
      "answer_3": 0.8563772083399912,
      "answer_4": 0.8117073358169625,
      "answer_5": 0.8430735256941639,
      "answer_6": 0.847337047913488
    },
    "query_2": {
      "answer_1": 0.8738766064150111,
      "answer_2": 0.9406954986715779,
      "answer_3": 0.8849837042916819,
      "answer_4": 0.8199040053098692,
      "answer_5": 0.8425635763895838,
      "answer_6": 0.8536654784339499
    },
    "query_3": {
      "answer_1": 0.842551109827661,
      "answer_2": 0.8422342996437302,
      "answer_3": 0.9117489647407854,
      "answer_4": 0.8440897502713219,
      "answer_5": 0.8267753462278529,
      "answer_6": 0.83816797258595
    },
    "query_4": {
      "answer_1": 0.8229105330204193,
      "answer_2": 0.8176164358189568,
      "answer_3": 0.8605770836229043,
      "answer_4": 0.9047778875590368,
      "answer_5": 0.8208868016052274,
      "answer_6": 0.8416216710460869
    },
    "query_5": {
      "answer_1": 0.8635806252159384,
      "answer_2": 0.8377730023485455,
      "answer_3": 0.8291746736966089,
      "answer_4": 0.80405871843089,
      "answer_5": 0.9237773395572495,
      "answer_6": 0.8543377742534987
    },
    "query_6": {
      "answer_1": 0.8382890041106283,
      "answer_2": 0.8377224261063301,
      "answer_3": 0.8228212261169644,
      "answer_4": 0.803492673043894,
      "answer_5": 0.8423402867215207,
      "answer_6": 0.8974794182243874
    }
  }
}