{
  "entity": "George Washington",
  "cosine_similarities": {
    "query_1": {
      "answer_1": 0.9345521116269871,
      "answer_2": 0.8560388162684114,
      "answer_3": 0.8652095604529696,
      "answer_4": 0.8492305243565184,
      "answer_5": 0.862276344183267,
      "answer_6": 0.8624852355096828
    },
    "query_2": {
      "answer_1": 0.884919930035737,
      "answer_2": 0.9280385735908147,
      "answer_3": 0.8765006015400822,
      "answer_4": 0.8581690207738578,
      "answer_5": 0.8555962258988409,
      "answer_6": 0.8624779732317702
    },
    "query_3": {
      "answer_1": 0.8422033984078766,
      "answer_2": 0.8175745002326604,
      "answer_3": 0.9014400724208786,
      "answer_4": 0.8579459547136874,
      "answer_5": 0.8398154555157592,
      "answer_6": 0.8305726324259758
    },
    "query_4": {
      "answer_1": 0.8702545100662669,
      "answer_2": 0.8389857029182066,
      "answer_3": 0.8892886500613677,
      "answer_4": 0.9345074654399189,
      "answer_5": 0.8930326414181096,
      "answer_6": 0.8859496726929299
    },
    "query_5": {
      "answer_1": 0.8766547393731059,
      "answer_2": 0.8424881051565073,
      "answer_3": 0.8579090690629828,
      "answer_4": 0.8681760382593301,
      "answer_5": 0.9294819520657814,
      "answer_6": 0.8791916966935766
    },
    "query_6": {
      "answer_1": 0.869391661972629,
      "answer_2": 0.829820252118502,
      "answer_3": 0.8393343348092488,
      "answer_4": 0.8520479081331055,
      "answer_5": 0.8670053984806748,
      "answer_6": 0.9151531047056117
    }
  }
}