{
  "entity": "George Washington",
  "cosine_similarities": {
    "query_1": {
      "answer_1": 0.9363360502901059,
      "answer_2": 0.8809947192976859,
      "answer_3": 0.8624029662395346,
      "answer_4": 0.8323165459783358,
      "answer_5": 0.8566387019759822,
      "answer_6": 0.8454069655422285
    },
    "query_2": {
      "answer_1": 0.8854660891763055,
      "answer_2": 0.9535406247011605,
      "answer_3": 0.8835185902170358,
      "answer_4": 0.8406784789845158,
      "answer_5": 0.8449587681532513,
      "answer_6": 0.8506730816694797
    },
    "query_3": {
      "answer_1": 0.8532281391503717,
      "answer_2": 0.8598330628293872,
      "answer_3": 0.9095367237791755,
      "answer_4": 0.8677119784628196,
      "answer_5": 0.840906452708811,
      "answer_6": 0.8279867592693163
    },
    "query_4": {
      "answer_1": 0.8280443826066646,
      "answer_2": 0.8314111420249014,
      "answer_3": 0.8643353333775212,
      "answer_4": 0.9278756429822366,
      "answer_5": 0.8323181798476055,
      "answer_6": 0.830324875709697
    },
    "query_5": {
      "answer_1": 0.8634569049659478,
      "answer_2": 0.8483306295751698,
      "answer_3": 0.8433279126542239,
      "answer_4": 0.8341184868508883,
      "answer_5": 0.9255811647313781,
      "answer_6": 0.8343685305999308
    },
    "query_6": {
      "answer_1": 0.8504882674870692,
      "answer_2": 0.8363209725336934,
      "answer_3": 0.8299135791084217,
      "answer_4": 0.8221839608794975,
      "answer_5": 0.8204790441421558,
      "answer_6": 0.8903943086435325
    }
  }
}