{
  "entity": "George Washington",
  "cosine_similarities": {
    "query_1": {
      "answer_1": 0.923224058975203,
      "answer_2": 0.8871001745556236,
      "answer_3": 0.8462294834465006,
      "answer_4": 0.8329795504081032,
      "answer_5": 0.8735121985669475,
      "answer_6": 0.8335064262909706
    },
    "query_2": {
      "answer_1": 0.8702118867483101,
      "answer_2": 0.9373881629268693,
      "answer_3": 0.8663545622562422,
      "answer_4": 0.843533181585731,
      "answer_5": 0.8633684945341751,
      "answer_6": 0.851446205939593
    },
    "query_3": {
      "answer_1": 0.8532221388101044,
      "answer_2": 0.875740060607719,
      "answer_3": 0.917630676605947,
      "answer_4": 0.8353205948695486,
      "answer_5": 0.8399120059762597,
      "answer_6": 0.8110238429849582
    },
    "query_4": {
      "answer_1": 0.8516475506591957,
      "answer_2": 0.8471350522421219,
      "answer_3": 0.825663474037563,
      "answer_4": 0.9079234742323611,
      "answer_5": 0.8457774598632177,
      "answer_6": 0.8437459829357605
    },
    "query_5": {
      "answer_1": 0.8678540781378848,
      "answer_2": 0.8588146242057173,
      "answer_3": 0.8137058520902579,
      "answer_4": 0.8341333220028383,
      "answer_5": 0.9288384025632073,
      "answer_6": 0.8352958108032902
    },
    "query_6": {
      "answer_1": 0.8551028636559006,
      "answer_2": 0.8602984622409682,
      "answer_3": 0.816468898351547,
      "answer_4": 0.856837878109006,
      "answer_5": 0.861816010588729,
      "answer_6": 0.895640888769349
    }
  }
}