{
  "entity": "George Washington",
  "cosine_similarities": {
    "query_1": {
      "answer_1": 0.9277833397017744,
      "answer_2": 0.8858559024163083,
      "answer_3": 0.8574389651409433,
      "answer_4": 0.8388637850946656,
      "answer_5": 0.8662396775774658,
      "answer_6": 0.859769445203729
    },
    "query_2": {
      "answer_1": 0.8755424864907312,
      "answer_2": 0.946629569271514,
      "answer_3": 0.8801600719918776,
      "answer_4": 0.8494201588914421,
      "answer_5": 0.8479168324457453,
      "answer_6": 0.8619084271737915
    },
    "query_3": {
      "answer_1": 0.8514272892654672,
      "answer_2": 0.8528270086117155,
      "answer_3": 0.9172462246962773,
      "answer_4": 0.8653651221565688,
      "answer_5": 0.8434291514385664,
      "answer_6": 0.8621785998778317
    },
    "query_4": {
      "answer_1": 0.8403306616000097,
      "answer_2": 0.8496819999206042,
      "answer_3": 0.8461170605521363,
      "answer_4": 0.9027111795364682,
      "answer_5": 0.834165627215314,
      "answer_6": 0.8756226775708456
    },
    "query_5": {
      "answer_1": 0.8563963504899922,
      "answer_2": 0.8527538841264238,
      "answer_3": 0.833143845456405,
      "answer_4": 0.8340078584981181,
      "answer_5": 0.9414125323077884,
      "answer_6": 0.8492836646173973
    },
    "query_6": {
      "answer_1": 0.8717788542231766,
      "answer_2": 0.860199055893194,
      "answer_3": 0.8461851531820056,
      "answer_4": 0.8719627628048017,
      "answer_5": 0.8544690714477299,
      "answer_6": 0.9201030554731183
    }
  }
}