{
  "entity": "George Washington",
  "cosine_similarities": {
    "query_1": {
      "answer_1": 0.9266428507280935,
      "answer_2": 0.8739448264268959,
      "answer_3": 0.8650691418527979,
      "answer_4": 0.8188744809501115,
      "answer_5": 0.868023897993421,
      "answer_6": 0.863479129396164
    },
    "query_2": {
      "answer_1": 0.8921887884021271,
      "answer_2": 0.9499269537897532,
      "answer_3": 0.8874764318495546,
      "answer_4": 0.831646836360549,
      "answer_5": 0.8509725870405873,
      "answer_6": 0.8589647026350075
    },
    "query_3": {
      "answer_1": 0.8559778264819827,
      "answer_2": 0.8596935297095651,
      "answer_3": 0.9105061947658465,
      "answer_4": 0.8599598454055193,
      "answer_5": 0.8558324240859442,
      "answer_6": 0.8536847246789177
    },
    "query_4": {
      "answer_1": 0.8355786662181119,
      "answer_2": 0.8363258558113712,
      "answer_3": 0.8672309822461146,
      "answer_4": 0.9198294497567729,
      "answer_5": 0.8447340303931565,
      "answer_6": 0.8519953313055233
    },
    "query_5": {
      "answer_1": 0.8562280952238446,
      "answer_2": 0.8504646505366472,
      "answer_3": 0.844867962278984,
      "answer_4": 0.8316078515575853,
      "answer_5": 0.9422436081069429,
      "answer_6": 0.8550044525216889
    },
    "query_6": {
      "answer_1": 0.8519613456390154,
      "answer_2": 0.8411342020084989,
      "answer_3": 0.8278697223192426,
      "answer_4": 0.8087062054654339,
      "answer_5": 0.8305508043005221,
      "answer_6": 0.9085138448933702
    }
  }
}