{
  "entity": "George Washington",
  "cosine_similarities": {
    "query_1": {
      "answer_1": 0.9133529398449571,
      "answer_2": 0.8780444096095656,
      "answer_3": 0.8580960716782633,
      "answer_4": 0.8423644809232399,
      "answer_5": 0.8685723016615597,
      "answer_6": 0.8554764255273383
    },
    "query_2": {
      "answer_1": 0.8937049717404476,
      "answer_2": 0.9462698204562194,
      "answer_3": 0.8642815775797812,
      "answer_4": 0.8569256263253275,
      "answer_5": 0.8590199456124888,
      "answer_6": 0.8586336493007287
    },
    "query_3": {
      "answer_1": 0.8478727729100938,
      "answer_2": 0.8413857511582394,
      "answer_3": 0.8955389924771421,
      "answer_4": 0.855455761671979,
      "answer_5": 0.8258813286810402,
      "answer_6": 0.8312582605366964
    },
    "query_4": {
      "answer_1": 0.8672951542855382,
      "answer_2": 0.861791383047244,
      "answer_3": 0.8831897423218538,
      "answer_4": 0.9138925694317613,
      "answer_5": 0.8868828387486837,
      "answer_6": 0.8742899696455801
    },
    "query_5": {
      "answer_1": 0.8639873888442031,
      "answer_2": 0.8580830349772742,
      "answer_3": 0.832452491980883,
      "answer_4": 0.8403226847732338,
      "answer_5": 0.9093531475615646,
      "answer_6": 0.8624620199504694
    },
    "query_6": {
      "answer_1": 0.8547827604637395,
      "answer_2": 0.8400007566193228,
      "answer_3": 0.8317605184923434,
      "answer_4": 0.8356840554250934,
      "answer_5": 0.8590195128782222,
      "answer_6": 0.9038757155558735
    }
  }
}