{
  "entity": "George Washington",
  "cosine_similarities": {
    "query_1": {
      "answer_1": 0.9113403828443707,
      "answer_2": 0.859893069130365,
      "answer_3": 0.8502723641315231,
      "answer_4": 0.8327256284472605,
      "answer_5": 0.8772088107893692,
      "answer_6": 0.8610651176148997
    },
    "query_2": {
      "answer_1": 0.8782950915171519,
      "answer_2": 0.9545919921699991,
      "answer_3": 0.864546130386683,
      "answer_4": 0.8414332973887961,
      "answer_5": 0.8577567057797458,
      "answer_6": 0.8713932979420382
    },
    "query_3": {
      "answer_1": 0.8573788971511934,
      "answer_2": 0.8564032953806664,
      "answer_3": 0.9380745379404845,
      "answer_4": 0.8735126706074269,
      "answer_5": 0.8548432863438152,
      "answer_6": 0.8806062572198244
    },
    "query_4": {
      "answer_1": 0.8587777291454847,
      "answer_2": 0.8534538972646637,
      "answer_3": 0.8525052955046292,
      "answer_4": 0.8955462847439434,
      "answer_5": 0.8525802028437001,
      "answer_6": 0.8642892433793722
    },
    "query_5": {
      "answer_1": 0.8527462862027088,
      "answer_2": 0.8489865337461169,
      "answer_3": 0.8343480341876959,
      "answer_4": 0.8278045476881144,
      "answer_5": 0.9383024842641372,
      "answer_6": 0.8655714367487193
    },
    "query_6": {
      "answer_1": 0.866613206416882,
      "answer_2": 0.8579268426046303,
      "answer_3": 0.854136320654204,
      "answer_4": 0.8604714393389171,
      "answer_5": 0.8729584309757641,
      "answer_6": 0.9118197139969852
    }
  }
}