{
  "entity": "George Washington",
  "cosine_similarities": {
    "query_1": {
      "answer_1": 0.9261566909814745,
      "answer_2": 0.8848554756172722,
      "answer_3": 0.8671709631156911,
      "answer_4": 0.8305498579321067,
      "answer_5": 0.8722370978048023,
      "answer_6": 0.8538987523114145
    },
    "query_2": {
      "answer_1": 0.8742960767259544,
      "answer_2": 0.9446257314592036,
      "answer_3": 0.8776434410556029,
      "answer_4": 0.8421461053124176,
      "answer_5": 0.8637318480164604,
      "answer_6": 0.850924049095869
    },
    "query_3": {
      "answer_1": 0.8599451503890062,
      "answer_2": 0.8595783626293938,
      "answer_3": 0.9114882472414445,
      "answer_4": 0.8401406051979573,
      "answer_5": 0.8615135339947582,
      "answer_6": 0.8425183677056568
    },
    "query_4": {
      "answer_1": 0.8506246064289626,
      "answer_2": 0.8409819177416321,
      "answer_3": 0.8550646904765723,
      "answer_4": 0.9049342698763009,
      "answer_5": 0.8624778949635824,
      "answer_6": 0.8814830851193487
    },
    "query_5": {
      "answer_1": 0.8703785009091747,
      "answer_2": 0.8662329378835856,
      "answer_3": 0.853155059946848,
      "answer_4": 0.8386674047835746,
      "answer_5": 0.9320520000359753,
      "answer_6": 0.8731239165282191
    },
    "query_6": {
      "answer_1": 0.8438602783735931,
      "answer_2": 0.8410611458693267,
      "answer_3": 0.8323839149140545,
      "answer_4": 0.8337596018786362,
      "answer_5": 0.8545227301241725,
      "answer_6": 0.9158568326372066
    }
  }
}