{
  "entity": "Abraham Lincoln",
  "scores": {
    "query_1": {
      "answer_1": 5.022501248654741,
      "answer_2": 2.5752914435094922,
      "answer_3": 3.109422150681827,
      "answer_4": 5.489980473801348,
      "answer_5": 3.510652674880964,
      "answer_6": 2.484774132341804
    },
    "query_2": {
      "answer_1": 2.841113506476266,
      "answer_2": 7.854796647190293,
      "answer_3": 2.6181664407660192,
      "answer_4": 2.6150403179217445,
      "answer_5": 1.7969053100197874,
      "answer_6": 1.3954992346075898
    },
    "query_3": {
      "answer_1": 5.6205923914077,
      "answer_2": 5.516208595455969,
      "answer_3": 11.181001061533461,
      "answer_4": 5.407869213879946,
      "answer_5": 3.537772549325311,
      "answer_6": 3.375861369858021
    },
    "query_4": {
      "answer_1": 2.4849107362542697,
      "answer_2": 1.8360795824712113,
      "answer_3": 2.449920545633243,
      "answer_4": 9.71723434284383,
      "answer_5": 1.0348000366236856,
      "answer_6": 2.5933008546529144
    },
    "query_5": {
      "answer_1": 3.0978934907222606,
      "answer_2": 2.760314870724881,
      "answer_3": 4.798393463014312,
      "answer_4": 2.4499710194406963,
      "answer_5": 6.5699750012869575,
      "answer_6": 2.5860944137727735
    },
    "query_6": {
      "answer_1": 4.427824727827899,
      "answer_2": 4.56160804242252,
      "answer_3": 4.263761565847521,
      "answer_4": 3.7207512666558893,
      "answer_5": 3.5383817343710913,
      "answer_6": 6.320741444831358
    }
  }
}