{
  "entity": "George Washington",
  "cosine_similarities": {
    "query_1": {
      "answer_1": 0.8929397017731132,
      "answer_2": 0.8303354393711108,
      "answer_3": 0.8467873635792756,
      "answer_4": 0.8572194271619824,
      "answer_5": 0.8830653374667367,
      "answer_6": 0.8395945827915721
    },
    "query_2": {
      "answer_1": 0.8683610052717393,
      "answer_2": 0.9036949031084078,
      "answer_3": 0.8322582520599718,
      "answer_4": 0.8350265424446922,
      "answer_5": 0.8514104759604453,
      "answer_6": 0.8655479808482093
    },
    "query_3": {
      "answer_1": 0.8675940465646368,
      "answer_2": 0.828427163516558,
      "answer_3": 0.9050062934872436,
      "answer_4": 0.8348504757204552,
      "answer_5": 0.84239962073804,
      "answer_6": 0.7972034229442544
    },
    "query_4": {
      "answer_1": 0.8427550793367695,
      "answer_2": 0.8167416891970057,
      "answer_3": 0.8190084740382598,
      "answer_4": 0.8876816017052195,
      "answer_5": 0.844796338569326,
      "answer_6": 0.8215798194362824
    },
    "query_5": {
      "answer_1": 0.892574451177241,
      "answer_2": 0.8345535077277315,
      "answer_3": 0.8297605276253903,
      "answer_4": 0.8528263844269083,
      "answer_5": 0.9282130806047607,
      "answer_6": 0.839457046876433
    },
    "query_6": {
      "answer_1": 0.8820139636387453,
      "answer_2": 0.8413703934602241,
      "answer_3": 0.8085432543620463,
      "answer_4": 0.8327986811970687,
      "answer_5": 0.864145331542221,
      "answer_6": 0.9238862715734644
    }
  }
}