{
  "entity": "Jeanne d'Arc",
  "similarities": {
    "query_1": {
      "query_1": 0.7656282831697129,
      "query_2": 0.7241435182929682,
      "query_3": 0.7634531661461064,
      "query_4": 0.7896303346091497,
      "query_5": 0.7741652520268237,
      "query_6": 0.7540081496593646
    },
    "query_2": {
      "query_1": 0.6685497685719809,
      "query_2": 0.8421836456075336,
      "query_3": 0.6898333712873151,
      "query_4": 0.7689915520882205,
      "query_5": 0.7188184432043215,
      "query_6": 0.6531612736526078
    },
    "query_3": {
      "query_1": 0.6040048101260606,
      "query_2": 0.6341465856877258,
      "query_3": 0.7745081888971361,
      "query_4": 0.6647882379917753,
      "query_5": 0.6992634422420781,
      "query_6": 0.6189773513569751
    },
    "query_4": {
      "query_1": 0.6113048219839654,
      "query_2": 0.6648615302330655,
      "query_3": 0.6648743988410671,
      "query_4": 0.7345396783987231,
      "query_5": 0.667516125557121,
      "query_6": 0.6312743397367162
    },
    "query_5": {
      "query_1": 0.6386466413081806,
      "query_2": 0.6626932739528266,
      "query_3": 0.6960720326665004,
      "query_4": 0.6857922351497531,
      "query_5": 0.7956956714048066,
      "query_6": 0.6179757608721751
    },
    "query_6": {
      "query_1": 0.7023385122463164,
      "query_2": 0.6959370052565377,
      "query_3": 0.7721346814518807,
      "query_4": 0.7056626598308607,
      "query_5": 0.7260546173680188,
      "query_6": 0.7793286835870818
    }
  }
}