{
  "entity": "Jeanne d'Arc",
  "similarities": {
    "query_1": {
      "query_1": 0.7968674212427457,
      "query_2": 0.7376542181834406,
      "query_3": 0.7949123458233339,
      "query_4": 0.8077368271094344,
      "query_5": 0.7573504982158272,
      "query_6": 0.7470472490682378
    },
    "query_2": {
      "query_1": 0.6908310351510849,
      "query_2": 0.7845927288673749,
      "query_3": 0.6916003640052526,
      "query_4": 0.7256685986595365,
      "query_5": 0.731029777541134,
      "query_6": 0.6493945283074342
    },
    "query_3": {
      "query_1": 0.6675624827018526,
      "query_2": 0.6345573465405312,
      "query_3": 0.7428310845718492,
      "query_4": 0.6917356639007538,
      "query_5": 0.6388100271788315,
      "query_6": 0.620364654728357
    },
    "query_4": {
      "query_1": 0.6830756279855814,
      "query_2": 0.6394530456277262,
      "query_3": 0.6805108159184874,
      "query_4": 0.7640203627576577,
      "query_5": 0.6556292922299881,
      "query_6": 0.6579329382651062
    },
    "query_5": {
      "query_1": 0.6514928397008786,
      "query_2": 0.6146316581677519,
      "query_3": 0.6572765213483431,
      "query_4": 0.6781848113098745,
      "query_5": 0.7858378114515124,
      "query_6": 0.6353778372840323
    },
    "query_6": {
      "query_1": 0.7401709027634271,
      "query_2": 0.6542135510867322,
      "query_3": 0.672890006016449,
      "query_4": 0.692531429251628,
      "query_5": 0.6336904671594449,
      "query_6": 0.805666241286232
    }
  }
}