{
  "entity": "Jeanne d'Arc",
  "similarities": {
    "query_1": {
      "query_1": 0.7438323699077192,
      "query_2": 0.7140360502678184,
      "query_3": 0.750369720199964,
      "query_4": 0.7359248161062599,
      "query_5": 0.7513747157003101,
      "query_6": 0.7264089046413921
    },
    "query_2": {
      "query_1": 0.6887957566863747,
      "query_2": 0.8385496763730048,
      "query_3": 0.7233344118017773,
      "query_4": 0.7207218524741117,
      "query_5": 0.6599466259961277,
      "query_6": 0.624556040790063
    },
    "query_3": {
      "query_1": 0.7422437883683046,
      "query_2": 0.7425620770472672,
      "query_3": 0.822483790667756,
      "query_4": 0.7808045514308541,
      "query_5": 0.6864260172195157,
      "query_6": 0.6426091413514554
    },
    "query_4": {
      "query_1": 0.7407437743959786,
      "query_2": 0.695134974604306,
      "query_3": 0.7440316689713347,
      "query_4": 0.809092503647798,
      "query_5": 0.734577994005442,
      "query_6": 0.6784823039528427
    },
    "query_5": {
      "query_1": 0.6326321905774541,
      "query_2": 0.5928682890331844,
      "query_3": 0.6525812546574477,
      "query_4": 0.5815683618740752,
      "query_5": 0.7845946578672427,
      "query_6": 0.5645456337348669
    },
    "query_6": {
      "query_1": 0.697604892513882,
      "query_2": 0.6838266684540575,
      "query_3": 0.6717891708797366,
      "query_4": 0.6426827463976285,
      "query_5": 0.7001650971506289,
      "query_6": 0.8368557647671134
    }
  }
}