{
  "entity": "Jeanne d'Arc",
  "similarities": {
    "query_1": {
      "query_1": 0.7705505129983035,
      "query_2": 0.7175850917899836,
      "query_3": 0.7061616454071377,
      "query_4": 0.6292346023253667,
      "query_5": 0.6770474063901213,
      "query_6": 0.7128914095718695
    },
    "query_2": {
      "query_1": 0.6390449792059628,
      "query_2": 0.8559003252134877,
      "query_3": 0.6104718741906571,
      "query_4": 0.5729868339191821,
      "query_5": 0.5972210137444439,
      "query_6": 0.6300257909781884
    },
    "query_3": {
      "query_1": 0.7108765309985994,
      "query_2": 0.666393105797665,
      "query_3": 0.8460426110584564,
      "query_4": 0.5937838163372058,
      "query_5": 0.5913975485245904,
      "query_6": 0.6933684625542709
    },
    "query_4": {
      "query_1": 0.6301007577890788,
      "query_2": 0.533302643013962,
      "query_3": 0.5652115263152794,
      "query_4": 0.8598805617440346,
      "query_5": 0.6720421379391882,
      "query_6": 0.6262389027491573
    },
    "query_5": {
      "query_1": 0.5919364051846622,
      "query_2": 0.5405451753827565,
      "query_3": 0.5215545243073079,
      "query_4": 0.5433181657390415,
      "query_5": 0.8287685046735092,
      "query_6": 0.5478144456863607
    },
    "query_6": {
      "query_1": 0.6984888834576839,
      "query_2": 0.6464121961066189,
      "query_3": 0.6816361816790669,
      "query_4": 0.6216368809836131,
      "query_5": 0.6333886006817027,
      "query_6": 0.8732704544025958
    }
  }
}