{
  "entity": "Jeanne d'Arc",
  "similarities": {
    "query_1": {
      "query_1": 0.7615248439026013,
      "query_2": 0.7341562147108958,
      "query_3": 0.7313794714556315,
      "query_4": 0.7019997454770817,
      "query_5": 0.6052278024463557,
      "query_6": 0.7026720379930624
    },
    "query_2": {
      "query_1": 0.7674013386348079,
      "query_2": 0.8727126532953491,
      "query_3": 0.6432006460840325,
      "query_4": 0.7106026442865268,
      "query_5": 0.5578251008185071,
      "query_6": 0.7105502278597007
    },
    "query_3": {
      "query_1": 0.6864651836981845,
      "query_2": 0.6605972838969284,
      "query_3": 0.8605834611787316,
      "query_4": 0.6428248416132297,
      "query_5": 0.5846011204407712,
      "query_6": 0.6736014997553214
    },
    "query_4": {
      "query_1": 0.6137462578871548,
      "query_2": 0.6015473761523605,
      "query_3": 0.6043039301528876,
      "query_4": 0.8562324752377615,
      "query_5": 0.5039021591181388,
      "query_6": 0.5580692842867215
    },
    "query_5": {
      "query_1": 0.6206653128261707,
      "query_2": 0.5884753746409548,
      "query_3": 0.5642573512377099,
      "query_4": 0.558074172390185,
      "query_5": 0.8895381673181125,
      "query_6": 0.6562478077202609
    },
    "query_6": {
      "query_1": 0.6552605922310343,
      "query_2": 0.6046663469809265,
      "query_3": 0.5849575093232319,
      "query_4": 0.5481991496983974,
      "query_5": 0.5833835418011342,
      "query_6": 0.852416754516195
    }
  }
}