{
  "entity": "Jeanne d'Arc",
  "similarities": {
    "query_1": {
      "query_1": 0.7690242223754535,
      "query_2": 0.7433773520887819,
      "query_3": 0.7374482039730078,
      "query_4": 0.7498999695980222,
      "query_5": 0.6943311502303863,
      "query_6": 0.7372002776935893
    },
    "query_2": {
      "query_1": 0.7268169623508358,
      "query_2": 0.8495696872546719,
      "query_3": 0.6886205496735034,
      "query_4": 0.737870874380395,
      "query_5": 0.6738347754220353,
      "query_6": 0.7368821185706677
    },
    "query_3": {
      "query_1": 0.7093380456545451,
      "query_2": 0.7342606246899364,
      "query_3": 0.7356651228907876,
      "query_4": 0.7174180621301492,
      "query_5": 0.6483467159341921,
      "query_6": 0.6991720512444719
    },
    "query_4": {
      "query_1": 0.7016208495537309,
      "query_2": 0.721216080991947,
      "query_3": 0.6934963957802623,
      "query_4": 0.8212740196074427,
      "query_5": 0.6527803001587712,
      "query_6": 0.7075249981399049
    },
    "query_5": {
      "query_1": 0.6861833616966733,
      "query_2": 0.6835824935062113,
      "query_3": 0.6686915423790616,
      "query_4": 0.6955967107907078,
      "query_5": 0.8423164884567289,
      "query_6": 0.6906299831380585
    },
    "query_6": {
      "query_1": 0.6944369991421978,
      "query_2": 0.74744445243965,
      "query_3": 0.6418033482071066,
      "query_4": 0.7090366550355774,
      "query_5": 0.6821265609017236,
      "query_6": 0.8121727408084315
    }
  }
}