{
  "entity": "Jeanne d'Arc",
  "similarities": {
    "query_1": {
      "query_1": 0.7745498762706563,
      "query_2": 0.703150221730632,
      "query_3": 0.688289133571867,
      "query_4": 0.6596881332651672,
      "query_5": 0.683043160156141,
      "query_6": 0.6978965118147442
    },
    "query_2": {
      "query_1": 0.7211705328093532,
      "query_2": 0.8147974282217182,
      "query_3": 0.6317351514877997,
      "query_4": 0.6406547827124944,
      "query_5": 0.6535161886825372,
      "query_6": 0.6472677393786772
    },
    "query_3": {
      "query_1": 0.6598330653726691,
      "query_2": 0.5878956182201704,
      "query_3": 0.8484269701015742,
      "query_4": 0.5825000512828447,
      "query_5": 0.5892954489107818,
      "query_6": 0.7110611042712077
    },
    "query_4": {
      "query_1": 0.6578527101631788,
      "query_2": 0.6729455674162229,
      "query_3": 0.5902095927301098,
      "query_4": 0.8597868542808351,
      "query_5": 0.6013114786567302,
      "query_6": 0.5870039468281624
    },
    "query_5": {
      "query_1": 0.5962368886394035,
      "query_2": 0.5679955617499216,
      "query_3": 0.5489666267828128,
      "query_4": 0.5280514106387324,
      "query_5": 0.8207683492835823,
      "query_6": 0.5432913988188692
    },
    "query_6": {
      "query_1": 0.6195603683447689,
      "query_2": 0.6176278483372899,
      "query_3": 0.652605283504574,
      "query_4": 0.5763952354941232,
      "query_5": 0.5804876112567916,
      "query_6": 0.8647566045096776
    }
  }
}