{
  "entity": "George Washington",
  "cosine_similarities": {
    "query_1": {
      "answer_1": 0.7264574026990526,
      "answer_2": 0.5626038277440963,
      "answer_3": 0.5975083093128585,
      "answer_4": 0.6058104663792523,
      "answer_5": 0.7277283401794898,
      "answer_6": 0.5685237214467761
    },
    "query_2": {
      "answer_1": 0.5830640911842877,
      "answer_2": 0.7865475485448001,
      "answer_3": 0.55785960038088,
      "answer_4": 0.49589329167612434,
      "answer_5": 0.5383324966565463,
      "answer_6": 0.601379492945952
    },
    "query_3": {
      "answer_1": 0.6911942669845014,
      "answer_2": 0.5930884312652123,
      "answer_3": 0.8173602733121027,
      "answer_4": 0.5916370606783985,
      "answer_5": 0.5786017687724561,
      "answer_6": 0.46577803299956916
    },
    "query_4": {
      "answer_1": 0.5518238862409868,
      "answer_2": 0.5013939017002988,
      "answer_3": 0.5127473250679386,
      "answer_4": 0.7208969114457185,
      "answer_5": 0.5549880271537011,
      "answer_6": 0.5444913857913724
    },
    "query_5": {
      "answer_1": 0.6806266816098155,
      "answer_2": 0.5224684366487791,
      "answer_3": 0.5055344520168558,
      "answer_4": 0.5324180276124566,
      "answer_5": 0.8144373009695944,
      "answer_6": 0.5030960704940822
    },
    "query_6": {
      "answer_1": 0.6051699578701103,
      "answer_2": 0.5859437726058643,
      "answer_3": 0.46359005472001974,
      "answer_4": 0.505645283168132,
      "answer_5": 0.5793117061687584,
      "answer_6": 0.840140900388335
    }
  }
}