{
  "entity": "George Washington",
  "cosine_similarities": {
    "query_1": {
      "answer_1": 0.7133709677065904,
      "answer_2": 0.5521708411975067,
      "answer_3": 0.645540404226655,
      "answer_4": 0.641238146772744,
      "answer_5": 0.6849290062148958,
      "answer_6": 0.5759816599528766
    },
    "query_2": {
      "answer_1": 0.6603598388833714,
      "answer_2": 0.7206044690155855,
      "answer_3": 0.6806718327660252,
      "answer_4": 0.6132289756165605,
      "answer_5": 0.6246516440331877,
      "answer_6": 0.6275040358684827
    },
    "query_3": {
      "answer_1": 0.7079869896365087,
      "answer_2": 0.5307309097915021,
      "answer_3": 0.7705135830982368,
      "answer_4": 0.5879774217686456,
      "answer_5": 0.6211803672711906,
      "answer_6": 0.5315623942177093
    },
    "query_4": {
      "answer_1": 0.5772724092016769,
      "answer_2": 0.4845471734175697,
      "answer_3": 0.5471939152607764,
      "answer_4": 0.7802885697917952,
      "answer_5": 0.5810293300208542,
      "answer_6": 0.5476700268464205
    },
    "query_5": {
      "answer_1": 0.6712226606811582,
      "answer_2": 0.5160972415043216,
      "answer_3": 0.6246745644253874,
      "answer_4": 0.6119050060649233,
      "answer_5": 0.8250817415604046,
      "answer_6": 0.5730620419714486
    },
    "query_6": {
      "answer_1": 0.6572319775840351,
      "answer_2": 0.5998899307051009,
      "answer_3": 0.6238827786415655,
      "answer_4": 0.6390527069340982,
      "answer_5": 0.6361021427815134,
      "answer_6": 0.8050385058837086
    }
  }
}