{
  "entity": "George Washington",
  "cosine_similarities": {
    "query_1": {
      "answer_1": 0.8055255626530794,
      "answer_2": 0.6626433963916086,
      "answer_3": 0.623861388577916,
      "answer_4": 0.48301600199866457,
      "answer_5": 0.637334855925328,
      "answer_6": 0.5961871588816718
    },
    "query_2": {
      "answer_1": 0.6079140306411747,
      "answer_2": 0.8604742962552292,
      "answer_3": 0.6391784931671245,
      "answer_4": 0.5104628208030749,
      "answer_5": 0.6038660890633714,
      "answer_6": 0.5708255755055888
    },
    "query_3": {
      "answer_1": 0.6074335545003031,
      "answer_2": 0.6618728677668474,
      "answer_3": 0.8139067521862187,
      "answer_4": 0.572071412668769,
      "answer_5": 0.6082473900798193,
      "answer_6": 0.5814834151294676
    },
    "query_4": {
      "answer_1": 0.5386373314030408,
      "answer_2": 0.5443388837421783,
      "answer_3": 0.5280115859319846,
      "answer_4": 0.7977945666075709,
      "answer_5": 0.5987174338299746,
      "answer_6": 0.644827387752335
    },
    "query_5": {
      "answer_1": 0.6095460661666037,
      "answer_2": 0.6016781092212138,
      "answer_3": 0.5603842505162098,
      "answer_4": 0.5641512288851108,
      "answer_5": 0.8418449939430818,
      "answer_6": 0.6582754384300431
    },
    "query_6": {
      "answer_1": 0.5352978784590307,
      "answer_2": 0.5391199163105697,
      "answer_3": 0.4807433990205459,
      "answer_4": 0.5653139010696477,
      "answer_5": 0.6359064613693557,
      "answer_6": 0.848994280059296
    }
  }
}