{
  "entity": "George Washington",
  "cosine_similarities": {
    "query_1": {
      "answer_1": 0.7822725593532258,
      "answer_2": 0.632368826725638,
      "answer_3": 0.5877261422996336,
      "answer_4": 0.460561521295791,
      "answer_5": 0.6373629334418626,
      "answer_6": 0.6162584470430231
    },
    "query_2": {
      "answer_1": 0.6221466280945864,
      "answer_2": 0.8881481041911299,
      "answer_3": 0.5984581655914548,
      "answer_4": 0.4954582254735358,
      "answer_5": 0.5696344299181969,
      "answer_6": 0.5668542888943203
    },
    "query_3": {
      "answer_1": 0.622106106443076,
      "answer_2": 0.5240407164726294,
      "answer_3": 0.829058650789594,
      "answer_4": 0.49402335064408925,
      "answer_5": 0.5155098764368743,
      "answer_6": 0.5321041745249434
    },
    "query_4": {
      "answer_1": 0.5482414603640453,
      "answer_2": 0.5192836405587168,
      "answer_3": 0.49309417349487406,
      "answer_4": 0.7364596579631925,
      "answer_5": 0.5861397642492777,
      "answer_6": 0.6994489761677791
    },
    "query_5": {
      "answer_1": 0.6473080756442504,
      "answer_2": 0.586090796481388,
      "answer_3": 0.5304406436836162,
      "answer_4": 0.5290143706610224,
      "answer_5": 0.81137179163983,
      "answer_6": 0.6405666175132367
    },
    "query_6": {
      "answer_1": 0.648350283461132,
      "answer_2": 0.564511463810576,
      "answer_3": 0.5233584069523745,
      "answer_4": 0.6238598649980746,
      "answer_5": 0.6625188218553029,
      "answer_6": 0.8271865550490421
    }
  }
}