{
  "entity": "George Washington",
  "cosine_similarities": {
    "query_1": {
      "answer_1": 0.8598529512789939,
      "answer_2": 0.6611977619205861,
      "answer_3": 0.6113750886157069,
      "answer_4": 0.5713746590400782,
      "answer_5": 0.6361939625056774,
      "answer_6": 0.628176373335832
    },
    "query_2": {
      "answer_1": 0.6714006223764749,
      "answer_2": 0.8852939985421628,
      "answer_3": 0.644868375711737,
      "answer_4": 0.5880954480621946,
      "answer_5": 0.5908956162470769,
      "answer_6": 0.5940907537497357
    },
    "query_3": {
      "answer_1": 0.5697466957519522,
      "answer_2": 0.5493159794965603,
      "answer_3": 0.8050159500017975,
      "answer_4": 0.5734360680568484,
      "answer_5": 0.5084745175408776,
      "answer_6": 0.4606728923601331
    },
    "query_4": {
      "answer_1": 0.5907296033447941,
      "answer_2": 0.5757325184161337,
      "answer_3": 0.6213527469596726,
      "answer_4": 0.8283216778416703,
      "answer_5": 0.6389921768258141,
      "answer_6": 0.6602197767311847
    },
    "query_5": {
      "answer_1": 0.6530670511260306,
      "answer_2": 0.6049618133458098,
      "answer_3": 0.5638666598014697,
      "answer_4": 0.6466738805143427,
      "answer_5": 0.8552784069385796,
      "answer_6": 0.6966857519004226
    },
    "query_6": {
      "answer_1": 0.6310114652968158,
      "answer_2": 0.5622766695664592,
      "answer_3": 0.47452543344441894,
      "answer_4": 0.6165457138992179,
      "answer_5": 0.6606871630050495,
      "answer_6": 0.8220776163040999
    }
  }
}