{
  "entity": "George Washington",
  "cosine_similarities": {
    "query_1": {
      "answer_1": 0.8838528337796211,
      "answer_2": 0.6522274931511467,
      "answer_3": 0.6234307943321801,
      "answer_4": 0.4772242712237095,
      "answer_5": 0.6339094122421622,
      "answer_6": 0.5797614289169255
    },
    "query_2": {
      "answer_1": 0.6088275912407695,
      "answer_2": 0.8641356821176515,
      "answer_3": 0.6307802496345237,
      "answer_4": 0.49707741646082987,
      "answer_5": 0.5602761429205929,
      "answer_6": 0.5463899535612047
    },
    "query_3": {
      "answer_1": 0.6379236154114333,
      "answer_2": 0.6620038089806999,
      "answer_3": 0.83758636891612,
      "answer_4": 0.5672268552964871,
      "answer_5": 0.6052533177970167,
      "answer_6": 0.572911286118996
    },
    "query_4": {
      "answer_1": 0.5374507556011159,
      "answer_2": 0.5795494549137474,
      "answer_3": 0.5397828825620822,
      "answer_4": 0.7856292482925923,
      "answer_5": 0.6265668094383469,
      "answer_6": 0.6650033262540992
    },
    "query_5": {
      "answer_1": 0.6289883988362032,
      "answer_2": 0.5901947544761056,
      "answer_3": 0.5591265178449696,
      "answer_4": 0.5487386820156107,
      "answer_5": 0.8492847486639481,
      "answer_6": 0.6274198436919882
    },
    "query_6": {
      "answer_1": 0.5411798729349829,
      "answer_2": 0.5352594223599869,
      "answer_3": 0.475253096920788,
      "answer_4": 0.576104081338968,
      "answer_5": 0.6220963655119022,
      "answer_6": 0.8200406178156645
    }
  }
}