{
  "entity": "George Washington",
  "cosine_similarities": {
    "query_1": {
      "answer_1": 0.8215377246490965,
      "answer_2": 0.6682371086912897,
      "answer_3": 0.6198804316274524,
      "answer_4": 0.48159676741257856,
      "answer_5": 0.6087747662700556,
      "answer_6": 0.608748337490389
    },
    "query_2": {
      "answer_1": 0.645286867644743,
      "answer_2": 0.85213668812618,
      "answer_3": 0.6238386146901568,
      "answer_4": 0.5184453691861373,
      "answer_5": 0.5686685586917142,
      "answer_6": 0.583038764324667
    },
    "query_3": {
      "answer_1": 0.6386982603481233,
      "answer_2": 0.6532113600104023,
      "answer_3": 0.788442226239303,
      "answer_4": 0.5522562243937343,
      "answer_5": 0.5604148470139707,
      "answer_6": 0.5693391412363698
    },
    "query_4": {
      "answer_1": 0.5550966628032845,
      "answer_2": 0.5272119756430422,
      "answer_3": 0.5082195695604763,
      "answer_4": 0.7617050339368072,
      "answer_5": 0.5692799611440251,
      "answer_6": 0.6109635581006491
    },
    "query_5": {
      "answer_1": 0.596113417816665,
      "answer_2": 0.5979304510556142,
      "answer_3": 0.520628983857786,
      "answer_4": 0.5150722664226378,
      "answer_5": 0.8622993692861626,
      "answer_6": 0.6169054151865022
    },
    "query_6": {
      "answer_1": 0.5805496183703013,
      "answer_2": 0.5343692653949879,
      "answer_3": 0.4502999948045125,
      "answer_4": 0.5678905940408706,
      "answer_5": 0.5875457297472177,
      "answer_6": 0.7807061255640737
    }
  }
}