{
  "entity": "George Washington",
  "cosine_similarities": {
    "query_1": {
      "answer_1": 0.8555049076202819,
      "answer_2": 0.6591787815095995,
      "answer_3": 0.6345689251771025,
      "answer_4": 0.5283075495676007,
      "answer_5": 0.5717774895929278,
      "answer_6": 0.5930489749137013
    },
    "query_2": {
      "answer_1": 0.6583455734806077,
      "answer_2": 0.9004518557574691,
      "answer_3": 0.7174890380600274,
      "answer_4": 0.5241722440022567,
      "answer_5": 0.5581553758396606,
      "answer_6": 0.5165119242480943
    },
    "query_3": {
      "answer_1": 0.6690286204129655,
      "answer_2": 0.6396360111402372,
      "answer_3": 0.8351506019778849,
      "answer_4": 0.5623041685492675,
      "answer_5": 0.517905507476837,
      "answer_6": 0.5202151237493904
    },
    "query_4": {
      "answer_1": 0.567084678403371,
      "answer_2": 0.5206975545610948,
      "answer_3": 0.5539468646385117,
      "answer_4": 0.7992827426690866,
      "answer_5": 0.5881436867065578,
      "answer_6": 0.6447941017758025
    },
    "query_5": {
      "answer_1": 0.563339997860289,
      "answer_2": 0.5465253172593618,
      "answer_3": 0.4916394239259507,
      "answer_4": 0.5693335702951592,
      "answer_5": 0.8753965042064848,
      "answer_6": 0.5549768693932291
    },
    "query_6": {
      "answer_1": 0.6022979848236465,
      "answer_2": 0.5240998103152492,
      "answer_3": 0.4872281349366075,
      "answer_4": 0.6083304129091517,
      "answer_5": 0.575365408288384,
      "answer_6": 0.8491398877218421
    }
  }
}