{
  "entity": "George Washington",
  "cosine_similarities": {
    "query_1": {
      "answer_1": 0.8524397053653504,
      "answer_2": 0.6871544348098665,
      "answer_3": 0.6234365413410912,
      "answer_4": 0.4868436610592923,
      "answer_5": 0.6262714665246422,
      "answer_6": 0.6051183655397488
    },
    "query_2": {
      "answer_1": 0.6427452205186653,
      "answer_2": 0.8564013599645627,
      "answer_3": 0.6410989408962406,
      "answer_4": 0.5047637638897977,
      "answer_5": 0.5817723276554227,
      "answer_6": 0.5826022229118676
    },
    "query_3": {
      "answer_1": 0.646735336201485,
      "answer_2": 0.6744228875463412,
      "answer_3": 0.7896845235969263,
      "answer_4": 0.5633565981647237,
      "answer_5": 0.5785092868236202,
      "answer_6": 0.5910498070502123
    },
    "query_4": {
      "answer_1": 0.5380493458743535,
      "answer_2": 0.5459661464079322,
      "answer_3": 0.505210638622504,
      "answer_4": 0.7844836787123005,
      "answer_5": 0.570496201184283,
      "answer_6": 0.648190839651997
    },
    "query_5": {
      "answer_1": 0.5912820894435944,
      "answer_2": 0.6088570831124037,
      "answer_3": 0.5379602832671079,
      "answer_4": 0.5213129426579272,
      "answer_5": 0.8794854549742138,
      "answer_6": 0.6074831820545388
    },
    "query_6": {
      "answer_1": 0.5750321105032818,
      "answer_2": 0.5411696220795581,
      "answer_3": 0.4753001518537602,
      "answer_4": 0.571689376344506,
      "answer_5": 0.595618256900804,
      "answer_6": 0.8209398812259341
    }
  }
}