{
  "entity": "George Washington",
  "cosine_similarities": {
    "query_1": {
      "answer_1": 0.8637655844107419,
      "answer_2": 0.7098953421558178,
      "answer_3": 0.6069641691345882,
      "answer_4": 0.5206756227634851,
      "answer_5": 0.6223842557270735,
      "answer_6": 0.6286592406996012
    },
    "query_2": {
      "answer_1": 0.6625330254051169,
      "answer_2": 0.8884605544467552,
      "answer_3": 0.5898313377455653,
      "answer_4": 0.5259861665389731,
      "answer_5": 0.5688145465319567,
      "answer_6": 0.587986480851387
    },
    "query_3": {
      "answer_1": 0.6060408987302394,
      "answer_2": 0.5926111715299783,
      "answer_3": 0.8161193458573003,
      "answer_4": 0.47800612076885346,
      "answer_5": 0.4948740432905461,
      "answer_6": 0.5167960459365295
    },
    "query_4": {
      "answer_1": 0.5635218998296563,
      "answer_2": 0.5442556662318002,
      "answer_3": 0.5087019490760072,
      "answer_4": 0.8153317701724716,
      "answer_5": 0.601637648272904,
      "answer_6": 0.6564783969647962
    },
    "query_5": {
      "answer_1": 0.5929670163085972,
      "answer_2": 0.5650612713694123,
      "answer_3": 0.49507626878931044,
      "answer_4": 0.5388808961834789,
      "answer_5": 0.881178066300302,
      "answer_6": 0.6103436508395299
    },
    "query_6": {
      "answer_1": 0.6158497510084827,
      "answer_2": 0.5945838199820553,
      "answer_3": 0.4987686680769691,
      "answer_4": 0.6373509168599646,
      "answer_5": 0.6281329712218461,
      "answer_6": 0.8606700590400564
    }
  }
}