{
  "entity": "George Washington",
  "cosine_similarities": {
    "query_1": {
      "answer_1": 0.8339051979422721,
      "answer_2": 0.6477812000215286,
      "answer_3": 0.6213402681690781,
      "answer_4": 0.5140202406264172,
      "answer_5": 0.6446731190476584,
      "answer_6": 0.5669071224932976
    },
    "query_2": {
      "answer_1": 0.5949002244380478,
      "answer_2": 0.8631386612058694,
      "answer_3": 0.6271837006673194,
      "answer_4": 0.45970270275832315,
      "answer_5": 0.5722000390898687,
      "answer_6": 0.5214819460506566
    },
    "query_3": {
      "answer_1": 0.6603761298877018,
      "answer_2": 0.6388834334372413,
      "answer_3": 0.82309585509692,
      "answer_4": 0.608115153518731,
      "answer_5": 0.5792464648672754,
      "answer_6": 0.5425672361201093
    },
    "query_4": {
      "answer_1": 0.5287220234929366,
      "answer_2": 0.49772831457966044,
      "answer_3": 0.6299349220910287,
      "answer_4": 0.8561153761649885,
      "answer_5": 0.5763385402737804,
      "answer_6": 0.5545520811277652
    },
    "query_5": {
      "answer_1": 0.6537981215004598,
      "answer_2": 0.6089942313221383,
      "answer_3": 0.5649985847610678,
      "answer_4": 0.5583635712548917,
      "answer_5": 0.8595384947982972,
      "answer_6": 0.6480866137085233
    },
    "query_6": {
      "answer_1": 0.572959448653742,
      "answer_2": 0.5375665894035173,
      "answer_3": 0.5022841844429704,
      "answer_4": 0.5301488041598825,
      "answer_5": 0.6528242401166929,
      "answer_6": 0.8386538026492946
    }
  }
}