{
  "entity": "George Washington",
  "cosine_similarities": {
    "query_1": {
      "answer_1": 0.8184806996324687,
      "answer_2": 0.6422725557930384,
      "answer_3": 0.585211090996342,
      "answer_4": 0.5000573404035495,
      "answer_5": 0.6266446116283485,
      "answer_6": 0.6209913201643827
    },
    "query_2": {
      "answer_1": 0.6746239298616485,
      "answer_2": 0.8565880952491214,
      "answer_3": 0.6180326531490223,
      "answer_4": 0.5269750469635232,
      "answer_5": 0.5584755690074289,
      "answer_6": 0.5852328968821788
    },
    "query_3": {
      "answer_1": 0.6105784716509418,
      "answer_2": 0.5456063063958124,
      "answer_3": 0.8230840035172794,
      "answer_4": 0.5193084365305418,
      "answer_5": 0.5376588671043695,
      "answer_6": 0.5494583124721316
    },
    "query_4": {
      "answer_1": 0.5551079298895061,
      "answer_2": 0.5023210250534247,
      "answer_3": 0.4642908818865583,
      "answer_4": 0.7855539792011762,
      "answer_5": 0.5363227457361616,
      "answer_6": 0.6892768742158042
    },
    "query_5": {
      "answer_1": 0.5815885391866034,
      "answer_2": 0.5402561534036878,
      "answer_3": 0.4762519282734992,
      "answer_4": 0.5238571359350641,
      "answer_5": 0.8677309048850705,
      "answer_6": 0.5857264999495655
    },
    "query_6": {
      "answer_1": 0.6504574485369197,
      "answer_2": 0.540375656172933,
      "answer_3": 0.48695408028352233,
      "answer_4": 0.6756200661884634,
      "answer_5": 0.5932672280606787,
      "answer_6": 0.8833062800946105
    }
  }
}