{
  "entity": "George Washington",
  "cosine_similarities": {
    "query_1": {
      "answer_1": 0.8300322076558257,
      "answer_2": 0.6466888438473519,
      "answer_3": 0.6471832673568821,
      "answer_4": 0.49022313489664077,
      "answer_5": 0.6193993510724866,
      "answer_6": 0.5591392605099823
    },
    "query_2": {
      "answer_1": 0.5892989671668558,
      "answer_2": 0.8661254954227154,
      "answer_3": 0.6333911995524562,
      "answer_4": 0.49647595702757924,
      "answer_5": 0.5613478755330127,
      "answer_6": 0.508538137704363
    },
    "query_3": {
      "answer_1": 0.6373202269159879,
      "answer_2": 0.6514640437412881,
      "answer_3": 0.8530069167885378,
      "answer_4": 0.5784901022966631,
      "answer_5": 0.6242324926590306,
      "answer_6": 0.5467438282139966
    },
    "query_4": {
      "answer_1": 0.553503009044408,
      "answer_2": 0.565768558249078,
      "answer_3": 0.5702518069553986,
      "answer_4": 0.7609775104734516,
      "answer_5": 0.6375837657532776,
      "answer_6": 0.6755954273635298
    },
    "query_5": {
      "answer_1": 0.6302687826345965,
      "answer_2": 0.5752348654735803,
      "answer_3": 0.5854028207606327,
      "answer_4": 0.5571456666609266,
      "answer_5": 0.8550175344706519,
      "answer_6": 0.6025388959293639
    },
    "query_6": {
      "answer_1": 0.5488393742748162,
      "answer_2": 0.5238984406681296,
      "answer_3": 0.5094866260601996,
      "answer_4": 0.6257217789159026,
      "answer_5": 0.6103143026725101,
      "answer_6": 0.8465481350710171
    }
  }
}