{
  "entity": "George Washington",
  "cosine_similarities": {
    "query_1": {
      "answer_1": 0.8339243576606689,
      "answer_2": 0.6398991298572025,
      "answer_3": 0.5783222442084959,
      "answer_4": 0.5952087771254543,
      "answer_5": 0.6271877195096779,
      "answer_6": 0.5732199931697967
    },
    "query_2": {
      "answer_1": 0.6367945936777996,
      "answer_2": 0.8634668479964684,
      "answer_3": 0.5969972078888891,
      "answer_4": 0.5809003707007593,
      "answer_5": 0.5436276063359448,
      "answer_6": 0.535009670038398
    },
    "query_3": {
      "answer_1": 0.5876805505158834,
      "answer_2": 0.5580696011998361,
      "answer_3": 0.7718959477203631,
      "answer_4": 0.5735338832817444,
      "answer_5": 0.5004042967593242,
      "answer_6": 0.43371227408689733
    },
    "query_4": {
      "answer_1": 0.6137352199474587,
      "answer_2": 0.5761309071580174,
      "answer_3": 0.6058955200612283,
      "answer_4": 0.8273779361465201,
      "answer_5": 0.5993320021509134,
      "answer_6": 0.7100807150850994
    },
    "query_5": {
      "answer_1": 0.5748131010063968,
      "answer_2": 0.5161610902208577,
      "answer_3": 0.4773557168730242,
      "answer_4": 0.5556468363089206,
      "answer_5": 0.8605245390248225,
      "answer_6": 0.5912097786677231
    },
    "query_6": {
      "answer_1": 0.569313432270935,
      "answer_2": 0.5211002274368902,
      "answer_3": 0.42725221994948437,
      "answer_4": 0.6391259280490635,
      "answer_5": 0.5706019010336352,
      "answer_6": 0.8390983095163309
    }
  }
}