{
  "entity": "George Washington",
  "cosine_similarities": {
    "query_1": {
      "answer_1": 0.8652859098045158,
      "answer_2": 0.6436029581431875,
      "answer_3": 0.626543524293792,
      "answer_4": 0.5847130566698472,
      "answer_5": 0.6243017196953511,
      "answer_6": 0.6258696227929424
    },
    "query_2": {
      "answer_1": 0.6447068124401751,
      "answer_2": 0.885343135718548,
      "answer_3": 0.6577789156612439,
      "answer_4": 0.6013296402843119,
      "answer_5": 0.5873979292306087,
      "answer_6": 0.5760693004662955
    },
    "query_3": {
      "answer_1": 0.5739382366049164,
      "answer_2": 0.5570499763792933,
      "answer_3": 0.794873806099683,
      "answer_4": 0.5815929156098348,
      "answer_5": 0.48627120128480295,
      "answer_6": 0.49339413278787386
    },
    "query_4": {
      "answer_1": 0.552981638714904,
      "answer_2": 0.5610436746895595,
      "answer_3": 0.6433098821849755,
      "answer_4": 0.8309359663297154,
      "answer_5": 0.6284517515201008,
      "answer_6": 0.6378583745787384
    },
    "query_5": {
      "answer_1": 0.632984661024423,
      "answer_2": 0.5733706998019481,
      "answer_3": 0.5615858103221952,
      "answer_4": 0.6681165010959741,
      "answer_5": 0.8447670806449173,
      "answer_6": 0.7249383527730657
    },
    "query_6": {
      "answer_1": 0.5987908092940455,
      "answer_2": 0.5316472743967587,
      "answer_3": 0.48896294500602916,
      "answer_4": 0.6255072139574733,
      "answer_5": 0.6746402899884716,
      "answer_6": 0.8230835319208117
    }
  }
}