{
  "entity": "George Washington",
  "cosine_similarities": {
    "query_1": {
      "answer_1": 0.8714196845167904,
      "answer_2": 0.687673374679964,
      "answer_3": 0.6503489013162264,
      "answer_4": 0.5140548941466478,
      "answer_5": 0.6365435664481534,
      "answer_6": 0.6064998741464283
    },
    "query_2": {
      "answer_1": 0.6691538303765037,
      "answer_2": 0.8776143431968108,
      "answer_3": 0.6790179467893196,
      "answer_4": 0.5328041903859418,
      "answer_5": 0.6100505071004316,
      "answer_6": 0.5575107275621103
    },
    "query_3": {
      "answer_1": 0.6564075392709451,
      "answer_2": 0.669471666682877,
      "answer_3": 0.8376734723276447,
      "answer_4": 0.5440998914061337,
      "answer_5": 0.5935172527774067,
      "answer_6": 0.5739914354148589
    },
    "query_4": {
      "answer_1": 0.5152444034956905,
      "answer_2": 0.5445121297414999,
      "answer_3": 0.546099484773535,
      "answer_4": 0.8063500977976101,
      "answer_5": 0.6162307245176284,
      "answer_6": 0.6769906768322994
    },
    "query_5": {
      "answer_1": 0.6474204461176013,
      "answer_2": 0.6184383895495443,
      "answer_3": 0.5800756769724331,
      "answer_4": 0.5941760519647017,
      "answer_5": 0.8648734146159753,
      "answer_6": 0.6433598026749603
    },
    "query_6": {
      "answer_1": 0.5636225640047299,
      "answer_2": 0.550138621132624,
      "answer_3": 0.5304599386902308,
      "answer_4": 0.6251562520461751,
      "answer_5": 0.6395419062067986,
      "answer_6": 0.8403529894936018
    }
  }
}