{
  "entity": "George Washington",
  "cosine_similarities": {
    "query_1": {
      "answer_1": 0.8463398480754672,
      "answer_2": 0.6535571628268525,
      "answer_3": 0.6161182659830697,
      "answer_4": 0.61226434107007,
      "answer_5": 0.6389919619877884,
      "answer_6": 0.6091732097656675
    },
    "query_2": {
      "answer_1": 0.6383583700892262,
      "answer_2": 0.874807486301423,
      "answer_3": 0.6345624211362779,
      "answer_4": 0.5988754171910373,
      "answer_5": 0.5642720712283203,
      "answer_6": 0.5661148147630626
    },
    "query_3": {
      "answer_1": 0.5576479716455577,
      "answer_2": 0.550631157191675,
      "answer_3": 0.8284298707116742,
      "answer_4": 0.5717264096940099,
      "answer_5": 0.5182287966927652,
      "answer_6": 0.43951797286542865
    },
    "query_4": {
      "answer_1": 0.5859298974288715,
      "answer_2": 0.609577483198164,
      "answer_3": 0.6064868280575602,
      "answer_4": 0.8695086512388509,
      "answer_5": 0.6420950313409131,
      "answer_6": 0.7214341947215295
    },
    "query_5": {
      "answer_1": 0.5810493142848667,
      "answer_2": 0.5600081672560926,
      "answer_3": 0.5057922233192289,
      "answer_4": 0.5861021176237589,
      "answer_5": 0.8649036905702253,
      "answer_6": 0.5766262158369132
    },
    "query_6": {
      "answer_1": 0.5549543692054143,
      "answer_2": 0.5482056422269029,
      "answer_3": 0.4571433761302982,
      "answer_4": 0.6956810401361422,
      "answer_5": 0.59404600622994,
      "answer_6": 0.8499372075018933
    }
  }
}