{
  "entity": "George Washington",
  "cosine_similarities": {
    "query_1": {
      "answer_1": 0.8807896047496523,
      "answer_2": 0.6527708826377844,
      "answer_3": 0.6535110679085483,
      "answer_4": 0.5460465931862645,
      "answer_5": 0.5965809089381926,
      "answer_6": 0.5580231355641438
    },
    "query_2": {
      "answer_1": 0.6663029473895283,
      "answer_2": 0.8942309604169814,
      "answer_3": 0.7256354037498104,
      "answer_4": 0.5435287444300367,
      "answer_5": 0.5431630948733341,
      "answer_6": 0.5462049426454546
    },
    "query_3": {
      "answer_1": 0.6597153424482645,
      "answer_2": 0.6392577056572268,
      "answer_3": 0.8340842305036139,
      "answer_4": 0.636664654271645,
      "answer_5": 0.5155535618646147,
      "answer_6": 0.51328153561717
    },
    "query_4": {
      "answer_1": 0.5051430091075242,
      "answer_2": 0.4934098144885082,
      "answer_3": 0.6027002529829149,
      "answer_4": 0.8260812532429683,
      "answer_5": 0.4925713528512285,
      "answer_6": 0.5097169331031124
    },
    "query_5": {
      "answer_1": 0.5813566134737269,
      "answer_2": 0.5210484381673798,
      "answer_3": 0.4903808942481655,
      "answer_4": 0.5020632346366889,
      "answer_5": 0.8681685453831902,
      "answer_6": 0.5659549474163283
    },
    "query_6": {
      "answer_1": 0.5576191144399835,
      "answer_2": 0.5282818284833428,
      "answer_3": 0.5001265992310495,
      "answer_4": 0.5304175859799228,
      "answer_5": 0.5768256563839184,
      "answer_6": 0.8340672369244427
    }
  }
}