{
  "entity": "George Washington",
  "cosine_similarities": {
    "query_1": {
      "answer_1": 0.7915735112008074,
      "answer_2": 0.6263071845979107,
      "answer_3": 0.5858957337179146,
      "answer_4": 0.5093227064268845,
      "answer_5": 0.6290401252415703,
      "answer_6": 0.6205871029676272
    },
    "query_2": {
      "answer_1": 0.6222625139078949,
      "answer_2": 0.8999427607618115,
      "answer_3": 0.5911530509071596,
      "answer_4": 0.5277840317030497,
      "answer_5": 0.5653016151611636,
      "answer_6": 0.6008506173202816
    },
    "query_3": {
      "answer_1": 0.6007634203243245,
      "answer_2": 0.5373500102233227,
      "answer_3": 0.8338279776266991,
      "answer_4": 0.5499938892453938,
      "answer_5": 0.550602710278111,
      "answer_6": 0.5999645929123271
    },
    "query_4": {
      "answer_1": 0.519153774610037,
      "answer_2": 0.5410100856616619,
      "answer_3": 0.4907200361139886,
      "answer_4": 0.8019156215001682,
      "answer_5": 0.5422069629253728,
      "answer_6": 0.5928060740128435
    },
    "query_5": {
      "answer_1": 0.5648458800626993,
      "answer_2": 0.5511153591102533,
      "answer_3": 0.5045536941748757,
      "answer_4": 0.5218947659591068,
      "answer_5": 0.8646586810230107,
      "answer_6": 0.5958518949132522
    },
    "query_6": {
      "answer_1": 0.6337610231021762,
      "answer_2": 0.5951452477346088,
      "answer_3": 0.5721287632340002,
      "answer_4": 0.6327697569512631,
      "answer_5": 0.6296261121649878,
      "answer_6": 0.8301168465536104
    }
  }
}