{
  "entity": "George Washington",
  "cosine_similarities": {
    "query_1": {
      "answer_1": 0.8659392879477696,
      "answer_2": 0.7120501266515354,
      "answer_3": 0.6083012812506942,
      "answer_4": 0.5167970513696301,
      "answer_5": 0.645601556192183,
      "answer_6": 0.6145174223912372
    },
    "query_2": {
      "answer_1": 0.6744027762071771,
      "answer_2": 0.8790043144665142,
      "answer_3": 0.6542072634182643,
      "answer_4": 0.5299059262640335,
      "answer_5": 0.5855532084800904,
      "answer_6": 0.5784196513232357
    },
    "query_3": {
      "answer_1": 0.6170469509501402,
      "answer_2": 0.5714349813678629,
      "answer_3": 0.8105179938275163,
      "answer_4": 0.5294205008013473,
      "answer_5": 0.5592484614572724,
      "answer_6": 0.5381927259640932
    },
    "query_4": {
      "answer_1": 0.5434809850021289,
      "answer_2": 0.5488615806006426,
      "answer_3": 0.4941185786745486,
      "answer_4": 0.8060242410886496,
      "answer_5": 0.557554795553286,
      "answer_6": 0.7038945946133874
    },
    "query_5": {
      "answer_1": 0.6155292786520289,
      "answer_2": 0.5940142369534556,
      "answer_3": 0.5033879331824773,
      "answer_4": 0.521172791681725,
      "answer_5": 0.870681226987985,
      "answer_6": 0.5738309886848579
    },
    "query_6": {
      "answer_1": 0.6386151359192641,
      "answer_2": 0.5998856285348311,
      "answer_3": 0.533745982498558,
      "answer_4": 0.6776505682554627,
      "answer_5": 0.6320521099524552,
      "answer_6": 0.8323172984347509
    }
  }
}