{
  "entity": "George Washington",
  "cosine_similarities": {
    "query_1": {
      "answer_1": 0.8201001027804198,
      "answer_2": 0.6600344254425967,
      "answer_3": 0.6448877141067577,
      "answer_4": 0.5392165500409161,
      "answer_5": 0.5710077088378129,
      "answer_6": 0.5603013133529349
    },
    "query_2": {
      "answer_1": 0.6270611079689395,
      "answer_2": 0.8937986078119684,
      "answer_3": 0.7199629606798468,
      "answer_4": 0.5315591179288821,
      "answer_5": 0.5417161681417907,
      "answer_6": 0.5487416562058538
    },
    "query_3": {
      "answer_1": 0.6379941200478246,
      "answer_2": 0.6447323499269222,
      "answer_3": 0.834788972262899,
      "answer_4": 0.6286550358083185,
      "answer_5": 0.5100256744973038,
      "answer_6": 0.5404128044738432
    },
    "query_4": {
      "answer_1": 0.5001011756148096,
      "answer_2": 0.4941609540278727,
      "answer_3": 0.596397381486973,
      "answer_4": 0.8307459914246564,
      "answer_5": 0.4804023508897165,
      "answer_6": 0.537540244934609
    },
    "query_5": {
      "answer_1": 0.5660168396759607,
      "answer_2": 0.5174520641214783,
      "answer_3": 0.4985490106755802,
      "answer_4": 0.478795429463797,
      "answer_5": 0.8558976746683121,
      "answer_6": 0.569341560043581
    },
    "query_6": {
      "answer_1": 0.5336861511957222,
      "answer_2": 0.5228433304274018,
      "answer_3": 0.5158593691906287,
      "answer_4": 0.5057731065179322,
      "answer_5": 0.571308070668866,
      "answer_6": 0.8087104892899183
    }
  }
}