{
  "entity": "George Washington",
  "cosine_similarities": {
    "query_1": {
      "answer_1": 0.7850072976115146,
      "answer_2": 0.6831033224915081,
      "answer_3": 0.6471929559427302,
      "answer_4": 0.5014959713843726,
      "answer_5": 0.646580439238911,
      "answer_6": 0.5830064216511612
    },
    "query_2": {
      "answer_1": 0.6389502253693649,
      "answer_2": 0.8748600709404418,
      "answer_3": 0.6575079048474018,
      "answer_4": 0.5154311071311082,
      "answer_5": 0.6040475084575401,
      "answer_6": 0.5568243429609046
    },
    "query_3": {
      "answer_1": 0.6576269873726741,
      "answer_2": 0.650624595475539,
      "answer_3": 0.8358050972998041,
      "answer_4": 0.5441912390968894,
      "answer_5": 0.58696487373685,
      "answer_6": 0.54704969818057
    },
    "query_4": {
      "answer_1": 0.5312811680211905,
      "answer_2": 0.516683648838267,
      "answer_3": 0.5412636569075615,
      "answer_4": 0.8049100497984693,
      "answer_5": 0.6225969675987651,
      "answer_6": 0.6718083254293611
    },
    "query_5": {
      "answer_1": 0.6191480187205046,
      "answer_2": 0.5934418310809869,
      "answer_3": 0.5618684148480381,
      "answer_4": 0.5782755507609895,
      "answer_5": 0.8631524332580456,
      "answer_6": 0.6471806255843702
    },
    "query_6": {
      "answer_1": 0.5454767257735704,
      "answer_2": 0.5331565800629029,
      "answer_3": 0.5157890748230742,
      "answer_4": 0.6082319788114592,
      "answer_5": 0.6497334879961724,
      "answer_6": 0.846015815574753
    }
  }
}