{
  "entity": "George Washington",
  "cosine_similarities": {
    "query_1": {
      "answer_1": 0.8599322999575186,
      "answer_2": 0.6775352672960739,
      "answer_3": 0.6613825706091655,
      "answer_4": 0.5171751380890719,
      "answer_5": 0.6381549605327895,
      "answer_6": 0.6111427156603293
    },
    "query_2": {
      "answer_1": 0.6668075713318824,
      "answer_2": 0.8809154972902629,
      "answer_3": 0.6883608158064498,
      "answer_4": 0.522923979684751,
      "answer_5": 0.600251076860084,
      "answer_6": 0.5878187871639948
    },
    "query_3": {
      "answer_1": 0.6710658045054609,
      "answer_2": 0.6655912150465113,
      "answer_3": 0.8373727110156498,
      "answer_4": 0.5472460046861761,
      "answer_5": 0.5962303733760618,
      "answer_6": 0.574499210784644
    },
    "query_4": {
      "answer_1": 0.5674050075405802,
      "answer_2": 0.5515983877589608,
      "answer_3": 0.5509987681410505,
      "answer_4": 0.801641775829707,
      "answer_5": 0.6197163916137718,
      "answer_6": 0.6908331725386648
    },
    "query_5": {
      "answer_1": 0.6379143047518415,
      "answer_2": 0.5972555805199214,
      "answer_3": 0.5878689411161122,
      "answer_4": 0.5880068508633434,
      "answer_5": 0.8610602940920823,
      "answer_6": 0.6287148186073491
    },
    "query_6": {
      "answer_1": 0.5769737121103523,
      "answer_2": 0.5776300352181217,
      "answer_3": 0.5390292853742394,
      "answer_4": 0.6348644700194782,
      "answer_5": 0.6313535762633941,
      "answer_6": 0.8566908673723567
    }
  }
}