{
  "entity": "Napoleon Bonaparte",
  "scores": {
    "query_1": {
      "answer_1": 7.9983809718756715,
      "answer_2": 2.1886395592817998,
      "answer_3": 3.0504836125379073,
      "answer_4": 3.7659711902971567,
      "answer_5": 2.3000745374414917,
      "answer_6": 1.614128842016616
    },
    "query_2": {
      "answer_1": 2.3774488910127407,
      "answer_2": 6.57044900237262,
      "answer_3": 4.246801906612093,
      "answer_4": 3.0345484624937913,
      "answer_5": 2.6061005393874135,
      "answer_6": 1.9869985452370156
    },
    "query_3": {
      "answer_1": 4.521972418078498,
      "answer_2": 3.5268698852935807,
      "answer_3": 8.360593568699857,
      "answer_4": 3.347559386658575,
      "answer_5": 3.430146095550979,
      "answer_6": 3.250457125265161
    },
    "query_4": {
      "answer_1": 1.7816844306523674,
      "answer_2": 2.138414923395576,
      "answer_3": 3.881456560134006,
      "answer_4": 5.549211131252164,
      "answer_5": 2.3816388071065497,
      "answer_6": 1.103350280261787
    },
    "query_5": {
      "answer_1": 2.0443339200005264,
      "answer_2": 1.7358130561397782,
      "answer_3": 1.9610408821154781,
      "answer_4": 2.7957018687137194,
      "answer_5": 3.011205013287939,
      "answer_6": 0.8988033005835213
    },
    "query_6": {
      "answer_1": 2.832451741003219,
      "answer_2": 2.3037480232331373,
      "answer_3": 2.8502595869457723,
      "answer_4": 2.8472361238022508,
      "answer_5": 2.2505565819736746,
      "answer_6": 5.533007539472228
    }
  }
}