{
  "entity": "Napoleon Bonaparte",
  "scores": {
    "query_1": {
      "answer_1": 7.010705750426687,
      "answer_2": 1.6610270235607998,
      "answer_3": 1.7821026521290326,
      "answer_4": 1.7465994773261615,
      "answer_5": 3.1146462998131708,
      "answer_6": 1.3780008282451854
    },
    "query_2": {
      "answer_1": 2.5351734427225545,
      "answer_2": 7.511402993918754,
      "answer_3": 2.519512028156604,
      "answer_4": 2.4509473355698392,
      "answer_5": 4.067220198643463,
      "answer_6": 3.796181323751972
    },
    "query_3": {
      "answer_1": 2.325768792288583,
      "answer_2": 1.9083963290153747,
      "answer_3": 3.4796704981324607,
      "answer_4": 2.3585303098564196,
      "answer_5": 3.9438259375838673,
      "answer_6": 2.259820739528939
    },
    "query_4": {
      "answer_1": 1.652200486719569,
      "answer_2": 1.6893887961667042,
      "answer_3": 2.3453085179792854,
      "answer_4": 9.772078391881402,
      "answer_5": 0.8586070611173363,
      "answer_6": 1.3457827095121582
    },
    "query_5": {
      "answer_1": 2.3121680814466306,
      "answer_2": 1.2552635593864212,
      "answer_3": 3.3556092444584698,
      "answer_4": 1.5769991681381001,
      "answer_5": 9.874182420205711,
      "answer_6": 2.318969709966338
    },
    "query_6": {
      "answer_1": 2.597118957486215,
      "answer_2": 2.875356649570395,
      "answer_3": 2.9024006327197363,
      "answer_4": 2.798045762185221,
      "answer_5": 2.8849035309757305,
      "answer_6": 10.783471571822624
    }
  }
}