{
  "entity": "Napoleon Bonaparte",
  "scores": {
    "query_1": {
      "answer_1": 8.043034455978528,
      "answer_2": 0.9705397994975704,
      "answer_3": 0.7084871427198774,
      "answer_4": 1.225742025072476,
      "answer_5": 1.0474680739749562,
      "answer_6": 0.98992163827579
    },
    "query_2": {
      "answer_1": 2.6328868564743355,
      "answer_2": 8.12716624915428,
      "answer_3": 1.9043859873824573,
      "answer_4": 1.5224944082182474,
      "answer_5": 1.7951920531818741,
      "answer_6": 1.053791038396541
    },
    "query_3": {
      "answer_1": 3.308407894975967,
      "answer_2": 1.4593582961777067,
      "answer_3": 5.962713072728152,
      "answer_4": 1.3794833774743018,
      "answer_5": 1.428811578756575,
      "answer_6": 1.3789257822829866
    },
    "query_4": {
      "answer_1": 5.393412845462882,
      "answer_2": 2.1365071657052517,
      "answer_3": 1.9407412373899113,
      "answer_4": 3.989110021490372,
      "answer_5": 1.9617063559100871,
      "answer_6": 1.5467555390140455
    },
    "query_5": {
      "answer_1": 0.4532395821334939,
      "answer_2": 1.7124791901377612,
      "answer_3": 0.7765416425126965,
      "answer_4": 0.9964908450763366,
      "answer_5": 4.244621907777841,
      "answer_6": 0.22352756902818618
    },
    "query_6": {
      "answer_1": 2.0443256600373028,
      "answer_2": 0.8273929314439089,
      "answer_3": 0.7485968913634506,
      "answer_4": 0.5928356525465411,
      "answer_5": 0.589179300040706,
      "answer_6": 9.598459038647276
    }
  }
}