{
  "entity": "Napoleon Bonaparte",
  "scores": {
    "query_1": {
      "answer_1": 6.668264853755115,
      "answer_2": 1.9450827622919244,
      "answer_3": 2.727539380798001,
      "answer_4": 2.6835396936916247,
      "answer_5": 2.3742267468575813,
      "answer_6": 2.665670475226884
    },
    "query_2": {
      "answer_1": 3.2563329678635053,
      "answer_2": 5.012784560459869,
      "answer_3": 3.038513190996136,
      "answer_4": 2.901475881370221,
      "answer_5": 2.6568793854430584,
      "answer_6": 2.2583708998410765
    },
    "query_3": {
      "answer_1": 2.970847828285539,
      "answer_2": 2.7098027599076846,
      "answer_3": 4.727430015894868,
      "answer_4": 2.898878003147293,
      "answer_5": 3.547231967344233,
      "answer_6": 2.470550838138717
    },
    "query_4": {
      "answer_1": 4.231533505872435,
      "answer_2": 2.9122694923560473,
      "answer_3": 4.855260591855565,
      "answer_4": 11.606172460155138,
      "answer_5": 2.924479863607798,
      "answer_6": 3.938581634282564
    },
    "query_5": {
      "answer_1": 3.4969920500787386,
      "answer_2": 2.717884469840819,
      "answer_3": 3.069440269009237,
      "answer_4": 4.189928008431765,
      "answer_5": 8.74404683040263,
      "answer_6": 2.8120885293534195
    },
    "query_6": {
      "answer_1": 1.7240196461264077,
      "answer_2": 0.8136652716689503,
      "answer_3": 2.72533462723222,
      "answer_4": 2.0964867169727506,
      "answer_5": 0.788536829260021,
      "answer_6": 6.237235889815621
    }
  }
}