{
  "entity": "Napoleon Bonaparte",
  "scores": {
    "query_1": {
      "answer_1": 6.7438540858171825,
      "answer_2": 1.4899302722410694,
      "answer_3": 0.6628641473372339,
      "answer_4": 1.4778180763030981,
      "answer_5": 1.2411366693750505,
      "answer_6": 1.1392587925257949
    },
    "query_2": {
      "answer_1": 2.149115491730242,
      "answer_2": 8.854143614686304,
      "answer_3": 2.443863917405239,
      "answer_4": 3.298553436458106,
      "answer_5": 1.7705104692261444,
      "answer_6": 1.291848128646931
    },
    "query_3": {
      "answer_1": 1.4367858603803518,
      "answer_2": 1.391894079183236,
      "answer_3": 3.7215108046894323,
      "answer_4": 2.254058415197744,
      "answer_5": 1.2411366693750505,
      "answer_6": 1.7422663085818226
    },
    "query_4": {
      "answer_1": 1.7983078842903177,
      "answer_2": 1.8615822914590718,
      "answer_3": 2.3122666044605515,
      "answer_4": 7.452591936825911,
      "answer_5": 2.278615553673174,
      "answer_6": 3.349465875951978
    },
    "query_5": {
      "answer_1": 1.036304933313291,
      "answer_2": 1.2277330606353487,
      "answer_3": 0.6375323610042307,
      "answer_4": 1.7035187837566854,
      "answer_5": 4.838669227019628,
      "answer_6": 0.40672083079857685
    },
    "query_6": {
      "answer_1": 1.403994622873363,
      "answer_2": 1.128319221073045,
      "answer_3": 0.276788116592668,
      "answer_4": 0.2571145326204238,
      "answer_5": 0.25063643404979374,
      "answer_6": 4.932202940663559
    }
  }
}