{
  "entity": "Napoleon Bonaparte",
  "scores": {
    "query_1": {
      "answer_1": 7.587042237794085,
      "answer_2": 2.138176352942846,
      "answer_3": 2.093473538434098,
      "answer_4": 3.407379870115664,
      "answer_5": 2.4822711436620883,
      "answer_6": 1.6839090889268096
    },
    "query_2": {
      "answer_1": 0.8319680741786367,
      "answer_2": 5.221545511121131,
      "answer_3": 1.2400466665540275,
      "answer_4": 1.3100850333097616,
      "answer_5": 0.7497237084615764,
      "answer_6": 0.28230390151853446
    },
    "query_3": {
      "answer_1": 1.71724163294756,
      "answer_2": 1.4122168986537358,
      "answer_3": 8.652975749903284,
      "answer_4": 2.2256745195674914,
      "answer_5": 3.0814491661104837,
      "answer_6": 1.7270739841168539
    },
    "query_4": {
      "answer_1": 1.1790630350620808,
      "answer_2": 1.0670083234272671,
      "answer_3": 3.266791157243551,
      "answer_4": 7.509040717338529,
      "answer_5": 1.1896016713540296,
      "answer_6": 0.9615240476276499
    },
    "query_5": {
      "answer_1": 1.032168296915502,
      "answer_2": 0.5858084912934015,
      "answer_3": 3.0283934404855835,
      "answer_4": 0.683381720935014,
      "answer_5": 4.127302929869632,
      "answer_6": 1.5261318506647188
    },
    "query_6": {
      "answer_1": 5.019552395996926,
      "answer_2": 1.624510942242206,
      "answer_3": 2.3683415423764744,
      "answer_4": 1.9280905853143508,
      "answer_5": 3.0019432288610934,
      "answer_6": 8.406279463181844
    }
  }
}