{
  "entity": "Napoleon Bonaparte",
  "scores": {
    "query_1": {
      "answer_1": 10.046305582021537,
      "answer_2": 2.542079883972488,
      "answer_3": 5.100012872652325,
      "answer_4": 4.2261153453524445,
      "answer_5": 3.330994608786137,
      "answer_6": 3.687051319623707
    },
    "query_2": {
      "answer_1": 5.105781276432364,
      "answer_2": 7.0654663419056485,
      "answer_3": 3.844554281031778,
      "answer_4": 4.101594719316616,
      "answer_5": 2.6239496907077102,
      "answer_6": 1.9002509350320154
    },
    "query_3": {
      "answer_1": 4.912789057377926,
      "answer_2": 3.137200356647856,
      "answer_3": 7.93042501885494,
      "answer_4": 4.35856414819803,
      "answer_5": 3.7709998206469133,
      "answer_6": 3.0029050680993743
    },
    "query_4": {
      "answer_1": 3.9341798101273673,
      "answer_2": 2.267150887520839,
      "answer_3": 5.380841294830111,
      "answer_4": 15.32958614296847,
      "answer_5": 5.2338163764314505,
      "answer_6": 3.229638600554177
    },
    "query_5": {
      "answer_1": 3.401584660710377,
      "answer_2": 1.9272617197159099,
      "answer_3": 4.274943523747634,
      "answer_4": 4.397871729090301,
      "answer_5": 15.385630211112552,
      "answer_6": 3.606618548339071
    },
    "query_6": {
      "answer_1": 2.0726383903319134,
      "answer_2": 1.6000799159237282,
      "answer_3": 2.7950607546891266,
      "answer_4": 2.9732135582547667,
      "answer_5": 1.4469056596039749,
      "answer_6": 11.899149748632675
    }
  }
}