{
  "entity": "Napoleon Bonaparte",
  "scores": {
    "query_1": {
      "answer_1": 6.348689840592121,
      "answer_2": 1.76608912094376,
      "answer_3": 1.836645250101276,
      "answer_4": 1.9847853814781837,
      "answer_5": 2.127252861651837,
      "answer_6": 1.3707348665913295
    },
    "query_2": {
      "answer_1": 2.036203199375496,
      "answer_2": 5.647984484944969,
      "answer_3": 2.891907825429333,
      "answer_4": 1.7275955544212453,
      "answer_5": 2.2206806844602807,
      "answer_6": 1.6328265900974581
    },
    "query_3": {
      "answer_1": 3.140064111680758,
      "answer_2": 3.0830686092423902,
      "answer_3": 5.2503692748398025,
      "answer_4": 3.0732036224918624,
      "answer_5": 2.6720135078566627,
      "answer_6": 2.806162730868525
    },
    "query_4": {
      "answer_1": 3.707944872530361,
      "answer_2": 2.4984222518668613,
      "answer_3": 2.917429473124533,
      "answer_4": 5.396099162636901,
      "answer_5": 2.4686214213324855,
      "answer_6": 1.9379384076023116
    },
    "query_5": {
      "answer_1": 1.526993161339531,
      "answer_2": 1.6330128441686211,
      "answer_3": 1.8367667857308156,
      "answer_4": 1.511785658378661,
      "answer_5": 4.808309005964864,
      "answer_6": 1.1160277558869058
    },
    "query_6": {
      "answer_1": 3.5359785076360906,
      "answer_2": 0.9397956495920738,
      "answer_3": 1.1403714359405737,
      "answer_4": 1.9571235245575411,
      "answer_5": 1.6651323317838098,
      "answer_6": 6.063383940527194
    }
  }
}