{
  "entity": "Abraham Lincoln",
  "cosine_similarities": {
    "query_1": {
      "answer_1": 0.8625314529021754,
      "answer_2": 0.634898266378956,
      "answer_3": 0.6818154506621737,
      "answer_4": 0.5102077735366712,
      "answer_5": 0.5734075738522547,
      "answer_6": 0.6033266712273674
    },
    "query_2": {
      "answer_1": 0.6604265782016345,
      "answer_2": 0.9027905128145293,
      "answer_3": 0.6455940899809208,
      "answer_4": 0.4817621811460299,
      "answer_5": 0.49428291225326565,
      "answer_6": 0.4970660391911626
    },
    "query_3": {
      "answer_1": 0.7297619790946093,
      "answer_2": 0.6400465121900226,
      "answer_3": 0.895395067680517,
      "answer_4": 0.5529980338040954,
      "answer_5": 0.5670411152713047,
      "answer_6": 0.568967166914477
    },
    "query_4": {
      "answer_1": 0.5767063535098459,
      "answer_2": 0.5414888316275139,
      "answer_3": 0.5287490401606987,
      "answer_4": 0.8476173568432834,
      "answer_5": 0.4595536626500918,
      "answer_6": 0.6652929403342355
    },
    "query_5": {
      "answer_1": 0.6137382082234275,
      "answer_2": 0.5092410867808105,
      "answer_3": 0.5893222538392145,
      "answer_4": 0.4669842745085474,
      "answer_5": 0.868178428122039,
      "answer_6": 0.5061837327679124
    },
    "query_6": {
      "answer_1": 0.582024002620795,
      "answer_2": 0.5198998436154649,
      "answer_3": 0.5353102703839099,
      "answer_4": 0.5551217058725616,
      "answer_5": 0.4630329526102262,
      "answer_6": 0.8491142762773328
    }
  }
}