{
  "entity": "Abraham Lincoln",
  "cosine_similarities": {
    "query_1": {
      "answer_1": 0.8635633007099639,
      "answer_2": 0.6661748085059309,
      "answer_3": 0.6779676027438367,
      "answer_4": 0.5330806389665123,
      "answer_5": 0.6077427359305096,
      "answer_6": 0.5946797893634622
    },
    "query_2": {
      "answer_1": 0.6809985612834065,
      "answer_2": 0.8975505014361441,
      "answer_3": 0.6407645302465831,
      "answer_4": 0.4755514561468558,
      "answer_5": 0.532245463857597,
      "answer_6": 0.48068001227207363
    },
    "query_3": {
      "answer_1": 0.6388262291808194,
      "answer_2": 0.6264666893300705,
      "answer_3": 0.842386255104659,
      "answer_4": 0.5470352469053851,
      "answer_5": 0.5565106926045212,
      "answer_6": 0.5482185265437464
    },
    "query_4": {
      "answer_1": 0.5571903277662712,
      "answer_2": 0.5052222177191998,
      "answer_3": 0.5430431395967023,
      "answer_4": 0.8322234988006942,
      "answer_5": 0.6109391774762573,
      "answer_6": 0.6692375351200353
    },
    "query_5": {
      "answer_1": 0.6411927530932665,
      "answer_2": 0.5711589276420096,
      "answer_3": 0.5844155452515795,
      "answer_4": 0.5764005483164616,
      "answer_5": 0.8790176772482852,
      "answer_6": 0.5495340390990965
    },
    "query_6": {
      "answer_1": 0.606011314054978,
      "answer_2": 0.5288743711312884,
      "answer_3": 0.5361432005100542,
      "answer_4": 0.5650351796275446,
      "answer_5": 0.5459549396107976,
      "answer_6": 0.7961510137701937
    }
  }
}