{
  "entity": "Abraham Lincoln",
  "cosine_similarities": {
    "query_1": {
      "answer_1": 0.8386341917118172,
      "answer_2": 0.683244144039871,
      "answer_3": 0.733993490550196,
      "answer_4": 0.47132258239396396,
      "answer_5": 0.5616099306409017,
      "answer_6": 0.551089061152199
    },
    "query_2": {
      "answer_1": 0.6640201531358296,
      "answer_2": 0.8948204298647187,
      "answer_3": 0.6666026874688966,
      "answer_4": 0.4355530572382566,
      "answer_5": 0.4994069638565395,
      "answer_6": 0.47122712923677296
    },
    "query_3": {
      "answer_1": 0.701778421488728,
      "answer_2": 0.664156423695696,
      "answer_3": 0.8364128096704149,
      "answer_4": 0.5356214968754358,
      "answer_5": 0.5389947600331096,
      "answer_6": 0.5246680190029661
    },
    "query_4": {
      "answer_1": 0.5761141628952114,
      "answer_2": 0.5505029475541873,
      "answer_3": 0.6007660971372497,
      "answer_4": 0.7948225671504502,
      "answer_5": 0.49717162455412195,
      "answer_6": 0.6223324173842554
    },
    "query_5": {
      "answer_1": 0.5875259382938944,
      "answer_2": 0.5230415875949758,
      "answer_3": 0.5596949183659448,
      "answer_4": 0.44520945352487395,
      "answer_5": 0.8590099214717046,
      "answer_6": 0.4800158786836522
    },
    "query_6": {
      "answer_1": 0.5823899168693927,
      "answer_2": 0.5267369367672631,
      "answer_3": 0.5537883952905854,
      "answer_4": 0.5537796295616023,
      "answer_5": 0.4954427111481863,
      "answer_6": 0.8021006216368289
    }
  }
}