{
  "entity": "Abraham Lincoln",
  "cosine_similarities": {
    "query_1": {
      "answer_1": 0.8641844482308726,
      "answer_2": 0.6461711614395912,
      "answer_3": 0.6493497184666369,
      "answer_4": 0.5887092667837015,
      "answer_5": 0.6123855385508248,
      "answer_6": 0.5619436574199146
    },
    "query_2": {
      "answer_1": 0.6653401325389969,
      "answer_2": 0.8901234049744585,
      "answer_3": 0.6088139913696168,
      "answer_4": 0.5305085370464103,
      "answer_5": 0.5159400388634996,
      "answer_6": 0.5501230916844984
    },
    "query_3": {
      "answer_1": 0.6547163873885959,
      "answer_2": 0.5967233393900614,
      "answer_3": 0.8617796368250904,
      "answer_4": 0.5171033233256757,
      "answer_5": 0.49600461706658333,
      "answer_6": 0.4512660727808154
    },
    "query_4": {
      "answer_1": 0.6182603243788225,
      "answer_2": 0.5186454625231307,
      "answer_3": 0.5745047514713367,
      "answer_4": 0.8206745721306548,
      "answer_5": 0.5996315193654722,
      "answer_6": 0.6757855694390015
    },
    "query_5": {
      "answer_1": 0.5862416797730258,
      "answer_2": 0.4946802354266399,
      "answer_3": 0.5271422721545982,
      "answer_4": 0.5865750181720695,
      "answer_5": 0.8871255655575611,
      "answer_6": 0.4802143653728256
    },
    "query_6": {
      "answer_1": 0.6413649223192981,
      "answer_2": 0.5972838780169321,
      "answer_3": 0.5689156926577201,
      "answer_4": 0.7177847831469606,
      "answer_5": 0.5335114380666645,
      "answer_6": 0.8343489379988465
    }
  }
}