{
  "entity": "Abraham Lincoln",
  "cosine_similarities": {
    "query_1": {
      "answer_1": 0.8729346341136038,
      "answer_2": 0.6603044203870635,
      "answer_3": 0.6674378594104764,
      "answer_4": 0.4941625902420455,
      "answer_5": 0.648624125230531,
      "answer_6": 0.5103755386728989
    },
    "query_2": {
      "answer_1": 0.6760652967511276,
      "answer_2": 0.9080080828117943,
      "answer_3": 0.6746159646349511,
      "answer_4": 0.5100392131662085,
      "answer_5": 0.6491017766575428,
      "answer_6": 0.4670153094549076
    },
    "query_3": {
      "answer_1": 0.6983282119035888,
      "answer_2": 0.6410782446570262,
      "answer_3": 0.8582637306794341,
      "answer_4": 0.6118958355707153,
      "answer_5": 0.6100754333358338,
      "answer_6": 0.5444912895198121
    },
    "query_4": {
      "answer_1": 0.5245672564838639,
      "answer_2": 0.5139163463870232,
      "answer_3": 0.5848003058567972,
      "answer_4": 0.8279464745307638,
      "answer_5": 0.6178860536848031,
      "answer_6": 0.6405750765589157
    },
    "query_5": {
      "answer_1": 0.7150761259964459,
      "answer_2": 0.7011736974856069,
      "answer_3": 0.6768640273011115,
      "answer_4": 0.6343473429096419,
      "answer_5": 0.8413143164274225,
      "answer_6": 0.5421034352536742
    },
    "query_6": {
      "answer_1": 0.5973784913037542,
      "answer_2": 0.535892835725175,
      "answer_3": 0.5508562507836037,
      "answer_4": 0.6584451994242574,
      "answer_5": 0.5949895238891723,
      "answer_6": 0.8381796417022752
    }
  }
}