{
  "entity": "Abraham Lincoln",
  "cosine_similarities": {
    "query_1": {
      "answer_1": 0.862583072667232,
      "answer_2": 0.5688703031848654,
      "answer_3": 0.6134750151370462,
      "answer_4": 0.42601371211291533,
      "answer_5": 0.5372721520507845,
      "answer_6": 0.48829872789462675
    },
    "query_2": {
      "answer_1": 0.6069459535621606,
      "answer_2": 0.9061654439830548,
      "answer_3": 0.6865806415126707,
      "answer_4": 0.4485994818436112,
      "answer_5": 0.5513378917697225,
      "answer_6": 0.5298570314540282
    },
    "query_3": {
      "answer_1": 0.6429375460805189,
      "answer_2": 0.6270572293490952,
      "answer_3": 0.8318202821143832,
      "answer_4": 0.5435597776406029,
      "answer_5": 0.5716954882241748,
      "answer_6": 0.5379056587632511
    },
    "query_4": {
      "answer_1": 0.5023089419391966,
      "answer_2": 0.5023910954684085,
      "answer_3": 0.533820801371187,
      "answer_4": 0.8074874519125335,
      "answer_5": 0.5995285951438318,
      "answer_6": 0.6639366624357086
    },
    "query_5": {
      "answer_1": 0.5782968992578857,
      "answer_2": 0.5752824894620269,
      "answer_3": 0.6171169279441971,
      "answer_4": 0.5230702515031972,
      "answer_5": 0.8904068945278872,
      "answer_6": 0.5102526530306679
    },
    "query_6": {
      "answer_1": 0.58222700682567,
      "answer_2": 0.573295573413301,
      "answer_3": 0.5779213180725936,
      "answer_4": 0.639747738972304,
      "answer_5": 0.5888954655269149,
      "answer_6": 0.8517729660312371
    }
  }
}