{
  "entity": "Abraham Lincoln",
  "cosine_similarities": {
    "query_1": {
      "answer_1": 0.8393133303178302,
      "answer_2": 0.6201101210168515,
      "answer_3": 0.6701623052696749,
      "answer_4": 0.4655429768190054,
      "answer_5": 0.6539691853898917,
      "answer_6": 0.48782231957353556
    },
    "query_2": {
      "answer_1": 0.6518054678064238,
      "answer_2": 0.8824799696551469,
      "answer_3": 0.6382247413014707,
      "answer_4": 0.5015061390565118,
      "answer_5": 0.6626321292639393,
      "answer_6": 0.46582935812164206
    },
    "query_3": {
      "answer_1": 0.6717180948491458,
      "answer_2": 0.6346112167836605,
      "answer_3": 0.8197451088814384,
      "answer_4": 0.5993266511229187,
      "answer_5": 0.6286978554832755,
      "answer_6": 0.5285870342238898
    },
    "query_4": {
      "answer_1": 0.5043251882807899,
      "answer_2": 0.5594693644405884,
      "answer_3": 0.6009742859486538,
      "answer_4": 0.8082884247398207,
      "answer_5": 0.6282369585770436,
      "answer_6": 0.6359974311014489
    },
    "query_5": {
      "answer_1": 0.70532176036148,
      "answer_2": 0.7005001155908214,
      "answer_3": 0.6775575551082622,
      "answer_4": 0.6272688073574644,
      "answer_5": 0.8529922787792076,
      "answer_6": 0.5491869376468959
    },
    "query_6": {
      "answer_1": 0.546341542101809,
      "answer_2": 0.5331810280778885,
      "answer_3": 0.57965721052418,
      "answer_4": 0.6265124346241929,
      "answer_5": 0.5803470625087693,
      "answer_6": 0.8273905392015095
    }
  }
}