{
  "entity": "Abraham Lincoln",
  "cosine_similarities": {
    "query_1": {
      "answer_1": 0.8778440379935344,
      "answer_2": 0.6391088328302985,
      "answer_3": 0.669915751244522,
      "answer_4": 0.485597442512335,
      "answer_5": 0.6515843465902221,
      "answer_6": 0.4857930530553145
    },
    "query_2": {
      "answer_1": 0.6430661638643869,
      "answer_2": 0.8956199018773344,
      "answer_3": 0.6800218955636862,
      "answer_4": 0.5053466001126644,
      "answer_5": 0.6620605422059302,
      "answer_6": 0.4614764908014535
    },
    "query_3": {
      "answer_1": 0.6584209433631476,
      "answer_2": 0.6465017796267626,
      "answer_3": 0.8593923277868777,
      "answer_4": 0.5962952385758091,
      "answer_5": 0.6189172740251188,
      "answer_6": 0.5217922440409192
    },
    "query_4": {
      "answer_1": 0.4796380988624524,
      "answer_2": 0.5119396935511991,
      "answer_3": 0.5734001038382145,
      "answer_4": 0.8365671311731707,
      "answer_5": 0.5977640224956948,
      "answer_6": 0.6310771887948016
    },
    "query_5": {
      "answer_1": 0.6788439648977316,
      "answer_2": 0.6694125939001611,
      "answer_3": 0.6574775593030149,
      "answer_4": 0.6292137806670258,
      "answer_5": 0.8471911171389251,
      "answer_6": 0.5347693620794036
    },
    "query_6": {
      "answer_1": 0.5256770476855949,
      "answer_2": 0.5121079987911936,
      "answer_3": 0.5439907037219067,
      "answer_4": 0.6511054988572019,
      "answer_5": 0.5488296268065819,
      "answer_6": 0.8459640520485744
    }
  }
}