{
  "entity": "Abraham Lincoln",
  "cosine_similarities": {
    "query_1": {
      "answer_1": 0.8915107559924065,
      "answer_2": 0.640622181050398,
      "answer_3": 0.6540406329433628,
      "answer_4": 0.48930555130151226,
      "answer_5": 0.5771976157419527,
      "answer_6": 0.5160696965401568
    },
    "query_2": {
      "answer_1": 0.6539257488965811,
      "answer_2": 0.8788733558341936,
      "answer_3": 0.6556247275834978,
      "answer_4": 0.47498149333516165,
      "answer_5": 0.6002011032415224,
      "answer_6": 0.491176607602973
    },
    "query_3": {
      "answer_1": 0.6903061034592158,
      "answer_2": 0.6533834625578979,
      "answer_3": 0.8607971255155531,
      "answer_4": 0.557960200644106,
      "answer_5": 0.5807211669878539,
      "answer_6": 0.5298564854467673
    },
    "query_4": {
      "answer_1": 0.5619901630708034,
      "answer_2": 0.5862951102136916,
      "answer_3": 0.5548743768361212,
      "answer_4": 0.8523781290704097,
      "answer_5": 0.671097489358166,
      "answer_6": 0.7451463841140424
    },
    "query_5": {
      "answer_1": 0.6683023112268297,
      "answer_2": 0.698282821568263,
      "answer_3": 0.6310074991789575,
      "answer_4": 0.5665512933577537,
      "answer_5": 0.8542185933285269,
      "answer_6": 0.5761352453887194
    },
    "query_6": {
      "answer_1": 0.5979509180167102,
      "answer_2": 0.5857720798542914,
      "answer_3": 0.562585758802067,
      "answer_4": 0.641221676574297,
      "answer_5": 0.5939375930708944,
      "answer_6": 0.8314614964775058
    }
  }
}