{
  "entity": "Abraham Lincoln",
  "cosine_similarities": {
    "query_1": {
      "answer_1": 0.875089054214081,
      "answer_2": 0.6806063116048846,
      "answer_3": 0.6687578223363455,
      "answer_4": 0.4882989775463759,
      "answer_5": 0.5540051626010476,
      "answer_6": 0.5130205200507351
    },
    "query_2": {
      "answer_1": 0.666949833467853,
      "answer_2": 0.892906264506224,
      "answer_3": 0.6670089530402025,
      "answer_4": 0.5096658301604466,
      "answer_5": 0.5859051117475834,
      "answer_6": 0.49789966017076487
    },
    "query_3": {
      "answer_1": 0.6849138525547551,
      "answer_2": 0.663111755322517,
      "answer_3": 0.8451236810641051,
      "answer_4": 0.5827600315565942,
      "answer_5": 0.5835274276961032,
      "answer_6": 0.5253630266745044
    },
    "query_4": {
      "answer_1": 0.5477415639902811,
      "answer_2": 0.582548667901672,
      "answer_3": 0.570427556222546,
      "answer_4": 0.8402149056575281,
      "answer_5": 0.6495670808093275,
      "answer_6": 0.7603946173978531
    },
    "query_5": {
      "answer_1": 0.6588327190903424,
      "answer_2": 0.680990922525058,
      "answer_3": 0.6483158929024135,
      "answer_4": 0.583324758692932,
      "answer_5": 0.8433948819728151,
      "answer_6": 0.5780227745867766
    },
    "query_6": {
      "answer_1": 0.594629749315456,
      "answer_2": 0.5805102838498691,
      "answer_3": 0.5638010828823155,
      "answer_4": 0.6304083106761241,
      "answer_5": 0.5798757563214747,
      "answer_6": 0.8234466746067395
    }
  }
}