{
  "entity": "Abraham Lincoln",
  "cosine_similarities": {
    "query_1": {
      "answer_1": 0.7904540400274066,
      "answer_2": 0.6512209286898362,
      "answer_3": 0.6444769117924878,
      "answer_4": 0.5205258975865054,
      "answer_5": 0.6428299048801761,
      "answer_6": 0.558523792932792
    },
    "query_2": {
      "answer_1": 0.6467963919388872,
      "answer_2": 0.8960750937919786,
      "answer_3": 0.6012549547492391,
      "answer_4": 0.47487554236968277,
      "answer_5": 0.5155018692669755,
      "answer_6": 0.4933522552228135
    },
    "query_3": {
      "answer_1": 0.6416567252358815,
      "answer_2": 0.6344446059437315,
      "answer_3": 0.8399412925981548,
      "answer_4": 0.6208587855990119,
      "answer_5": 0.5303405379980356,
      "answer_6": 0.5629416764348423
    },
    "query_4": {
      "answer_1": 0.5220717819451549,
      "answer_2": 0.5129109890541006,
      "answer_3": 0.5938068725990125,
      "answer_4": 0.8201681239245756,
      "answer_5": 0.48489900784390816,
      "answer_6": 0.6367518276560364
    },
    "query_5": {
      "answer_1": 0.5623744093990226,
      "answer_2": 0.5249958651046384,
      "answer_3": 0.5080793410530827,
      "answer_4": 0.4778904536363728,
      "answer_5": 0.8901517628827309,
      "answer_6": 0.4939456014685865
    },
    "query_6": {
      "answer_1": 0.5658136305860272,
      "answer_2": 0.5296301350214977,
      "answer_3": 0.5344337893750535,
      "answer_4": 0.6224457374316065,
      "answer_5": 0.5125390819475606,
      "answer_6": 0.8225493804800235
    }
  }
}