{
  "entity": "Abraham Lincoln",
  "cosine_similarities": {
    "query_1": {
      "answer_1": 0.8767381965821323,
      "answer_2": 0.6659612487225869,
      "answer_3": 0.6437082289694204,
      "answer_4": 0.5824244249136645,
      "answer_5": 0.5450015860014016,
      "answer_6": 0.5847870437409527
    },
    "query_2": {
      "answer_1": 0.6483024441683543,
      "answer_2": 0.8901390013485682,
      "answer_3": 0.609663370744129,
      "answer_4": 0.4938229098647953,
      "answer_5": 0.47233567167340595,
      "answer_6": 0.4708410961244582
    },
    "query_3": {
      "answer_1": 0.6658813906030421,
      "answer_2": 0.635020138573364,
      "answer_3": 0.9061677658903051,
      "answer_4": 0.5005443041837354,
      "answer_5": 0.4916244366414051,
      "answer_6": 0.4784523603908404
    },
    "query_4": {
      "answer_1": 0.6075558259604376,
      "answer_2": 0.5391897864672188,
      "answer_3": 0.5624076988851889,
      "answer_4": 0.8195421079774413,
      "answer_5": 0.5256362960923778,
      "answer_6": 0.6002725272252974
    },
    "query_5": {
      "answer_1": 0.5980423329888164,
      "answer_2": 0.5271868834300776,
      "answer_3": 0.5382279452831283,
      "answer_4": 0.5242850048920183,
      "answer_5": 0.8434477705308479,
      "answer_6": 0.48301039474131513
    },
    "query_6": {
      "answer_1": 0.6040800657273577,
      "answer_2": 0.5518344261470091,
      "answer_3": 0.49971831700971675,
      "answer_4": 0.5426563895926113,
      "answer_5": 0.4485959056047788,
      "answer_6": 0.8555256355942281
    }
  }
}