{
  "entity": "Abraham Lincoln",
  "cosine_similarities": {
    "query_1": {
      "answer_1": 0.8530902562483046,
      "answer_2": 0.5795292192403009,
      "answer_3": 0.6603384104188883,
      "answer_4": 0.4456407592738849,
      "answer_5": 0.498025365914008,
      "answer_6": 0.47688263487061083
    },
    "query_2": {
      "answer_1": 0.6182878071979733,
      "answer_2": 0.8830365068114353,
      "answer_3": 0.6500300467383828,
      "answer_4": 0.49715615369163935,
      "answer_5": 0.4521736520339778,
      "answer_6": 0.49397078294806235
    },
    "query_3": {
      "answer_1": 0.7210812260867046,
      "answer_2": 0.6736879015767078,
      "answer_3": 0.8793514907956793,
      "answer_4": 0.5641198478759336,
      "answer_5": 0.5315214362545863,
      "answer_6": 0.5794374832061964
    },
    "query_4": {
      "answer_1": 0.5336822841984189,
      "answer_2": 0.5323132318538873,
      "answer_3": 0.5363294326820386,
      "answer_4": 0.8299169973785122,
      "answer_5": 0.5247302753193451,
      "answer_6": 0.6474239431403134
    },
    "query_5": {
      "answer_1": 0.552415329652039,
      "answer_2": 0.522897158404958,
      "answer_3": 0.5466247353822158,
      "answer_4": 0.5077034772436099,
      "answer_5": 0.8821262565577395,
      "answer_6": 0.47418662032913095
    },
    "query_6": {
      "answer_1": 0.5054713635846754,
      "answer_2": 0.5556387744884588,
      "answer_3": 0.5014380633006509,
      "answer_4": 0.558915452871251,
      "answer_5": 0.42998593763986115,
      "answer_6": 0.8217498657826035
    }
  }
}