{
  "entity": "Abraham Lincoln",
  "cosine_similarities": {
    "query_1": {
      "answer_1": 0.8941555760023122,
      "answer_2": 0.6410972679035627,
      "answer_3": 0.6399120105423759,
      "answer_4": 0.47976352138328426,
      "answer_5": 0.6604906490006447,
      "answer_6": 0.5051458510158041
    },
    "query_2": {
      "answer_1": 0.6440109455530438,
      "answer_2": 0.8419462539789305,
      "answer_3": 0.608865070417561,
      "answer_4": 0.46532048736030673,
      "answer_5": 0.6229709014763538,
      "answer_6": 0.4607782155538617
    },
    "query_3": {
      "answer_1": 0.661096428599246,
      "answer_2": 0.6520185420355576,
      "answer_3": 0.8325544671965127,
      "answer_4": 0.578984651328644,
      "answer_5": 0.5807289152463868,
      "answer_6": 0.5214981094448785
    },
    "query_4": {
      "answer_1": 0.47527504178983615,
      "answer_2": 0.4783411607992478,
      "answer_3": 0.5495288041952614,
      "answer_4": 0.7658763070823394,
      "answer_5": 0.544853998194635,
      "answer_6": 0.5749771635933453
    },
    "query_5": {
      "answer_1": 0.6611602637718429,
      "answer_2": 0.6376964527367609,
      "answer_3": 0.6244155051936054,
      "answer_4": 0.550939144312419,
      "answer_5": 0.8138973377833288,
      "answer_6": 0.5092764709151445
    },
    "query_6": {
      "answer_1": 0.5294582987693514,
      "answer_2": 0.4700368490936276,
      "answer_3": 0.5019269644792523,
      "answer_4": 0.6657869172467734,
      "answer_5": 0.5102634102729411,
      "answer_6": 0.8383038737051853
    }
  }
}