{
  "entity": "Abraham Lincoln",
  "cosine_similarities": {
    "query_1": {
      "answer_1": 0.807299380769133,
      "answer_2": 0.5834913322946603,
      "answer_3": 0.5968367542031259,
      "answer_4": 0.44031061434579855,
      "answer_5": 0.49202455929734573,
      "answer_6": 0.4521593406875646
    },
    "query_2": {
      "answer_1": 0.578596235416252,
      "answer_2": 0.9051101251108784,
      "answer_3": 0.6866561226704705,
      "answer_4": 0.5025522301371426,
      "answer_5": 0.4171356866768364,
      "answer_6": 0.4884761134136126
    },
    "query_3": {
      "answer_1": 0.6016992008539145,
      "answer_2": 0.6784467139726706,
      "answer_3": 0.8598075486991815,
      "answer_4": 0.5665542174824322,
      "answer_5": 0.46084448169704034,
      "answer_6": 0.49162695192366207
    },
    "query_4": {
      "answer_1": 0.5043779851757288,
      "answer_2": 0.5551895571155113,
      "answer_3": 0.6268880363741819,
      "answer_4": 0.8630741610380185,
      "answer_5": 0.4743552762909401,
      "answer_6": 0.6519755426790046
    },
    "query_5": {
      "answer_1": 0.5166381016981467,
      "answer_2": 0.49854042827599804,
      "answer_3": 0.5423573360395385,
      "answer_4": 0.522445911086386,
      "answer_5": 0.8901733659247358,
      "answer_6": 0.4436634911478573
    },
    "query_6": {
      "answer_1": 0.4880962331171902,
      "answer_2": 0.5334284445217327,
      "answer_3": 0.5732971391587205,
      "answer_4": 0.644066583345409,
      "answer_5": 0.4346211190564567,
      "answer_6": 0.8571417277887723
    }
  }
}