{
  "entity": "Abraham Lincoln",
  "cosine_similarities": {
    "query_1": {
      "answer_1": 0.8816054661522851,
      "answer_2": 0.6467841249475335,
      "answer_3": 0.6592669848466034,
      "answer_4": 0.47580286983259695,
      "answer_5": 0.6796872733280075,
      "answer_6": 0.5057918471859213
    },
    "query_2": {
      "answer_1": 0.6238700111261354,
      "answer_2": 0.8943032096420008,
      "answer_3": 0.6390926805472807,
      "answer_4": 0.45791791263723897,
      "answer_5": 0.6608358784333441,
      "answer_6": 0.476586653031555
    },
    "query_3": {
      "answer_1": 0.6566592889074536,
      "answer_2": 0.647184662278814,
      "answer_3": 0.8611300829748069,
      "answer_4": 0.604965935843405,
      "answer_5": 0.6114458487145279,
      "answer_6": 0.5437335820066068
    },
    "query_4": {
      "answer_1": 0.46307941229793725,
      "answer_2": 0.5405998921946494,
      "answer_3": 0.5521324661961577,
      "answer_4": 0.800844502342596,
      "answer_5": 0.5931644963345098,
      "answer_6": 0.6294019134791075
    },
    "query_5": {
      "answer_1": 0.6576364720941201,
      "answer_2": 0.7062136281365324,
      "answer_3": 0.6428892758293896,
      "answer_4": 0.5755813952078231,
      "answer_5": 0.8473327543564012,
      "answer_6": 0.5332863745035961
    },
    "query_6": {
      "answer_1": 0.5210787907762034,
      "answer_2": 0.5189698556511965,
      "answer_3": 0.5198131708444403,
      "answer_4": 0.6508722462576557,
      "answer_5": 0.5511998218465707,
      "answer_6": 0.842106315974002
    }
  }
}