{
  "entity": "Abraham Lincoln",
  "cosine_similarities": {
    "query_1": {
      "answer_1": 0.8639068561775699,
      "answer_2": 0.6468960709483621,
      "answer_3": 0.6824829587779526,
      "answer_4": 0.4935451147326267,
      "answer_5": 0.6608835591012894,
      "answer_6": 0.5123195846444707
    },
    "query_2": {
      "answer_1": 0.6579185988146491,
      "answer_2": 0.9030848028105857,
      "answer_3": 0.6656071979438499,
      "answer_4": 0.5079296438486472,
      "answer_5": 0.6470485838657103,
      "answer_6": 0.48341978911592115
    },
    "query_3": {
      "answer_1": 0.6804357343495782,
      "answer_2": 0.6378496404728907,
      "answer_3": 0.8519586983005408,
      "answer_4": 0.6100590250872401,
      "answer_5": 0.6068452403073816,
      "answer_6": 0.5391033265113443
    },
    "query_4": {
      "answer_1": 0.5359979302831662,
      "answer_2": 0.5225570300987018,
      "answer_3": 0.584891478514092,
      "answer_4": 0.8090034212954007,
      "answer_5": 0.6109367407568763,
      "answer_6": 0.6193013486970177
    },
    "query_5": {
      "answer_1": 0.717022494237818,
      "answer_2": 0.6937334167486437,
      "answer_3": 0.6682564779091251,
      "answer_4": 0.6374475260234294,
      "answer_5": 0.8473317449192649,
      "answer_6": 0.557179418752912
    },
    "query_6": {
      "answer_1": 0.5938553064594518,
      "answer_2": 0.5372766643989838,
      "answer_3": 0.575156363127429,
      "answer_4": 0.6426757209747181,
      "answer_5": 0.5959311438245505,
      "answer_6": 0.8416500089997633
    }
  }
}