{
  "entity": "Abraham Lincoln",
  "cosine_similarities": {
    "query_1": {
      "answer_1": 0.8507156590193607,
      "answer_2": 0.6701934725488159,
      "answer_3": 0.6472702979424323,
      "answer_4": 0.5694238375064203,
      "answer_5": 0.551829220038984,
      "answer_6": 0.5835562381752547
    },
    "query_2": {
      "answer_1": 0.6491202979935335,
      "answer_2": 0.8903680202931723,
      "answer_3": 0.6230922176243013,
      "answer_4": 0.48534693729940614,
      "answer_5": 0.4651678147046506,
      "answer_6": 0.4845151908664002
    },
    "query_3": {
      "answer_1": 0.6772689150042004,
      "answer_2": 0.6596369883580893,
      "answer_3": 0.9057565098090427,
      "answer_4": 0.49862127144695956,
      "answer_5": 0.48383649247158633,
      "answer_6": 0.48517242831352564
    },
    "query_4": {
      "answer_1": 0.577236191002206,
      "answer_2": 0.5460517430099973,
      "answer_3": 0.5771465219374632,
      "answer_4": 0.8266661537055273,
      "answer_5": 0.5298661784109829,
      "answer_6": 0.6152754600737205
    },
    "query_5": {
      "answer_1": 0.5861267873601675,
      "answer_2": 0.5506113778253884,
      "answer_3": 0.5695017559712625,
      "answer_4": 0.5226771750327266,
      "answer_5": 0.8306566675270352,
      "answer_6": 0.48461608613074947
    },
    "query_6": {
      "answer_1": 0.6110057234090149,
      "answer_2": 0.5398711893358619,
      "answer_3": 0.5220462265043714,
      "answer_4": 0.5865076049394282,
      "answer_5": 0.4464152045681584,
      "answer_6": 0.8362613342955237
    }
  }
}