{
  "entity": "Abraham Lincoln",
  "cosine_similarities": {
    "query_1": {
      "answer_1": 0.8459683359734542,
      "answer_2": 0.6513261627231792,
      "answer_3": 0.6939094114515275,
      "answer_4": 0.5462722339169437,
      "answer_5": 0.6220271052804454,
      "answer_6": 0.5283061213231905
    },
    "query_2": {
      "answer_1": 0.6550877021561128,
      "answer_2": 0.8972751861264191,
      "answer_3": 0.7454753141919369,
      "answer_4": 0.479680479277824,
      "answer_5": 0.5201849820312877,
      "answer_6": 0.4678999051322932
    },
    "query_3": {
      "answer_1": 0.6689004890434128,
      "answer_2": 0.7246621400605724,
      "answer_3": 0.8590043283779691,
      "answer_4": 0.5421479890226644,
      "answer_5": 0.5076011934585233,
      "answer_6": 0.5084554440689549
    },
    "query_4": {
      "answer_1": 0.5724710632491471,
      "answer_2": 0.5421877047785331,
      "answer_3": 0.5642279303112877,
      "answer_4": 0.8304656027444772,
      "answer_5": 0.5775863095295304,
      "answer_6": 0.5977549409800798
    },
    "query_5": {
      "answer_1": 0.6336171706705984,
      "answer_2": 0.5376349972127573,
      "answer_3": 0.5646032558716548,
      "answer_4": 0.5772276222196934,
      "answer_5": 0.8692105268912321,
      "answer_6": 0.4703582057893246
    },
    "query_6": {
      "answer_1": 0.5541477988664456,
      "answer_2": 0.5168266010289669,
      "answer_3": 0.5424466191367552,
      "answer_4": 0.6519308775312861,
      "answer_5": 0.46955010858052826,
      "answer_6": 0.8657580401850883
    }
  }
}