{
  "entity": "Abraham Lincoln",
  "cosine_similarities": {
    "query_1": {
      "answer_1": 0.8210101807058262,
      "answer_2": 0.6264844945040263,
      "answer_3": 0.6721207582668353,
      "answer_4": 0.49569185948998457,
      "answer_5": 0.6104896048597691,
      "answer_6": 0.5123823496867267
    },
    "query_2": {
      "answer_1": 0.6673368973610754,
      "answer_2": 0.8967906129590439,
      "answer_3": 0.6068153210946715,
      "answer_4": 0.44059820220168916,
      "answer_5": 0.5016564644747701,
      "answer_6": 0.44279887701839293
    },
    "query_3": {
      "answer_1": 0.6911166042995917,
      "answer_2": 0.6232312224194934,
      "answer_3": 0.7670103381299135,
      "answer_4": 0.543357847137728,
      "answer_5": 0.5557535353607259,
      "answer_6": 0.4998201286054278
    },
    "query_4": {
      "answer_1": 0.5634670920038816,
      "answer_2": 0.5209496897159986,
      "answer_3": 0.5558381015411228,
      "answer_4": 0.7941145110028083,
      "answer_5": 0.5731534200388142,
      "answer_6": 0.5867021072960225
    },
    "query_5": {
      "answer_1": 0.6731683012613459,
      "answer_2": 0.5649507988162492,
      "answer_3": 0.5882292071352027,
      "answer_4": 0.4806137753222989,
      "answer_5": 0.8232109518149685,
      "answer_6": 0.45394669463776127
    },
    "query_6": {
      "answer_1": 0.5060723946272364,
      "answer_2": 0.4816200889319108,
      "answer_3": 0.49059065054776674,
      "answer_4": 0.6513779624978214,
      "answer_5": 0.47278303280949546,
      "answer_6": 0.8509200583588852
    }
  }
}