{
  "entity": "Abraham Lincoln",
  "cosine_similarities": {
    "query_1": {
      "answer_1": 0.8195549589188534,
      "answer_2": 0.5845699210529595,
      "answer_3": 0.6518834038914432,
      "answer_4": 0.43512402536128497,
      "answer_5": 0.5413698585002432,
      "answer_6": 0.44563806527416894
    },
    "query_2": {
      "answer_1": 0.5696877779663857,
      "answer_2": 0.8988638944186984,
      "answer_3": 0.7295785017253303,
      "answer_4": 0.4630552948724962,
      "answer_5": 0.5143688276750461,
      "answer_6": 0.42760726037762764
    },
    "query_3": {
      "answer_1": 0.6118013890767012,
      "answer_2": 0.74768892627817,
      "answer_3": 0.9145998942248107,
      "answer_4": 0.5238660801791573,
      "answer_5": 0.5033522089239101,
      "answer_6": 0.47747420368193827
    },
    "query_4": {
      "answer_1": 0.4557931709634021,
      "answer_2": 0.47994047101593884,
      "answer_3": 0.5133167251134392,
      "answer_4": 0.8421051773150159,
      "answer_5": 0.5830270314857343,
      "answer_6": 0.580553918625035
    },
    "query_5": {
      "answer_1": 0.49310186441570586,
      "answer_2": 0.502252008033628,
      "answer_3": 0.5096337840153147,
      "answer_4": 0.5275091753387164,
      "answer_5": 0.8840897487922942,
      "answer_6": 0.42371541365194865
    },
    "query_6": {
      "answer_1": 0.46025615069680403,
      "answer_2": 0.4953535082760851,
      "answer_3": 0.5273687717632516,
      "answer_4": 0.5977057119125929,
      "answer_5": 0.5143486770482786,
      "answer_6": 0.8690862314358064
    }
  }
}