{
  "entity": "Abraham Lincoln",
  "cosine_similarities": {
    "query_1": {
      "answer_1": 0.8704905340097893,
      "answer_2": 0.6841069831453694,
      "answer_3": 0.6955001483241924,
      "answer_4": 0.4877958809615656,
      "answer_5": 0.5796664701408736,
      "answer_6": 0.5495683446290038
    },
    "query_2": {
      "answer_1": 0.6728205371425797,
      "answer_2": 0.8829580097676752,
      "answer_3": 0.6796792636197364,
      "answer_4": 0.44271170338235777,
      "answer_5": 0.49105800576652847,
      "answer_6": 0.48321621255101704
    },
    "query_3": {
      "answer_1": 0.7192703370289717,
      "answer_2": 0.6891459297609143,
      "answer_3": 0.8830459485514145,
      "answer_4": 0.5297696139894639,
      "answer_5": 0.5904431240416501,
      "answer_6": 0.5514270592752093
    },
    "query_4": {
      "answer_1": 0.579314589111173,
      "answer_2": 0.5542247717560471,
      "answer_3": 0.5503091206956645,
      "answer_4": 0.8222009450941932,
      "answer_5": 0.4951123717086702,
      "answer_6": 0.6798041069019215
    },
    "query_5": {
      "answer_1": 0.6293573914771602,
      "answer_2": 0.572689622344454,
      "answer_3": 0.6217835976953348,
      "answer_4": 0.4834547977083295,
      "answer_5": 0.8704571862891514,
      "answer_6": 0.5016414700562178
    },
    "query_6": {
      "answer_1": 0.5707929007185748,
      "answer_2": 0.5151250857295098,
      "answer_3": 0.5435595276734699,
      "answer_4": 0.631673340163909,
      "answer_5": 0.5241242797871122,
      "answer_6": 0.8413266541379344
    }
  }
}