{
  "entity": "Abraham Lincoln",
  "cosine_similarities": {
    "query_1": {
      "answer_1": 0.8196507135903128,
      "answer_2": 0.5536285416478827,
      "answer_3": 0.5789189017327995,
      "answer_4": 0.44160339092832934,
      "answer_5": 0.49888233046239755,
      "answer_6": 0.45718973232165544
    },
    "query_2": {
      "answer_1": 0.5827981565499692,
      "answer_2": 0.9076824061064205,
      "answer_3": 0.6552395686318601,
      "answer_4": 0.4831845534572597,
      "answer_5": 0.49192947154962596,
      "answer_6": 0.4684906494704257
    },
    "query_3": {
      "answer_1": 0.649199248268997,
      "answer_2": 0.6469273424180542,
      "answer_3": 0.8962634263600427,
      "answer_4": 0.47603435751453077,
      "answer_5": 0.48592471835166856,
      "answer_6": 0.4740249684737361
    },
    "query_4": {
      "answer_1": 0.5036662347463661,
      "answer_2": 0.5100083359933271,
      "answer_3": 0.5118733670737825,
      "answer_4": 0.8567047315632805,
      "answer_5": 0.538588052450182,
      "answer_6": 0.6251994682369088
    },
    "query_5": {
      "answer_1": 0.5357935387158759,
      "answer_2": 0.5217065022346543,
      "answer_3": 0.5279936196139744,
      "answer_4": 0.4969317806126624,
      "answer_5": 0.8707771040866107,
      "answer_6": 0.4793487549567998
    },
    "query_6": {
      "answer_1": 0.5037033821650536,
      "answer_2": 0.4940618869975599,
      "answer_3": 0.5303280907659792,
      "answer_4": 0.6653773625500986,
      "answer_5": 0.4636194718446203,
      "answer_6": 0.8563482916840257
    }
  }
}