{
  "entity": "Abraham Lincoln",
  "cosine_similarities": {
    "query_1": {
      "answer_1": 0.8813743374174752,
      "answer_2": 0.6826181015505803,
      "answer_3": 0.6802492855862119,
      "answer_4": 0.4714552936634058,
      "answer_5": 0.594757689647148,
      "answer_6": 0.5396030052892828
    },
    "query_2": {
      "answer_1": 0.637714856633912,
      "answer_2": 0.8965733877671291,
      "answer_3": 0.6815765037859437,
      "answer_4": 0.4754747396043531,
      "answer_5": 0.6126122768674628,
      "answer_6": 0.5119380393226183
    },
    "query_3": {
      "answer_1": 0.6641809786999235,
      "answer_2": 0.667229467296083,
      "answer_3": 0.8535953030476126,
      "answer_4": 0.5578269165459117,
      "answer_5": 0.5946721303948013,
      "answer_6": 0.5481823742021036
    },
    "query_4": {
      "answer_1": 0.5481956580544604,
      "answer_2": 0.5805008061556438,
      "answer_3": 0.5643240985889342,
      "answer_4": 0.845820056093276,
      "answer_5": 0.6578620751794607,
      "answer_6": 0.7342345262247003
    },
    "query_5": {
      "answer_1": 0.6400007106867228,
      "answer_2": 0.7015201639196538,
      "answer_3": 0.6599039867514486,
      "answer_4": 0.5676985570790679,
      "answer_5": 0.8610889202417297,
      "answer_6": 0.5998634694112537
    },
    "query_6": {
      "answer_1": 0.5534020102812959,
      "answer_2": 0.5822142257913645,
      "answer_3": 0.5673336249546408,
      "answer_4": 0.6311965093918502,
      "answer_5": 0.5896027150982611,
      "answer_6": 0.8420437771621593
    }
  }
}