{
  "entity": "Abraham Lincoln",
  "cosine_similarities": {
    "query_1": {
      "answer_1": 0.8353679155345525,
      "answer_2": 0.5730023843817873,
      "answer_3": 0.6516258072857803,
      "answer_4": 0.46293107985197,
      "answer_5": 0.512999394527461,
      "answer_6": 0.4703639521420402
    },
    "query_2": {
      "answer_1": 0.6304642413919029,
      "answer_2": 0.8912898663553966,
      "answer_3": 0.6607486821572672,
      "answer_4": 0.510647372283037,
      "answer_5": 0.4586808755680373,
      "answer_6": 0.4852256220306943
    },
    "query_3": {
      "answer_1": 0.7171054279064243,
      "answer_2": 0.6682060313119271,
      "answer_3": 0.8744733066122466,
      "answer_4": 0.5892926683306912,
      "answer_5": 0.5363105716853263,
      "answer_6": 0.5613723559771185
    },
    "query_4": {
      "answer_1": 0.5636468329364993,
      "answer_2": 0.5330015020932966,
      "answer_3": 0.6001746394602088,
      "answer_4": 0.8258621119735282,
      "answer_5": 0.5281282717872257,
      "answer_6": 0.6413073080644742
    },
    "query_5": {
      "answer_1": 0.5755507980573555,
      "answer_2": 0.5275518028483476,
      "answer_3": 0.5677174911189473,
      "answer_4": 0.5226219361093642,
      "answer_5": 0.8721601854309579,
      "answer_6": 0.4695179891120992
    },
    "query_6": {
      "answer_1": 0.519868959761058,
      "answer_2": 0.521182797269113,
      "answer_3": 0.5291565921683965,
      "answer_4": 0.5789240065101998,
      "answer_5": 0.42801839151718657,
      "answer_6": 0.826845947049801
    }
  }
}