{
  "entity": "Abraham Lincoln",
  "cosine_similarities": {
    "query_1": {
      "answer_1": 0.82821380718752,
      "answer_2": 0.6552333582248854,
      "answer_3": 0.6737975788533929,
      "answer_4": 0.5550242962156889,
      "answer_5": 0.6347208263329082,
      "answer_6": 0.5928836592023414
    },
    "query_2": {
      "answer_1": 0.6595695254682087,
      "answer_2": 0.9135101817133789,
      "answer_3": 0.6522341306626649,
      "answer_4": 0.46550917321469293,
      "answer_5": 0.5168247912177011,
      "answer_6": 0.5150822238980968
    },
    "query_3": {
      "answer_1": 0.6710619985677915,
      "answer_2": 0.5988166592583231,
      "answer_3": 0.8240909343857291,
      "answer_4": 0.5769138598067322,
      "answer_5": 0.5532550525612029,
      "answer_6": 0.5550485129164776
    },
    "query_4": {
      "answer_1": 0.5459490914599633,
      "answer_2": 0.4992489715524561,
      "answer_3": 0.5620475296379478,
      "answer_4": 0.747304521739951,
      "answer_5": 0.5453105223881831,
      "answer_6": 0.6606246281318007
    },
    "query_5": {
      "answer_1": 0.6360490439376094,
      "answer_2": 0.5936626518828367,
      "answer_3": 0.5761747079851811,
      "answer_4": 0.5272248318056966,
      "answer_5": 0.8514282246945748,
      "answer_6": 0.511176922900081
    },
    "query_6": {
      "answer_1": 0.5696303012425922,
      "answer_2": 0.5309983019408577,
      "answer_3": 0.5252064139808441,
      "answer_4": 0.5947791328397205,
      "answer_5": 0.44700162493597095,
      "answer_6": 0.8522560326045594
    }
  }
}