{
  "entity": "Abraham Lincoln",
  "cosine_similarities": {
    "query_1": {
      "answer_1": 0.8629984740220805,
      "answer_2": 0.6482604130615907,
      "answer_3": 0.6527806060127468,
      "answer_4": 0.48180432718498317,
      "answer_5": 0.6285933281272015,
      "answer_6": 0.6059728005943017
    },
    "query_2": {
      "answer_1": 0.6724708195352046,
      "answer_2": 0.8965574252716811,
      "answer_3": 0.5942785691572912,
      "answer_4": 0.45685390064123976,
      "answer_5": 0.5298013598439,
      "answer_6": 0.530715442481472
    },
    "query_3": {
      "answer_1": 0.6355072306746556,
      "answer_2": 0.6069936231411935,
      "answer_3": 0.8768156467841004,
      "answer_4": 0.547237006856583,
      "answer_5": 0.4991154595676771,
      "answer_6": 0.4934461112639295
    },
    "query_4": {
      "answer_1": 0.560184645224811,
      "answer_2": 0.5497168249305491,
      "answer_3": 0.5687346314308046,
      "answer_4": 0.855685209736703,
      "answer_5": 0.5423574911871144,
      "answer_6": 0.6638962444306609
    },
    "query_5": {
      "answer_1": 0.6714277413512513,
      "answer_2": 0.5634277275999188,
      "answer_3": 0.5595875502170363,
      "answer_4": 0.5065143872310007,
      "answer_5": 0.8383423427978187,
      "answer_6": 0.541081631800378
    },
    "query_6": {
      "answer_1": 0.6607291300091964,
      "answer_2": 0.6256073947704459,
      "answer_3": 0.5787941776330089,
      "answer_4": 0.5783982502690148,
      "answer_5": 0.5408249086485215,
      "answer_6": 0.8550930900940813
    }
  }
}