{
  "entity": "Abraham Lincoln",
  "cosine_similarities": {
    "query_1": {
      "answer_1": 0.8650860525969023,
      "answer_2": 0.6534393968594967,
      "answer_3": 0.6418480111755765,
      "answer_4": 0.49149320486271597,
      "answer_5": 0.6105165306497675,
      "answer_6": 0.5211343885664851
    },
    "query_2": {
      "answer_1": 0.655937349186497,
      "answer_2": 0.8947201596780912,
      "answer_3": 0.6471418741578709,
      "answer_4": 0.4987874836308932,
      "answer_5": 0.6225189633971756,
      "answer_6": 0.5293663840525553
    },
    "query_3": {
      "answer_1": 0.6841069431063624,
      "answer_2": 0.6675392422564241,
      "answer_3": 0.842146327354426,
      "answer_4": 0.5564816323668512,
      "answer_5": 0.6263416799061597,
      "answer_6": 0.5478589606404654
    },
    "query_4": {
      "answer_1": 0.5613030127355498,
      "answer_2": 0.5840585640990559,
      "answer_3": 0.5852206523845327,
      "answer_4": 0.8441152270674197,
      "answer_5": 0.6816541163828967,
      "answer_6": 0.7211227145134645
    },
    "query_5": {
      "answer_1": 0.6812932827299546,
      "answer_2": 0.6701252848560878,
      "answer_3": 0.6706924927871443,
      "answer_4": 0.5922063607729182,
      "answer_5": 0.856172508200282,
      "answer_6": 0.6248468219972438
    },
    "query_6": {
      "answer_1": 0.605302642729259,
      "answer_2": 0.5771150320427593,
      "answer_3": 0.5665756329732848,
      "answer_4": 0.6562625726919298,
      "answer_5": 0.6176427977483062,
      "answer_6": 0.8394238554470637
    }
  }
}