{
  "entity": "Abraham Lincoln",
  "cosine_similarities": {
    "query_1": {
      "answer_1": 0.8773020198037194,
      "answer_2": 0.6722233834299879,
      "answer_3": 0.6633480016773842,
      "answer_4": 0.5607066402428866,
      "answer_5": 0.6104387382211284,
      "answer_6": 0.5279481000434555
    },
    "query_2": {
      "answer_1": 0.6756288107888149,
      "answer_2": 0.9037246644814408,
      "answer_3": 0.7395331377816498,
      "answer_4": 0.5014538188234691,
      "answer_5": 0.5119921849688818,
      "answer_6": 0.45521178209656843
    },
    "query_3": {
      "answer_1": 0.6974420569280559,
      "answer_2": 0.7097500946620418,
      "answer_3": 0.8718806331125848,
      "answer_4": 0.5606074475346806,
      "answer_5": 0.5078100278789065,
      "answer_6": 0.5075612802745257
    },
    "query_4": {
      "answer_1": 0.6077124429389759,
      "answer_2": 0.5591686618694285,
      "answer_3": 0.5557505918197201,
      "answer_4": 0.8315109057545754,
      "answer_5": 0.5768703764023587,
      "answer_6": 0.6153537885581963
    },
    "query_5": {
      "answer_1": 0.6790842925692191,
      "answer_2": 0.5692719284081258,
      "answer_3": 0.5647011017347515,
      "answer_4": 0.6020192556739554,
      "answer_5": 0.8515495847752639,
      "answer_6": 0.4824004887018027
    },
    "query_6": {
      "answer_1": 0.5873655152098032,
      "answer_2": 0.5188420020945375,
      "answer_3": 0.518116339373086,
      "answer_4": 0.628242703279587,
      "answer_5": 0.5133305004487335,
      "answer_6": 0.8491193004081353
    }
  }
}