{
  "entity": "Abraham Lincoln",
  "cosine_similarities": {
    "query_1": {
      "answer_1": 0.8679901999271743,
      "answer_2": 0.6524032273312348,
      "answer_3": 0.6489031835195421,
      "answer_4": 0.4692409923775344,
      "answer_5": 0.6820434209110945,
      "answer_6": 0.4700427716755959
    },
    "query_2": {
      "answer_1": 0.6748171195757474,
      "answer_2": 0.8926563157164187,
      "answer_3": 0.6584185213339147,
      "answer_4": 0.5113997178898065,
      "answer_5": 0.6670659303122844,
      "answer_6": 0.4407887478349864
    },
    "query_3": {
      "answer_1": 0.6953985903808487,
      "answer_2": 0.6381762503829349,
      "answer_3": 0.843250853347553,
      "answer_4": 0.5742494103585495,
      "answer_5": 0.6309150331954727,
      "answer_6": 0.5183365648119902
    },
    "query_4": {
      "answer_1": 0.5181157586809998,
      "answer_2": 0.531919264236758,
      "answer_3": 0.5864424529726312,
      "answer_4": 0.8007517913048805,
      "answer_5": 0.6024260039946755,
      "answer_6": 0.6129875911151103
    },
    "query_5": {
      "answer_1": 0.7095681024851614,
      "answer_2": 0.6805607717403204,
      "answer_3": 0.6576255987285087,
      "answer_4": 0.6262991098699487,
      "answer_5": 0.8436023070612169,
      "answer_6": 0.511423289985186
    },
    "query_6": {
      "answer_1": 0.5649555480400897,
      "answer_2": 0.5485399110428046,
      "answer_3": 0.5415519605223288,
      "answer_4": 0.6526134744645824,
      "answer_5": 0.5653771485182795,
      "answer_6": 0.8478101283333896
    }
  }
}