{
  "entity": "Abraham Lincoln",
  "cosine_similarities": {
    "query_1": {
      "answer_1": 0.8735661435316838,
      "answer_2": 0.6167064921571732,
      "answer_3": 0.613175273057961,
      "answer_4": 0.44442805182598216,
      "answer_5": 0.5124775251857406,
      "answer_6": 0.49224238508370344
    },
    "query_2": {
      "answer_1": 0.5926153118221706,
      "answer_2": 0.8799688741783389,
      "answer_3": 0.6640765757392931,
      "answer_4": 0.5020535952505253,
      "answer_5": 0.5458716973607058,
      "answer_6": 0.5358818862771735
    },
    "query_3": {
      "answer_1": 0.6173380813006367,
      "answer_2": 0.6655468387947445,
      "answer_3": 0.8672912448049255,
      "answer_4": 0.5391205160764541,
      "answer_5": 0.5476504957618792,
      "answer_6": 0.5394584183793436
    },
    "query_4": {
      "answer_1": 0.4899542159542664,
      "answer_2": 0.5501586653400241,
      "answer_3": 0.5424712005701834,
      "answer_4": 0.8060830147675768,
      "answer_5": 0.5875124110393158,
      "answer_6": 0.653642182519924
    },
    "query_5": {
      "answer_1": 0.5584970074307702,
      "answer_2": 0.5764360719622387,
      "answer_3": 0.5416704923987078,
      "answer_4": 0.5605673899315993,
      "answer_5": 0.88819109738944,
      "answer_6": 0.5163390204172564
    },
    "query_6": {
      "answer_1": 0.5534467982585435,
      "answer_2": 0.5855731973149867,
      "answer_3": 0.5733822101848621,
      "answer_4": 0.6293837695721333,
      "answer_5": 0.5246623959157063,
      "answer_6": 0.8444924101180042
    }
  }
}