{
  "entity": "Abraham Lincoln",
  "cosine_similarities": {
    "query_1": {
      "answer_1": 0.8181927536021857,
      "answer_2": 0.6387391338492929,
      "answer_3": 0.6411559148779508,
      "answer_4": 0.5254813869518407,
      "answer_5": 0.5502253243616402,
      "answer_6": 0.5975377766265304
    },
    "query_2": {
      "answer_1": 0.6842843045597805,
      "answer_2": 0.8912319798803254,
      "answer_3": 0.5997461287214929,
      "answer_4": 0.47351486309922103,
      "answer_5": 0.4919213466152824,
      "answer_6": 0.5093855062155916
    },
    "query_3": {
      "answer_1": 0.6622181965863206,
      "answer_2": 0.6414229111905075,
      "answer_3": 0.9039323541470992,
      "answer_4": 0.4812850968285799,
      "answer_5": 0.4970049315163531,
      "answer_6": 0.5141555477581362
    },
    "query_4": {
      "answer_1": 0.5353462312852586,
      "answer_2": 0.49094302763285763,
      "answer_3": 0.5441034095639821,
      "answer_4": 0.8276462870068899,
      "answer_5": 0.49665009909517077,
      "answer_6": 0.7088594883269137
    },
    "query_5": {
      "answer_1": 0.6188437883690461,
      "answer_2": 0.5353970012118532,
      "answer_3": 0.5671452575771702,
      "answer_4": 0.49338094777027436,
      "answer_5": 0.8288096909114591,
      "answer_6": 0.5041299682554475
    },
    "query_6": {
      "answer_1": 0.58575461465391,
      "answer_2": 0.5116151335942977,
      "answer_3": 0.5312509374998057,
      "answer_4": 0.6479877738853698,
      "answer_5": 0.4891038246747678,
      "answer_6": 0.8221913831741728
    }
  }
}