{
  "entity": "Abraham Lincoln",
  "cosine_similarities": {
    "query_1": {
      "answer_1": 0.8346816427274919,
      "answer_2": 0.5806389671256736,
      "answer_3": 0.7028787442452747,
      "answer_4": 0.4611237422558466,
      "answer_5": 0.5060495884651546,
      "answer_6": 0.4510783511393022
    },
    "query_2": {
      "answer_1": 0.6148719387726129,
      "answer_2": 0.9012702807120827,
      "answer_3": 0.6773917863145122,
      "answer_4": 0.49656752945011745,
      "answer_5": 0.45978079708470676,
      "answer_6": 0.4966317203178972
    },
    "query_3": {
      "answer_1": 0.7093448763869047,
      "answer_2": 0.6711934897781465,
      "answer_3": 0.8843619283090812,
      "answer_4": 0.5994931192909333,
      "answer_5": 0.5465586835218273,
      "answer_6": 0.5493327932637999
    },
    "query_4": {
      "answer_1": 0.5334648781187412,
      "answer_2": 0.5359063869561455,
      "answer_3": 0.5406156535886375,
      "answer_4": 0.8347396158736158,
      "answer_5": 0.5214463532995618,
      "answer_6": 0.630620770359498
    },
    "query_5": {
      "answer_1": 0.5751202547418662,
      "answer_2": 0.519377248904945,
      "answer_3": 0.5602675419442655,
      "answer_4": 0.5304102297075186,
      "answer_5": 0.8851535723009293,
      "answer_6": 0.46159530654810527
    },
    "query_6": {
      "answer_1": 0.508797242358322,
      "answer_2": 0.5338082056428379,
      "answer_3": 0.5218920211447938,
      "answer_4": 0.5650110165535924,
      "answer_5": 0.4282023772644057,
      "answer_6": 0.8342701302373831
    }
  }
}