{
  "entity": "Abraham Lincoln",
  "cosine_similarities": {
    "query_1": {
      "answer_1": 0.8597725124170659,
      "answer_2": 0.6577626150288649,
      "answer_3": 0.6804240727049259,
      "answer_4": 0.48863528102522796,
      "answer_5": 0.6478374723570042,
      "answer_6": 0.49459268178880234
    },
    "query_2": {
      "answer_1": 0.6738612305594257,
      "answer_2": 0.9010773913186081,
      "answer_3": 0.6533661250371888,
      "answer_4": 0.4977312311052934,
      "answer_5": 0.6423543018452712,
      "answer_6": 0.45745363328933997
    },
    "query_3": {
      "answer_1": 0.6884572963274549,
      "answer_2": 0.6476162154893377,
      "answer_3": 0.8461236986631072,
      "answer_4": 0.5964203255162652,
      "answer_5": 0.6112175694256403,
      "answer_6": 0.53578377775318
    },
    "query_4": {
      "answer_1": 0.51939261857846,
      "answer_2": 0.5330912236975115,
      "answer_3": 0.5789611805605295,
      "answer_4": 0.7991569668326162,
      "answer_5": 0.6391401764081768,
      "answer_6": 0.6171715038272885
    },
    "query_5": {
      "answer_1": 0.7174319021458307,
      "answer_2": 0.6964067097850613,
      "answer_3": 0.6602464457527248,
      "answer_4": 0.6064524882799878,
      "answer_5": 0.8419073215928695,
      "answer_6": 0.5259219511333806
    },
    "query_6": {
      "answer_1": 0.5579568760763457,
      "answer_2": 0.5215476785616955,
      "answer_3": 0.5595464838827674,
      "answer_4": 0.647033874802295,
      "answer_5": 0.5607703988908058,
      "answer_6": 0.8268730165217216
    }
  }
}