{
  "entity": "Abraham Lincoln",
  "cosine_similarities": {
    "query_1": {
      "answer_1": 0.8747516502293342,
      "answer_2": 0.6544755460133567,
      "answer_3": 0.6669772110226417,
      "answer_4": 0.48325848846418207,
      "answer_5": 0.6616239003204858,
      "answer_6": 0.5163079736985662
    },
    "query_2": {
      "answer_1": 0.6115176782660083,
      "answer_2": 0.8931240405868415,
      "answer_3": 0.6773313912105389,
      "answer_4": 0.4713565308228714,
      "answer_5": 0.6574986794901136,
      "answer_6": 0.477216397237731
    },
    "query_3": {
      "answer_1": 0.6437234568795308,
      "answer_2": 0.6583625333207322,
      "answer_3": 0.8480187123247873,
      "answer_4": 0.6038899557885301,
      "answer_5": 0.6060082820241093,
      "answer_6": 0.543914165072969
    },
    "query_4": {
      "answer_1": 0.47118254669584414,
      "answer_2": 0.5244107411237189,
      "answer_3": 0.5686357134149254,
      "answer_4": 0.8173798687522934,
      "answer_5": 0.58772153153193,
      "answer_6": 0.6382683333782556
    },
    "query_5": {
      "answer_1": 0.6545749478301959,
      "answer_2": 0.6949980778898438,
      "answer_3": 0.6533081710117189,
      "answer_4": 0.5922148859253665,
      "answer_5": 0.8596802236951031,
      "answer_6": 0.5639910404822472
    },
    "query_6": {
      "answer_1": 0.5487293627589398,
      "answer_2": 0.5712963910471931,
      "answer_3": 0.5642098837730907,
      "answer_4": 0.6508358921227433,
      "answer_5": 0.5674749965374591,
      "answer_6": 0.8420209273077333
    }
  }
}