{
  "entity": "Abraham Lincoln",
  "cosine_similarities": {
    "query_1": {
      "answer_1": 0.8599763415775252,
      "answer_2": 0.6774323305551416,
      "answer_3": 0.6826527131513036,
      "answer_4": 0.5156802014126516,
      "answer_5": 0.5845205909136919,
      "answer_6": 0.5590942244954732
    },
    "query_2": {
      "answer_1": 0.6510512371236137,
      "answer_2": 0.8907388942470926,
      "answer_3": 0.6787691246132003,
      "answer_4": 0.49692533299693215,
      "answer_5": 0.4887887408328826,
      "answer_6": 0.49078084796947324
    },
    "query_3": {
      "answer_1": 0.7309197859009063,
      "answer_2": 0.6867821640435515,
      "answer_3": 0.8767932859083348,
      "answer_4": 0.5512697025407624,
      "answer_5": 0.5793012293334283,
      "answer_6": 0.5498127033463401
    },
    "query_4": {
      "answer_1": 0.5978406240322318,
      "answer_2": 0.5499029875981082,
      "answer_3": 0.5573173328946774,
      "answer_4": 0.8528506120423396,
      "answer_5": 0.502555758420582,
      "answer_6": 0.6755443855081732
    },
    "query_5": {
      "answer_1": 0.6292203726680976,
      "answer_2": 0.5648539572027377,
      "answer_3": 0.6093969683987625,
      "answer_4": 0.46920932285299616,
      "answer_5": 0.8695132531875222,
      "answer_6": 0.501246283196264
    },
    "query_6": {
      "answer_1": 0.5882481382669346,
      "answer_2": 0.5336053700635065,
      "answer_3": 0.553731873333644,
      "answer_4": 0.6525518532521187,
      "answer_5": 0.5202687841300102,
      "answer_6": 0.8562662339010754
    }
  }
}