{
  "entity": "Abraham Lincoln",
  "cosine_similarities": {
    "query_1": {
      "answer_1": 0.7763513486842428,
      "answer_2": 0.6105938209782082,
      "answer_3": 0.6195215459971691,
      "answer_4": 0.3848432765776514,
      "answer_5": 0.535354329866475,
      "answer_6": 0.4939211423822185
    },
    "query_2": {
      "answer_1": 0.5185106365059613,
      "answer_2": 0.8233455933237214,
      "answer_3": 0.5829628489035963,
      "answer_4": 0.41864102843494044,
      "answer_5": 0.5340826724570882,
      "answer_6": 0.49982632238027513
    },
    "query_3": {
      "answer_1": 0.5788537230660086,
      "answer_2": 0.6310334246570354,
      "answer_3": 0.7676393730938511,
      "answer_4": 0.48612218833774934,
      "answer_5": 0.5327049374022207,
      "answer_6": 0.5009259098212945
    },
    "query_4": {
      "answer_1": 0.4700803256992116,
      "answer_2": 0.49699713758431135,
      "answer_3": 0.501777180008965,
      "answer_4": 0.8119779021533123,
      "answer_5": 0.509171228725392,
      "answer_6": 0.6832955603419282
    },
    "query_5": {
      "answer_1": 0.4942682160713144,
      "answer_2": 0.5230478409297561,
      "answer_3": 0.48912996338569315,
      "answer_4": 0.41950170546398774,
      "answer_5": 0.8864773525563373,
      "answer_6": 0.43712119334042204
    },
    "query_6": {
      "answer_1": 0.5080556894033825,
      "answer_2": 0.5340733594405951,
      "answer_3": 0.5114925282017111,
      "answer_4": 0.5840563932799963,
      "answer_5": 0.5181420320872839,
      "answer_6": 0.7520038000479956
    }
  }
}