{
  "entity": "Abraham Lincoln",
  "cosine_similarities": {
    "query_1": {
      "answer_1": 0.8547627144975906,
      "answer_2": 0.6772277312611747,
      "answer_3": 0.6696300861913607,
      "answer_4": 0.5081094734833419,
      "answer_5": 0.5961306428166934,
      "answer_6": 0.545873094810193
    },
    "query_2": {
      "answer_1": 0.6520003637362116,
      "answer_2": 0.8876693419746935,
      "answer_3": 0.6417609112321814,
      "answer_4": 0.47412933420926334,
      "answer_5": 0.5032041624133377,
      "answer_6": 0.4672401955940868
    },
    "query_3": {
      "answer_1": 0.7176706634512149,
      "answer_2": 0.6880816832811638,
      "answer_3": 0.8823395372112257,
      "answer_4": 0.55080031414759,
      "answer_5": 0.5955919567831415,
      "answer_6": 0.5369121296980377
    },
    "query_4": {
      "answer_1": 0.5748826860747848,
      "answer_2": 0.5531307378148409,
      "answer_3": 0.543572112207047,
      "answer_4": 0.8321006429860563,
      "answer_5": 0.5085641172375663,
      "answer_6": 0.6606887670568024
    },
    "query_5": {
      "answer_1": 0.6620691626527968,
      "answer_2": 0.56733754757572,
      "answer_3": 0.6027495517143595,
      "answer_4": 0.5006393528029515,
      "answer_5": 0.8620633568016813,
      "answer_6": 0.49144064963182676
    },
    "query_6": {
      "answer_1": 0.5701957623529721,
      "answer_2": 0.5252627807695172,
      "answer_3": 0.5360716114994359,
      "answer_4": 0.6109341588469599,
      "answer_5": 0.5361434727922804,
      "answer_6": 0.8358903179451902
    }
  }
}