{
  "entity": "Abraham Lincoln",
  "cosine_similarities": {
    "query_1": {
      "answer_1": 0.8792911707382914,
      "answer_2": 0.6410571138084206,
      "answer_3": 0.6675095815619237,
      "answer_4": 0.4963361619787837,
      "answer_5": 0.6736842993374285,
      "answer_6": 0.5265477894358569
    },
    "query_2": {
      "answer_1": 0.6248734132383733,
      "answer_2": 0.8854447176949942,
      "answer_3": 0.6525025075803573,
      "answer_4": 0.4934980996166076,
      "answer_5": 0.6349337958571639,
      "answer_6": 0.487447453156195
    },
    "query_3": {
      "answer_1": 0.6503883904604546,
      "answer_2": 0.643315395691195,
      "answer_3": 0.8520415580102146,
      "answer_4": 0.6088113041959118,
      "answer_5": 0.6096386705220056,
      "answer_6": 0.5523751073555433
    },
    "query_4": {
      "answer_1": 0.4701407652974555,
      "answer_2": 0.5101612764588093,
      "answer_3": 0.5684032371853689,
      "answer_4": 0.8036954616723238,
      "answer_5": 0.5864914516248998,
      "answer_6": 0.6155636323770116
    },
    "query_5": {
      "answer_1": 0.6770460007494693,
      "answer_2": 0.6762980708535392,
      "answer_3": 0.6423586197123798,
      "answer_4": 0.6116241467305991,
      "answer_5": 0.8404213112904305,
      "answer_6": 0.5544548942048309
    },
    "query_6": {
      "answer_1": 0.5376470025488269,
      "answer_2": 0.5237332101848071,
      "answer_3": 0.5336319918579273,
      "answer_4": 0.6736663607083162,
      "answer_5": 0.5832265259242911,
      "answer_6": 0.8499779948957962
    }
  }
}