{
  "entity": "Abraham Lincoln",
  "cosine_similarities": {
    "query_1": {
      "answer_1": 0.8395851373993515,
      "answer_2": 0.5970712041639493,
      "answer_3": 0.6186442771815426,
      "answer_4": 0.4341780131083421,
      "answer_5": 0.48896891821790933,
      "answer_6": 0.48422014285179116
    },
    "query_2": {
      "answer_1": 0.6097543610361823,
      "answer_2": 0.894288063103863,
      "answer_3": 0.6779614104568722,
      "answer_4": 0.47687510356457685,
      "answer_5": 0.5233769928967663,
      "answer_6": 0.5322333704453519
    },
    "query_3": {
      "answer_1": 0.6181022799505076,
      "answer_2": 0.6557410331797067,
      "answer_3": 0.8679334534223935,
      "answer_4": 0.5285916113660922,
      "answer_5": 0.5100243683638621,
      "answer_6": 0.5000726034274053
    },
    "query_4": {
      "answer_1": 0.49513366467686504,
      "answer_2": 0.5449652581962932,
      "answer_3": 0.5446272748276435,
      "answer_4": 0.7989686053361503,
      "answer_5": 0.5578376920223596,
      "answer_6": 0.6151995510649394
    },
    "query_5": {
      "answer_1": 0.5542749882987323,
      "answer_2": 0.5820084533199391,
      "answer_3": 0.5673857350159421,
      "answer_4": 0.5315170563908013,
      "answer_5": 0.8885907130886215,
      "answer_6": 0.48998511525403177
    },
    "query_6": {
      "answer_1": 0.5306585592177905,
      "answer_2": 0.5344771605452697,
      "answer_3": 0.5354487694526728,
      "answer_4": 0.5397101195803449,
      "answer_5": 0.4576744762513776,
      "answer_6": 0.8220330605559316
    }
  }
}