{
  "entity": "Abraham Lincoln",
  "cosine_similarities": {
    "query_1": {
      "answer_1": 0.868392977309872,
      "answer_2": 0.6494161553365554,
      "answer_3": 0.7321735414277686,
      "answer_4": 0.48119452074793306,
      "answer_5": 0.5825713564463695,
      "answer_6": 0.5594732526500847
    },
    "query_2": {
      "answer_1": 0.6760423535510154,
      "answer_2": 0.8932385182176941,
      "answer_3": 0.6693719526610087,
      "answer_4": 0.4554180837798241,
      "answer_5": 0.4807861585004692,
      "answer_6": 0.5198568657431091
    },
    "query_3": {
      "answer_1": 0.7229412619720784,
      "answer_2": 0.6289623000172503,
      "answer_3": 0.8425729552777621,
      "answer_4": 0.5081189532613231,
      "answer_5": 0.5245876291863671,
      "answer_6": 0.5133037172824133
    },
    "query_4": {
      "answer_1": 0.5757404896293812,
      "answer_2": 0.5310887023343029,
      "answer_3": 0.6212353021496863,
      "answer_4": 0.8080201555053468,
      "answer_5": 0.5165070651231358,
      "answer_6": 0.6397065785681387
    },
    "query_5": {
      "answer_1": 0.60595873128156,
      "answer_2": 0.5007759325831204,
      "answer_3": 0.5743902257877292,
      "answer_4": 0.4381128373229152,
      "answer_5": 0.8423475636553365,
      "answer_6": 0.46551443730732417
    },
    "query_6": {
      "answer_1": 0.5992937089521053,
      "answer_2": 0.5677374298830572,
      "answer_3": 0.5715508708007828,
      "answer_4": 0.5751883476743982,
      "answer_5": 0.4875816876670583,
      "answer_6": 0.8174593322177308
    }
  }
}