{
  "entity": "Abraham Lincoln",
  "cosine_similarities": {
    "query_1": {
      "answer_1": 0.8878808515767055,
      "answer_2": 0.6391381092069686,
      "answer_3": 0.6482526854074041,
      "answer_4": 0.49636942680253715,
      "answer_5": 0.5750803768297034,
      "answer_6": 0.5363788764958579
    },
    "query_2": {
      "answer_1": 0.619763710699539,
      "answer_2": 0.8665024015828277,
      "answer_3": 0.5999469132052394,
      "answer_4": 0.5159430328525922,
      "answer_5": 0.6005459437306602,
      "answer_6": 0.5150524426803996
    },
    "query_3": {
      "answer_1": 0.6537472173503561,
      "answer_2": 0.637540392706318,
      "answer_3": 0.8485626456120516,
      "answer_4": 0.5391746783583129,
      "answer_5": 0.5893360665745984,
      "answer_6": 0.5414608425255021
    },
    "query_4": {
      "answer_1": 0.5139683576538008,
      "answer_2": 0.5337894165332528,
      "answer_3": 0.5435638154061675,
      "answer_4": 0.8201970671825954,
      "answer_5": 0.6534645378725219,
      "answer_6": 0.7149038428806892
    },
    "query_5": {
      "answer_1": 0.6209422152125181,
      "answer_2": 0.6586877629345927,
      "answer_3": 0.6099860123592303,
      "answer_4": 0.5775309954399936,
      "answer_5": 0.8509046106640148,
      "answer_6": 0.6046936105505494
    },
    "query_6": {
      "answer_1": 0.5521375260300433,
      "answer_2": 0.5581499579521378,
      "answer_3": 0.531472695259134,
      "answer_4": 0.639125321362432,
      "answer_5": 0.5753586268411107,
      "answer_6": 0.8381273387236571
    }
  }
}