{
  "entity": "Abraham Lincoln",
  "cosine_similarities": {
    "query_1": {
      "answer_1": 0.8797916909473416,
      "answer_2": 0.6287170804584098,
      "answer_3": 0.6522556501751519,
      "answer_4": 0.4662433898516575,
      "answer_5": 0.6566527255762457,
      "answer_6": 0.5167373196626837
    },
    "query_2": {
      "answer_1": 0.6393552378519255,
      "answer_2": 0.877843828863841,
      "answer_3": 0.6049769456329885,
      "answer_4": 0.47293949452159545,
      "answer_5": 0.6460523664467571,
      "answer_6": 0.47801821695201135
    },
    "query_3": {
      "answer_1": 0.6705197218094757,
      "answer_2": 0.6304278399203247,
      "answer_3": 0.8508822586667711,
      "answer_4": 0.570947328212883,
      "answer_5": 0.5934464025850112,
      "answer_6": 0.5400551876150002
    },
    "query_4": {
      "answer_1": 0.47794776408706025,
      "answer_2": 0.512596575065168,
      "answer_3": 0.5550550832718106,
      "answer_4": 0.7656150238266254,
      "answer_5": 0.5824622301925888,
      "answer_6": 0.5960849318281547
    },
    "query_5": {
      "answer_1": 0.6719126148283447,
      "answer_2": 0.6658174633010954,
      "answer_3": 0.6265810799958925,
      "answer_4": 0.5607400053450676,
      "answer_5": 0.8207595772966,
      "answer_6": 0.5218576380839346
    },
    "query_6": {
      "answer_1": 0.4954615058369606,
      "answer_2": 0.49810425898032185,
      "answer_3": 0.510813920074467,
      "answer_4": 0.6747717751906409,
      "answer_5": 0.5267817532161768,
      "answer_6": 0.860038132421969
    }
  }
}