{
  "entity": "Napoleon Bonaparte",
  "cosine_similarities": {
    "query_1": {
      "answer_1": 0.9456474963237818,
      "answer_2": 0.8332228761552635,
      "answer_3": 0.8118685965982086,
      "answer_4": 0.8182013218871288,
      "answer_5": 0.8666746107268959,
      "answer_6": 0.829754688612835
    },
    "query_2": {
      "answer_1": 0.8448666346675935,
      "answer_2": 0.9413824535543385,
      "answer_3": 0.8389367254746279,
      "answer_4": 0.84402784144689,
      "answer_5": 0.8161059214771171,
      "answer_6": 0.8170687765153407
    },
    "query_3": {
      "answer_1": 0.8297275246458418,
      "answer_2": 0.8537635560500454,
      "answer_3": 0.9173424965144458,
      "answer_4": 0.8531859994891071,
      "answer_5": 0.8089782844318444,
      "answer_6": 0.8079166032214171
    },
    "query_4": {
      "answer_1": 0.8233304802673396,
      "answer_2": 0.8437459587150196,
      "answer_3": 0.839083941834832,
      "answer_4": 0.9247562063898142,
      "answer_5": 0.81923628995575,
      "answer_6": 0.8287257779103626
    },
    "query_5": {
      "answer_1": 0.864764677998112,
      "answer_2": 0.8197433297430622,
      "answer_3": 0.8010027252078941,
      "answer_4": 0.8194695010218458,
      "answer_5": 0.9354698332128475,
      "answer_6": 0.8181246206415063
    },
    "query_6": {
      "answer_1": 0.8340804373725209,
      "answer_2": 0.8264169098323597,
      "answer_3": 0.8012000903643801,
      "answer_4": 0.8236213153610357,
      "answer_5": 0.8306509141843499,
      "answer_6": 0.9288951590648657
    }
  }
}