{
  "entity": "Napoleon Bonaparte",
  "cosine_similarities": {
    "query_1": {
      "answer_1": 0.9402378828270462,
      "answer_2": 0.8467062677109488,
      "answer_3": 0.8378759807358581,
      "answer_4": 0.8285531771987644,
      "answer_5": 0.8435524869700567,
      "answer_6": 0.8370227789316634
    },
    "query_2": {
      "answer_1": 0.8518236361086894,
      "answer_2": 0.9433225494066008,
      "answer_3": 0.8658680722293197,
      "answer_4": 0.8454426465328152,
      "answer_5": 0.8089989228163671,
      "answer_6": 0.8738328439858264
    },
    "query_3": {
      "answer_1": 0.8585040008448706,
      "answer_2": 0.8760187449067348,
      "answer_3": 0.92639855286447,
      "answer_4": 0.8612280814701455,
      "answer_5": 0.8271859061529824,
      "answer_6": 0.8660627954284928
    },
    "query_4": {
      "answer_1": 0.8251242606131858,
      "answer_2": 0.8377574442486666,
      "answer_3": 0.8476673811388511,
      "answer_4": 0.9149712104497201,
      "answer_5": 0.8200693441701006,
      "answer_6": 0.8585459121113161
    },
    "query_5": {
      "answer_1": 0.8578849504072827,
      "answer_2": 0.8412392397328979,
      "answer_3": 0.8282226738908203,
      "answer_4": 0.8389669031095459,
      "answer_5": 0.9229227934134686,
      "answer_6": 0.8356308114740811
    },
    "query_6": {
      "answer_1": 0.8328533539252415,
      "answer_2": 0.8781883118741003,
      "answer_3": 0.8646327013332498,
      "answer_4": 0.8786028254909756,
      "answer_5": 0.8136877847556676,
      "answer_6": 0.9385266732449223
    }
  }
}