{
  "entity": "Napoleon Bonaparte",
  "cosine_similarities": {
    "query_1": {
      "answer_1": 0.9283328583131693,
      "answer_2": 0.8492383310672655,
      "answer_3": 0.8471510855620727,
      "answer_4": 0.8309505401063539,
      "answer_5": 0.8541860676170181,
      "answer_6": 0.8433237464069064
    },
    "query_2": {
      "answer_1": 0.8506874848894341,
      "answer_2": 0.9500491739732198,
      "answer_3": 0.8639035736963252,
      "answer_4": 0.8499716425680228,
      "answer_5": 0.8173370808661623,
      "answer_6": 0.8846043911162317
    },
    "query_3": {
      "answer_1": 0.8694645548012172,
      "answer_2": 0.8840111064298568,
      "answer_3": 0.9290845050866836,
      "answer_4": 0.8858694909046939,
      "answer_5": 0.8328593003812862,
      "answer_6": 0.8784266323201567
    },
    "query_4": {
      "answer_1": 0.8432585672012701,
      "answer_2": 0.8392689550796019,
      "answer_3": 0.8711134151803699,
      "answer_4": 0.9226845033065799,
      "answer_5": 0.8169609483389034,
      "answer_6": 0.8621036601991557
    },
    "query_5": {
      "answer_1": 0.857922047544618,
      "answer_2": 0.8387486810286685,
      "answer_3": 0.8370479020552036,
      "answer_4": 0.8373281036040262,
      "answer_5": 0.9393162420197959,
      "answer_6": 0.8543923459394697
    },
    "query_6": {
      "answer_1": 0.8346368068661257,
      "answer_2": 0.8773567245689269,
      "answer_3": 0.8603523682068343,
      "answer_4": 0.873293264500797,
      "answer_5": 0.8268362106567376,
      "answer_6": 0.941595007136343
    }
  }
}