{
  "entity": "Napoleon Bonaparte",
  "cosine_similarities": {
    "query_1": {
      "answer_1": 0.9218509908456086,
      "answer_2": 0.8420629033286459,
      "answer_3": 0.8485849956324303,
      "answer_4": 0.8100393399831826,
      "answer_5": 0.866542069608772,
      "answer_6": 0.841485090267391
    },
    "query_2": {
      "answer_1": 0.8446649642926674,
      "answer_2": 0.9433588476482413,
      "answer_3": 0.866974658750567,
      "answer_4": 0.8148782798152029,
      "answer_5": 0.832101910417483,
      "answer_6": 0.8863529410887062
    },
    "query_3": {
      "answer_1": 0.8668423952051281,
      "answer_2": 0.8715721760988555,
      "answer_3": 0.926149275987039,
      "answer_4": 0.8131411921341274,
      "answer_5": 0.8374976816156212,
      "answer_6": 0.8722724809976609
    },
    "query_4": {
      "answer_1": 0.8414241227971618,
      "answer_2": 0.8374070625931438,
      "answer_3": 0.8513948629922083,
      "answer_4": 0.9192772874447591,
      "answer_5": 0.8319180327893766,
      "answer_6": 0.8776277871321517
    },
    "query_5": {
      "answer_1": 0.8399159823911386,
      "answer_2": 0.8259345192617302,
      "answer_3": 0.8290674851001932,
      "answer_4": 0.804158332876689,
      "answer_5": 0.9462035244728935,
      "answer_6": 0.8394517056215126
    },
    "query_6": {
      "answer_1": 0.8200793889085553,
      "answer_2": 0.870023232036217,
      "answer_3": 0.85097984135544,
      "answer_4": 0.8305259153210719,
      "answer_5": 0.8139743298909381,
      "answer_6": 0.9321923913163616
    }
  }
}