{
  "entity": "Napoleon Bonaparte",
  "cosine_similarities": {
    "query_1": {
      "answer_1": 0.9105004906991256,
      "answer_2": 0.8508963705971453,
      "answer_3": 0.8457112330417356,
      "answer_4": 0.8310868909538296,
      "answer_5": 0.8719181482618881,
      "answer_6": 0.8379980778939583
    },
    "query_2": {
      "answer_1": 0.847133169967915,
      "answer_2": 0.9395229714182894,
      "answer_3": 0.8650521126475613,
      "answer_4": 0.8436721169082627,
      "answer_5": 0.848855754194311,
      "answer_6": 0.8610885081729593
    },
    "query_3": {
      "answer_1": 0.8705050575991422,
      "answer_2": 0.8809897591195368,
      "answer_3": 0.9260271828573625,
      "answer_4": 0.8588105836777461,
      "answer_5": 0.8496785763683978,
      "answer_6": 0.8620319918720698
    },
    "query_4": {
      "answer_1": 0.844449314069092,
      "answer_2": 0.8448681690404902,
      "answer_3": 0.8449091323340351,
      "answer_4": 0.9177214506064876,
      "answer_5": 0.8473896426638228,
      "answer_6": 0.8656847635960713
    },
    "query_5": {
      "answer_1": 0.8632069938668031,
      "answer_2": 0.85874586354895,
      "answer_3": 0.8389630839288733,
      "answer_4": 0.8562483714110507,
      "answer_5": 0.9216518615199842,
      "answer_6": 0.8547148796158532
    },
    "query_6": {
      "answer_1": 0.8339419059922603,
      "answer_2": 0.8657005723258506,
      "answer_3": 0.8432989277736603,
      "answer_4": 0.8673560791198399,
      "answer_5": 0.8372680196479767,
      "answer_6": 0.8954790682622178
    }
  }
}