{
  "entity": "Napoleon Bonaparte",
  "cosine_similarities": {
    "query_1": {
      "answer_1": 0.9147191845958724,
      "answer_2": 0.8461655604946721,
      "answer_3": 0.8461177874833932,
      "answer_4": 0.8372248869114153,
      "answer_5": 0.8733051476820826,
      "answer_6": 0.8551525628102801
    },
    "query_2": {
      "answer_1": 0.8412839957908979,
      "answer_2": 0.9426908210772316,
      "answer_3": 0.8625049259750168,
      "answer_4": 0.849407096330005,
      "answer_5": 0.839458539145061,
      "answer_6": 0.8829254367666536
    },
    "query_3": {
      "answer_1": 0.8604075075176143,
      "answer_2": 0.8763682174747512,
      "answer_3": 0.9155309397071527,
      "answer_4": 0.861645103724647,
      "answer_5": 0.8396563079162126,
      "answer_6": 0.8799049225834705
    },
    "query_4": {
      "answer_1": 0.8421051369092983,
      "answer_2": 0.8425940146881805,
      "answer_3": 0.8512670587900831,
      "answer_4": 0.9291751476860463,
      "answer_5": 0.8414514087490035,
      "answer_6": 0.8724306196221079
    },
    "query_5": {
      "answer_1": 0.8594192965683344,
      "answer_2": 0.8438297705829386,
      "answer_3": 0.8304391026646911,
      "answer_4": 0.8408177183396177,
      "answer_5": 0.9388087929441571,
      "answer_6": 0.8574913808449673
    },
    "query_6": {
      "answer_1": 0.8399079042186598,
      "answer_2": 0.8654526322666352,
      "answer_3": 0.8522889161553632,
      "answer_4": 0.8570313617866825,
      "answer_5": 0.8400632082984473,
      "answer_6": 0.9173786357763632
    }
  }
}