{
  "entity": "Napoleon Bonaparte",
  "cosine_similarities": {
    "query_1": {
      "answer_1": 0.9223979481909915,
      "answer_2": 0.8454111267771736,
      "answer_3": 0.8388385567826696,
      "answer_4": 0.8295561248870473,
      "answer_5": 0.8780864340703026,
      "answer_6": 0.8393026505226647
    },
    "query_2": {
      "answer_1": 0.8346693532732882,
      "answer_2": 0.9419083313545834,
      "answer_3": 0.863429958164026,
      "answer_4": 0.8400853855379606,
      "answer_5": 0.8550749932686417,
      "answer_6": 0.87629175479746
    },
    "query_3": {
      "answer_1": 0.8533046087420113,
      "answer_2": 0.8744663318510871,
      "answer_3": 0.9201328664190203,
      "answer_4": 0.8745439853040691,
      "answer_5": 0.853479383308278,
      "answer_6": 0.8678223180833643
    },
    "query_4": {
      "answer_1": 0.832073432127382,
      "answer_2": 0.8393129332984566,
      "answer_3": 0.8682839526458516,
      "answer_4": 0.9188614614998956,
      "answer_5": 0.8404563842183942,
      "answer_6": 0.8694062176337121
    },
    "query_5": {
      "answer_1": 0.8594727277992499,
      "answer_2": 0.8593717748945073,
      "answer_3": 0.844349581379708,
      "answer_4": 0.8507249093788108,
      "answer_5": 0.9523661076522661,
      "answer_6": 0.8619721062264465
    },
    "query_6": {
      "answer_1": 0.8096279073692063,
      "answer_2": 0.8503722912744581,
      "answer_3": 0.839047603751877,
      "answer_4": 0.865286658217475,
      "answer_5": 0.8331059548584555,
      "answer_6": 0.9217946893888359
    }
  }
}