{
  "entity": "Napoleon Bonaparte",
  "cosine_similarities": {
    "query_1": {
      "answer_1": 0.9053471624781736,
      "answer_2": 0.8532399286414569,
      "answer_3": 0.8500939368262068,
      "answer_4": 0.8375816031062598,
      "answer_5": 0.8782043044217303,
      "answer_6": 0.8529533642406549
    },
    "query_2": {
      "answer_1": 0.8369957615081842,
      "answer_2": 0.9393928566254185,
      "answer_3": 0.8721707900691834,
      "answer_4": 0.8469013218452568,
      "answer_5": 0.8421114660446688,
      "answer_6": 0.8847443175549026
    },
    "query_3": {
      "answer_1": 0.868538268552938,
      "answer_2": 0.8839472108148545,
      "answer_3": 0.9284727772267476,
      "answer_4": 0.8615576969795317,
      "answer_5": 0.8523463752860719,
      "answer_6": 0.8779298489006907
    },
    "query_4": {
      "answer_1": 0.8458648128396549,
      "answer_2": 0.8469805313392542,
      "answer_3": 0.8502429425915438,
      "answer_4": 0.9217156080507494,
      "answer_5": 0.8435155736905996,
      "answer_6": 0.8661521281095538
    },
    "query_5": {
      "answer_1": 0.8535704679382018,
      "answer_2": 0.8484191570482464,
      "answer_3": 0.8336089770554523,
      "answer_4": 0.8434189522369421,
      "answer_5": 0.9336933055986782,
      "answer_6": 0.8532793805120709
    },
    "query_6": {
      "answer_1": 0.845628010922979,
      "answer_2": 0.8887314673635991,
      "answer_3": 0.869768846394822,
      "answer_4": 0.8605113257980183,
      "answer_5": 0.8539124881546623,
      "answer_6": 0.9454327143159269
    }
  }
}