{
  "entity": "Napoleon Bonaparte",
  "cosine_similarities": {
    "query_1": {
      "answer_1": 0.939793702175354,
      "answer_2": 0.8461419457082822,
      "answer_3": 0.8414812694865693,
      "answer_4": 0.8226948282503713,
      "answer_5": 0.8698843344438062,
      "answer_6": 0.834424620173972
    },
    "query_2": {
      "answer_1": 0.8449483717707595,
      "answer_2": 0.9430378018119037,
      "answer_3": 0.8670925492878059,
      "answer_4": 0.8321565629062262,
      "answer_5": 0.8506226761944121,
      "answer_6": 0.8546586746104593
    },
    "query_3": {
      "answer_1": 0.8684824551569702,
      "answer_2": 0.8801704071218377,
      "answer_3": 0.918860179462154,
      "answer_4": 0.8699601685444214,
      "answer_5": 0.8574662295078679,
      "answer_6": 0.8600735451905067
    },
    "query_4": {
      "answer_1": 0.8468147598793159,
      "answer_2": 0.8462755268703611,
      "answer_3": 0.8533487422222243,
      "answer_4": 0.9119644249389867,
      "answer_5": 0.8504280879046082,
      "answer_6": 0.8643160685696778
    },
    "query_5": {
      "answer_1": 0.8648958387355625,
      "answer_2": 0.8655320985479582,
      "answer_3": 0.8406609687403132,
      "answer_4": 0.8479868557442088,
      "answer_5": 0.9228265463221923,
      "answer_6": 0.8527360853464068
    },
    "query_6": {
      "answer_1": 0.8286954001703581,
      "answer_2": 0.8588519295211998,
      "answer_3": 0.8408109233159692,
      "answer_4": 0.8572486642431549,
      "answer_5": 0.8347865885800553,
      "answer_6": 0.9043540696179633
    }
  }
}