{
  "entity": "Napoleon Bonaparte",
  "cosine_similarities": {
    "query_1": {
      "answer_1": 0.9300547396335023,
      "answer_2": 0.8483518125233158,
      "answer_3": 0.8382401670196006,
      "answer_4": 0.8197002226740103,
      "answer_5": 0.8651227982495834,
      "answer_6": 0.8366723748910919
    },
    "query_2": {
      "answer_1": 0.849893338251567,
      "answer_2": 0.9481077913000727,
      "answer_3": 0.8618468241104873,
      "answer_4": 0.8186101978235876,
      "answer_5": 0.8236489427096051,
      "answer_6": 0.8829177334392527
    },
    "query_3": {
      "answer_1": 0.8666759113143522,
      "answer_2": 0.8718262481178222,
      "answer_3": 0.9159800134845844,
      "answer_4": 0.827143632350339,
      "answer_5": 0.8324207305772526,
      "answer_6": 0.8711633078579822
    },
    "query_4": {
      "answer_1": 0.8422570266535877,
      "answer_2": 0.842582636924009,
      "answer_3": 0.847320764012955,
      "answer_4": 0.9318447533041404,
      "answer_5": 0.8270816931182697,
      "answer_6": 0.8576374577844809
    },
    "query_5": {
      "answer_1": 0.8703546885472367,
      "answer_2": 0.8418956754027367,
      "answer_3": 0.8375347095527577,
      "answer_4": 0.819448853511472,
      "answer_5": 0.9361512070547198,
      "answer_6": 0.8507741870895323
    },
    "query_6": {
      "answer_1": 0.8250059640961127,
      "answer_2": 0.8712533986160033,
      "answer_3": 0.8555308562354473,
      "answer_4": 0.8216318339155179,
      "answer_5": 0.8196844284757114,
      "answer_6": 0.9246799305568362
    }
  }
}