{
  "entity": "Napoleon Bonaparte",
  "cosine_similarities": {
    "query_1": {
      "answer_1": 0.9196228794834134,
      "answer_2": 0.8510094080479597,
      "answer_3": 0.8463410791446494,
      "answer_4": 0.837679939277469,
      "answer_5": 0.8771641248400236,
      "answer_6": 0.8439801865938472
    },
    "query_2": {
      "answer_1": 0.848363485128585,
      "answer_2": 0.9470007188551935,
      "answer_3": 0.8721105402484661,
      "answer_4": 0.8403050110155489,
      "answer_5": 0.8330468586484584,
      "answer_6": 0.8819280494037818
    },
    "query_3": {
      "answer_1": 0.8640591771091987,
      "answer_2": 0.8741210660483748,
      "answer_3": 0.9229727176491941,
      "answer_4": 0.8567283397639844,
      "answer_5": 0.8400447896911531,
      "answer_6": 0.8683761590848409
    },
    "query_4": {
      "answer_1": 0.8400394484625552,
      "answer_2": 0.8358291531557702,
      "answer_3": 0.8564025337095081,
      "answer_4": 0.9241062217888951,
      "answer_5": 0.8316457262325452,
      "answer_6": 0.8566408975549473
    },
    "query_5": {
      "answer_1": 0.8590093009826758,
      "answer_2": 0.8450500247910304,
      "answer_3": 0.8377725034241207,
      "answer_4": 0.8396851666395547,
      "answer_5": 0.9454597317726844,
      "answer_6": 0.852077628224921
    },
    "query_6": {
      "answer_1": 0.8416625834687559,
      "answer_2": 0.8802876868432548,
      "answer_3": 0.867335694385947,
      "answer_4": 0.8604706620773265,
      "answer_5": 0.8457554963051762,
      "answer_6": 0.9403380780133493
    }
  }
}