{
  "entity": "Napoleon Bonaparte",
  "cosine_similarities": {
    "query_1": {
      "answer_1": 0.9090881022528642,
      "answer_2": 0.8475580263365515,
      "answer_3": 0.8473480827684499,
      "answer_4": 0.8245656819288005,
      "answer_5": 0.8616659526141509,
      "answer_6": 0.8410751748169606
    },
    "query_2": {
      "answer_1": 0.8426341547410736,
      "answer_2": 0.943870019087206,
      "answer_3": 0.8630788377439343,
      "answer_4": 0.8552642337857724,
      "answer_5": 0.835239822173199,
      "answer_6": 0.8851012434409674
    },
    "query_3": {
      "answer_1": 0.8540161661195068,
      "answer_2": 0.86778985263984,
      "answer_3": 0.9310620287346418,
      "answer_4": 0.8838061013525533,
      "answer_5": 0.8251855946090849,
      "answer_6": 0.8620204387469801
    },
    "query_4": {
      "answer_1": 0.8307922819135461,
      "answer_2": 0.8330131271355301,
      "answer_3": 0.8584402937482005,
      "answer_4": 0.9113985901578054,
      "answer_5": 0.8249737881517335,
      "answer_6": 0.8614476842633109
    },
    "query_5": {
      "answer_1": 0.8485283164144035,
      "answer_2": 0.8529028905782716,
      "answer_3": 0.833283055048374,
      "answer_4": 0.8381461531909009,
      "answer_5": 0.934981055745709,
      "answer_6": 0.8479299751773595
    },
    "query_6": {
      "answer_1": 0.8245044883265188,
      "answer_2": 0.8760852862856919,
      "answer_3": 0.8524146543475545,
      "answer_4": 0.873867296988572,
      "answer_5": 0.8274385059302046,
      "answer_6": 0.9316385707583058
    }
  }
}