{
  "entity": "Napoleon Bonaparte",
  "cosine_similarities": {
    "query_1": {
      "answer_1": 0.9308049781882871,
      "answer_2": 0.8398746640514536,
      "answer_3": 0.8459912424342866,
      "answer_4": 0.8308428076670145,
      "answer_5": 0.8752429676909419,
      "answer_6": 0.8346044638812762
    },
    "query_2": {
      "answer_1": 0.8480801103721027,
      "answer_2": 0.9449703528645049,
      "answer_3": 0.8701495497353077,
      "answer_4": 0.8444874289567164,
      "answer_5": 0.8551803166653941,
      "answer_6": 0.870498085843524
    },
    "query_3": {
      "answer_1": 0.8635994641667694,
      "answer_2": 0.8706918507202,
      "answer_3": 0.9269308681926445,
      "answer_4": 0.8545763322700064,
      "answer_5": 0.8561961164905635,
      "answer_6": 0.8748437198702829
    },
    "query_4": {
      "answer_1": 0.8435939218465239,
      "answer_2": 0.8286917787529001,
      "answer_3": 0.8533065919981967,
      "answer_4": 0.9131683578688049,
      "answer_5": 0.8437833368352536,
      "answer_6": 0.8716507562700555
    },
    "query_5": {
      "answer_1": 0.8709211347195369,
      "answer_2": 0.8626464632669915,
      "answer_3": 0.85316342573938,
      "answer_4": 0.851028288684518,
      "answer_5": 0.9406180105428148,
      "answer_6": 0.8589431841939841
    },
    "query_6": {
      "answer_1": 0.8260217519419417,
      "answer_2": 0.8486778441607108,
      "answer_3": 0.8497696692347895,
      "answer_4": 0.8654606748280442,
      "answer_5": 0.8308970266419664,
      "answer_6": 0.9255811723135734
    }
  }
}