{
  "entity": "Napoleon Bonaparte",
  "cosine_similarities": {
    "query_1": {
      "answer_1": 0.9276122880876683,
      "answer_2": 0.8359075233302465,
      "answer_3": 0.8392671225700231,
      "answer_4": 0.8203636959508481,
      "answer_5": 0.8556952434199828,
      "answer_6": 0.8295521487602465
    },
    "query_2": {
      "answer_1": 0.8417860886326047,
      "answer_2": 0.936740169737839,
      "answer_3": 0.8576710907545784,
      "answer_4": 0.8518294386992099,
      "answer_5": 0.8302865305043121,
      "answer_6": 0.8724199467749552
    },
    "query_3": {
      "answer_1": 0.8454290636111446,
      "answer_2": 0.8588538192597045,
      "answer_3": 0.9228574711047891,
      "answer_4": 0.8720218460058505,
      "answer_5": 0.8193454602422534,
      "answer_6": 0.8413316244669203
    },
    "query_4": {
      "answer_1": 0.8278540274964781,
      "answer_2": 0.8268510285989993,
      "answer_3": 0.8627760658495209,
      "answer_4": 0.9214710095424175,
      "answer_5": 0.8162873923438845,
      "answer_6": 0.8356439648552222
    },
    "query_5": {
      "answer_1": 0.8539502997199129,
      "answer_2": 0.8417990707627159,
      "answer_3": 0.8350818529467184,
      "answer_4": 0.8352071396318591,
      "answer_5": 0.9244025968687478,
      "answer_6": 0.8441295532522274
    },
    "query_6": {
      "answer_1": 0.8300542672606782,
      "answer_2": 0.8746734960462924,
      "answer_3": 0.8505136053652486,
      "answer_4": 0.8505859723146273,
      "answer_5": 0.8264455789140085,
      "answer_6": 0.9271189362895136
    }
  }
}