{
  "entity": "Napoleon Bonaparte",
  "cosine_similarities": {
    "query_1": {
      "answer_1": 0.9108658732935518,
      "answer_2": 0.845666959497963,
      "answer_3": 0.8487202298922033,
      "answer_4": 0.8325149925842696,
      "answer_5": 0.8526532425990455,
      "answer_6": 0.8406444763764047
    },
    "query_2": {
      "answer_1": 0.8434502898351453,
      "answer_2": 0.9452465512411645,
      "answer_3": 0.8669225687413831,
      "answer_4": 0.8638080701717457,
      "answer_5": 0.8147942480775884,
      "answer_6": 0.8894289824843318
    },
    "query_3": {
      "answer_1": 0.8521940073308505,
      "answer_2": 0.8669448335012716,
      "answer_3": 0.9207410376852856,
      "answer_4": 0.8840569142383495,
      "answer_5": 0.808151502668925,
      "answer_6": 0.8577227822849348
    },
    "query_4": {
      "answer_1": 0.8285515660035849,
      "answer_2": 0.8275753493993021,
      "answer_3": 0.8601998944029086,
      "answer_4": 0.9082088066910117,
      "answer_5": 0.8130267634694301,
      "answer_6": 0.8391273928309938
    },
    "query_5": {
      "answer_1": 0.8557924374056121,
      "answer_2": 0.8409012106968067,
      "answer_3": 0.8366459921145643,
      "answer_4": 0.8467917385761659,
      "answer_5": 0.9421512894384315,
      "answer_6": 0.8385448891236432
    },
    "query_6": {
      "answer_1": 0.834687448310688,
      "answer_2": 0.8741412608105839,
      "answer_3": 0.85900148570403,
      "answer_4": 0.8527678493836232,
      "answer_5": 0.8115358945091151,
      "answer_6": 0.9253648412004443
    }
  }
}