{
  "entity": "Napoleon Bonaparte",
  "cosine_similarities": {
    "query_1": {
      "answer_1": 0.9113908595155557,
      "answer_2": 0.8442676432177344,
      "answer_3": 0.8449777370061491,
      "answer_4": 0.8344749686106586,
      "answer_5": 0.8542305427391016,
      "answer_6": 0.8372277251173593
    },
    "query_2": {
      "answer_1": 0.8470527997985622,
      "answer_2": 0.9456688608828737,
      "answer_3": 0.8621684354423761,
      "answer_4": 0.8513878547831484,
      "answer_5": 0.8153423305048583,
      "answer_6": 0.8697451226893543
    },
    "query_3": {
      "answer_1": 0.8719664260964866,
      "answer_2": 0.8767150106065009,
      "answer_3": 0.9193525223880976,
      "answer_4": 0.872773342881129,
      "answer_5": 0.8293955105133272,
      "answer_6": 0.8636331975984164
    },
    "query_4": {
      "answer_1": 0.8504530873236,
      "answer_2": 0.8434587717716131,
      "answer_3": 0.8591617696743706,
      "answer_4": 0.9167661927268269,
      "answer_5": 0.8183090034013991,
      "answer_6": 0.8606476106305904
    },
    "query_5": {
      "answer_1": 0.8418977966138661,
      "answer_2": 0.8462477094777262,
      "answer_3": 0.8341176333285579,
      "answer_4": 0.845218950649722,
      "answer_5": 0.924777455608889,
      "answer_6": 0.8373676561396238
    },
    "query_6": {
      "answer_1": 0.8427330862346664,
      "answer_2": 0.8845278063815739,
      "answer_3": 0.8661720466068109,
      "answer_4": 0.8896984161527438,
      "answer_5": 0.824640983243494,
      "answer_6": 0.9167976604365273
    }
  }
}