{
  "entity": "Napoleon Bonaparte",
  "cosine_similarities": {
    "query_1": {
      "answer_1": 0.9120971623556885,
      "answer_2": 0.8468943671296604,
      "answer_3": 0.8494795910631908,
      "answer_4": 0.8281641652175845,
      "answer_5": 0.8477632501529968,
      "answer_6": 0.8367190639729799
    },
    "query_2": {
      "answer_1": 0.8404985849525666,
      "answer_2": 0.9377060258146114,
      "answer_3": 0.8585344756450277,
      "answer_4": 0.8380265968047578,
      "answer_5": 0.8146551062769551,
      "answer_6": 0.8773687191637353
    },
    "query_3": {
      "answer_1": 0.8598049761166592,
      "answer_2": 0.8892843540025687,
      "answer_3": 0.9324181325461574,
      "answer_4": 0.8700096090370811,
      "answer_5": 0.8361217560223089,
      "answer_6": 0.8646754158027078
    },
    "query_4": {
      "answer_1": 0.8359786145218506,
      "answer_2": 0.8432980020649702,
      "answer_3": 0.8724199169524702,
      "answer_4": 0.8941200121120443,
      "answer_5": 0.8204941048916717,
      "answer_6": 0.8574540190611327
    },
    "query_5": {
      "answer_1": 0.8518563819224987,
      "answer_2": 0.8473017742571437,
      "answer_3": 0.8376617222628997,
      "answer_4": 0.8321341663932943,
      "answer_5": 0.9385815775021077,
      "answer_6": 0.8491000128652237
    },
    "query_6": {
      "answer_1": 0.8404436300327933,
      "answer_2": 0.8954974354417296,
      "answer_3": 0.8701006452439103,
      "answer_4": 0.8634109273798444,
      "answer_5": 0.8358029679413181,
      "answer_6": 0.9265180675277545
    }
  }
}