{
  "entity": "Napoleon Bonaparte",
  "cosine_similarities": {
    "query_1": {
      "answer_1": 0.9198872640917349,
      "answer_2": 0.835957559405157,
      "answer_3": 0.8323964924199604,
      "answer_4": 0.8195498813879273,
      "answer_5": 0.8513804041229103,
      "answer_6": 0.8374051529207183
    },
    "query_2": {
      "answer_1": 0.8403704547321891,
      "answer_2": 0.9282881782706842,
      "answer_3": 0.8514869077100817,
      "answer_4": 0.8231048285089934,
      "answer_5": 0.8434888069974175,
      "answer_6": 0.8848392661570111
    },
    "query_3": {
      "answer_1": 0.861601524106738,
      "answer_2": 0.8585706507749977,
      "answer_3": 0.908509540761758,
      "answer_4": 0.8341950546508322,
      "answer_5": 0.8516909768679893,
      "answer_6": 0.8710340845170073
    },
    "query_4": {
      "answer_1": 0.8392812940049004,
      "answer_2": 0.8301043880874885,
      "answer_3": 0.8354638151944189,
      "answer_4": 0.9412877978525094,
      "answer_5": 0.8239097691958319,
      "answer_6": 0.8615522575797762
    },
    "query_5": {
      "answer_1": 0.8289480816332045,
      "answer_2": 0.8302708119909389,
      "answer_3": 0.8232397134212944,
      "answer_4": 0.8151790900276902,
      "answer_5": 0.9349489691625141,
      "answer_6": 0.8476102419636784
    },
    "query_6": {
      "answer_1": 0.8186805586497231,
      "answer_2": 0.8599852306690593,
      "answer_3": 0.8410846841505152,
      "answer_4": 0.8300288801670319,
      "answer_5": 0.8265945004374021,
      "answer_6": 0.9370391636185235
    }
  }
}