{
  "entity": "Napoleon Bonaparte",
  "cosine_similarities": {
    "query_1": {
      "answer_1": 0.9084246405673584,
      "answer_2": 0.8507329051681758,
      "answer_3": 0.8378798757786383,
      "answer_4": 0.8375045906117001,
      "answer_5": 0.865081740761447,
      "answer_6": 0.8430487290896336
    },
    "query_2": {
      "answer_1": 0.8468483867881674,
      "answer_2": 0.9331527635926624,
      "answer_3": 0.8575961009248735,
      "answer_4": 0.8647395804135526,
      "answer_5": 0.8406226851628701,
      "answer_6": 0.8735919761865066
    },
    "query_3": {
      "answer_1": 0.862752171777634,
      "answer_2": 0.8754319912328887,
      "answer_3": 0.9305564248175914,
      "answer_4": 0.8825414643811025,
      "answer_5": 0.8330967774974178,
      "answer_6": 0.8661834760467721
    },
    "query_4": {
      "answer_1": 0.8361424077149783,
      "answer_2": 0.8378359903861722,
      "answer_3": 0.855708890977384,
      "answer_4": 0.9065519440855103,
      "answer_5": 0.8334405947766936,
      "answer_6": 0.8597341698364065
    },
    "query_5": {
      "answer_1": 0.8488656685031519,
      "answer_2": 0.8527367121732399,
      "answer_3": 0.8247830097035102,
      "answer_4": 0.8537591846281839,
      "answer_5": 0.9245498661510579,
      "answer_6": 0.8444297817762114
    },
    "query_6": {
      "answer_1": 0.8365840543636788,
      "answer_2": 0.8955169038010984,
      "answer_3": 0.8454809129014912,
      "answer_4": 0.8690868227338556,
      "answer_5": 0.8416005894178823,
      "answer_6": 0.9009306177411136
    }
  }
}