{
  "entity": "Napoleon Bonaparte",
  "cosine_similarities": {
    "query_1": {
      "answer_1": 0.9071725549123254,
      "answer_2": 0.8488369544287497,
      "answer_3": 0.8424770828337912,
      "answer_4": 0.8359599100564095,
      "answer_5": 0.8737379629537445,
      "answer_6": 0.8468046928244306
    },
    "query_2": {
      "answer_1": 0.837228637721403,
      "answer_2": 0.9409364781358416,
      "answer_3": 0.8537967896686679,
      "answer_4": 0.8584009082492648,
      "answer_5": 0.8579687206663104,
      "answer_6": 0.8781894838987288
    },
    "query_3": {
      "answer_1": 0.8564388191322362,
      "answer_2": 0.8797867185000469,
      "answer_3": 0.9076760152164923,
      "answer_4": 0.876064198497574,
      "answer_5": 0.8579413835037313,
      "answer_6": 0.8712731547162733
    },
    "query_4": {
      "answer_1": 0.8348640114101711,
      "answer_2": 0.8483014809933751,
      "answer_3": 0.848629091740101,
      "answer_4": 0.9234672054264849,
      "answer_5": 0.8559144900668829,
      "answer_6": 0.8682881513498897
    },
    "query_5": {
      "answer_1": 0.8657444457690806,
      "answer_2": 0.8665753321725345,
      "answer_3": 0.8407025125546969,
      "answer_4": 0.8579231086349813,
      "answer_5": 0.9328365494972423,
      "answer_6": 0.8685823723915337
    },
    "query_6": {
      "answer_1": 0.8214913567070449,
      "answer_2": 0.8602295404506124,
      "answer_3": 0.8410239847173051,
      "answer_4": 0.8784046236031667,
      "answer_5": 0.8350272605595211,
      "answer_6": 0.9237377296941849
    }
  }
}