{
  "entity": "Napoleon Bonaparte",
  "cosine_similarities": {
    "query_1": {
      "answer_1": 0.9201368212787887,
      "answer_2": 0.8483803547824007,
      "answer_3": 0.8495425767486974,
      "answer_4": 0.8381788771032159,
      "answer_5": 0.8731997166343028,
      "answer_6": 0.8274249196828621
    },
    "query_2": {
      "answer_1": 0.8496735705676025,
      "answer_2": 0.9397142289373053,
      "answer_3": 0.8715491397184204,
      "answer_4": 0.8479893527291569,
      "answer_5": 0.8358641934731921,
      "answer_6": 0.8705509520131249
    },
    "query_3": {
      "answer_1": 0.8612166401362487,
      "answer_2": 0.8755615790467136,
      "answer_3": 0.925531648021277,
      "answer_4": 0.860513333791706,
      "answer_5": 0.8387438463337351,
      "answer_6": 0.8576422080371358
    },
    "query_4": {
      "answer_1": 0.8395886308497329,
      "answer_2": 0.8360412236872089,
      "answer_3": 0.8587014613981749,
      "answer_4": 0.9333728429349738,
      "answer_5": 0.8372610242063463,
      "answer_6": 0.8361029400369389
    },
    "query_5": {
      "answer_1": 0.8576685580055332,
      "answer_2": 0.838851092541081,
      "answer_3": 0.8347449931824233,
      "answer_4": 0.8375464713971801,
      "answer_5": 0.9377231807666327,
      "answer_6": 0.8309408432548481
    },
    "query_6": {
      "answer_1": 0.8387987253533414,
      "answer_2": 0.8768783241391996,
      "answer_3": 0.8663202472636612,
      "answer_4": 0.8599024456885148,
      "answer_5": 0.8427235582571047,
      "answer_6": 0.9227486946552226
    }
  }
}