{
  "entity": "Napoleon Bonaparte",
  "cosine_similarities": {
    "query_1": {
      "answer_1": 0.9139984178735143,
      "answer_2": 0.8445881808253486,
      "answer_3": 0.8382681158592676,
      "answer_4": 0.8371999063507556,
      "answer_5": 0.8777649301517575,
      "answer_6": 0.8489384033515689
    },
    "query_2": {
      "answer_1": 0.8428331879567477,
      "answer_2": 0.9455543028903467,
      "answer_3": 0.8658083462181861,
      "answer_4": 0.8407316984817382,
      "answer_5": 0.8371708899668623,
      "answer_6": 0.8826433097528648
    },
    "query_3": {
      "answer_1": 0.8523129340177995,
      "answer_2": 0.8816486718935047,
      "answer_3": 0.922443170112748,
      "answer_4": 0.8670033695533998,
      "answer_5": 0.8376732350476578,
      "answer_6": 0.8722236481188917
    },
    "query_4": {
      "answer_1": 0.855455529669373,
      "answer_2": 0.8394396998368107,
      "answer_3": 0.8427574212188635,
      "answer_4": 0.9070763393247777,
      "answer_5": 0.8460556386474647,
      "answer_6": 0.8641113481233479
    },
    "query_5": {
      "answer_1": 0.8579442768710588,
      "answer_2": 0.8387152728317103,
      "answer_3": 0.8256191186901719,
      "answer_4": 0.843390340945515,
      "answer_5": 0.940097860546539,
      "answer_6": 0.8585818921012593
    },
    "query_6": {
      "answer_1": 0.8389056415096819,
      "answer_2": 0.860232389155975,
      "answer_3": 0.8485022090296347,
      "answer_4": 0.8537094630944764,
      "answer_5": 0.8408168201738279,
      "answer_6": 0.9252175427358967
    }
  }
}