{
  "entity": "Napoleon Bonaparte",
  "cosine_similarities": {
    "query_1": {
      "answer_1": 0.9399279479114807,
      "answer_2": 0.8562755133894139,
      "answer_3": 0.859208287606209,
      "answer_4": 0.843193727469992,
      "answer_5": 0.880710021923662,
      "answer_6": 0.8610242883332575
    },
    "query_2": {
      "answer_1": 0.8594559192858569,
      "answer_2": 0.9419885231825298,
      "answer_3": 0.8788932147515821,
      "answer_4": 0.8399011826709015,
      "answer_5": 0.8506111182606735,
      "answer_6": 0.8934632552018553
    },
    "query_3": {
      "answer_1": 0.871042843733878,
      "answer_2": 0.8960564446605886,
      "answer_3": 0.925664031370869,
      "answer_4": 0.8765037282398147,
      "answer_5": 0.8650306596871107,
      "answer_6": 0.8915194552447949
    },
    "query_4": {
      "answer_1": 0.866271287512982,
      "answer_2": 0.8589611730530515,
      "answer_3": 0.8573373210956399,
      "answer_4": 0.909925002696506,
      "answer_5": 0.8605820377473757,
      "answer_6": 0.8726058678094286
    },
    "query_5": {
      "answer_1": 0.8655296091671426,
      "answer_2": 0.8463476906809269,
      "answer_3": 0.8521730374422797,
      "answer_4": 0.8333665312839288,
      "answer_5": 0.9336442404900379,
      "answer_6": 0.8511784925966814
    },
    "query_6": {
      "answer_1": 0.8536269771223455,
      "answer_2": 0.887654614157385,
      "answer_3": 0.8665198657030969,
      "answer_4": 0.843579807771117,
      "answer_5": 0.8559508368088611,
      "answer_6": 0.9367705517071966
    }
  }
}