{
  "entity": "Napoleon Bonaparte",
  "cosine_similarities": {
    "query_1": {
      "answer_1": 0.9216446862864652,
      "answer_2": 0.8260662609748594,
      "answer_3": 0.8542311789376953,
      "answer_4": 0.8367652961238413,
      "answer_5": 0.8543457602917921,
      "answer_6": 0.8362260878763355
    },
    "query_2": {
      "answer_1": 0.8492573230325555,
      "answer_2": 0.9320436121819011,
      "answer_3": 0.8773526582496542,
      "answer_4": 0.8543739685712437,
      "answer_5": 0.8184605146636657,
      "answer_6": 0.8857623079033521
    },
    "query_3": {
      "answer_1": 0.8645191012264577,
      "answer_2": 0.865727287681315,
      "answer_3": 0.9271018114458341,
      "answer_4": 0.8776139366842943,
      "answer_5": 0.8307414503793056,
      "answer_6": 0.8719699735093915
    },
    "query_4": {
      "answer_1": 0.844825518438924,
      "answer_2": 0.8238164961264609,
      "answer_3": 0.851326740832518,
      "answer_4": 0.9241916785314139,
      "answer_5": 0.8198388307025586,
      "answer_6": 0.8604041662734129
    },
    "query_5": {
      "answer_1": 0.8541398271200835,
      "answer_2": 0.8251933853030682,
      "answer_3": 0.8413982518199143,
      "answer_4": 0.8465297840433628,
      "answer_5": 0.9267073421610363,
      "answer_6": 0.8416592811373231
    },
    "query_6": {
      "answer_1": 0.8335082486978004,
      "answer_2": 0.8629049366044202,
      "answer_3": 0.8749698494770698,
      "answer_4": 0.8875999176589411,
      "answer_5": 0.8306434841864159,
      "answer_6": 0.9421534461419164
    }
  }
}