{
  "entity": "Napoleon Bonaparte",
  "cosine_similarities": {
    "query_1": {
      "answer_1": 0.9117269176647225,
      "answer_2": 0.8500861185817669,
      "answer_3": 0.8495624510270844,
      "answer_4": 0.8380167388946526,
      "answer_5": 0.8757134070291909,
      "answer_6": 0.8348933447158982
    },
    "query_2": {
      "answer_1": 0.8389282699291318,
      "answer_2": 0.9461846703720741,
      "answer_3": 0.8736490934836956,
      "answer_4": 0.8522410695698533,
      "answer_5": 0.8530061389734205,
      "answer_6": 0.8722115223352835
    },
    "query_3": {
      "answer_1": 0.8607040733321942,
      "answer_2": 0.8760254254386484,
      "answer_3": 0.9271230786758062,
      "answer_4": 0.8787358822002097,
      "answer_5": 0.8542477136367101,
      "answer_6": 0.8643848874726219
    },
    "query_4": {
      "answer_1": 0.840465283231514,
      "answer_2": 0.8382314902915047,
      "answer_3": 0.8706791394322935,
      "answer_4": 0.9247420204668373,
      "answer_5": 0.8448542555390464,
      "answer_6": 0.8670254644374222
    },
    "query_5": {
      "answer_1": 0.8697901159732808,
      "answer_2": 0.8584332847650574,
      "answer_3": 0.8521128139911128,
      "answer_4": 0.8618824923208263,
      "answer_5": 0.946101766254413,
      "answer_6": 0.8555490991871554
    },
    "query_6": {
      "answer_1": 0.8197893050143442,
      "answer_2": 0.8562312815439955,
      "answer_3": 0.8546956970381527,
      "answer_4": 0.8745438913398914,
      "answer_5": 0.8326074896587558,
      "answer_6": 0.9213146149669242
    }
  }
}