{
  "entity": "Napoleon Bonaparte",
  "cosine_similarities": {
    "query_1": {
      "answer_1": 0.9330391818320308,
      "answer_2": 0.8471646063158677,
      "answer_3": 0.8491257909121108,
      "answer_4": 0.8381660405501692,
      "answer_5": 0.8651687100877449,
      "answer_6": 0.8435927224615126
    },
    "query_2": {
      "answer_1": 0.8485768871548309,
      "answer_2": 0.9430783513596515,
      "answer_3": 0.8635461488922459,
      "answer_4": 0.8487844880988344,
      "answer_5": 0.822739023602323,
      "answer_6": 0.8844600569170408
    },
    "query_3": {
      "answer_1": 0.8731891766520128,
      "answer_2": 0.8689820833440688,
      "answer_3": 0.9273546643287904,
      "answer_4": 0.8725071968817047,
      "answer_5": 0.8377260465576486,
      "answer_6": 0.8692440828513106
    },
    "query_4": {
      "answer_1": 0.8368604224419993,
      "answer_2": 0.8237347852715156,
      "answer_3": 0.8515881439868616,
      "answer_4": 0.9182008924965673,
      "answer_5": 0.8166833416549041,
      "answer_6": 0.8423891501539598
    },
    "query_5": {
      "answer_1": 0.8509183126992622,
      "answer_2": 0.8372342061190654,
      "answer_3": 0.8305170185737397,
      "answer_4": 0.8319355698254626,
      "answer_5": 0.9336071775652252,
      "answer_6": 0.8430973872059004
    },
    "query_6": {
      "answer_1": 0.8439298096751999,
      "answer_2": 0.8799164000452293,
      "answer_3": 0.8665316077408012,
      "answer_4": 0.8590449110187554,
      "answer_5": 0.8307267204232213,
      "answer_6": 0.9306041468326456
    }
  }
}