{
  "entity": "Napoleon Bonaparte",
  "cosine_similarities": {
    "query_1": {
      "answer_1": 0.9394641119792264,
      "answer_2": 0.8440411164076695,
      "answer_3": 0.8353987048661772,
      "answer_4": 0.8365468198575519,
      "answer_5": 0.8523836168624016,
      "answer_6": 0.8227961045579676
    },
    "query_2": {
      "answer_1": 0.8564054934308619,
      "answer_2": 0.9464806165025662,
      "answer_3": 0.8539584842723702,
      "answer_4": 0.828685399597036,
      "answer_5": 0.832633924037506,
      "answer_6": 0.8480262703185636
    },
    "query_3": {
      "answer_1": 0.8647723041222329,
      "answer_2": 0.8595873187855787,
      "answer_3": 0.9333059315475378,
      "answer_4": 0.8503762515343742,
      "answer_5": 0.8426311108214306,
      "answer_6": 0.82271882535672
    },
    "query_4": {
      "answer_1": 0.8549596794378816,
      "answer_2": 0.8420920050067567,
      "answer_3": 0.8521577590176003,
      "answer_4": 0.9392606318718896,
      "answer_5": 0.839495997061104,
      "answer_6": 0.8434711549544318
    },
    "query_5": {
      "answer_1": 0.8479574018713144,
      "answer_2": 0.8367769729579053,
      "answer_3": 0.8354351085299088,
      "answer_4": 0.8259188119063913,
      "answer_5": 0.9356524270675552,
      "answer_6": 0.813382228837537
    },
    "query_6": {
      "answer_1": 0.8478020329520974,
      "answer_2": 0.8646680236055027,
      "answer_3": 0.8223385371053724,
      "answer_4": 0.8533296843769416,
      "answer_5": 0.8370121985789885,
      "answer_6": 0.9160143597550735
    }
  }
}