{
  "entity": "Napoleon Bonaparte",
  "cosine_similarities": {
    "query_1": {
      "answer_1": 0.9313525494053357,
      "answer_2": 0.8599381146098873,
      "answer_3": 0.8499238533428012,
      "answer_4": 0.8410127665994156,
      "answer_5": 0.8832549130308056,
      "answer_6": 0.8617618228506898
    },
    "query_2": {
      "answer_1": 0.8485324212974708,
      "answer_2": 0.952535599937659,
      "answer_3": 0.8763347034350499,
      "answer_4": 0.8373655074456124,
      "answer_5": 0.8490266082598553,
      "answer_6": 0.8879042689853626
    },
    "query_3": {
      "answer_1": 0.8557120001306885,
      "answer_2": 0.9058845346629653,
      "answer_3": 0.925489979881495,
      "answer_4": 0.8755299729411995,
      "answer_5": 0.8676277465675972,
      "answer_6": 0.8896811198983576
    },
    "query_4": {
      "answer_1": 0.8563522875686573,
      "answer_2": 0.8591785495422106,
      "answer_3": 0.8530647868064779,
      "answer_4": 0.9214484234316155,
      "answer_5": 0.8608548155624359,
      "answer_6": 0.8727904413037363
    },
    "query_5": {
      "answer_1": 0.8605463738708383,
      "answer_2": 0.8491657657843881,
      "answer_3": 0.8455937490867682,
      "answer_4": 0.8391014592141595,
      "answer_5": 0.9447119053698618,
      "answer_6": 0.8549918356996491
    },
    "query_6": {
      "answer_1": 0.8377679521125718,
      "answer_2": 0.8696331580435652,
      "answer_3": 0.8519025473978619,
      "answer_4": 0.831361746581144,
      "answer_5": 0.8394773145593608,
      "answer_6": 0.9156110722842371
    }
  }
}