{
  "entity": "Napoleon Bonaparte",
  "cosine_similarities": {
    "query_1": {
      "answer_1": 0.9089702267247178,
      "answer_2": 0.8442040420486085,
      "answer_3": 0.840767053037091,
      "answer_4": 0.831675373291862,
      "answer_5": 0.8563321509951712,
      "answer_6": 0.8416544561641948
    },
    "query_2": {
      "answer_1": 0.8428926520882676,
      "answer_2": 0.9330448340785907,
      "answer_3": 0.8634300839712615,
      "answer_4": 0.8500596959382957,
      "answer_5": 0.8650777243656652,
      "answer_6": 0.8813147489358422
    },
    "query_3": {
      "answer_1": 0.8580376727250932,
      "answer_2": 0.8731627124896404,
      "answer_3": 0.9130429751706023,
      "answer_4": 0.8638831601361614,
      "answer_5": 0.860487280997553,
      "answer_6": 0.8700437808353322
    },
    "query_4": {
      "answer_1": 0.8393449537932234,
      "answer_2": 0.8369053464053502,
      "answer_3": 0.8454786097374527,
      "answer_4": 0.9173514219411313,
      "answer_5": 0.8368707716999186,
      "answer_6": 0.8609290164157586
    },
    "query_5": {
      "answer_1": 0.8385811285032201,
      "answer_2": 0.8661056040311627,
      "answer_3": 0.8570733788035051,
      "answer_4": 0.8481034405722413,
      "answer_5": 0.9481264265911499,
      "answer_6": 0.8593637620868141
    },
    "query_6": {
      "answer_1": 0.8241952107874593,
      "answer_2": 0.8689516738997014,
      "answer_3": 0.846362073998866,
      "answer_4": 0.8613296772724887,
      "answer_5": 0.841894288664331,
      "answer_6": 0.9302966764209888
    }
  }
}