{
  "entity": "Napoleon Bonaparte",
  "cosine_similarities": {
    "query_1": {
      "answer_1": 0.9318006454077518,
      "answer_2": 0.8384636011807304,
      "answer_3": 0.8473463603448159,
      "answer_4": 0.8351990062226452,
      "answer_5": 0.8495930826274914,
      "answer_6": 0.830845106999157
    },
    "query_2": {
      "answer_1": 0.8469663949473639,
      "answer_2": 0.9403452320866136,
      "answer_3": 0.8695017723143353,
      "answer_4": 0.8429123418751113,
      "answer_5": 0.815423064953062,
      "answer_6": 0.8790931190906331
    },
    "query_3": {
      "answer_1": 0.86415960446678,
      "answer_2": 0.8672223758609291,
      "answer_3": 0.9294073859376908,
      "answer_4": 0.8726525200557959,
      "answer_5": 0.821782510321237,
      "answer_6": 0.863813356697711
    },
    "query_4": {
      "answer_1": 0.84319649428007,
      "answer_2": 0.8306060606478778,
      "answer_3": 0.8803568001461374,
      "answer_4": 0.9209908315603903,
      "answer_5": 0.8154881938061719,
      "answer_6": 0.8546446632682411
    },
    "query_5": {
      "answer_1": 0.8496661207717351,
      "answer_2": 0.8397195770087088,
      "answer_3": 0.8398653656040785,
      "answer_4": 0.841008717377172,
      "answer_5": 0.9273104645661122,
      "answer_6": 0.8402794700616835
    },
    "query_6": {
      "answer_1": 0.835206569706534,
      "answer_2": 0.8762347243563158,
      "answer_3": 0.8707073431203972,
      "answer_4": 0.8838891312033702,
      "answer_5": 0.8200390654648537,
      "answer_6": 0.9400638320434661
    }
  }
}