{
  "entity": "Napoleon Bonaparte",
  "cosine_similarities": {
    "query_1": {
      "answer_1": 0.9091771342220221,
      "answer_2": 0.8477812420705121,
      "answer_3": 0.8462319701028166,
      "answer_4": 0.8300879088815807,
      "answer_5": 0.8611782367185089,
      "answer_6": 0.8435115588589485
    },
    "query_2": {
      "answer_1": 0.8383379657424335,
      "answer_2": 0.9400340446004194,
      "answer_3": 0.8584783082191412,
      "answer_4": 0.8574565841784964,
      "answer_5": 0.8331311128975991,
      "answer_6": 0.8888769194729861
    },
    "query_3": {
      "answer_1": 0.8499559712722343,
      "answer_2": 0.8725221598021472,
      "answer_3": 0.9269121613722253,
      "answer_4": 0.8793051168345367,
      "answer_5": 0.8271920407991945,
      "answer_6": 0.8609886597114996
    },
    "query_4": {
      "answer_1": 0.8256807290868853,
      "answer_2": 0.832335461698607,
      "answer_3": 0.8530188300943673,
      "answer_4": 0.9107818763911077,
      "answer_5": 0.824086223610298,
      "answer_6": 0.8486759301815905
    },
    "query_5": {
      "answer_1": 0.8456002615817282,
      "answer_2": 0.8547833227358194,
      "answer_3": 0.833840108161973,
      "answer_4": 0.8434542705710218,
      "answer_5": 0.9221789281496984,
      "answer_6": 0.8529053964030027
    },
    "query_6": {
      "answer_1": 0.8259513757283611,
      "answer_2": 0.8914705187682523,
      "answer_3": 0.8488340783774927,
      "answer_4": 0.8557209007223542,
      "answer_5": 0.8306783217614567,
      "answer_6": 0.929738930612963
    }
  }
}