{
  "entity": "Napoleon Bonaparte",
  "cosine_similarities": {
    "query_1": {
      "answer_1": 0.8942481268136501,
      "answer_2": 0.850006319593191,
      "answer_3": 0.8527888793879259,
      "answer_4": 0.8316373856600074,
      "answer_5": 0.8845442425807047,
      "answer_6": 0.8341110725173296
    },
    "query_2": {
      "answer_1": 0.8366922219655494,
      "answer_2": 0.9426471044651182,
      "answer_3": 0.8734942591880543,
      "answer_4": 0.8512783055758657,
      "answer_5": 0.8578659852300173,
      "answer_6": 0.8587964840478312
    },
    "query_3": {
      "answer_1": 0.8621556232348123,
      "answer_2": 0.8824170109203633,
      "answer_3": 0.9269592697306841,
      "answer_4": 0.8716538391461572,
      "answer_5": 0.8605339854078613,
      "answer_6": 0.8518260293547377
    },
    "query_4": {
      "answer_1": 0.8461554846162491,
      "answer_2": 0.8466331208791873,
      "answer_3": 0.8712872406660176,
      "answer_4": 0.9170471193467276,
      "answer_5": 0.8567904052440849,
      "answer_6": 0.8598146652230452
    },
    "query_5": {
      "answer_1": 0.8595502725589957,
      "answer_2": 0.861696082515102,
      "answer_3": 0.8506669459989152,
      "answer_4": 0.8554061298639785,
      "answer_5": 0.9536282657463879,
      "answer_6": 0.8534930648723691
    },
    "query_6": {
      "answer_1": 0.8265795634473792,
      "answer_2": 0.8615912062997257,
      "answer_3": 0.8532108102680881,
      "answer_4": 0.8687521642831909,
      "answer_5": 0.8435949249778438,
      "answer_6": 0.9101522809545838
    }
  }
}