{
  "entity": "Napoleon Bonaparte",
  "cosine_similarities": {
    "query_1": {
      "answer_1": 0.9178779981154008,
      "answer_2": 0.843410579218315,
      "answer_3": 0.830670444925753,
      "answer_4": 0.8210294426120325,
      "answer_5": 0.8772405659518238,
      "answer_6": 0.8513708689415019
    },
    "query_2": {
      "answer_1": 0.8502328901167259,
      "answer_2": 0.9408830910896167,
      "answer_3": 0.8573300527276194,
      "answer_4": 0.8265008224134478,
      "answer_5": 0.8323786591198571,
      "answer_6": 0.8797066516144543
    },
    "query_3": {
      "answer_1": 0.8634398365521626,
      "answer_2": 0.8667544333365631,
      "answer_3": 0.9030718600349146,
      "answer_4": 0.8390733397812612,
      "answer_5": 0.8353305677520821,
      "answer_6": 0.8730886567655245
    },
    "query_4": {
      "answer_1": 0.837037164624818,
      "answer_2": 0.8289194828806011,
      "answer_3": 0.8445032397826768,
      "answer_4": 0.8941199569660486,
      "answer_5": 0.8254816646594235,
      "answer_6": 0.8623095930016861
    },
    "query_5": {
      "answer_1": 0.8542336918518928,
      "answer_2": 0.8360313918167205,
      "answer_3": 0.8237572033373791,
      "answer_4": 0.8191039261391216,
      "answer_5": 0.9403158138900298,
      "answer_6": 0.8570388366116989
    },
    "query_6": {
      "answer_1": 0.8372859081049743,
      "answer_2": 0.8585305561301654,
      "answer_3": 0.8433101201147245,
      "answer_4": 0.8342425442601573,
      "answer_5": 0.8274159673946198,
      "answer_6": 0.9270437005034305
    }
  }
}