{
  "entity": "Napoleon Bonaparte",
  "cosine_similarities": {
    "query_1": {
      "answer_1": 0.9135229779703982,
      "answer_2": 0.839601103085278,
      "answer_3": 0.8334388116580457,
      "answer_4": 0.8316457299856693,
      "answer_5": 0.870713854131447,
      "answer_6": 0.8328468650263782
    },
    "query_2": {
      "answer_1": 0.844260736507833,
      "answer_2": 0.9383191277964672,
      "answer_3": 0.863381891112879,
      "answer_4": 0.8502956642539442,
      "answer_5": 0.83768475633492,
      "answer_6": 0.8441844642179231
    },
    "query_3": {
      "answer_1": 0.8621612939678168,
      "answer_2": 0.8803388157522107,
      "answer_3": 0.9065160741873183,
      "answer_4": 0.8694760466382437,
      "answer_5": 0.8360913856931701,
      "answer_6": 0.8420712945478239
    },
    "query_4": {
      "answer_1": 0.8328683592253247,
      "answer_2": 0.8521836097542453,
      "answer_3": 0.8493568787492684,
      "answer_4": 0.9245199735992022,
      "answer_5": 0.838228108595192,
      "answer_6": 0.8609503150122891
    },
    "query_5": {
      "answer_1": 0.8564718832768464,
      "answer_2": 0.8388441153685596,
      "answer_3": 0.8286651394131195,
      "answer_4": 0.8415220110385438,
      "answer_5": 0.9522931167243109,
      "answer_6": 0.8543497917739891
    },
    "query_6": {
      "answer_1": 0.8557333027445526,
      "answer_2": 0.8580711118494387,
      "answer_3": 0.8417743726441471,
      "answer_4": 0.8702701674882185,
      "answer_5": 0.8694443397227779,
      "answer_6": 0.9251317984253971
    }
  }
}