{
  "entity": "Napoleon Bonaparte",
  "cosine_similarities": {
    "query_1": {
      "answer_1": 0.9336442579563623,
      "answer_2": 0.8389736486472908,
      "answer_3": 0.8435796967793029,
      "answer_4": 0.8297081742349027,
      "answer_5": 0.8561445561334067,
      "answer_6": 0.8351301005220623
    },
    "query_2": {
      "answer_1": 0.8457233952416476,
      "answer_2": 0.9428764167371887,
      "answer_3": 0.8605331103102676,
      "answer_4": 0.8570119544161531,
      "answer_5": 0.8233712797553097,
      "answer_6": 0.8827515813711021
    },
    "query_3": {
      "answer_1": 0.8511148486310943,
      "answer_2": 0.8554348241836625,
      "answer_3": 0.9286367983213143,
      "answer_4": 0.8890905787097056,
      "answer_5": 0.817093059304973,
      "answer_6": 0.8561712603715256
    },
    "query_4": {
      "answer_1": 0.8191774939910025,
      "answer_2": 0.8228219713915088,
      "answer_3": 0.8555689576963617,
      "answer_4": 0.9035661667051464,
      "answer_5": 0.8190861902676022,
      "answer_6": 0.8427960943995031
    },
    "query_5": {
      "answer_1": 0.8526242242106246,
      "answer_2": 0.8304876904938779,
      "answer_3": 0.8325496432027253,
      "answer_4": 0.8409741045761923,
      "answer_5": 0.9414082075068259,
      "answer_6": 0.8435535514395509
    },
    "query_6": {
      "answer_1": 0.8254271740488128,
      "answer_2": 0.861172443837501,
      "answer_3": 0.8458296044452366,
      "answer_4": 0.8495643221009499,
      "answer_5": 0.822878659605323,
      "answer_6": 0.9323059494029469
    }
  }
}