{
  "entity": "Napoleon Bonaparte",
  "cosine_similarities": {
    "query_1": {
      "answer_1": 0.9476951091264075,
      "answer_2": 0.8436776961605637,
      "answer_3": 0.8624622981320094,
      "answer_4": 0.8288206019437148,
      "answer_5": 0.8577534325344986,
      "answer_6": 0.830281805013547
    },
    "query_2": {
      "answer_1": 0.8520384062613291,
      "answer_2": 0.9450455812953024,
      "answer_3": 0.8759185491266404,
      "answer_4": 0.8459649047680933,
      "answer_5": 0.8276590652127744,
      "answer_6": 0.8800995319339049
    },
    "query_3": {
      "answer_1": 0.8618040382942554,
      "answer_2": 0.8743525292604819,
      "answer_3": 0.9257294834861416,
      "answer_4": 0.8713808660946067,
      "answer_5": 0.8351937847162273,
      "answer_6": 0.8603897265206288
    },
    "query_4": {
      "answer_1": 0.8363721109549045,
      "answer_2": 0.8403965905585292,
      "answer_3": 0.8757500100685983,
      "answer_4": 0.9174459748542266,
      "answer_5": 0.8268010207385298,
      "answer_6": 0.8553635739353486
    },
    "query_5": {
      "answer_1": 0.8578471287166495,
      "answer_2": 0.8401413633683136,
      "answer_3": 0.8462251517210579,
      "answer_4": 0.8354492118215489,
      "answer_5": 0.9408528937018699,
      "answer_6": 0.8337395256834825
    },
    "query_6": {
      "answer_1": 0.8365281410622667,
      "answer_2": 0.8804941706420495,
      "answer_3": 0.8758328367497841,
      "answer_4": 0.8796750777501052,
      "answer_5": 0.8336969670845535,
      "answer_6": 0.9349728676823139
    }
  }
}