{
  "entity": "Napoleon Bonaparte",
  "cosine_similarities": {
    "query_1": {
      "answer_1": 0.9504687598384924,
      "answer_2": 0.8352647165991491,
      "answer_3": 0.8440610685555794,
      "answer_4": 0.8271944587450379,
      "answer_5": 0.864878951144941,
      "answer_6": 0.8387294659120161
    },
    "query_2": {
      "answer_1": 0.85842145374469,
      "answer_2": 0.9333629420012888,
      "answer_3": 0.8692245957459822,
      "answer_4": 0.8413099988051218,
      "answer_5": 0.8417515848374671,
      "answer_6": 0.8772326925620119
    },
    "query_3": {
      "answer_1": 0.8656324960965157,
      "answer_2": 0.8609047478641388,
      "answer_3": 0.9189991676610559,
      "answer_4": 0.8705598990594723,
      "answer_5": 0.8458148134944515,
      "answer_6": 0.8683755612075011
    },
    "query_4": {
      "answer_1": 0.8353746030298573,
      "answer_2": 0.8218509980619144,
      "answer_3": 0.862721685272104,
      "answer_4": 0.9117928336726853,
      "answer_5": 0.8380700031115408,
      "answer_6": 0.8655330972879521
    },
    "query_5": {
      "answer_1": 0.8770716079194281,
      "answer_2": 0.8522626187605077,
      "answer_3": 0.8528848191966274,
      "answer_4": 0.845010470289592,
      "answer_5": 0.9439550778964343,
      "answer_6": 0.8554308570377274
    },
    "query_6": {
      "answer_1": 0.8285699995201193,
      "answer_2": 0.8416617922188399,
      "answer_3": 0.8423261074130434,
      "answer_4": 0.8622630683261664,
      "answer_5": 0.8202631210224616,
      "answer_6": 0.9267347760036766
    }
  }
}