{
  "entity": "Napoleon Bonaparte",
  "cosine_similarities": {
    "query_1": {
      "answer_1": 0.8951705052507528,
      "answer_2": 0.8417563493820163,
      "answer_3": 0.8431082722747457,
      "answer_4": 0.813823688862504,
      "answer_5": 0.8666877242228566,
      "answer_6": 0.8255087476655565
    },
    "query_2": {
      "answer_1": 0.8333930129393603,
      "answer_2": 0.943611256006052,
      "answer_3": 0.8681903625752846,
      "answer_4": 0.8151759011387758,
      "answer_5": 0.8275369515495697,
      "answer_6": 0.8756310509474445
    },
    "query_3": {
      "answer_1": 0.851845173715901,
      "answer_2": 0.8723986989033888,
      "answer_3": 0.9196714948873707,
      "answer_4": 0.8165846280158676,
      "answer_5": 0.8312398773648637,
      "answer_6": 0.8629566036855889
    },
    "query_4": {
      "answer_1": 0.8271942801044034,
      "answer_2": 0.8329083089633296,
      "answer_3": 0.8536950958612932,
      "answer_4": 0.9152172012559684,
      "answer_5": 0.8304351834777663,
      "answer_6": 0.8488910396379421
    },
    "query_5": {
      "answer_1": 0.8201965329269146,
      "answer_2": 0.8199727527883556,
      "answer_3": 0.822669654148283,
      "answer_4": 0.8098876853424916,
      "answer_5": 0.9411104037529101,
      "answer_6": 0.8237151993488874
    },
    "query_6": {
      "answer_1": 0.8168169295493689,
      "answer_2": 0.8686445071708768,
      "answer_3": 0.851961251137952,
      "answer_4": 0.8198120303231228,
      "answer_5": 0.8126791640364047,
      "answer_6": 0.932319640815063
    }
  }
}