{
  "entity": "Napoleon Bonaparte",
  "cosine_similarities": {
    "query_1": {
      "answer_1": 0.9195298753442337,
      "answer_2": 0.8238078152541985,
      "answer_3": 0.8461952033528258,
      "answer_4": 0.8258613813196455,
      "answer_5": 0.8470773931358289,
      "answer_6": 0.8093840331836106
    },
    "query_2": {
      "answer_1": 0.8363045462095604,
      "answer_2": 0.9161369239467297,
      "answer_3": 0.873447506373412,
      "answer_4": 0.8426440923594559,
      "answer_5": 0.818152824426346,
      "answer_6": 0.8582910696344935
    },
    "query_3": {
      "answer_1": 0.8470889094523072,
      "answer_2": 0.8505806904515415,
      "answer_3": 0.9216493712639056,
      "answer_4": 0.8651764257529997,
      "answer_5": 0.8269672533285664,
      "answer_6": 0.8336549971896391
    },
    "query_4": {
      "answer_1": 0.819843978157245,
      "answer_2": 0.8136562947547074,
      "answer_3": 0.8675455913159291,
      "answer_4": 0.906412167387127,
      "answer_5": 0.8239810561145245,
      "answer_6": 0.8284535896064547
    },
    "query_5": {
      "answer_1": 0.8406341930449225,
      "answer_2": 0.8202153323058912,
      "answer_3": 0.8425964852809275,
      "answer_4": 0.8377992665024389,
      "answer_5": 0.9345630300575547,
      "answer_6": 0.8078386426325755
    },
    "query_6": {
      "answer_1": 0.8238920934551447,
      "answer_2": 0.8616470001797106,
      "answer_3": 0.8682356585662969,
      "answer_4": 0.8767341651916779,
      "answer_5": 0.8245678978412064,
      "answer_6": 0.9066443829372698
    }
  }
}