{
  "entity": "Winston Churchill",
  "scores": {
    "query_1": {
      "answer_1": 13.627555460884738,
      "answer_2": 3.635133597649233,
      "answer_3": 5.156355549886633,
      "answer_4": 3.01191321692367,
      "answer_5": 6.0084871582167905,
      "answer_6": 5.087276389007069
    },
    "query_2": {
      "answer_1": 6.978388896406039,
      "answer_2": 9.039141957046144,
      "answer_3": 4.869214605459677,
      "answer_4": 4.449707205957403,
      "answer_5": 4.340257429817194,
      "answer_6": 6.332746693334387
    },
    "query_3": {
      "answer_1": 6.722747826237659,
      "answer_2": 5.532391488924284,
      "answer_3": 14.106082864621463,
      "answer_4": 5.984784017223907,
      "answer_5": 5.625081023924988,
      "answer_6": 6.911259069581648
    },
    "query_4": {
      "answer_1": 6.248544903803255,
      "answer_2": 8.015932631379549,
      "answer_3": 7.576090456661551,
      "answer_4": 9.820716838969412,
      "answer_5": 6.942914478308134,
      "answer_6": 8.102774082717449
    },
    "query_5": {
      "answer_1": 5.417433200147018,
      "answer_2": 4.095494929623271,
      "answer_3": 4.8290572649199675,
      "answer_4": 3.6631534754637944,
      "answer_5": 14.499637030209067,
      "answer_6": 5.509794627572805
    },
    "query_6": {
      "answer_1": 4.1748977606782685,
      "answer_2": 4.39823474959512,
      "answer_3": 3.987552948204915,
      "answer_4": 3.835407450783601,
      "answer_5": 3.869338408204898,
      "answer_6": 17.173261159068772
    }
  }
}