{
  "entity": "Winston Churchill",
  "scores": {
    "query_1": {
      "answer_1": 11.608352571782564,
      "answer_2": 2.9147608064426263,
      "answer_3": 2.821769154235648,
      "answer_4": 2.3966707962428453,
      "answer_5": 2.615682285706283,
      "answer_6": 4.101672674125116
    },
    "query_2": {
      "answer_1": 7.836277037539555,
      "answer_2": 10.538257593564424,
      "answer_3": 4.421340822286879,
      "answer_4": 4.382240590370522,
      "answer_5": 5.09268528037164,
      "answer_6": 3.9834507578970797
    },
    "query_3": {
      "answer_1": 4.510928847314628,
      "answer_2": 3.6939616855898385,
      "answer_3": 12.013306361568489,
      "answer_4": 3.899329300281992,
      "answer_5": 4.230612552453591,
      "answer_6": 3.5476888785389455
    },
    "query_4": {
      "answer_1": 4.653153296585937,
      "answer_2": 4.030504920737852,
      "answer_3": 3.2520998930852696,
      "answer_4": 8.66750920001497,
      "answer_5": 4.276925253924807,
      "answer_6": 5.909917432893702
    },
    "query_5": {
      "answer_1": 4.635225131926205,
      "answer_2": 4.0404477603797915,
      "answer_3": 3.8949295598555493,
      "answer_4": 4.5901168137146175,
      "answer_5": 11.638154145728391,
      "answer_6": 4.622002636948911
    },
    "query_6": {
      "answer_1": 4.116004516732838,
      "answer_2": 3.749152639523467,
      "answer_3": 4.103614426797446,
      "answer_4": 4.484135457992435,
      "answer_5": 3.384352291209274,
      "answer_6": 17.972630869522
    }
  }
}