{
  "entity": "Winston Churchill",
  "scores": {
    "query_1": {
      "answer_1": 13.459121593996821,
      "answer_2": 5.242447945395812,
      "answer_3": 5.10831941233977,
      "answer_4": 3.1053601660555836,
      "answer_5": 3.840083342136127,
      "answer_6": 4.07742189740055
    },
    "query_2": {
      "answer_1": 7.466266687702563,
      "answer_2": 9.536492413757736,
      "answer_3": 4.724513801052315,
      "answer_4": 4.923732173068721,
      "answer_5": 4.434526811159613,
      "answer_6": 4.446915343675307
    },
    "query_3": {
      "answer_1": 5.830996778533901,
      "answer_2": 4.544134732670911,
      "answer_3": 11.434983108688382,
      "answer_4": 4.849950903308382,
      "answer_5": 4.460475776888848,
      "answer_6": 5.043090725441278
    },
    "query_4": {
      "answer_1": 5.375141476070888,
      "answer_2": 5.194594024854768,
      "answer_3": 5.562882403170999,
      "answer_4": 14.046593439329488,
      "answer_5": 6.228361560923002,
      "answer_6": 5.565905560286735
    },
    "query_5": {
      "answer_1": 4.070861555401302,
      "answer_2": 3.6810903330696014,
      "answer_3": 5.822481148164132,
      "answer_4": 4.397432577789945,
      "answer_5": 8.92011648021716,
      "answer_6": 5.233066933821704
    },
    "query_6": {
      "answer_1": 3.778333228847596,
      "answer_2": 4.523433023212361,
      "answer_3": 3.416796211955319,
      "answer_4": 3.1082500316573354,
      "answer_5": 3.3515997916337965,
      "answer_6": 19.182538631887567
    }
  }
}