{
  "entity": "Winston Churchill",
  "scores": {
    "query_1": {
      "answer_1": 9.855928240951053,
      "answer_2": 2.5308854094045588,
      "answer_3": 2.3551502713575454,
      "answer_4": 2.130065630283558,
      "answer_5": 2.444166411239417,
      "answer_6": 5.919339341528608
    },
    "query_2": {
      "answer_1": 7.545741050654822,
      "answer_2": 11.195581018416904,
      "answer_3": 3.688431022991181,
      "answer_4": 3.938201179349653,
      "answer_5": 3.8140018410244725,
      "answer_6": 4.399564580367427
    },
    "query_3": {
      "answer_1": 3.9332377759823807,
      "answer_2": 2.7949132337159526,
      "answer_3": 10.992115923208821,
      "answer_4": 2.9168803566845547,
      "answer_5": 4.572849424225272,
      "answer_6": 2.4962075153992407
    },
    "query_4": {
      "answer_1": 4.9150184462225734,
      "answer_2": 4.493130353143563,
      "answer_3": 5.122072413206764,
      "answer_4": 7.6195662858680375,
      "answer_5": 4.827420652337957,
      "answer_6": 4.698790613525408
    },
    "query_5": {
      "answer_1": 3.767035533338927,
      "answer_2": 4.062052775123699,
      "answer_3": 4.029681763582185,
      "answer_4": 3.1529096283682936,
      "answer_5": 10.553239094707177,
      "answer_6": 5.386578243372808
    },
    "query_6": {
      "answer_1": 4.712908596531661,
      "answer_2": 4.225995909031364,
      "answer_3": 3.333833649217535,
      "answer_4": 3.1008827631798765,
      "answer_5": 3.3689375115412337,
      "answer_6": 16.31628921831043
    }
  }
}