{
  "entity": "Winston Churchill",
  "scores": {
    "query_1": {
      "answer_1": 14.030216085090084,
      "answer_2": 3.273499110922073,
      "answer_3": 3.573152501652585,
      "answer_4": 4.599566591405291,
      "answer_5": 2.7642304810345855,
      "answer_6": 3.3357415212912898
    },
    "query_2": {
      "answer_1": 7.575783621037561,
      "answer_2": 11.397078475468227,
      "answer_3": 2.813643071945693,
      "answer_4": 3.196754332240654,
      "answer_5": 2.764230481034586,
      "answer_6": 4.08872122687529
    },
    "query_3": {
      "answer_1": 3.79005950568248,
      "answer_2": 3.9769111299080744,
      "answer_3": 8.138047689746628,
      "answer_4": 3.3127379595860793,
      "answer_5": 5.028892929949306,
      "answer_6": 3.9866600785352437
    },
    "query_4": {
      "answer_1": 3.1774429017080523,
      "answer_2": 5.070558832297332,
      "answer_3": 6.062108248131783,
      "answer_4": 8.60108883714565,
      "answer_5": 7.385701003446468,
      "answer_6": 5.008895572460869
    },
    "query_5": {
      "answer_1": 4.527799641409679,
      "answer_2": 3.3322850143022085,
      "answer_3": 3.182543254107677,
      "answer_4": 4.036667488168356,
      "answer_5": 12.01562646135702,
      "answer_6": 3.3258884102603847
    },
    "query_6": {
      "answer_1": 3.5050752170145696,
      "answer_2": 3.1931478446972203,
      "answer_3": 2.8928479019752418,
      "answer_4": 2.6922508436140027,
      "answer_5": 1.9040261020711777,
      "answer_6": 13.93828606355093
    }
  }
}