{
  "entity": "Winston Churchill",
  "scores": {
    "query_1": {
      "answer_1": 6.535196567610351,
      "answer_2": 2.9282238419318887,
      "answer_3": 1.992142370124928,
      "answer_4": 2.3107029847452507,
      "answer_5": 2.2644993304853513,
      "answer_6": 2.9951463583749276
    },
    "query_2": {
      "answer_1": 5.077988020320598,
      "answer_2": 8.745185747867804,
      "answer_3": 3.478908244209466,
      "answer_4": 3.693839616826606,
      "answer_5": 3.73306262930254,
      "answer_6": 3.735653435467376
    },
    "query_3": {
      "answer_1": 4.365910688131741,
      "answer_2": 2.9619480748776574,
      "answer_3": 6.959524365693903,
      "answer_4": 3.003307390378494,
      "answer_5": 3.6448791375926812,
      "answer_6": 2.564000413232865
    },
    "query_4": {
      "answer_1": 5.329556082372051,
      "answer_2": 6.1395122028367055,
      "answer_3": 4.403964259421544,
      "answer_4": 11.358512114549791,
      "answer_5": 7.079983017930873,
      "answer_6": 4.355903575230416
    },
    "query_5": {
      "answer_1": 3.7664103867975722,
      "answer_2": 5.229837787212469,
      "answer_3": 4.303123269510653,
      "answer_4": 6.488220152856039,
      "answer_5": 13.428675426487436,
      "answer_6": 5.47366492491015
    },
    "query_6": {
      "answer_1": 2.565305115355963,
      "answer_2": 3.373133053058442,
      "answer_3": 3.5536387305196535,
      "answer_4": 2.934760287159924,
      "answer_5": 2.7811530965307036,
      "answer_6": 15.341711200484312
    }
  }
}