{
  "entity": "Winston Churchill",
  "scores": {
    "query_1": {
      "answer_1": 7.090222252977054,
      "answer_2": 5.2164799277984635,
      "answer_3": 3.248294314478225,
      "answer_4": 2.824720228047984,
      "answer_5": 4.2216929929601275,
      "answer_6": 2.8809000971045404
    },
    "query_2": {
      "answer_1": 5.265975525773832,
      "answer_2": 11.373641255764486,
      "answer_3": 2.9422229547897714,
      "answer_4": 2.5878260382741174,
      "answer_5": 2.3092256349053266,
      "answer_6": 2.7927588472977516
    },
    "query_3": {
      "answer_1": 6.840760679046564,
      "answer_2": 5.105354134572147,
      "answer_3": 10.100231922952846,
      "answer_4": 3.9098465382768683,
      "answer_5": 5.152414069063013,
      "answer_6": 3.1245353806920653
    },
    "query_4": {
      "answer_1": 3.049417239082552,
      "answer_2": 3.675911355740117,
      "answer_3": 4.127495578421632,
      "answer_4": 9.43027582211764,
      "answer_5": 5.488628251518318,
      "answer_6": 3.6753552423837412
    },
    "query_5": {
      "answer_1": 3.6597637405826755,
      "answer_2": 4.538983034351667,
      "answer_3": 5.446230282931342,
      "answer_4": 4.025386041458988,
      "answer_5": 17.81760877991788,
      "answer_6": 4.1960697469581625
    },
    "query_6": {
      "answer_1": 4.198219582816422,
      "answer_2": 4.423149912128341,
      "answer_3": 4.19662635616601,
      "answer_4": 4.42827735693708,
      "answer_5": 3.491727872411526,
      "answer_6": 10.559755866660513
    }
  }
}