{
  "entity": "Winston Churchill",
  "scores": {
    "query_1": {
      "answer_1": 7.805776818673968,
      "answer_2": 3.128711429381703,
      "answer_3": 4.330599560434462,
      "answer_4": 2.0390435243400566,
      "answer_5": 2.0823481810661804,
      "answer_6": 3.8950552338866844
    },
    "query_2": {
      "answer_1": 6.311381846612811,
      "answer_2": 8.841982665746862,
      "answer_3": 3.5521067164093765,
      "answer_4": 3.688879557553535,
      "answer_5": 3.570098045294023,
      "answer_6": 4.964355415783405
    },
    "query_3": {
      "answer_1": 3.9154413896439726,
      "answer_2": 3.2773998752864557,
      "answer_3": 10.208547974147915,
      "answer_4": 2.782428846909121,
      "answer_5": 3.6888956547038125,
      "answer_6": 2.696287966571381
    },
    "query_4": {
      "answer_1": 3.9391552810923622,
      "answer_2": 5.251285822105251,
      "answer_3": 3.537942493501358,
      "answer_4": 12.474484951888037,
      "answer_5": 6.209661259321584,
      "answer_6": 4.062825291571637
    },
    "query_5": {
      "answer_1": 2.93336458843688,
      "answer_2": 3.99535125110691,
      "answer_3": 3.13088972368812,
      "answer_4": 2.6714148856451763,
      "answer_5": 11.712518582679678,
      "answer_6": 5.138673918699339
    },
    "query_6": {
      "answer_1": 5.063120425791651,
      "answer_2": 4.298038436466057,
      "answer_3": 4.037216774199368,
      "answer_4": 3.8847448642574802,
      "answer_5": 3.3629436284950067,
      "answer_6": 15.887922507551552
    }
  }
}