{
  "entity": "Winston Churchill",
  "scores": {
    "query_1": {
      "answer_1": 9.0249065135921,
      "answer_2": 2.534718303111077,
      "answer_3": 2.186286327836598,
      "answer_4": 2.163394816682019,
      "answer_5": 2.5728444388641365,
      "answer_6": 3.231244222606817
    },
    "query_2": {
      "answer_1": 7.321119237658526,
      "answer_2": 12.594363268245186,
      "answer_3": 3.1583414696771386,
      "answer_4": 4.9868319420420315,
      "answer_5": 3.4083420305684347,
      "answer_6": 3.616192908723816
    },
    "query_3": {
      "answer_1": 3.6366041791395545,
      "answer_2": 2.8631432801677983,
      "answer_3": 7.441237129532426,
      "answer_4": 4.555623135867224,
      "answer_5": 3.9385433579418123,
      "answer_6": 2.9206866543176355
    },
    "query_4": {
      "answer_1": 4.665354374778712,
      "answer_2": 4.8739539239819,
      "answer_3": 5.562402033239861,
      "answer_4": 13.057840661846717,
      "answer_5": 5.419927810234688,
      "answer_6": 5.8934366813310275
    },
    "query_5": {
      "answer_1": 4.167897609931434,
      "answer_2": 3.4957718510319262,
      "answer_3": 3.486065740035306,
      "answer_4": 3.7962804562714667,
      "answer_5": 12.410959902346178,
      "answer_6": 6.119317964454808
    },
    "query_6": {
      "answer_1": 3.682603415183585,
      "answer_2": 4.294017118272418,
      "answer_3": 3.5276602489039517,
      "answer_4": 3.371314170548571,
      "answer_5": 2.88693396533639,
      "answer_6": 17.15224052613538
    }
  }
}