{
  "entity": "Winston Churchill",
  "scores": {
    "query_1": {
      "answer_1": 13.270373514686172,
      "answer_2": 4.482831149856517,
      "answer_3": 5.48449756172644,
      "answer_4": 3.440257788605818,
      "answer_5": 6.957465611104261,
      "answer_6": 4.395761876300139
    },
    "query_2": {
      "answer_1": 6.048833920673324,
      "answer_2": 9.955023903934581,
      "answer_3": 4.311395584772138,
      "answer_4": 4.414745597734613,
      "answer_5": 5.017254144220752,
      "answer_6": 4.08660130085357
    },
    "query_3": {
      "answer_1": 6.638253415392324,
      "answer_2": 4.696351113696063,
      "answer_3": 13.158644198819124,
      "answer_4": 4.523485500616496,
      "answer_5": 4.764563005810069,
      "answer_6": 4.224972555735562
    },
    "query_4": {
      "answer_1": 6.076313616573913,
      "answer_2": 6.290415111838235,
      "answer_3": 6.7856663258730245,
      "answer_4": 10.877628350849067,
      "answer_5": 6.064983878411716,
      "answer_6": 7.106902830473693
    },
    "query_5": {
      "answer_1": 6.582415803218115,
      "answer_2": 4.618220490518436,
      "answer_3": 4.388397458824128,
      "answer_4": 3.374340078591139,
      "answer_5": 13.663471241888956,
      "answer_6": 4.05987006127361
    },
    "query_6": {
      "answer_1": 4.150810285480387,
      "answer_2": 4.18203699028919,
      "answer_3": 3.964517300817297,
      "answer_4": 3.6636270078381186,
      "answer_5": 3.4733601525674365,
      "answer_6": 17.945880031939357
    }
  }
}