{
  "entity": "Winston Churchill",
  "scores": {
    "query_1": {
      "answer_1": 8.78283701821636,
      "answer_2": 4.009344974672518,
      "answer_3": 2.6489772312612523,
      "answer_4": 2.049373487908154,
      "answer_5": 2.4270944091009135,
      "answer_6": 3.8999186829841945
    },
    "query_2": {
      "answer_1": 6.4323340121643575,
      "answer_2": 8.803167429412223,
      "answer_3": 3.6184308156188134,
      "answer_4": 3.669323956720785,
      "answer_5": 3.756036358848878,
      "answer_6": 3.657943272068175
    },
    "query_3": {
      "answer_1": 4.4565001481716155,
      "answer_2": 2.949305787451784,
      "answer_3": 11.173544295289012,
      "answer_4": 3.0253851081368945,
      "answer_5": 3.1361189215654623,
      "answer_6": 2.6372123187164553
    },
    "query_4": {
      "answer_1": 5.643009921888774,
      "answer_2": 5.536578241266342,
      "answer_3": 5.503569380615428,
      "answer_4": 9.722523545749516,
      "answer_5": 5.280995667484325,
      "answer_6": 5.911962388866526
    },
    "query_5": {
      "answer_1": 4.171133299543089,
      "answer_2": 4.0274466407470975,
      "answer_3": 3.5175808436301716,
      "answer_4": 3.848412349774465,
      "answer_5": 13.027106602835966,
      "answer_6": 5.07539651374482
    },
    "query_6": {
      "answer_1": 4.071096976193024,
      "answer_2": 4.835229909733966,
      "answer_3": 3.417380516330203,
      "answer_4": 3.318929305946133,
      "answer_5": 3.633597338922164,
      "answer_6": 16.65669527668923
    }
  }
}