{
  "entity": "Winston Churchill",
  "scores": {
    "query_1": {
      "answer_1": 12.279297050834414,
      "answer_2": 3.1475759837244537,
      "answer_3": 2.509375995424506,
      "answer_4": 2.5982122101630734,
      "answer_5": 2.6160515154124813,
      "answer_6": 5.063628444538916
    },
    "query_2": {
      "answer_1": 10.855928380596197,
      "answer_2": 11.37381042620221,
      "answer_3": 4.305389975004232,
      "answer_4": 4.685738104587982,
      "answer_5": 5.411394839961677,
      "answer_6": 4.479799879820063
    },
    "query_3": {
      "answer_1": 4.311431995050662,
      "answer_2": 3.564558786451386,
      "answer_3": 11.97650951079261,
      "answer_4": 3.9041646856315673,
      "answer_5": 4.006401643297885,
      "answer_6": 3.664309774091824
    },
    "query_4": {
      "answer_1": 5.788761039376041,
      "answer_2": 4.79371578889805,
      "answer_3": 3.9793485662572,
      "answer_4": 11.192101100540862,
      "answer_5": 4.633915001015703,
      "answer_6": 5.205444977720328
    },
    "query_5": {
      "answer_1": 5.3767727683083235,
      "answer_2": 6.394254439870943,
      "answer_3": 4.9361510030140305,
      "answer_4": 5.394250347696619,
      "answer_5": 13.110112178849281,
      "answer_6": 7.8082627878023665
    },
    "query_6": {
      "answer_1": 5.026405644228576,
      "answer_2": 5.213776127461411,
      "answer_3": 4.115711348646778,
      "answer_4": 3.863043725495319,
      "answer_5": 4.107911728680902,
      "answer_6": 16.7343478856569
    }
  }
}