{
  "entity": "Winston Churchill",
  "scores": {
    "query_1": {
      "answer_1": 12.121567076699463,
      "answer_2": 4.309372115439354,
      "answer_3": 4.8936261872814955,
      "answer_4": 3.9426743563519975,
      "answer_5": 5.813909694091732,
      "answer_6": 4.780836292883414
    },
    "query_2": {
      "answer_1": 7.6260639124449305,
      "answer_2": 12.392065636633603,
      "answer_3": 3.9990316016735337,
      "answer_4": 3.8452268470477606,
      "answer_5": 3.917804873417535,
      "answer_6": 4.079288669642887
    },
    "query_3": {
      "answer_1": 8.70801603013194,
      "answer_2": 5.791490724268319,
      "answer_3": 11.204526043445714,
      "answer_4": 5.719236007937688,
      "answer_5": 7.296084073725396,
      "answer_6": 5.719493816883447
    },
    "query_4": {
      "answer_1": 5.060033024924512,
      "answer_2": 5.373048697692723,
      "answer_3": 5.530723364943748,
      "answer_4": 11.12161441789254,
      "answer_5": 7.780489539368115,
      "answer_6": 6.2884923266431105
    },
    "query_5": {
      "answer_1": 5.385813005695133,
      "answer_2": 5.656771692320623,
      "answer_3": 4.150108183916434,
      "answer_4": 2.951515837509024,
      "answer_5": 10.510270837010866,
      "answer_6": 4.512467306622564
    },
    "query_6": {
      "answer_1": 5.751785748598068,
      "answer_2": 6.321170825804269,
      "answer_3": 5.20171425453768,
      "answer_4": 6.051557728524608,
      "answer_5": 6.343008329071091,
      "answer_6": 12.893977289831632
    }
  }
}