{
  "entity": "Winston Churchill",
  "scores": {
    "query_1": {
      "answer_1": 9.054328059544059,
      "answer_2": 3.5075958449374793,
      "answer_3": 3.6290932945700893,
      "answer_4": 2.383973988958372,
      "answer_5": 4.978536543807287,
      "answer_6": 4.948671316558133
    },
    "query_2": {
      "answer_1": 6.956049233046204,
      "answer_2": 9.250561850769692,
      "answer_3": 4.2721573334164775,
      "answer_4": 4.217476904099593,
      "answer_5": 5.2249552936567145,
      "answer_6": 5.3792164951837185
    },
    "query_3": {
      "answer_1": 5.440471961032416,
      "answer_2": 5.152897460663728,
      "answer_3": 13.355919300708106,
      "answer_4": 5.101773011751778,
      "answer_5": 6.678572429272179,
      "answer_6": 5.278974883780739
    },
    "query_4": {
      "answer_1": 8.534204490650433,
      "answer_2": 9.45070545626852,
      "answer_3": 12.202480230302758,
      "answer_4": 11.874919770157485,
      "answer_5": 10.67006293444195,
      "answer_6": 6.945165699174171
    },
    "query_5": {
      "answer_1": 5.478711546546897,
      "answer_2": 5.0866036243705866,
      "answer_3": 4.877329907253298,
      "answer_4": 4.348397406456702,
      "answer_5": 17.531844449982497,
      "answer_6": 6.800465540298697
    },
    "query_6": {
      "answer_1": 3.931432751719251,
      "answer_2": 4.694827369015522,
      "answer_3": 3.526573710095245,
      "answer_4": 3.1236917846200556,
      "answer_5": 4.725862394430838,
      "answer_6": 13.982824822370898
    }
  }
}