{
  "entity": "Winston Churchill",
  "scores": {
    "query_1": {
      "answer_1": 9.150400724556317,
      "answer_2": 3.5331420252569616,
      "answer_3": 2.9593562833238334,
      "answer_4": 2.055245874955154,
      "answer_5": 2.303160791435521,
      "answer_6": 4.119021398834899
    },
    "query_2": {
      "answer_1": 5.834740363861294,
      "answer_2": 7.249701077873942,
      "answer_3": 3.6777684104240036,
      "answer_4": 3.8281902816074522,
      "answer_5": 3.7756294270609767,
      "answer_6": 4.381465824568396
    },
    "query_3": {
      "answer_1": 4.960092458739723,
      "answer_2": 2.9806550466707997,
      "answer_3": 12.755000736327096,
      "answer_4": 2.7420913314674653,
      "answer_5": 3.0588653378479314,
      "answer_6": 2.4990051731224248
    },
    "query_4": {
      "answer_1": 4.87782203204269,
      "answer_2": 4.483865526766729,
      "answer_3": 4.223590502838609,
      "answer_4": 7.837677963777177,
      "answer_5": 6.931043790966483,
      "answer_6": 3.8686992264776707
    },
    "query_5": {
      "answer_1": 3.5269594861720908,
      "answer_2": 3.4175333831378687,
      "answer_3": 3.659331749561264,
      "answer_4": 3.1725643998963524,
      "answer_5": 15.125728102712976,
      "answer_6": 4.69641252112444
    },
    "query_6": {
      "answer_1": 3.9248235473631765,
      "answer_2": 4.388836820319604,
      "answer_3": 3.3340552539390265,
      "answer_4": 3.0411313678567953,
      "answer_5": 3.347160354234695,
      "answer_6": 13.608463481216898
    }
  }
}