{
  "entity": "Winston Churchill",
  "scores": {
    "query_1": {
      "answer_1": 18.661491819817993,
      "answer_2": 5.6835282017337425,
      "answer_3": 4.150531603763184,
      "answer_4": 3.74321568793334,
      "answer_5": 4.682841343889025,
      "answer_6": 4.191114497368745
    },
    "query_2": {
      "answer_1": 5.094720139805992,
      "answer_2": 13.408877760659218,
      "answer_3": 4.493014244255024,
      "answer_4": 5.433601696646224,
      "answer_5": 4.6828413438890255,
      "answer_6": 4.473436268995532
    },
    "query_3": {
      "answer_1": 7.306893796972375,
      "answer_2": 6.2570596464760015,
      "answer_3": 11.777511054340982,
      "answer_4": 5.423694242636508,
      "answer_5": 7.012519621370649,
      "answer_6": 6.125694493587662
    },
    "query_4": {
      "answer_1": 6.216480604263361,
      "answer_2": 6.175862557281814,
      "answer_3": 5.678881615919077,
      "answer_4": 9.404809446303185,
      "answer_5": 4.591595304100102,
      "answer_6": 4.918553812853329
    },
    "query_5": {
      "answer_1": 6.614679307364117,
      "answer_2": 6.335330748336092,
      "answer_3": 5.851454276174855,
      "answer_4": 5.867230714982333,
      "answer_5": 16.61407957268105,
      "answer_6": 5.41498524684613
    },
    "query_6": {
      "answer_1": 8.274261824285304,
      "answer_2": 7.293886139014657,
      "answer_3": 6.7227441252197675,
      "answer_4": 5.2382287285906575,
      "answer_5": 5.5882227985686095,
      "answer_6": 21.60138742038804
    }
  }
}