{
  "entity": "Winston Churchill",
  "scores": {
    "query_1": {
      "answer_1": 8.97981524946743,
      "answer_2": 3.3764604869533,
      "answer_3": 2.518785627811249,
      "answer_4": 2.292500260209276,
      "answer_5": 2.555051585267614,
      "answer_6": 3.4179090738425377
    },
    "query_2": {
      "answer_1": 8.508089718677578,
      "answer_2": 14.238237812171011,
      "answer_3": 3.821198373306869,
      "answer_4": 3.984136238735291,
      "answer_5": 3.949986623458046,
      "answer_6": 4.402618202781383
    },
    "query_3": {
      "answer_1": 3.6426581439035504,
      "answer_2": 3.562406340560033,
      "answer_3": 11.19258891072851,
      "answer_4": 2.850730043608468,
      "answer_5": 3.391772698010168,
      "answer_6": 3.446860954324144
    },
    "query_4": {
      "answer_1": 4.861969126629895,
      "answer_2": 5.546180832334582,
      "answer_3": 5.602919836015694,
      "answer_4": 7.074514309685152,
      "answer_5": 5.380798491517764,
      "answer_6": 5.423442295072515
    },
    "query_5": {
      "answer_1": 5.081738272648972,
      "answer_2": 5.966947197528683,
      "answer_3": 4.420616985615419,
      "answer_4": 4.475350887847295,
      "answer_5": 13.74623309302538,
      "answer_6": 4.951595141144086
    },
    "query_6": {
      "answer_1": 3.5265977332574376,
      "answer_2": 3.405258445339594,
      "answer_3": 2.9680601982735557,
      "answer_4": 2.9421388671697146,
      "answer_5": 2.891001273290185,
      "answer_6": 20.24643294061895
    }
  }
}