{
  "entity": "Winston Churchill",
  "scores": {
    "query_1": {
      "answer_1": 10.096534352570293,
      "answer_2": 3.539493515934464,
      "answer_3": 4.44815675213801,
      "answer_4": 3.394246409767148,
      "answer_5": 4.905823543017733,
      "answer_6": 4.909934255242139
    },
    "query_2": {
      "answer_1": 5.336193037480794,
      "answer_2": 16.356083770794157,
      "answer_3": 3.731790877690565,
      "answer_4": 3.435297586636886,
      "answer_5": 3.4887996603541414,
      "answer_6": 5.195996233302588
    },
    "query_3": {
      "answer_1": 6.305532740304788,
      "answer_2": 7.078792789075983,
      "answer_3": 11.383639878736002,
      "answer_4": 4.487954669881737,
      "answer_5": 5.0510603906854055,
      "answer_6": 4.016493419480125
    },
    "query_4": {
      "answer_1": 4.806865597427516,
      "answer_2": 4.783044267193897,
      "answer_3": 6.722178402050332,
      "answer_4": 7.859555155972888,
      "answer_5": 5.302409681698336,
      "answer_6": 5.397170203089524
    },
    "query_5": {
      "answer_1": 6.716189101382174,
      "answer_2": 4.234095620173268,
      "answer_3": 4.209543766682872,
      "answer_4": 4.056150337244379,
      "answer_5": 15.229133026181758,
      "answer_6": 5.1767093489949145
    },
    "query_6": {
      "answer_1": 4.150368527979225,
      "answer_2": 4.228452748042991,
      "answer_3": 4.252757556686922,
      "answer_4": 3.418057457605636,
      "answer_5": 3.5243116571460593,
      "answer_6": 12.622444839926155
    }
  }
}