{
  "entity": "Winston Churchill",
  "scores": {
    "query_1": {
      "answer_1": 6.701431008941158,
      "answer_2": 2.124097736480405,
      "answer_3": 1.7154059901528087,
      "answer_4": 1.8749495404285914,
      "answer_5": 2.342134820677722,
      "answer_6": 3.2783885362814824
    },
    "query_2": {
      "answer_1": 6.146823001187066,
      "answer_2": 12.154124335461631,
      "answer_3": 2.2543795286424135,
      "answer_4": 4.430779397398286,
      "answer_5": 3.2179238532707264,
      "answer_6": 3.4762464244684765
    },
    "query_3": {
      "answer_1": 2.8188348984788205,
      "answer_2": 4.370738040724286,
      "answer_3": 6.80577274799977,
      "answer_4": 3.1023045492768047,
      "answer_5": 1.2539857990808274,
      "answer_6": 2.8147535345350216
    },
    "query_4": {
      "answer_1": 3.7341071987156247,
      "answer_2": 5.987885262496994,
      "answer_3": 3.683486297586414,
      "answer_4": 7.864436735289134,
      "answer_5": 2.6281438435688713,
      "answer_6": 4.786351142952163
    },
    "query_5": {
      "answer_1": 3.440247473542989,
      "answer_2": 3.5904085134031396,
      "answer_3": 2.4069421779707203,
      "answer_4": 3.9843513034097873,
      "answer_5": 10.558396811186599,
      "answer_6": 4.151252875700047
    },
    "query_6": {
      "answer_1": 2.479747798004538,
      "answer_2": 3.5519680780531235,
      "answer_3": 1.7231242516466294,
      "answer_4": 2.3527208390883674,
      "answer_5": 2.299241830986774,
      "answer_6": 19.436045613849036
    }
  }
}