{
  "entity": "Winston Churchill",
  "scores": {
    "query_1": {
      "answer_1": 4.655324079502764,
      "answer_2": 3.3490706750894446,
      "answer_3": 3.330153164811823,
      "answer_4": 3.0366373060869534,
      "answer_5": 4.661998203563843,
      "answer_6": 2.899313323369512
    },
    "query_2": {
      "answer_1": 6.704670440713042,
      "answer_2": 12.013269435706345,
      "answer_3": 3.588523250889884,
      "answer_4": 2.871908847531712,
      "answer_5": 2.8592336065534134,
      "answer_6": 2.8143873281324003
    },
    "query_3": {
      "answer_1": 4.707815806542152,
      "answer_2": 6.411595718260997,
      "answer_3": 10.337227548063519,
      "answer_4": 3.4019852084869173,
      "answer_5": 5.400391567179665,
      "answer_6": 2.899313323369512
    },
    "query_4": {
      "answer_1": 3.4739654715040067,
      "answer_2": 3.397135027228304,
      "answer_3": 4.747480026202619,
      "answer_4": 7.833145572808214,
      "answer_5": 4.448363816492333,
      "answer_6": 4.141027717089581
    },
    "query_5": {
      "answer_1": 5.79154553032561,
      "answer_2": 3.525628032570244,
      "answer_3": 4.229926953587435,
      "answer_4": 4.052912295871245,
      "answer_5": 13.853040752428958,
      "answer_6": 3.9948293688946332
    },
    "query_6": {
      "answer_1": 3.889459411937535,
      "answer_2": 3.6497195980827795,
      "answer_3": 4.727495975431599,
      "answer_4": 2.895193739587926,
      "answer_5": 3.6724002874889505,
      "answer_6": 8.442870818518466
    }
  }
}