{
  "entity": "Winston Churchill",
  "scores": {
    "query_1": {
      "answer_1": 7.37226128640021,
      "answer_2": 3.7947394913879986,
      "answer_3": 2.1794464676068817,
      "answer_4": 2.251209522305901,
      "answer_5": 2.647085377206101,
      "answer_6": 2.94954914589746
    },
    "query_2": {
      "answer_1": 6.709564546169009,
      "answer_2": 13.295611925284444,
      "answer_3": 3.207990860069091,
      "answer_4": 3.626363691372708,
      "answer_5": 3.733084980285763,
      "answer_6": 3.8980871248671702
    },
    "query_3": {
      "answer_1": 3.898914466809952,
      "answer_2": 3.8171706564927588,
      "answer_3": 10.157636289107831,
      "answer_4": 3.8361060387053993,
      "answer_5": 5.507883327947477,
      "answer_6": 4.120194640402144
    },
    "query_4": {
      "answer_1": 4.606228153190512,
      "answer_2": 4.971281536281822,
      "answer_3": 5.500757806593215,
      "answer_4": 7.636345832653677,
      "answer_5": 8.145555936149853,
      "answer_6": 5.3913566396833295
    },
    "query_5": {
      "answer_1": 5.18272554687985,
      "answer_2": 5.999926525365236,
      "answer_3": 3.9589036524678676,
      "answer_4": 5.009052625009017,
      "answer_5": 15.121413385504875,
      "answer_6": 5.5823564565122945
    },
    "query_6": {
      "answer_1": 4.6413422757089595,
      "answer_2": 3.087131763914538,
      "answer_3": 3.001101552547028,
      "answer_4": 3.2775959090270073,
      "answer_5": 3.0902616790042066,
      "answer_6": 17.369940027502828
    }
  }
}