{
  "entity": "Winston Churchill",
  "scores": {
    "query_1": {
      "answer_1": 11.327136793163492,
      "answer_2": 3.662084158270898,
      "answer_3": 3.6571951842737853,
      "answer_4": 2.7119385575280472,
      "answer_5": 3.2189840420073605,
      "answer_6": 5.265174735494992
    },
    "query_2": {
      "answer_1": 6.692245858150606,
      "answer_2": 9.398632469221747,
      "answer_3": 3.772018664667291,
      "answer_4": 3.957569345711209,
      "answer_5": 4.193354018945198,
      "answer_6": 6.756744250012482
    },
    "query_3": {
      "answer_1": 5.862109797283116,
      "answer_2": 3.9207345032404404,
      "answer_3": 6.659401768106756,
      "answer_4": 4.532999783928319,
      "answer_5": 5.153129868682875,
      "answer_6": 3.8773574013610648
    },
    "query_4": {
      "answer_1": 5.301508073234558,
      "answer_2": 4.696108378922064,
      "answer_3": 4.980759827014868,
      "answer_4": 10.989967246791357,
      "answer_5": 5.271296038358729,
      "answer_6": 7.002896606069771
    },
    "query_5": {
      "answer_1": 3.694984146890702,
      "answer_2": 4.419108636405945,
      "answer_3": 3.676995712270291,
      "answer_4": 3.4884616749522763,
      "answer_5": 13.583858571663587,
      "answer_6": 5.7765176826797235
    },
    "query_6": {
      "answer_1": 3.9415807978562007,
      "answer_2": 3.293512548386275,
      "answer_3": 3.932340049093632,
      "answer_4": 4.288158186348088,
      "answer_5": 3.6399393467161723,
      "answer_6": 15.71253130980907
    }
  }
}