{
  "entity": "Winston Churchill",
  "scores": {
    "query_1": {
      "answer_1": 10.258850683530616,
      "answer_2": 3.5925096293541605,
      "answer_3": 2.3006380768423607,
      "answer_4": 2.4242673654939617,
      "answer_5": 2.5778623612766447,
      "answer_6": 2.6884262378802335
    },
    "query_2": {
      "answer_1": 7.887806760236827,
      "answer_2": 11.869117669031196,
      "answer_3": 3.7785753611916966,
      "answer_4": 4.178273819423584,
      "answer_5": 4.009254882510824,
      "answer_6": 4.984915493933732
    },
    "query_3": {
      "answer_1": 5.3432147343091865,
      "answer_2": 4.117949113610357,
      "answer_3": 11.504435242097916,
      "answer_4": 3.533255726792342,
      "answer_5": 3.294997261362975,
      "answer_6": 5.044186681252555
    },
    "query_4": {
      "answer_1": 4.219923933990993,
      "answer_2": 3.9013577412185403,
      "answer_3": 4.348966911625928,
      "answer_4": 7.81906841237521,
      "answer_5": 2.8415310696820564,
      "answer_6": 4.329497466091193
    },
    "query_5": {
      "answer_1": 4.70019227612136,
      "answer_2": 5.005521832763065,
      "answer_3": 3.4406744006198613,
      "answer_4": 3.8599876762853556,
      "answer_5": 10.729874211685654,
      "answer_6": 3.5736727235360637
    },
    "query_6": {
      "answer_1": 6.102489508624113,
      "answer_2": 4.638047815311319,
      "answer_3": 4.4403947279580835,
      "answer_4": 4.988914098609313,
      "answer_5": 4.309612857734943,
      "answer_6": 19.769411889573846
    }
  }
}