{
  "entity": "Winston Churchill",
  "scores": {
    "query_1": {
      "answer_1": 6.970947314671153,
      "answer_2": 3.3174409216526155,
      "answer_3": 2.1005088291523344,
      "answer_4": 2.189679634009857,
      "answer_5": 3.613608693335621,
      "answer_6": 4.775662564000847
    },
    "query_2": {
      "answer_1": 6.20555922124505,
      "answer_2": 10.675463479472237,
      "answer_3": 3.7139957861723882,
      "answer_4": 3.51735876081176,
      "answer_5": 4.094667543659731,
      "answer_6": 4.069999702732656
    },
    "query_3": {
      "answer_1": 3.4575505266841065,
      "answer_2": 2.6773874172200545,
      "answer_3": 7.576272701476552,
      "answer_4": 3.811432728972755,
      "answer_5": 4.213260971902881,
      "answer_6": 3.2725751639375664
    },
    "query_4": {
      "answer_1": 3.891805270509747,
      "answer_2": 3.9137183666503788,
      "answer_3": 3.506439668465199,
      "answer_4": 10.642953259535112,
      "answer_5": 4.5157716637713525,
      "answer_6": 4.154335039700131
    },
    "query_5": {
      "answer_1": 3.5698726848449422,
      "answer_2": 6.32333593855272,
      "answer_3": 3.8754441784445617,
      "answer_4": 3.581953487016504,
      "answer_5": 17.285785712873505,
      "answer_6": 4.022938223762034
    },
    "query_6": {
      "answer_1": 4.400452090724735,
      "answer_2": 4.090048290882026,
      "answer_3": 3.6308572766120126,
      "answer_4": 3.275702892044815,
      "answer_5": 3.5139003469808596,
      "answer_6": 16.587700609303603
    }
  }
}