{
  "entity": "Winston Churchill",
  "scores": {
    "query_1": {
      "answer_1": 13.351529924487075,
      "answer_2": 3.3054452434138133,
      "answer_3": 3.420082445116163,
      "answer_4": 3.426755827009898,
      "answer_5": 3.2225336084370144,
      "answer_6": 4.536742266112288
    },
    "query_2": {
      "answer_1": 8.38580809926581,
      "answer_2": 11.19331752175466,
      "answer_3": 4.196416728349661,
      "answer_4": 4.602626066751401,
      "answer_5": 3.7678947660734963,
      "answer_6": 3.808914945500622
    },
    "query_3": {
      "answer_1": 4.399038732204941,
      "answer_2": 3.8938575609648463,
      "answer_3": 9.470325318485438,
      "answer_4": 3.8929316675442105,
      "answer_5": 4.43471514345374,
      "answer_6": 5.1686688023951435
    },
    "query_4": {
      "answer_1": 3.9828007001862296,
      "answer_2": 3.7097187820214272,
      "answer_3": 4.620612204073244,
      "answer_4": 11.02126136530045,
      "answer_5": 5.140028516703507,
      "answer_6": 5.130215699197672
    },
    "query_5": {
      "answer_1": 6.227882102456205,
      "answer_2": 4.189901393668002,
      "answer_3": 5.476412318334256,
      "answer_4": 4.395996652943522,
      "answer_5": 15.595156270808868,
      "answer_6": 5.586079255811338
    },
    "query_6": {
      "answer_1": 5.532677088731474,
      "answer_2": 5.5284362099087,
      "answer_3": 5.99999383943831,
      "answer_4": 5.093855951170817,
      "answer_5": 5.819903294502127,
      "answer_6": 17.483711679056174
    }
  }
}