{
  "entity": "Winston Churchill",
  "scores": {
    "query_1": {
      "answer_1": 10.790642458803578,
      "answer_2": 3.9762990948260124,
      "answer_3": 4.489555644340879,
      "answer_4": 3.994401049318252,
      "answer_5": 3.844133554543849,
      "answer_6": 5.310862977128431
    },
    "query_2": {
      "answer_1": 8.197624417632907,
      "answer_2": 13.20601532387624,
      "answer_3": 3.9201787877504177,
      "answer_4": 3.6282955504466345,
      "answer_5": 3.6629000051003873,
      "answer_6": 3.992409297653695
    },
    "query_3": {
      "answer_1": 6.561006589066531,
      "answer_2": 7.347524223321518,
      "answer_3": 11.432562272987836,
      "answer_4": 7.755846661635807,
      "answer_5": 7.940885940021117,
      "answer_6": 6.43555742529032
    },
    "query_4": {
      "answer_1": 5.512287628508145,
      "answer_2": 5.230846574632702,
      "answer_3": 5.366984927611065,
      "answer_4": 13.429364715918528,
      "answer_5": 6.53540834455853,
      "answer_6": 8.587672083416122
    },
    "query_5": {
      "answer_1": 6.098198970672639,
      "answer_2": 6.344018282048699,
      "answer_3": 5.390536997211335,
      "answer_4": 6.123939614258054,
      "answer_5": 19.314665039890166,
      "answer_6": 6.837180387993468
    },
    "query_6": {
      "answer_1": 5.9257041637296455,
      "answer_2": 5.634517660996022,
      "answer_3": 6.599325560718618,
      "answer_4": 6.8163187382149495,
      "answer_5": 5.850619586777398,
      "answer_6": 16.76755548647619
    }
  }
}