{
  "entity": "Winston Churchill",
  "scores": {
    "query_1": {
      "answer_1": 8.325030934931146,
      "answer_2": 3.6085179053446614,
      "answer_3": 3.9735492434324606,
      "answer_4": 3.4306052636452313,
      "answer_5": 4.6367787056646925,
      "answer_6": 4.039889116182941
    },
    "query_2": {
      "answer_1": 8.090326057601212,
      "answer_2": 12.898824722197931,
      "answer_3": 3.6982551556171903,
      "answer_4": 3.4614192273338706,
      "answer_5": 2.8927548331586306,
      "answer_6": 3.311143483351139
    },
    "query_3": {
      "answer_1": 5.207911254326859,
      "answer_2": 5.172290383169204,
      "answer_3": 9.417524433492995,
      "answer_4": 6.156552301147463,
      "answer_5": 5.753896728594704,
      "answer_6": 5.1782278272715345
    },
    "query_4": {
      "answer_1": 3.605429174515433,
      "answer_2": 5.842921962891891,
      "answer_3": 6.087169357256233,
      "answer_4": 7.793948724520311,
      "answer_5": 4.274054573336677,
      "answer_6": 4.925740582109079
    },
    "query_5": {
      "answer_1": 3.9872117260562496,
      "answer_2": 3.9801131337088695,
      "answer_3": 3.4035973315740318,
      "answer_4": 3.0138301895822237,
      "answer_5": 13.452421044770713,
      "answer_6": 3.5220988000017774
    },
    "query_6": {
      "answer_1": 4.862776425854487,
      "answer_2": 5.921795643212798,
      "answer_3": 6.086689677634872,
      "answer_4": 4.50019578349118,
      "answer_5": 4.607692187193081,
      "answer_6": 19.682968498777548
    }
  }
}