{
  "entity": "Winston Churchill",
  "scores": {
    "query_1": {
      "answer_1": 6.396919951442991,
      "answer_2": 2.9793861339008836,
      "answer_3": 2.089117956150467,
      "answer_4": 2.162396927985559,
      "answer_5": 2.193975310219814,
      "answer_6": 4.562048928735435
    },
    "query_2": {
      "answer_1": 6.953601835163092,
      "answer_2": 9.55544650907056,
      "answer_3": 2.612465518797107,
      "answer_4": 3.55947266390409,
      "answer_5": 3.160019690123738,
      "answer_6": 3.4012108404581207
    },
    "query_3": {
      "answer_1": 2.5915709571738392,
      "answer_2": 2.5573932651668274,
      "answer_3": 7.0224192158974,
      "answer_4": 2.5519711452951053,
      "answer_5": 3.8360560578561698,
      "answer_6": 2.7507960737939943
    },
    "query_4": {
      "answer_1": 5.32023255430654,
      "answer_2": 6.029124425861201,
      "answer_3": 4.91722766641425,
      "answer_4": 8.870785338666314,
      "answer_5": 5.471257840756853,
      "answer_6": 4.54412706286433
    },
    "query_5": {
      "answer_1": 2.645571306626666,
      "answer_2": 3.2335517506149767,
      "answer_3": 3.746239149218862,
      "answer_4": 3.3670865490510664,
      "answer_5": 12.637760028449701,
      "answer_6": 5.695652696587146
    },
    "query_6": {
      "answer_1": 3.6542748640648157,
      "answer_2": 4.144052672318286,
      "answer_3": 2.780927739565279,
      "answer_4": 4.005744525333798,
      "answer_5": 2.834069172720145,
      "answer_6": 8.36803508947442
    }
  }
}