{
  "entity": "Winston Churchill",
  "scores": {
    "query_1": {
      "answer_1": 8.295973473370694,
      "answer_2": 4.200312187268513,
      "answer_3": 3.5519995111603375,
      "answer_4": 3.9779043568534345,
      "answer_5": 2.2616783748960634,
      "answer_6": 3.661705282378726
    },
    "query_2": {
      "answer_1": 6.5334600809799435,
      "answer_2": 9.101833207960528,
      "answer_3": 3.4613189835701297,
      "answer_4": 3.494061375147556,
      "answer_5": 2.911993664866775,
      "answer_6": 4.197678759169133
    },
    "query_3": {
      "answer_1": 5.26675661073466,
      "answer_2": 3.547033442061799,
      "answer_3": 10.916341423034936,
      "answer_4": 3.3245223744751975,
      "answer_5": 3.7927692448989783,
      "answer_6": 3.233323080943822
    },
    "query_4": {
      "answer_1": 5.0645054878082565,
      "answer_2": 4.173924425266013,
      "answer_3": 4.11379784846554,
      "answer_4": 13.445723876303704,
      "answer_5": 4.820265994812147,
      "answer_6": 5.202897294295496
    },
    "query_5": {
      "answer_1": 3.542484423662347,
      "answer_2": 3.085455673318257,
      "answer_3": 3.397835017842588,
      "answer_4": 4.757517526696093,
      "answer_5": 9.731135181610549,
      "answer_6": 3.6576490453961323
    },
    "query_6": {
      "answer_1": 3.334639330575754,
      "answer_2": 3.2192980365663613,
      "answer_3": 2.9071017330098363,
      "answer_4": 3.413401374073217,
      "answer_5": 2.3069351736374593,
      "answer_6": 14.512857238985832
    }
  }
}