{
  "entity": "Winston Churchill",
  "scores": {
    "query_1": {
      "answer_1": 9.42165332524354,
      "answer_2": 2.72646147232617,
      "answer_3": 2.3369172080045826,
      "answer_4": 2.2995220858076673,
      "answer_5": 2.775355695227917,
      "answer_6": 4.244639572308026
    },
    "query_2": {
      "answer_1": 6.887916854896198,
      "answer_2": 10.236994726741223,
      "answer_3": 4.238551731332901,
      "answer_4": 4.25323785700284,
      "answer_5": 4.279487736766499,
      "answer_6": 3.9876989023874017
    },
    "query_3": {
      "answer_1": 4.851843370497018,
      "answer_2": 3.4064863691615828,
      "answer_3": 10.119383733227137,
      "answer_4": 2.9815403899019626,
      "answer_5": 3.5060490159546953,
      "answer_6": 3.0162442897338
    },
    "query_4": {
      "answer_1": 4.495028797740125,
      "answer_2": 5.9215622484426,
      "answer_3": 5.543223306065747,
      "answer_4": 7.051215011072978,
      "answer_5": 5.753531309263856,
      "answer_6": 5.556232933120587
    },
    "query_5": {
      "answer_1": 4.881550002450503,
      "answer_2": 5.940587622162543,
      "answer_3": 4.364982182332769,
      "answer_4": 5.555120506348269,
      "answer_5": 16.690088756901627,
      "answer_6": 5.133203977272634
    },
    "query_6": {
      "answer_1": 4.582526786718929,
      "answer_2": 4.293465309729526,
      "answer_3": 3.271222930839672,
      "answer_4": 3.1661353083266204,
      "answer_5": 3.8285284396933146,
      "answer_6": 17.76429290725233
    }
  }
}