{
  "entity": "Winston Churchill",
  "scores": {
    "query_1": {
      "answer_1": 8.459608683081361,
      "answer_2": 3.7298486628298537,
      "answer_3": 4.184609718736192,
      "answer_4": 3.6836845180962183,
      "answer_5": 4.816437367274457,
      "answer_6": 3.682163057049314
    },
    "query_2": {
      "answer_1": 7.389220319099151,
      "answer_2": 16.82439572666371,
      "answer_3": 4.381787382655276,
      "answer_4": 3.7095943556893007,
      "answer_5": 4.900624710439284,
      "answer_6": 3.425682720632999
    },
    "query_3": {
      "answer_1": 5.519085382298155,
      "answer_2": 5.308367120531382,
      "answer_3": 8.973812830240016,
      "answer_4": 6.200291018298228,
      "answer_5": 6.9950396269508825,
      "answer_6": 4.042013651430514
    },
    "query_4": {
      "answer_1": 5.471397281350789,
      "answer_2": 5.6733535146393645,
      "answer_3": 5.752279142627121,
      "answer_4": 12.439922366362028,
      "answer_5": 8.026973984104249,
      "answer_6": 5.033408097058835
    },
    "query_5": {
      "answer_1": 5.899265681304894,
      "answer_2": 6.0064717217975625,
      "answer_3": 5.871615694472653,
      "answer_4": 5.633389042358351,
      "answer_5": 21.510297799936453,
      "answer_6": 7.069606695329078
    },
    "query_6": {
      "answer_1": 7.481337022366596,
      "answer_2": 7.254361641423734,
      "answer_3": 7.232438033691751,
      "answer_4": 7.222373732993451,
      "answer_5": 6.808236405803537,
      "answer_6": 16.08462332128359
    }
  }
}