{
  "entity": "Winston Churchill",
  "scores": {
    "query_1": {
      "answer_1": 8.828134751528358,
      "answer_2": 5.446387542906304,
      "answer_3": 4.50698108598561,
      "answer_4": 3.800788022239794,
      "answer_5": 7.1540296074832135,
      "answer_6": 4.6034278865365765
    },
    "query_2": {
      "answer_1": 6.816043734930036,
      "answer_2": 10.145403549865458,
      "answer_3": 4.467547527732242,
      "answer_4": 4.265758023287484,
      "answer_5": 4.313223320694659,
      "answer_6": 4.375097753048163
    },
    "query_3": {
      "answer_1": 5.663606135526895,
      "answer_2": 5.6217232735796205,
      "answer_3": 14.435283389017519,
      "answer_4": 5.106049258446972,
      "answer_5": 5.097558436015818,
      "answer_6": 4.9792247896760715
    },
    "query_4": {
      "answer_1": 6.613158832207405,
      "answer_2": 6.346200338103417,
      "answer_3": 6.656608827726021,
      "answer_4": 9.234619093948565,
      "answer_5": 6.826441517612533,
      "answer_6": 8.488302318323388
    },
    "query_5": {
      "answer_1": 5.810872115094781,
      "answer_2": 5.589690743383272,
      "answer_3": 5.556483713214617,
      "answer_4": 3.626930967040585,
      "answer_5": 14.706868243244957,
      "answer_6": 4.762372944423818
    },
    "query_6": {
      "answer_1": 4.293571755677023,
      "answer_2": 4.844945247695879,
      "answer_3": 4.204846731972767,
      "answer_4": 3.621688562046611,
      "answer_5": 4.198308024284522,
      "answer_6": 17.34422425365663
    }
  }
}