{
  "entity": "Napoleon Bonaparte",
  "cosine_similarities": {
    "query_1": {
      "answer_1": 0.9130407499927411,
      "answer_2": 0.8474685317069973,
      "answer_3": 0.8487615605063603,
      "answer_4": 0.8141284029609538,
      "answer_5": 0.8637476077962486,
      "answer_6": 0.8375489055590177
    },
    "query_2": {
      "answer_1": 0.8447366193383316,
      "answer_2": 0.944522257155004,
      "answer_3": 0.8677851757466558,
      "answer_4": 0.8472822689599144,
      "answer_5": 0.8463230372621765,
      "answer_6": 0.860861327643204
    },
    "query_3": {
      "answer_1": 0.8576842777018031,
      "answer_2": 0.8677822575741351,
      "answer_3": 0.9205777410537942,
      "answer_4": 0.8748189721535492,
      "answer_5": 0.8403483245257033,
      "answer_6": 0.8495394152480663
    },
    "query_4": {
      "answer_1": 0.8233027890063362,
      "answer_2": 0.8341845765848931,
      "answer_3": 0.8726357303442797,
      "answer_4": 0.9324716372147772,
      "answer_5": 0.8428167966417349,
      "answer_6": 0.8602617662796173
    },
    "query_5": {
      "answer_1": 0.8654418334198049,
      "answer_2": 0.8505066058726874,
      "answer_3": 0.8464614928318758,
      "answer_4": 0.8344636972469777,
      "answer_5": 0.9367499728400369,
      "answer_6": 0.8461529062161655
    },
    "query_6": {
      "answer_1": 0.8506345281959694,
      "answer_2": 0.8740762343879511,
      "answer_3": 0.8731142890754389,
      "answer_4": 0.8741784177440385,
      "answer_5": 0.8466950635009061,
      "answer_6": 0.9209672710390967
    }
  }
}