{
  "entity": "Napoleon Bonaparte",
  "cosine_similarities": {
    "query_1": {
      "answer_1": 0.9209569641943179,
      "answer_2": 0.8582749871747223,
      "answer_3": 0.8498689114680631,
      "answer_4": 0.8262592356986906,
      "answer_5": 0.8350112742455472,
      "answer_6": 0.8349032244325556
    },
    "query_2": {
      "answer_1": 0.8478742961852005,
      "answer_2": 0.94969721069373,
      "answer_3": 0.867672073033492,
      "answer_4": 0.8585702195998471,
      "answer_5": 0.8070439532834661,
      "answer_6": 0.8799801767804171
    },
    "query_3": {
      "answer_1": 0.8544414955720153,
      "answer_2": 0.8740503725333238,
      "answer_3": 0.9177389254578754,
      "answer_4": 0.8809621418038235,
      "answer_5": 0.7978330062324375,
      "answer_6": 0.8575397472995601
    },
    "query_4": {
      "answer_1": 0.8207262937940628,
      "answer_2": 0.8367800519013642,
      "answer_3": 0.8500363009773289,
      "answer_4": 0.9045740014979508,
      "answer_5": 0.7989750852924696,
      "answer_6": 0.8425131190271418
    },
    "query_5": {
      "answer_1": 0.8519040991912697,
      "answer_2": 0.8418659252473294,
      "answer_3": 0.8403434779040253,
      "answer_4": 0.8407911989500937,
      "answer_5": 0.9219752213936587,
      "answer_6": 0.8448000786775183
    },
    "query_6": {
      "answer_1": 0.8306133669278787,
      "answer_2": 0.8641905922586554,
      "answer_3": 0.845426212837307,
      "answer_4": 0.855631320656446,
      "answer_5": 0.8136865259642762,
      "answer_6": 0.926901980980623
    }
  }
}