{
  "entity": "Napoleon Bonaparte",
  "cosine_similarities": {
    "query_1": {
      "answer_1": 0.9433041753873692,
      "answer_2": 0.8482869727258086,
      "answer_3": 0.8597999459351721,
      "answer_4": 0.8586843598272177,
      "answer_5": 0.8722362583715747,
      "answer_6": 0.8520738622083841
    },
    "query_2": {
      "answer_1": 0.8609713580121261,
      "answer_2": 0.9432438790832613,
      "answer_3": 0.883870986685367,
      "answer_4": 0.8518425353021468,
      "answer_5": 0.8327891136831667,
      "answer_6": 0.8882776618270461
    },
    "query_3": {
      "answer_1": 0.874896059646374,
      "answer_2": 0.8902949838013502,
      "answer_3": 0.9332788421443688,
      "answer_4": 0.8843924661574023,
      "answer_5": 0.8502125008934522,
      "answer_6": 0.8837977916729488
    },
    "query_4": {
      "answer_1": 0.8673586762115079,
      "answer_2": 0.8465287865579855,
      "answer_3": 0.8648244148648557,
      "answer_4": 0.9267883844770024,
      "answer_5": 0.8525665974661591,
      "answer_6": 0.8605772888131356
    },
    "query_5": {
      "answer_1": 0.8705363388731784,
      "answer_2": 0.8369362560288104,
      "answer_3": 0.8504994292648927,
      "answer_4": 0.8469716626126538,
      "answer_5": 0.9297123668770416,
      "answer_6": 0.8431501994887353
    },
    "query_6": {
      "answer_1": 0.8467582840010713,
      "answer_2": 0.8723829377040275,
      "answer_3": 0.8682310485706343,
      "answer_4": 0.8544706315287974,
      "answer_5": 0.8377636809846517,
      "answer_6": 0.932192896065246
    }
  }
}