{
  "entity": "Napoleon Bonaparte",
  "cosine_similarities": {
    "query_1": {
      "answer_1": 0.9375745459688168,
      "answer_2": 0.8540531502986799,
      "answer_3": 0.8441151803553749,
      "answer_4": 0.8108070079242711,
      "answer_5": 0.8759302947344856,
      "answer_6": 0.815637848843307
    },
    "query_2": {
      "answer_1": 0.8344476576671658,
      "answer_2": 0.9493782608048411,
      "answer_3": 0.8739242464228826,
      "answer_4": 0.8531129831657864,
      "answer_5": 0.8361164516110895,
      "answer_6": 0.8035936526714759
    },
    "query_3": {
      "answer_1": 0.8287369724375521,
      "answer_2": 0.8735628394966048,
      "answer_3": 0.9471072840728452,
      "answer_4": 0.8523612624044975,
      "answer_5": 0.8287542721541744,
      "answer_6": 0.800817190962995
    },
    "query_4": {
      "answer_1": 0.8194340793264706,
      "answer_2": 0.8584090362227538,
      "answer_3": 0.8705470944535656,
      "answer_4": 0.9140873443667821,
      "answer_5": 0.8447710977409622,
      "answer_6": 0.8243794494527065
    },
    "query_5": {
      "answer_1": 0.8488252711001069,
      "answer_2": 0.8343261944486176,
      "answer_3": 0.8235473380443488,
      "answer_4": 0.8182401776159526,
      "answer_5": 0.9380435873176548,
      "answer_6": 0.8079879597176961
    },
    "query_6": {
      "answer_1": 0.8133344382570702,
      "answer_2": 0.8277627129885079,
      "answer_3": 0.8145327345509981,
      "answer_4": 0.8188069086396631,
      "answer_5": 0.8464470148905309,
      "answer_6": 0.9184732404726078
    }
  }
}