{
  "entity": "Napoleon Bonaparte",
  "cosine_similarities": {
    "query_1": {
      "answer_1": 0.9340932405090958,
      "answer_2": 0.8456534127455382,
      "answer_3": 0.8463525876244937,
      "answer_4": 0.8312822293966114,
      "answer_5": 0.8806503449992928,
      "answer_6": 0.8370410578222154
    },
    "query_2": {
      "answer_1": 0.8449175872531158,
      "answer_2": 0.9394580135974574,
      "answer_3": 0.8595449863824326,
      "answer_4": 0.846936636688326,
      "answer_5": 0.845911654515109,
      "answer_6": 0.8912916244343143
    },
    "query_3": {
      "answer_1": 0.8683508292958956,
      "answer_2": 0.8687430256395082,
      "answer_3": 0.9248864733836839,
      "answer_4": 0.8687363335710248,
      "answer_5": 0.852999074841931,
      "answer_6": 0.8730128921347786
    },
    "query_4": {
      "answer_1": 0.8293262604311323,
      "answer_2": 0.8268189248754422,
      "answer_3": 0.8488295006587667,
      "answer_4": 0.9172025494786783,
      "answer_5": 0.8345439708423877,
      "answer_6": 0.8510912716492106
    },
    "query_5": {
      "answer_1": 0.8558581746698686,
      "answer_2": 0.8332938078468112,
      "answer_3": 0.8284400693270679,
      "answer_4": 0.8286640077774086,
      "answer_5": 0.941593856536092,
      "answer_6": 0.8425951677933552
    },
    "query_6": {
      "answer_1": 0.8400345372760374,
      "answer_2": 0.8744568313435508,
      "answer_3": 0.8640035303718792,
      "answer_4": 0.8585039629119039,
      "answer_5": 0.845455188567193,
      "answer_6": 0.9290125100406994
    }
  }
}