{
  "entity": "Napoleon Bonaparte",
  "cosine_similarities": {
    "query_1": {
      "answer_1": 0.9098141855521797,
      "answer_2": 0.8439653451078778,
      "answer_3": 0.8462327346230553,
      "answer_4": 0.8258603857560572,
      "answer_5": 0.8559808066766421,
      "answer_6": 0.8244167145424214
    },
    "query_2": {
      "answer_1": 0.8475155152707392,
      "answer_2": 0.9409835520814425,
      "answer_3": 0.8617379777379394,
      "answer_4": 0.8570513893274198,
      "answer_5": 0.8302519773087508,
      "answer_6": 0.8360738325407245
    },
    "query_3": {
      "answer_1": 0.8557535308085886,
      "answer_2": 0.867183311961579,
      "answer_3": 0.9337262372843035,
      "answer_4": 0.8810183286549663,
      "answer_5": 0.8206409443855015,
      "answer_6": 0.8283209681720837
    },
    "query_4": {
      "answer_1": 0.8253301525858362,
      "answer_2": 0.8305145077649072,
      "answer_3": 0.8589686834712006,
      "answer_4": 0.9045502199943092,
      "answer_5": 0.8216508888812916,
      "answer_6": 0.8588990209353119
    },
    "query_5": {
      "answer_1": 0.8429802968677487,
      "answer_2": 0.8308297902878982,
      "answer_3": 0.8288777930613822,
      "answer_4": 0.8419691912029678,
      "answer_5": 0.95014867948512,
      "answer_6": 0.8237306692968921
    },
    "query_6": {
      "answer_1": 0.8214907413807807,
      "answer_2": 0.8357155720467997,
      "answer_3": 0.8257925313274395,
      "answer_4": 0.8715442676770258,
      "answer_5": 0.8278008401722506,
      "answer_6": 0.918495821336581
    }
  }
}