{
  "entity": "Napoleon Bonaparte",
  "cosine_similarities": {
    "query_1": {
      "answer_1": 0.9335641401981509,
      "answer_2": 0.8460257427487325,
      "answer_3": 0.849920133792835,
      "answer_4": 0.8391230807965204,
      "answer_5": 0.8800111517084387,
      "answer_6": 0.8455442675033747
    },
    "query_2": {
      "answer_1": 0.849468422051868,
      "answer_2": 0.9421801451261267,
      "answer_3": 0.8728121849544709,
      "answer_4": 0.8447102556338362,
      "answer_5": 0.8430385367402679,
      "answer_6": 0.8873850587687382
    },
    "query_3": {
      "answer_1": 0.8528419303033142,
      "answer_2": 0.8788733269065322,
      "answer_3": 0.9322135855081286,
      "answer_4": 0.866233493277866,
      "answer_5": 0.8461617374289115,
      "answer_6": 0.8729905608282778
    },
    "query_4": {
      "answer_1": 0.8483584126639293,
      "answer_2": 0.8357325734513842,
      "answer_3": 0.8526862690021164,
      "answer_4": 0.9023819981520905,
      "answer_5": 0.8427838610681948,
      "answer_6": 0.8613754941282217
    },
    "query_5": {
      "answer_1": 0.8651907953514233,
      "answer_2": 0.8405870654004645,
      "answer_3": 0.8406197870502603,
      "answer_4": 0.8385541038737756,
      "answer_5": 0.9497808277378008,
      "answer_6": 0.848829080188029
    },
    "query_6": {
      "answer_1": 0.8382113283352746,
      "answer_2": 0.856852899902956,
      "answer_3": 0.8493847175376584,
      "answer_4": 0.8513835362397646,
      "answer_5": 0.8366966180892441,
      "answer_6": 0.9291911006958682
    }
  }
}