{
  "entity": "Napoleon Bonaparte",
  "cosine_similarities": {
    "query_1": {
      "answer_1": 0.9237366921147055,
      "answer_2": 0.8421217813957977,
      "answer_3": 0.8399976312899938,
      "answer_4": 0.8353591208596466,
      "answer_5": 0.8555399476407474,
      "answer_6": 0.8409968667626135
    },
    "query_2": {
      "answer_1": 0.851044140962647,
      "answer_2": 0.9438152805766638,
      "answer_3": 0.8712754356479597,
      "answer_4": 0.8494685235409201,
      "answer_5": 0.8220538964399929,
      "answer_6": 0.8512313478404773
    },
    "query_3": {
      "answer_1": 0.8660336250730171,
      "answer_2": 0.8776536158105789,
      "answer_3": 0.9139465969510767,
      "answer_4": 0.8723618972132503,
      "answer_5": 0.815698621558591,
      "answer_6": 0.8501059497294456
    },
    "query_4": {
      "answer_1": 0.8377261000597713,
      "answer_2": 0.8516237968082752,
      "answer_3": 0.8571049631324847,
      "answer_4": 0.923964149815953,
      "answer_5": 0.8137866620265245,
      "answer_6": 0.8663008936764268
    },
    "query_5": {
      "answer_1": 0.859410551025613,
      "answer_2": 0.8420417567742738,
      "answer_3": 0.831753080230227,
      "answer_4": 0.842498451831861,
      "answer_5": 0.9242456321875265,
      "answer_6": 0.8574378363349681
    },
    "query_6": {
      "answer_1": 0.8568877887724073,
      "answer_2": 0.854861507625765,
      "answer_3": 0.8491522269713337,
      "answer_4": 0.8788528100214117,
      "answer_5": 0.8514375051597401,
      "answer_6": 0.9249250410926674
    }
  }
}