{
  "entity": "Napoleon Bonaparte",
  "cosine_similarities": {
    "query_1": {
      "answer_1": 0.9298906965931267,
      "answer_2": 0.8336178280624472,
      "answer_3": 0.863000919646485,
      "answer_4": 0.8286714720502015,
      "answer_5": 0.8672089493622451,
      "answer_6": 0.8306642134209484
    },
    "query_2": {
      "answer_1": 0.8475738551620826,
      "answer_2": 0.9352539054824934,
      "answer_3": 0.8726356081766288,
      "answer_4": 0.8436877661976041,
      "answer_5": 0.8516244968678088,
      "answer_6": 0.868368832029523
    },
    "query_3": {
      "answer_1": 0.8618110754074828,
      "answer_2": 0.8627126613597162,
      "answer_3": 0.9361376480047554,
      "answer_4": 0.8721412495972704,
      "answer_5": 0.8518583737039837,
      "answer_6": 0.8593956978577365
    },
    "query_4": {
      "answer_1": 0.8395246406617314,
      "answer_2": 0.8241507648829969,
      "answer_3": 0.8728237926769787,
      "answer_4": 0.9104745166759987,
      "answer_5": 0.8444635424198634,
      "answer_6": 0.8618138845128372
    },
    "query_5": {
      "answer_1": 0.872514180238848,
      "answer_2": 0.8452068989089923,
      "answer_3": 0.8599619761802911,
      "answer_4": 0.8493109820283343,
      "answer_5": 0.9474955076248555,
      "answer_6": 0.852616764046118
    },
    "query_6": {
      "answer_1": 0.827208689328982,
      "answer_2": 0.8451344868182072,
      "answer_3": 0.8496015474419489,
      "answer_4": 0.8668005271643642,
      "answer_5": 0.8319876821653713,
      "answer_6": 0.929970410238379
    }
  }
}