{
  "entity": "Napoleon Bonaparte",
  "cosine_similarities": {
    "query_1": {
      "answer_1": 0.9332510143516574,
      "answer_2": 0.8380182776269578,
      "answer_3": 0.8378412468186399,
      "answer_4": 0.8303229466857145,
      "answer_5": 0.8630060195160554,
      "answer_6": 0.8325581897306437
    },
    "query_2": {
      "answer_1": 0.8370731576502287,
      "answer_2": 0.9413572459552942,
      "answer_3": 0.868471591861526,
      "answer_4": 0.8390270014238299,
      "answer_5": 0.845533114507439,
      "answer_6": 0.867113209129321
    },
    "query_3": {
      "answer_1": 0.8584121893551777,
      "answer_2": 0.8665766317197588,
      "answer_3": 0.9177683154853206,
      "answer_4": 0.8420067387236752,
      "answer_5": 0.8618437303523353,
      "answer_6": 0.868124147868897
    },
    "query_4": {
      "answer_1": 0.8362043305248293,
      "answer_2": 0.8384209443186026,
      "answer_3": 0.836400066029344,
      "answer_4": 0.9470013866771549,
      "answer_5": 0.8413597453396181,
      "answer_6": 0.8668563925043122
    },
    "query_5": {
      "answer_1": 0.8635572503078045,
      "answer_2": 0.8538510684217187,
      "answer_3": 0.8542323355067615,
      "answer_4": 0.8439418132452441,
      "answer_5": 0.9456929181139357,
      "answer_6": 0.8524470817796018
    },
    "query_6": {
      "answer_1": 0.825281568910483,
      "answer_2": 0.8498185214911426,
      "answer_3": 0.8548575170805637,
      "answer_4": 0.853715351533424,
      "answer_5": 0.8311884685013579,
      "answer_6": 0.9343846768191547
    }
  }
}