{
  "entity": "Napoleon Bonaparte",
  "cosine_similarities": {
    "query_1": {
      "answer_1": 0.9496207035736982,
      "answer_2": 0.8442122930196769,
      "answer_3": 0.855444992316918,
      "answer_4": 0.835106267875007,
      "answer_5": 0.8750864290294357,
      "answer_6": 0.8377896495894162
    },
    "query_2": {
      "answer_1": 0.8501673071710805,
      "answer_2": 0.9414052970788945,
      "answer_3": 0.8830346142863761,
      "answer_4": 0.8494014232132677,
      "answer_5": 0.8557429560606379,
      "answer_6": 0.8724298829070127
    },
    "query_3": {
      "answer_1": 0.8676749635985381,
      "answer_2": 0.8730699396727573,
      "answer_3": 0.9357091461062806,
      "answer_4": 0.86674664613981,
      "answer_5": 0.8570951816171481,
      "answer_6": 0.8701897914494467
    },
    "query_4": {
      "answer_1": 0.8425637504510334,
      "answer_2": 0.8291160224444685,
      "answer_3": 0.8645368624439822,
      "answer_4": 0.9277689801100242,
      "answer_5": 0.8431728841526555,
      "answer_6": 0.8645862729326013
    },
    "query_5": {
      "answer_1": 0.8758388312533627,
      "answer_2": 0.8518577867796007,
      "answer_3": 0.8587644614499249,
      "answer_4": 0.8587497458948434,
      "answer_5": 0.9505213514538554,
      "answer_6": 0.855912933601279
    },
    "query_6": {
      "answer_1": 0.8240641886059075,
      "answer_2": 0.8510211196699443,
      "answer_3": 0.8574130867343108,
      "answer_4": 0.8715562788426899,
      "answer_5": 0.8354275251061348,
      "answer_6": 0.9149414292970417
    }
  }
}