{
  "entity": "Napoleon Bonaparte",
  "cosine_similarities": {
    "query_1": {
      "answer_1": 0.9324858984245923,
      "answer_2": 0.8468070454379782,
      "answer_3": 0.8414871606559768,
      "answer_4": 0.8276627913542672,
      "answer_5": 0.8808321157121523,
      "answer_6": 0.8238286159297386
    },
    "query_2": {
      "answer_1": 0.8322267319796317,
      "answer_2": 0.9453509431033275,
      "answer_3": 0.8656086843989564,
      "answer_4": 0.8411557296960284,
      "answer_5": 0.8495623904790801,
      "answer_6": 0.8689629784994459
    },
    "query_3": {
      "answer_1": 0.8461056478260376,
      "answer_2": 0.8758257428056785,
      "answer_3": 0.9214333404135826,
      "answer_4": 0.8631660926730097,
      "answer_5": 0.8500865414052401,
      "answer_6": 0.863669991597946
    },
    "query_4": {
      "answer_1": 0.8168529904214421,
      "answer_2": 0.838006939770722,
      "answer_3": 0.8628114199076827,
      "answer_4": 0.8975770192323942,
      "answer_5": 0.8397745223765245,
      "answer_6": 0.8583066689742058
    },
    "query_5": {
      "answer_1": 0.8614160764596375,
      "answer_2": 0.8572435017737119,
      "answer_3": 0.8429109945722684,
      "answer_4": 0.8439578131729295,
      "answer_5": 0.9508773781686861,
      "answer_6": 0.8447796022705235
    },
    "query_6": {
      "answer_1": 0.8051586311770256,
      "answer_2": 0.8532517360785302,
      "answer_3": 0.8413016612919951,
      "answer_4": 0.8578083790736054,
      "answer_5": 0.8304734528443766,
      "answer_6": 0.9165089834422183
    }
  }
}