{
  "entity": "Napoleon Bonaparte",
  "cosine_similarities": {
    "query_1": {
      "answer_1": 0.914260521845225,
      "answer_2": 0.8500996753611362,
      "answer_3": 0.8508735231566086,
      "answer_4": 0.832899239292711,
      "answer_5": 0.8760970494110873,
      "answer_6": 0.8468584375188082
    },
    "query_2": {
      "answer_1": 0.8431668473171655,
      "answer_2": 0.9403239323393363,
      "answer_3": 0.8652196572044853,
      "answer_4": 0.8468732376736501,
      "answer_5": 0.8347531826577134,
      "answer_6": 0.8897489618038931
    },
    "query_3": {
      "answer_1": 0.8641669025310416,
      "answer_2": 0.877842412818251,
      "answer_3": 0.9279293317102816,
      "answer_4": 0.8593346577340915,
      "answer_5": 0.8443969403798324,
      "answer_6": 0.8812666099153361
    },
    "query_4": {
      "answer_1": 0.8418922673448497,
      "answer_2": 0.8417838688665841,
      "answer_3": 0.854045629425514,
      "answer_4": 0.9226855323312666,
      "answer_5": 0.836318973937944,
      "answer_6": 0.8582393370080882
    },
    "query_5": {
      "answer_1": 0.8542551072576825,
      "answer_2": 0.842992084155898,
      "answer_3": 0.8328699365505463,
      "answer_4": 0.8360048297537549,
      "answer_5": 0.9361994952020828,
      "answer_6": 0.8514880932486754
    },
    "query_6": {
      "answer_1": 0.8450111796839552,
      "answer_2": 0.883875727433558,
      "answer_3": 0.8676799206442092,
      "answer_4": 0.8570577133973178,
      "answer_5": 0.8483310136914223,
      "answer_6": 0.9309363919488607
    }
  }
}