{
  "entity": "Napoleon Bonaparte",
  "cosine_similarities": {
    "query_1": {
      "answer_1": 0.9483462585647982,
      "answer_2": 0.8390956624867948,
      "answer_3": 0.835892338195115,
      "answer_4": 0.8405605395889777,
      "answer_5": 0.8496337532920967,
      "answer_6": 0.818454934543298
    },
    "query_2": {
      "answer_1": 0.8565190771621286,
      "answer_2": 0.9352675396720675,
      "answer_3": 0.8516188425307584,
      "answer_4": 0.8333739356633912,
      "answer_5": 0.8228115356283819,
      "answer_6": 0.8493310983426043
    },
    "query_3": {
      "answer_1": 0.8688207885616087,
      "answer_2": 0.8523102304749828,
      "answer_3": 0.9308787527613346,
      "answer_4": 0.861525760337068,
      "answer_5": 0.8309726068404175,
      "answer_6": 0.8192562174728111
    },
    "query_4": {
      "answer_1": 0.8615111872006246,
      "answer_2": 0.8415370942654478,
      "answer_3": 0.8524537819623493,
      "answer_4": 0.9524723880070921,
      "answer_5": 0.832431648784998,
      "answer_6": 0.8429637565665192
    },
    "query_5": {
      "answer_1": 0.8561526797985285,
      "answer_2": 0.8382271163342402,
      "answer_3": 0.8276727887514044,
      "answer_4": 0.8279174579709477,
      "answer_5": 0.9264206020147393,
      "answer_6": 0.8122059789588815
    },
    "query_6": {
      "answer_1": 0.8485843793871712,
      "answer_2": 0.8617968463664736,
      "answer_3": 0.8221889205344982,
      "answer_4": 0.8545755354308995,
      "answer_5": 0.8353789393593887,
      "answer_6": 0.9217134922975638
    }
  }
}