{
  "entity": "Napoleon Bonaparte",
  "cosine_similarities": {
    "query_1": {
      "answer_1": 0.9195834991032656,
      "answer_2": 0.8813767346080694,
      "answer_3": 0.8486811189944959,
      "answer_4": 0.8404409260740684,
      "answer_5": 0.8862934953627523,
      "answer_6": 0.8709190378121034
    },
    "query_2": {
      "answer_1": 0.851708989990433,
      "answer_2": 0.9498676756004719,
      "answer_3": 0.8639312489646894,
      "answer_4": 0.8433748962728386,
      "answer_5": 0.8642637118409475,
      "answer_6": 0.8870579539519233
    },
    "query_3": {
      "answer_1": 0.8544223553463045,
      "answer_2": 0.879755579686417,
      "answer_3": 0.9243492892780543,
      "answer_4": 0.8666927870690619,
      "answer_5": 0.8607632676276515,
      "answer_6": 0.8683406625601526
    },
    "query_4": {
      "answer_1": 0.8506665277935651,
      "answer_2": 0.8426346135921087,
      "answer_3": 0.8498426946774693,
      "answer_4": 0.9083443387902755,
      "answer_5": 0.8661370782132748,
      "answer_6": 0.8557653575730545
    },
    "query_5": {
      "answer_1": 0.8706278585802003,
      "answer_2": 0.8744147252903454,
      "answer_3": 0.8467520754592451,
      "answer_4": 0.843773748188801,
      "answer_5": 0.9480721216252753,
      "answer_6": 0.8686258801739811
    },
    "query_6": {
      "answer_1": 0.8504337261632432,
      "answer_2": 0.8891787748260918,
      "answer_3": 0.850606808246703,
      "answer_4": 0.8477243935372132,
      "answer_5": 0.8678237993448765,
      "answer_6": 0.9450949542319339
    }
  }
}