{
  "entity": "Napoleon Bonaparte",
  "cosine_similarities": {
    "query_1": {
      "answer_1": 0.9406920394276552,
      "answer_2": 0.8342988783364145,
      "answer_3": 0.8328666999376894,
      "answer_4": 0.8337461496577531,
      "answer_5": 0.8672993081814466,
      "answer_6": 0.8269253738637281
    },
    "query_2": {
      "answer_1": 0.8436945241084951,
      "answer_2": 0.9313244565276767,
      "answer_3": 0.8479607777204082,
      "answer_4": 0.8468093309592242,
      "answer_5": 0.8506388359954472,
      "answer_6": 0.8505863438557657
    },
    "query_3": {
      "answer_1": 0.8559551290339648,
      "answer_2": 0.8617383680679859,
      "answer_3": 0.908721277801995,
      "answer_4": 0.8715266931751454,
      "answer_5": 0.8489428869800554,
      "answer_6": 0.8583171397448934
    },
    "query_4": {
      "answer_1": 0.8273904107307888,
      "answer_2": 0.8236832778602707,
      "answer_3": 0.8452235729640518,
      "answer_4": 0.9270226173420392,
      "answer_5": 0.8370568021500164,
      "answer_6": 0.8616078164325852
    },
    "query_5": {
      "answer_1": 0.865090956685762,
      "answer_2": 0.841711165002515,
      "answer_3": 0.8353410955586021,
      "answer_4": 0.8592349500040531,
      "answer_5": 0.9434942348757944,
      "answer_6": 0.8505438090040528
    },
    "query_6": {
      "answer_1": 0.8192434306127114,
      "answer_2": 0.8445363236289323,
      "answer_3": 0.8338100758030399,
      "answer_4": 0.8693418996590683,
      "answer_5": 0.8293921444705206,
      "answer_6": 0.9090900235146406
    }
  }
}