{
  "entity": "Napoleon Bonaparte",
  "cosine_similarities": {
    "query_1": {
      "answer_1": 0.9334255505774223,
      "answer_2": 0.8332947769699035,
      "answer_3": 0.8442496587264533,
      "answer_4": 0.8276871583212296,
      "answer_5": 0.8772477416327751,
      "answer_6": 0.8364568771102946
    },
    "query_2": {
      "answer_1": 0.8469305023359924,
      "answer_2": 0.9128323466762828,
      "answer_3": 0.8668690358466868,
      "answer_4": 0.8334196027081948,
      "answer_5": 0.8368900891664597,
      "answer_6": 0.8914717154429477
    },
    "query_3": {
      "answer_1": 0.8586259674186655,
      "answer_2": 0.86224197863509,
      "answer_3": 0.9264317798110769,
      "answer_4": 0.852126281452503,
      "answer_5": 0.8406526945586055,
      "answer_6": 0.8712675222143504
    },
    "query_4": {
      "answer_1": 0.8378627700129445,
      "answer_2": 0.8174794096219778,
      "answer_3": 0.8532821196751346,
      "answer_4": 0.9289287134144525,
      "answer_5": 0.8344465367103086,
      "answer_6": 0.8536745844022646
    },
    "query_5": {
      "answer_1": 0.861621851487081,
      "answer_2": 0.8282940638601254,
      "answer_3": 0.8366419119747052,
      "answer_4": 0.8291346801908666,
      "answer_5": 0.9418281453864265,
      "answer_6": 0.8480696203176689
    },
    "query_6": {
      "answer_1": 0.8388397422715734,
      "answer_2": 0.8611708754720905,
      "answer_3": 0.8620834181709821,
      "answer_4": 0.8440199212347459,
      "answer_5": 0.8414995810038095,
      "answer_6": 0.9300260286544085
    }
  }
}