{
  "entity": "Napoleon Bonaparte",
  "cosine_similarities": {
    "query_1": {
      "answer_1": 0.9422843095395008,
      "answer_2": 0.8550450779381003,
      "answer_3": 0.8554854768603266,
      "answer_4": 0.8462874898323165,
      "answer_5": 0.8696613434556798,
      "answer_6": 0.8255310886145064
    },
    "query_2": {
      "answer_1": 0.8439826830347524,
      "answer_2": 0.9534786356651203,
      "answer_3": 0.879265571408376,
      "answer_4": 0.8437051218156675,
      "answer_5": 0.8243694203529245,
      "answer_6": 0.8111737689000529
    },
    "query_3": {
      "answer_1": 0.8511601539601839,
      "answer_2": 0.8693514885306303,
      "answer_3": 0.9580009158378182,
      "answer_4": 0.8630938370761235,
      "answer_5": 0.8314398977469638,
      "answer_6": 0.8153728148316097
    },
    "query_4": {
      "answer_1": 0.8541177030789378,
      "answer_2": 0.8499641290436233,
      "answer_3": 0.8602495631535153,
      "answer_4": 0.913315857779242,
      "answer_5": 0.8320266040173044,
      "answer_6": 0.8318353482537975
    },
    "query_5": {
      "answer_1": 0.8610251789992429,
      "answer_2": 0.8348645704007727,
      "answer_3": 0.8390324370540204,
      "answer_4": 0.845951479917345,
      "answer_5": 0.9483428730423517,
      "answer_6": 0.8129694070502503
    },
    "query_6": {
      "answer_1": 0.8362512091087505,
      "answer_2": 0.8308502450311321,
      "answer_3": 0.828655981347522,
      "answer_4": 0.8765503195094705,
      "answer_5": 0.8182616173755585,
      "answer_6": 0.9294975754760744
    }
  }
}