{
  "entity": "Napoleon Bonaparte",
  "cosine_similarities": {
    "query_1": {
      "answer_1": 0.9141342937811752,
      "answer_2": 0.8587213598890711,
      "answer_3": 0.8530236306251735,
      "answer_4": 0.8329400295995489,
      "answer_5": 0.8585053865727799,
      "answer_6": 0.8402191882434566
    },
    "query_2": {
      "answer_1": 0.8435206410224986,
      "answer_2": 0.9475893881299448,
      "answer_3": 0.8732958341869005,
      "answer_4": 0.8504769360566733,
      "answer_5": 0.8643919684213952,
      "answer_6": 0.8856914170742077
    },
    "query_3": {
      "answer_1": 0.8603272354201374,
      "answer_2": 0.8846011080221833,
      "answer_3": 0.9243897541775564,
      "answer_4": 0.873357195974685,
      "answer_5": 0.8585472055680274,
      "answer_6": 0.874546252969875
    },
    "query_4": {
      "answer_1": 0.852239109690823,
      "answer_2": 0.849954025436594,
      "answer_3": 0.8702131685406292,
      "answer_4": 0.9157389723372421,
      "answer_5": 0.847542547096909,
      "answer_6": 0.8558970840294637
    },
    "query_5": {
      "answer_1": 0.8474740574229598,
      "answer_2": 0.8661159785504488,
      "answer_3": 0.8508597769725116,
      "answer_4": 0.8551437176096485,
      "answer_5": 0.9465219537478,
      "answer_6": 0.8580072272285226
    },
    "query_6": {
      "answer_1": 0.8352134778923449,
      "answer_2": 0.8786561944293828,
      "answer_3": 0.8629312996859266,
      "answer_4": 0.8640015179385547,
      "answer_5": 0.847686898302958,
      "answer_6": 0.9329957546317742
    }
  }
}