{
  "entity": "Napoleon Bonaparte",
  "cosine_similarities": {
    "query_1": {
      "answer_1": 0.924054313012774,
      "answer_2": 0.8424436806664348,
      "answer_3": 0.8370333430112062,
      "answer_4": 0.823503542751275,
      "answer_5": 0.846477557407132,
      "answer_6": 0.8494332286863691
    },
    "query_2": {
      "answer_1": 0.8451122441976018,
      "answer_2": 0.9375270396018535,
      "answer_3": 0.8565668552972149,
      "answer_4": 0.842485825620554,
      "answer_5": 0.816959758026368,
      "answer_6": 0.8867425039745542
    },
    "query_3": {
      "answer_1": 0.8606843929960071,
      "answer_2": 0.877775800921655,
      "answer_3": 0.9177745680861882,
      "answer_4": 0.8803199837328578,
      "answer_5": 0.8247341445760014,
      "answer_6": 0.8817126714583093
    },
    "query_4": {
      "answer_1": 0.839017305909265,
      "answer_2": 0.8362642208132199,
      "answer_3": 0.8652362818030663,
      "answer_4": 0.9207454222988153,
      "answer_5": 0.8125897591978666,
      "answer_6": 0.8796097572866479
    },
    "query_5": {
      "answer_1": 0.8548626798864594,
      "answer_2": 0.839655204019777,
      "answer_3": 0.833166890532405,
      "answer_4": 0.8346324292226135,
      "answer_5": 0.9420465658974468,
      "answer_6": 0.86243724382637
    },
    "query_6": {
      "answer_1": 0.8491031747528937,
      "answer_2": 0.8855531147668111,
      "answer_3": 0.8639480756372714,
      "answer_4": 0.8670592006696531,
      "answer_5": 0.8266918232104341,
      "answer_6": 0.9326344880859658
    }
  }
}