{
  "entity": "Napoleon Bonaparte",
  "cosine_similarities": {
    "query_1": {
      "answer_1": 0.9250766449386761,
      "answer_2": 0.8771965028923405,
      "answer_3": 0.8498042651722052,
      "answer_4": 0.8412679840257091,
      "answer_5": 0.8863607060494969,
      "answer_6": 0.8754029090090065
    },
    "query_2": {
      "answer_1": 0.8638275791654059,
      "answer_2": 0.9399890212726356,
      "answer_3": 0.8636359862428807,
      "answer_4": 0.842428107644419,
      "answer_5": 0.8624038403051673,
      "answer_6": 0.8931461045653469
    },
    "query_3": {
      "answer_1": 0.85829507890093,
      "answer_2": 0.879075869683017,
      "answer_3": 0.9263529710188189,
      "answer_4": 0.8653673811897163,
      "answer_5": 0.861867830659942,
      "answer_6": 0.8736993446767879
    },
    "query_4": {
      "answer_1": 0.8564314952384164,
      "answer_2": 0.8368308047430274,
      "answer_3": 0.850941785489961,
      "answer_4": 0.910876763380166,
      "answer_5": 0.8578189741109671,
      "answer_6": 0.8612301346986703
    },
    "query_5": {
      "answer_1": 0.8729703261308405,
      "answer_2": 0.8723875785238174,
      "answer_3": 0.8488602971078888,
      "answer_4": 0.8439346476559457,
      "answer_5": 0.9472418237497572,
      "answer_6": 0.8811557431071682
    },
    "query_6": {
      "answer_1": 0.8615961871269865,
      "answer_2": 0.8869524946383053,
      "answer_3": 0.8559885172135413,
      "answer_4": 0.849277119310606,
      "answer_5": 0.8660650197236957,
      "answer_6": 0.9445798726307219
    }
  }
}