{
  "entity": "Napoleon Bonaparte",
  "cosine_similarities": {
    "query_1": {
      "answer_1": 0.9165852582030858,
      "answer_2": 0.8457330618501671,
      "answer_3": 0.8463988225854524,
      "answer_4": 0.8320570362526404,
      "answer_5": 0.8751120971100381,
      "answer_6": 0.8481427705387866
    },
    "query_2": {
      "answer_1": 0.8395297164359272,
      "answer_2": 0.9449288038528673,
      "answer_3": 0.8619271536708601,
      "answer_4": 0.8508204927783432,
      "answer_5": 0.8362215552813712,
      "answer_6": 0.8837312679438867
    },
    "query_3": {
      "answer_1": 0.8587987478415398,
      "answer_2": 0.8691362142856097,
      "answer_3": 0.9204574483283994,
      "answer_4": 0.8676695483238023,
      "answer_5": 0.8438657622562105,
      "answer_6": 0.8809030716218548
    },
    "query_4": {
      "answer_1": 0.8383143511699839,
      "answer_2": 0.841887121542563,
      "answer_3": 0.8582624067627047,
      "answer_4": 0.9273492879743725,
      "answer_5": 0.8353189519032409,
      "answer_6": 0.8644256347485094
    },
    "query_5": {
      "answer_1": 0.8593804593512511,
      "answer_2": 0.8410983205716944,
      "answer_3": 0.8385176952250721,
      "answer_4": 0.8319322722547079,
      "answer_5": 0.9384763223839926,
      "answer_6": 0.8568637154258278
    },
    "query_6": {
      "answer_1": 0.838022246573141,
      "answer_2": 0.8619358291062597,
      "answer_3": 0.8539490808093582,
      "answer_4": 0.8577930259965154,
      "answer_5": 0.8367817324462179,
      "answer_6": 0.9253228582166559
    }
  }
}