{
  "entity": "Napoleon Bonaparte",
  "cosine_similarities": {
    "query_1": {
      "answer_1": 0.9306810108248562,
      "answer_2": 0.8421166253674283,
      "answer_3": 0.8149090183763634,
      "answer_4": 0.8328064326744987,
      "answer_5": 0.8738350482552977,
      "answer_6": 0.8479867111127612
    },
    "query_2": {
      "answer_1": 0.853146025127837,
      "answer_2": 0.9391122080668826,
      "answer_3": 0.8339553564052282,
      "answer_4": 0.8343725929366463,
      "answer_5": 0.8386837248400723,
      "answer_6": 0.8841129183589199
    },
    "query_3": {
      "answer_1": 0.865024988717874,
      "answer_2": 0.8642874444205066,
      "answer_3": 0.8893417083706467,
      "answer_4": 0.854491729535829,
      "answer_5": 0.8420439311093103,
      "answer_6": 0.8780844112145019
    },
    "query_4": {
      "answer_1": 0.8415672623468083,
      "answer_2": 0.82986646890577,
      "answer_3": 0.8222389166154318,
      "answer_4": 0.9204610557756453,
      "answer_5": 0.8320402614543483,
      "answer_6": 0.8604205814924483
    },
    "query_5": {
      "answer_1": 0.8617930425186198,
      "answer_2": 0.8374571717837218,
      "answer_3": 0.8060178048402596,
      "answer_4": 0.8308110599327596,
      "answer_5": 0.9469858434983064,
      "answer_6": 0.8524739730669287
    },
    "query_6": {
      "answer_1": 0.8361960170097634,
      "answer_2": 0.8548600897972457,
      "answer_3": 0.8227456020361771,
      "answer_4": 0.8535265546778559,
      "answer_5": 0.8353393453339668,
      "answer_6": 0.9230609727595
    }
  }
}