{
  "entity": "Napoleon Bonaparte",
  "cosine_similarities": {
    "query_1": {
      "answer_1": 0.9353309906709011,
      "answer_2": 0.8431811276267687,
      "answer_3": 0.8457023352049639,
      "answer_4": 0.8302553162051868,
      "answer_5": 0.8555647680020276,
      "answer_6": 0.8494475590892808
    },
    "query_2": {
      "answer_1": 0.8629144175970618,
      "answer_2": 0.9393544523603897,
      "answer_3": 0.8642414254880867,
      "answer_4": 0.8324836173096557,
      "answer_5": 0.8286021059155655,
      "answer_6": 0.8883768159752682
    },
    "query_3": {
      "answer_1": 0.8682013933448331,
      "answer_2": 0.8721741521550961,
      "answer_3": 0.9264501103234442,
      "answer_4": 0.8469886476766003,
      "answer_5": 0.8221569560419956,
      "answer_6": 0.8750220504883041
    },
    "query_4": {
      "answer_1": 0.8436998707858927,
      "answer_2": 0.8353814973700617,
      "answer_3": 0.851412393998015,
      "answer_4": 0.9027517640025807,
      "answer_5": 0.8178045284470791,
      "answer_6": 0.8561066935650066
    },
    "query_5": {
      "answer_1": 0.867105585944764,
      "answer_2": 0.8416373489619744,
      "answer_3": 0.8343190214514374,
      "answer_4": 0.828787526434537,
      "answer_5": 0.9210761719925805,
      "answer_6": 0.8531861025825647
    },
    "query_6": {
      "answer_1": 0.8504620007221736,
      "answer_2": 0.8772211341428371,
      "answer_3": 0.864909847313157,
      "answer_4": 0.8513923082311955,
      "answer_5": 0.832399153450598,
      "answer_6": 0.9418052013467693
    }
  }
}