{
  "entity": "Napoleon Bonaparte",
  "cosine_similarities": {
    "query_1": {
      "answer_1": 0.9123742479187382,
      "answer_2": 0.8498125806982225,
      "answer_3": 0.8308276200940701,
      "answer_4": 0.8326761322412997,
      "answer_5": 0.8718902061701539,
      "answer_6": 0.8452916496176628
    },
    "query_2": {
      "answer_1": 0.8416489118152286,
      "answer_2": 0.9397222982925547,
      "answer_3": 0.8435751795951744,
      "answer_4": 0.8454199568693778,
      "answer_5": 0.8335285643202925,
      "answer_6": 0.8805925259606493
    },
    "query_3": {
      "answer_1": 0.8707545125787776,
      "answer_2": 0.872957522332565,
      "answer_3": 0.924099429890139,
      "answer_4": 0.8500781888328928,
      "answer_5": 0.8450377989430695,
      "answer_6": 0.8791618003881606
    },
    "query_4": {
      "answer_1": 0.8448443811146296,
      "answer_2": 0.8453577041710406,
      "answer_3": 0.833125281314512,
      "answer_4": 0.9085143778957101,
      "answer_5": 0.838530537376073,
      "answer_6": 0.8618159108709909
    },
    "query_5": {
      "answer_1": 0.8507255148107231,
      "answer_2": 0.8441796115515801,
      "answer_3": 0.8172509549412152,
      "answer_4": 0.8374792444405356,
      "answer_5": 0.9321944386547572,
      "answer_6": 0.8491272449519263
    },
    "query_6": {
      "answer_1": 0.8426231178090133,
      "answer_2": 0.8698907735663401,
      "answer_3": 0.8422405356885062,
      "answer_4": 0.8463892581937151,
      "answer_5": 0.8370105441809537,
      "answer_6": 0.9208118051393155
    }
  }
}