{
  "entity": "Napoleon Bonaparte",
  "cosine_similarities": {
    "query_1": {
      "answer_1": 0.9177536560204265,
      "answer_2": 0.8477841619586682,
      "answer_3": 0.8491529527187937,
      "answer_4": 0.8318838546668273,
      "answer_5": 0.8686624580314837,
      "answer_6": 0.8389200153052843
    },
    "query_2": {
      "answer_1": 0.8401653479248034,
      "answer_2": 0.9422966251558093,
      "answer_3": 0.8603618659384428,
      "answer_4": 0.844677733323672,
      "answer_5": 0.8459205665331759,
      "answer_6": 0.8883735829717158
    },
    "query_3": {
      "answer_1": 0.85354645697291,
      "answer_2": 0.8724020679350376,
      "answer_3": 0.9140409457515081,
      "answer_4": 0.8601445053792426,
      "answer_5": 0.8338623428197358,
      "answer_6": 0.8613966229657009
    },
    "query_4": {
      "answer_1": 0.826315337796138,
      "answer_2": 0.8364693177829529,
      "answer_3": 0.8517517548544201,
      "answer_4": 0.921984979451066,
      "answer_5": 0.8348286783495893,
      "answer_6": 0.8550637956771172
    },
    "query_5": {
      "answer_1": 0.8590105016494295,
      "answer_2": 0.8499460617309753,
      "answer_3": 0.8366858640448677,
      "answer_4": 0.8350759389162541,
      "answer_5": 0.948605402425289,
      "answer_6": 0.8459219860771218
    },
    "query_6": {
      "answer_1": 0.8353787275900644,
      "answer_2": 0.8920346006654282,
      "answer_3": 0.8585177236064262,
      "answer_4": 0.8586869898124003,
      "answer_5": 0.8443666340723907,
      "answer_6": 0.9459978215869227
    }
  }
}