{
  "entity": "Napoleon Bonaparte",
  "cosine_similarities": {
    "query_1": {
      "answer_1": 0.9205576440897334,
      "answer_2": 0.8334171909557764,
      "answer_3": 0.8429553916940091,
      "answer_4": 0.8257642025404406,
      "answer_5": 0.8458109811097585,
      "answer_6": 0.8294639681917156
    },
    "query_2": {
      "answer_1": 0.8376245847653102,
      "answer_2": 0.9360418815289134,
      "answer_3": 0.8627712647359425,
      "answer_4": 0.8479978326475687,
      "answer_5": 0.8148806697918912,
      "answer_6": 0.8781584138623841
    },
    "query_3": {
      "answer_1": 0.8502782354601595,
      "answer_2": 0.8572945496766147,
      "answer_3": 0.9275900334899444,
      "answer_4": 0.8807072686282869,
      "answer_5": 0.8114974568277368,
      "answer_6": 0.8491422700185389
    },
    "query_4": {
      "answer_1": 0.8152619420505175,
      "answer_2": 0.8233796615355664,
      "answer_3": 0.8556637823436302,
      "answer_4": 0.8987038383165016,
      "answer_5": 0.8116660680948229,
      "answer_6": 0.8392650002275515
    },
    "query_5": {
      "answer_1": 0.8453518617835017,
      "answer_2": 0.8293301472427005,
      "answer_3": 0.8315260363827949,
      "answer_4": 0.835843302919894,
      "answer_5": 0.9345133280880072,
      "answer_6": 0.8437177183041183
    },
    "query_6": {
      "answer_1": 0.8257573845534981,
      "answer_2": 0.8590350158079433,
      "answer_3": 0.8468857356855959,
      "answer_4": 0.8469366443564396,
      "answer_5": 0.8157993933218274,
      "answer_6": 0.9330933810966043
    }
  }
}