{
  "entity": "Napoleon Bonaparte",
  "cosine_similarities": {
    "query_1": {
      "answer_1": 0.9019892045316004,
      "answer_2": 0.8517046880585497,
      "answer_3": 0.8448400247627359,
      "answer_4": 0.8326375298767629,
      "answer_5": 0.876639508346679,
      "answer_6": 0.8475307436463271
    },
    "query_2": {
      "answer_1": 0.8352873091668634,
      "answer_2": 0.941832295667552,
      "answer_3": 0.8685375782605705,
      "answer_4": 0.8469741140875036,
      "answer_5": 0.8359165451264066,
      "answer_6": 0.8818474141121488
    },
    "query_3": {
      "answer_1": 0.8564655351699235,
      "answer_2": 0.8812248143256328,
      "answer_3": 0.9210710830041419,
      "answer_4": 0.8614870831668964,
      "answer_5": 0.8461090176545033,
      "answer_6": 0.8808824053440146
    },
    "query_4": {
      "answer_1": 0.839139245281481,
      "answer_2": 0.847548662219556,
      "answer_3": 0.8449978628241676,
      "answer_4": 0.9102508232696549,
      "answer_5": 0.8418437212081448,
      "answer_6": 0.860788956077387
    },
    "query_5": {
      "answer_1": 0.8466836939620983,
      "answer_2": 0.8463790410483568,
      "answer_3": 0.8310659594450596,
      "answer_4": 0.8387083993396839,
      "answer_5": 0.9371966588653096,
      "answer_6": 0.8500881525536582
    },
    "query_6": {
      "answer_1": 0.8373547984499452,
      "answer_2": 0.8733387299362396,
      "answer_3": 0.8526135916518688,
      "answer_4": 0.8514348362432482,
      "answer_5": 0.8441235746653467,
      "answer_6": 0.9213050822991586
    }
  }
}