{
  "entity": "Napoleon Bonaparte",
  "cosine_similarities": {
    "query_1": {
      "answer_1": 0.9113572867154288,
      "answer_2": 0.8493972719623634,
      "answer_3": 0.8657034701769186,
      "answer_4": 0.839601278643253,
      "answer_5": 0.8754755630657431,
      "answer_6": 0.842367355919402
    },
    "query_2": {
      "answer_1": 0.8382776279660686,
      "answer_2": 0.9388041833903212,
      "answer_3": 0.8784622126960852,
      "answer_4": 0.8531016651160259,
      "answer_5": 0.8452488631697019,
      "answer_6": 0.891927535245287
    },
    "query_3": {
      "answer_1": 0.8702867127846016,
      "answer_2": 0.8902852603007675,
      "answer_3": 0.9410168126669731,
      "answer_4": 0.8891754514468038,
      "answer_5": 0.8598407870804472,
      "answer_6": 0.8796193371862353
    },
    "query_4": {
      "answer_1": 0.8344281729151928,
      "answer_2": 0.8505793996277925,
      "answer_3": 0.8829018490983428,
      "answer_4": 0.9184089842821082,
      "answer_5": 0.8377560465392436,
      "answer_6": 0.8709588493625473
    },
    "query_5": {
      "answer_1": 0.8558850899474261,
      "answer_2": 0.8464540972526767,
      "answer_3": 0.8523412739285304,
      "answer_4": 0.8523207224448798,
      "answer_5": 0.9421921958631186,
      "answer_6": 0.8476121052018857
    },
    "query_6": {
      "answer_1": 0.832805408907086,
      "answer_2": 0.8745135523300668,
      "answer_3": 0.858175295848788,
      "answer_4": 0.8619940273214521,
      "answer_5": 0.8445007810214233,
      "answer_6": 0.9204329561784774
    }
  }
}