{
  "entity": "Napoleon Bonaparte",
  "cosine_similarities": {
    "query_1": {
      "answer_1": 0.9134980264643043,
      "answer_2": 0.8464446019241898,
      "answer_3": 0.8529317985455335,
      "answer_4": 0.8374736836206778,
      "answer_5": 0.8787076347026345,
      "answer_6": 0.8316598516518989
    },
    "query_2": {
      "answer_1": 0.8432398686154017,
      "answer_2": 0.9446509887815723,
      "answer_3": 0.8740743681920552,
      "answer_4": 0.8377795628386979,
      "answer_5": 0.8407850373137318,
      "answer_6": 0.8709224975025571
    },
    "query_3": {
      "answer_1": 0.8544876159775838,
      "answer_2": 0.8731560918737793,
      "answer_3": 0.9190450020218386,
      "answer_4": 0.8622861633790961,
      "answer_5": 0.849984037986548,
      "answer_6": 0.8564619380594167
    },
    "query_4": {
      "answer_1": 0.8215632502865736,
      "answer_2": 0.8333767412566685,
      "answer_3": 0.8569948208556329,
      "answer_4": 0.9171853339957573,
      "answer_5": 0.8304610194111006,
      "answer_6": 0.8312427050254447
    },
    "query_5": {
      "answer_1": 0.8399997397966407,
      "answer_2": 0.8339844960603034,
      "answer_3": 0.8379156979239747,
      "answer_4": 0.8287092982932742,
      "answer_5": 0.9412609750392906,
      "answer_6": 0.8311592329105784
    },
    "query_6": {
      "answer_1": 0.8373228471586015,
      "answer_2": 0.8747381935927611,
      "answer_3": 0.8729688957764934,
      "answer_4": 0.8585697722927632,
      "answer_5": 0.8457113709552598,
      "answer_6": 0.9222181449106915
    }
  }
}