{
  "entity": "Napoleon Bonaparte",
  "cosine_similarities": {
    "query_1": {
      "answer_1": 0.910843060529603,
      "answer_2": 0.8545396335511087,
      "answer_3": 0.8440701830418966,
      "answer_4": 0.8298897048330294,
      "answer_5": 0.8588305761408821,
      "answer_6": 0.8356035665153594
    },
    "query_2": {
      "answer_1": 0.8439617423576035,
      "answer_2": 0.9463073723939761,
      "answer_3": 0.8635345426662454,
      "answer_4": 0.852070146010519,
      "answer_5": 0.8291080748901666,
      "answer_6": 0.8781308101800204
    },
    "query_3": {
      "answer_1": 0.8609431212558855,
      "answer_2": 0.8882331807282189,
      "answer_3": 0.9283110403069917,
      "answer_4": 0.8869119437371022,
      "answer_5": 0.8424424951581203,
      "answer_6": 0.8688085033938141
    },
    "query_4": {
      "answer_1": 0.8416160617005722,
      "answer_2": 0.8419541890013746,
      "answer_3": 0.8668057422207236,
      "answer_4": 0.9250907380747952,
      "answer_5": 0.8290954312819421,
      "answer_6": 0.8629105902386841
    },
    "query_5": {
      "answer_1": 0.8497805598709424,
      "answer_2": 0.8487750948725656,
      "answer_3": 0.831435532659238,
      "answer_4": 0.8412914493827597,
      "answer_5": 0.9504525309597502,
      "answer_6": 0.8470654232145498
    },
    "query_6": {
      "answer_1": 0.8466295412382255,
      "answer_2": 0.8919223595251607,
      "answer_3": 0.8674530961142015,
      "answer_4": 0.8788121131394272,
      "answer_5": 0.8418496497422125,
      "answer_6": 0.9366560225451099
    }
  }
}