{
  "entity": "Abraham Lincoln",
  "cosine_similarities": {
    "query_1": {
      "answer_1": 0.8384105833609867,
      "answer_2": 0.5281445185502474,
      "answer_3": 0.5564115857968266,
      "answer_4": 0.44575508681073145,
      "answer_5": 0.6365509565568214,
      "answer_6": 0.4449323301827174
    },
    "query_2": {
      "answer_1": 0.6199774453407161,
      "answer_2": 0.8507805558476269,
      "answer_3": 0.5785045073462087,
      "answer_4": 0.502926045623637,
      "answer_5": 0.6204113788811014,
      "answer_6": 0.44864574721043937
    },
    "query_3": {
      "answer_1": 0.6169839609572394,
      "answer_2": 0.544421249408694,
      "answer_3": 0.8119691629468923,
      "answer_4": 0.500775636454412,
      "answer_5": 0.520837857246271,
      "answer_6": 0.4329204894605173
    },
    "query_4": {
      "answer_1": 0.4450374726813452,
      "answer_2": 0.5341767891324524,
      "answer_3": 0.4916056845143969,
      "answer_4": 0.8007310271413557,
      "answer_5": 0.5427671373854043,
      "answer_6": 0.5479888040812205
    },
    "query_5": {
      "answer_1": 0.6500664758505983,
      "answer_2": 0.624497684776382,
      "answer_3": 0.5418354926525091,
      "answer_4": 0.5414784284199494,
      "answer_5": 0.8461046250007176,
      "answer_6": 0.48228517478419797
    },
    "query_6": {
      "answer_1": 0.47491142321451496,
      "answer_2": 0.4966453018623976,
      "answer_3": 0.4259101662375259,
      "answer_4": 0.6177079781311643,
      "answer_5": 0.51722244927308,
      "answer_6": 0.8602991003298738
    }
  }
}