{
  "entity": "Abraham Lincoln",
  "cosine_similarities": {
    "query_1": {
      "answer_1": 0.8617587501502411,
      "answer_2": 0.5730857760664883,
      "answer_3": 0.5723175499958524,
      "answer_4": 0.4429750253520285,
      "answer_5": 0.6525158358595808,
      "answer_6": 0.463434500774027
    },
    "query_2": {
      "answer_1": 0.6317483180890565,
      "answer_2": 0.8778533295308031,
      "answer_3": 0.6365670209856762,
      "answer_4": 0.5247925020542357,
      "answer_5": 0.6571162639959989,
      "answer_6": 0.48210734882974976
    },
    "query_3": {
      "answer_1": 0.6263469315436407,
      "answer_2": 0.5604207702987589,
      "answer_3": 0.8362167191858331,
      "answer_4": 0.5209040103976231,
      "answer_5": 0.5533989625517454,
      "answer_6": 0.43701276660627647
    },
    "query_4": {
      "answer_1": 0.4769517558918467,
      "answer_2": 0.5175578126064615,
      "answer_3": 0.5421608555959594,
      "answer_4": 0.8024293128676079,
      "answer_5": 0.5735049132353834,
      "answer_6": 0.5973290677299387
    },
    "query_5": {
      "answer_1": 0.6627821134707779,
      "answer_2": 0.6474283024554652,
      "answer_3": 0.5886087250307148,
      "answer_4": 0.5804970851823503,
      "answer_5": 0.8721469149635998,
      "answer_6": 0.5200129244241936
    },
    "query_6": {
      "answer_1": 0.5208616782371008,
      "answer_2": 0.5240583184854848,
      "answer_3": 0.48786830819399485,
      "answer_4": 0.6353316278468664,
      "answer_5": 0.5740346081470428,
      "answer_6": 0.8817370190094116
    }
  }
}