{
  "entity": "Abraham Lincoln",
  "cosine_similarities": {
    "query_1": {
      "answer_1": 0.8392449894719348,
      "answer_2": 0.5727229929827404,
      "answer_3": 0.59182499319889,
      "answer_4": 0.43240901510996105,
      "answer_5": 0.6362150111899839,
      "answer_6": 0.46442337458844846
    },
    "query_2": {
      "answer_1": 0.6366950363684727,
      "answer_2": 0.8740690341421263,
      "answer_3": 0.6519150680058001,
      "answer_4": 0.5161446741351765,
      "answer_5": 0.6257256337710622,
      "answer_6": 0.4885676425191485
    },
    "query_3": {
      "answer_1": 0.6238783932072013,
      "answer_2": 0.5707041605658588,
      "answer_3": 0.8105062338159323,
      "answer_4": 0.5009183521416815,
      "answer_5": 0.5161450547505791,
      "answer_6": 0.43520093188182135
    },
    "query_4": {
      "answer_1": 0.4774515365559212,
      "answer_2": 0.5248571394714406,
      "answer_3": 0.5210487952129564,
      "answer_4": 0.7974440827361597,
      "answer_5": 0.5849024834499724,
      "answer_6": 0.5939639189910159
    },
    "query_5": {
      "answer_1": 0.6400864047309425,
      "answer_2": 0.6381207660174211,
      "answer_3": 0.6027917258570072,
      "answer_4": 0.5638589340359605,
      "answer_5": 0.8686998392301546,
      "answer_6": 0.5260369378541857
    },
    "query_6": {
      "answer_1": 0.5561776640678843,
      "answer_2": 0.5596743332028734,
      "answer_3": 0.4768501771254348,
      "answer_4": 0.6274652250517567,
      "answer_5": 0.5628577217870653,
      "answer_6": 0.8713504610559424
    }
  }
}