{
  "entity": "Abraham Lincoln",
  "cosine_similarities": {
    "query_1": {
      "answer_1": 0.8520730197090376,
      "answer_2": 0.5641971341816864,
      "answer_3": 0.5651289443977524,
      "answer_4": 0.4315064335232329,
      "answer_5": 0.6382161258048807,
      "answer_6": 0.4387044033816483
    },
    "query_2": {
      "answer_1": 0.5952824709608733,
      "answer_2": 0.8658426078961717,
      "answer_3": 0.6243009728236599,
      "answer_4": 0.4965109823458437,
      "answer_5": 0.6517837518385162,
      "answer_6": 0.45207563919663324
    },
    "query_3": {
      "answer_1": 0.5973450529128889,
      "answer_2": 0.5818683136320946,
      "answer_3": 0.8279819062594206,
      "answer_4": 0.5140089523648973,
      "answer_5": 0.5381996346856752,
      "answer_6": 0.43669316747931236
    },
    "query_4": {
      "answer_1": 0.44241773199414375,
      "answer_2": 0.518081169474741,
      "answer_3": 0.5120827997280081,
      "answer_4": 0.7810198236890613,
      "answer_5": 0.5767040229787826,
      "answer_6": 0.5819772903268479
    },
    "query_5": {
      "answer_1": 0.6247031163948831,
      "answer_2": 0.6403777944570384,
      "answer_3": 0.5505932687940577,
      "answer_4": 0.5486598855576869,
      "answer_5": 0.872481737222005,
      "answer_6": 0.4928176457050922
    },
    "query_6": {
      "answer_1": 0.4949574291517174,
      "answer_2": 0.5494705252582193,
      "answer_3": 0.4837902702667814,
      "answer_4": 0.6425754013310286,
      "answer_5": 0.563646438549466,
      "answer_6": 0.8316949910607221
    }
  }
}