{
  "entity": "Abraham Lincoln",
  "cosine_similarities": {
    "query_1": {
      "answer_1": 0.8440336392015809,
      "answer_2": 0.5423414887983858,
      "answer_3": 0.5479337609884812,
      "answer_4": 0.4444763669783241,
      "answer_5": 0.6493384591703065,
      "answer_6": 0.4308829670387149
    },
    "query_2": {
      "answer_1": 0.5988599688828041,
      "answer_2": 0.8561658655459795,
      "answer_3": 0.6054633328670534,
      "answer_4": 0.4820714130728634,
      "answer_5": 0.6481943198240491,
      "answer_6": 0.44062436468593064
    },
    "query_3": {
      "answer_1": 0.6145394631002877,
      "answer_2": 0.5539294942680525,
      "answer_3": 0.8298449077165222,
      "answer_4": 0.5207182658347614,
      "answer_5": 0.5320501907231823,
      "answer_6": 0.41576340146681745
    },
    "query_4": {
      "answer_1": 0.4398375299820698,
      "answer_2": 0.5346901320685226,
      "answer_3": 0.48919434103009335,
      "answer_4": 0.7651345533280909,
      "answer_5": 0.5794032107560955,
      "answer_6": 0.5688116585828883
    },
    "query_5": {
      "answer_1": 0.6240917230329998,
      "answer_2": 0.6452330921600828,
      "answer_3": 0.5277258326943253,
      "answer_4": 0.5401893506757012,
      "answer_5": 0.8709629408521496,
      "answer_6": 0.4788355496357244
    },
    "query_6": {
      "answer_1": 0.478753678281659,
      "answer_2": 0.5033720897809003,
      "answer_3": 0.43592317659317514,
      "answer_4": 0.6092754945392539,
      "answer_5": 0.545445142223589,
      "answer_6": 0.8598673968019509
    }
  }
}