{
  "entity": "Abraham Lincoln",
  "cosine_similarities": {
    "query_1": {
      "answer_1": 0.8782580081903711,
      "answer_2": 0.6426179995883853,
      "answer_3": 0.6377580728309442,
      "answer_4": 0.5668701942703824,
      "answer_5": 0.5956302350943401,
      "answer_6": 0.5462511559922091
    },
    "query_2": {
      "answer_1": 0.6304616146857629,
      "answer_2": 0.8752634861044752,
      "answer_3": 0.6229348116395236,
      "answer_4": 0.48568808490454757,
      "answer_5": 0.5470018251737929,
      "answer_6": 0.4709556511058348
    },
    "query_3": {
      "answer_1": 0.60270044236076,
      "answer_2": 0.6043736967369291,
      "answer_3": 0.8890030844780713,
      "answer_4": 0.4609602867241125,
      "answer_5": 0.49517501638210987,
      "answer_6": 0.45524195075738944
    },
    "query_4": {
      "answer_1": 0.5829981119475589,
      "answer_2": 0.5378014514359032,
      "answer_3": 0.5272845361877644,
      "answer_4": 0.8375693902897122,
      "answer_5": 0.5596209807901786,
      "answer_6": 0.6268876367588825
    },
    "query_5": {
      "answer_1": 0.5823635552314202,
      "answer_2": 0.5362611550550971,
      "answer_3": 0.5167784381662696,
      "answer_4": 0.499229079977164,
      "answer_5": 0.8495020934326304,
      "answer_6": 0.4671445391431512
    },
    "query_6": {
      "answer_1": 0.5567419606192492,
      "answer_2": 0.5161197523471434,
      "answer_3": 0.4880117289141993,
      "answer_4": 0.5610654913552404,
      "answer_5": 0.5104698592212419,
      "answer_6": 0.849566306753039
    }
  }
}