{
  "entity": "Abraham Lincoln",
  "cosine_similarities": {
    "query_1": {
      "answer_1": 0.877550204198586,
      "answer_2": 0.6084348248940656,
      "answer_3": 0.6286705190136634,
      "answer_4": 0.48800355319965427,
      "answer_5": 0.6014390926874642,
      "answer_6": 0.4931884830323923
    },
    "query_2": {
      "answer_1": 0.6085479788386718,
      "answer_2": 0.8862334569591297,
      "answer_3": 0.6275908788751142,
      "answer_4": 0.47281264343198093,
      "answer_5": 0.5278876003585836,
      "answer_6": 0.4599752772459512
    },
    "query_3": {
      "answer_1": 0.6431211783925825,
      "answer_2": 0.6110985867376776,
      "answer_3": 0.8887213484502632,
      "answer_4": 0.4544048664049003,
      "answer_5": 0.5678735982209374,
      "answer_6": 0.4376810133982367
    },
    "query_4": {
      "answer_1": 0.547843608672968,
      "answer_2": 0.5356249345353044,
      "answer_3": 0.4940410661965858,
      "answer_4": 0.8011384560910053,
      "answer_5": 0.5164388121512262,
      "answer_6": 0.6070618316682043
    },
    "query_5": {
      "answer_1": 0.6124189314078479,
      "answer_2": 0.5434221459635068,
      "answer_3": 0.5725130050250314,
      "answer_4": 0.45672123512629903,
      "answer_5": 0.8774694604529427,
      "answer_6": 0.4528770978926126
    },
    "query_6": {
      "answer_1": 0.5372725826506946,
      "answer_2": 0.49050699827806177,
      "answer_3": 0.4816676997235263,
      "answer_4": 0.6025274044128772,
      "answer_5": 0.5327483736129305,
      "answer_6": 0.8451181016815513
    }
  }
}