{
  "entity": "Abraham Lincoln",
  "cosine_similarities": {
    "query_1": {
      "answer_1": 0.8626936728864103,
      "answer_2": 0.616205926464207,
      "answer_3": 0.6137622353906665,
      "answer_4": 0.4811648550255221,
      "answer_5": 0.6065198467369837,
      "answer_6": 0.5152505456418308
    },
    "query_2": {
      "answer_1": 0.5927361792712491,
      "answer_2": 0.8799872621615614,
      "answer_3": 0.6167744078778042,
      "answer_4": 0.4659650639215494,
      "answer_5": 0.5219715018703133,
      "answer_6": 0.458350149019048
    },
    "query_3": {
      "answer_1": 0.6111545500503968,
      "answer_2": 0.6185701878020176,
      "answer_3": 0.9004796801573337,
      "answer_4": 0.44759364273930996,
      "answer_5": 0.5603021168587554,
      "answer_6": 0.4470135175051418
    },
    "query_4": {
      "answer_1": 0.5308110779673422,
      "answer_2": 0.5229478580637802,
      "answer_3": 0.47759919008179746,
      "answer_4": 0.7911744888950083,
      "answer_5": 0.5096154986892386,
      "answer_6": 0.6128888590420865
    },
    "query_5": {
      "answer_1": 0.6226586789725339,
      "answer_2": 0.5551818211289643,
      "answer_3": 0.5676412692759495,
      "answer_4": 0.4622680824395778,
      "answer_5": 0.8682942839153694,
      "answer_6": 0.47193085560125503
    },
    "query_6": {
      "answer_1": 0.5243243834749761,
      "answer_2": 0.5004115714721498,
      "answer_3": 0.4723189701140515,
      "answer_4": 0.5684426471753198,
      "answer_5": 0.5406183951069202,
      "answer_6": 0.8403266869113196
    }
  }
}