{
  "entity": "Abraham Lincoln",
  "cosine_similarities": {
    "query_1": {
      "answer_1": 0.8761111312474592,
      "answer_2": 0.5487896663043678,
      "answer_3": 0.5547277459024278,
      "answer_4": 0.4458543055113768,
      "answer_5": 0.6301292988446504,
      "answer_6": 0.4489288803906732
    },
    "query_2": {
      "answer_1": 0.6192226789609628,
      "answer_2": 0.8181220020902439,
      "answer_3": 0.6001527817546792,
      "answer_4": 0.4811505619159881,
      "answer_5": 0.6142225536355648,
      "answer_6": 0.4560230926536718
    },
    "query_3": {
      "answer_1": 0.6084294634099162,
      "answer_2": 0.5719518069657736,
      "answer_3": 0.8076356601080629,
      "answer_4": 0.4950850128175485,
      "answer_5": 0.5168482708797006,
      "answer_6": 0.4321775852919219
    },
    "query_4": {
      "answer_1": 0.4510739548618269,
      "answer_2": 0.48511214921537055,
      "answer_3": 0.5054865769056947,
      "answer_4": 0.7987267740415535,
      "answer_5": 0.5399821598678655,
      "answer_6": 0.569674846176485
    },
    "query_5": {
      "answer_1": 0.6549766821776599,
      "answer_2": 0.6034688637378517,
      "answer_3": 0.5562775010604598,
      "answer_4": 0.5304546898538117,
      "answer_5": 0.8561512187052158,
      "answer_6": 0.5031282762095557
    },
    "query_6": {
      "answer_1": 0.49103152459346106,
      "answer_2": 0.45359111330090857,
      "answer_3": 0.42375393458047683,
      "answer_4": 0.5857895796097451,
      "answer_5": 0.5090933474480169,
      "answer_6": 0.8068700745782037
    }
  }
}