{
  "entity": "Abraham Lincoln",
  "cosine_similarities": {
    "query_1": {
      "answer_1": 0.864016634782265,
      "answer_2": 0.6262573448401977,
      "answer_3": 0.6298892494548964,
      "answer_4": 0.47639915943103606,
      "answer_5": 0.6198691149180434,
      "answer_6": 0.5236521404933837
    },
    "query_2": {
      "answer_1": 0.5882298787656856,
      "answer_2": 0.883233158300313,
      "answer_3": 0.656082992916181,
      "answer_4": 0.4782972671371457,
      "answer_5": 0.5248775602997562,
      "answer_6": 0.45445973114327937
    },
    "query_3": {
      "answer_1": 0.6068402843273866,
      "answer_2": 0.622401303249153,
      "answer_3": 0.8858109380813687,
      "answer_4": 0.44970844316755076,
      "answer_5": 0.5486344955435726,
      "answer_6": 0.45756115521694796
    },
    "query_4": {
      "answer_1": 0.5266765268956133,
      "answer_2": 0.5321036976972666,
      "answer_3": 0.49927131333597147,
      "answer_4": 0.8172794991435106,
      "answer_5": 0.5062213916363508,
      "answer_6": 0.5875979245832177
    },
    "query_5": {
      "answer_1": 0.5834258396125964,
      "answer_2": 0.5444918265367069,
      "answer_3": 0.5584548715626745,
      "answer_4": 0.44804229108681504,
      "answer_5": 0.8695994123238054,
      "answer_6": 0.4524639732034342
    },
    "query_6": {
      "answer_1": 0.5192692060069078,
      "answer_2": 0.49380288215983714,
      "answer_3": 0.4814978573845205,
      "answer_4": 0.5051895802260775,
      "answer_5": 0.4941042278579716,
      "answer_6": 0.8610307148229838
    }
  }
}