{
  "entity": "Abraham Lincoln",
  "cosine_similarities": {
    "query_1": {
      "answer_1": 0.8578223811474613,
      "answer_2": 0.5609210154776184,
      "answer_3": 0.5581676220963722,
      "answer_4": 0.4527756627329178,
      "answer_5": 0.6088200191450527,
      "answer_6": 0.4279447612479322
    },
    "query_2": {
      "answer_1": 0.6267483968687255,
      "answer_2": 0.8802012026340681,
      "answer_3": 0.6256372170082452,
      "answer_4": 0.5388968084528656,
      "answer_5": 0.6318806213559972,
      "answer_6": 0.4521325260860473
    },
    "query_3": {
      "answer_1": 0.617982933529176,
      "answer_2": 0.5744508045977832,
      "answer_3": 0.8243824946143601,
      "answer_4": 0.5253279568683894,
      "answer_5": 0.5151514851593282,
      "answer_6": 0.41695448805045876
    },
    "query_4": {
      "answer_1": 0.44570758663558074,
      "answer_2": 0.5115561152535302,
      "answer_3": 0.506269508904104,
      "answer_4": 0.8150075562471178,
      "answer_5": 0.5829781847883594,
      "answer_6": 0.576887395627266
    },
    "query_5": {
      "answer_1": 0.6390917484867906,
      "answer_2": 0.6339619900454839,
      "answer_3": 0.5424264262443109,
      "answer_4": 0.5987579705225411,
      "answer_5": 0.8424507664716484,
      "answer_6": 0.4847364950232856
    },
    "query_6": {
      "answer_1": 0.46675507942990346,
      "answer_2": 0.5166263078411136,
      "answer_3": 0.46077166374868395,
      "answer_4": 0.642376435968727,
      "answer_5": 0.5253940574432896,
      "answer_6": 0.8541802849065037
    }
  }
}