{
  "entity": "Abraham Lincoln",
  "cosine_similarities": {
    "query_1": {
      "answer_1": 0.8625977401771592,
      "answer_2": 0.5648850632859523,
      "answer_3": 0.5977362975350122,
      "answer_4": 0.43316607533949814,
      "answer_5": 0.6365252602289996,
      "answer_6": 0.4708897911279551
    },
    "query_2": {
      "answer_1": 0.6207090385577375,
      "answer_2": 0.8804003805010041,
      "answer_3": 0.6422942768408211,
      "answer_4": 0.5151253243948042,
      "answer_5": 0.6529375126166873,
      "answer_6": 0.49755547881990486
    },
    "query_3": {
      "answer_1": 0.6159995710884226,
      "answer_2": 0.5651983211803066,
      "answer_3": 0.8291629275279404,
      "answer_4": 0.5132314643177923,
      "answer_5": 0.5406541830789995,
      "answer_6": 0.442458589361701
    },
    "query_4": {
      "answer_1": 0.47867132451501915,
      "answer_2": 0.5143029071710549,
      "answer_3": 0.5320747590861079,
      "answer_4": 0.8010341743778188,
      "answer_5": 0.5765099735529103,
      "answer_6": 0.6083518486575764
    },
    "query_5": {
      "answer_1": 0.6573233398280312,
      "answer_2": 0.6434281512212982,
      "answer_3": 0.5805318085090571,
      "answer_4": 0.5854113306275331,
      "answer_5": 0.860709475099977,
      "answer_6": 0.5371011054280793
    },
    "query_6": {
      "answer_1": 0.5264821827782166,
      "answer_2": 0.5295137225470439,
      "answer_3": 0.5086341491717218,
      "answer_4": 0.6153715643088484,
      "answer_5": 0.5661210866059047,
      "answer_6": 0.8723105275232246
    }
  }
}