{
  "entity": "Abraham Lincoln",
  "cosine_similarities": {
    "query_1": {
      "answer_1": 0.7858603461242104,
      "answer_2": 0.5219402683881291,
      "answer_3": 0.5778790080078638,
      "answer_4": 0.4056186770516768,
      "answer_5": 0.47477312724818077,
      "answer_6": 0.4565905333585539
    },
    "query_2": {
      "answer_1": 0.5662635408169484,
      "answer_2": 0.8915449250187183,
      "answer_3": 0.6959758094474436,
      "answer_4": 0.476974271013101,
      "answer_5": 0.5454615340160912,
      "answer_6": 0.5020796716112496
    },
    "query_3": {
      "answer_1": 0.5645570181374578,
      "answer_2": 0.6197692646877649,
      "answer_3": 0.8729356754535769,
      "answer_4": 0.46802324431303255,
      "answer_5": 0.526330474522708,
      "answer_6": 0.4505164982467153
    },
    "query_4": {
      "answer_1": 0.4507486810933193,
      "answer_2": 0.4540084660468796,
      "answer_3": 0.4425044431262978,
      "answer_4": 0.8115768290939483,
      "answer_5": 0.5291169494765796,
      "answer_6": 0.5440781147665136
    },
    "query_5": {
      "answer_1": 0.5778530246365421,
      "answer_2": 0.5903161558537845,
      "answer_3": 0.5829267849314087,
      "answer_4": 0.513791046876047,
      "answer_5": 0.8911410031710083,
      "answer_6": 0.5267857249861305
    },
    "query_6": {
      "answer_1": 0.5144428775488967,
      "answer_2": 0.5294155767495108,
      "answer_3": 0.5076949921147317,
      "answer_4": 0.5703911916888275,
      "answer_5": 0.540730982211234,
      "answer_6": 0.8819657521824615
    }
  }
}