{
  "entity": "Abraham Lincoln",
  "cosine_similarities": {
    "query_1": {
      "answer_1": 0.8662046205376059,
      "answer_2": 0.6164018597453162,
      "answer_3": 0.684838642601522,
      "answer_4": 0.48398107994211786,
      "answer_5": 0.6032900452771811,
      "answer_6": 0.509048081132992
    },
    "query_2": {
      "answer_1": 0.627112904739077,
      "answer_2": 0.8843611966450176,
      "answer_3": 0.6638794179458107,
      "answer_4": 0.487873747611345,
      "answer_5": 0.5175155717487107,
      "answer_6": 0.4918554453287958
    },
    "query_3": {
      "answer_1": 0.6430333212217328,
      "answer_2": 0.5864750147998813,
      "answer_3": 0.8565236844177122,
      "answer_4": 0.4900667133935172,
      "answer_5": 0.5208103322031356,
      "answer_6": 0.44227790529578054
    },
    "query_4": {
      "answer_1": 0.5163166667908174,
      "answer_2": 0.47669978638481425,
      "answer_3": 0.5224852871915986,
      "answer_4": 0.8359647530048085,
      "answer_5": 0.5135072323982073,
      "answer_6": 0.5967008479629381
    },
    "query_5": {
      "answer_1": 0.573668516191435,
      "answer_2": 0.475010987812265,
      "answer_3": 0.5458234991960073,
      "answer_4": 0.4416744744689086,
      "answer_5": 0.8544898723919814,
      "answer_6": 0.44150134694922577
    },
    "query_6": {
      "answer_1": 0.5151848424567128,
      "answer_2": 0.5124462115254778,
      "answer_3": 0.48406048012278685,
      "answer_4": 0.5493001499904493,
      "answer_5": 0.5090368282235611,
      "answer_6": 0.854261919571461
    }
  }
}