{
  "entity": "Abraham Lincoln",
  "cosine_similarities": {
    "query_1": {
      "answer_1": 0.8301179436778175,
      "answer_2": 0.5171064982401452,
      "answer_3": 0.655799798505953,
      "answer_4": 0.4340301040012263,
      "answer_5": 0.487322438843329,
      "answer_6": 0.4158777657600804
    },
    "query_2": {
      "answer_1": 0.5651127598071036,
      "answer_2": 0.8674196893963066,
      "answer_3": 0.6401567780692504,
      "answer_4": 0.48350983640095485,
      "answer_5": 0.46101519217209896,
      "answer_6": 0.4930939055215512
    },
    "query_3": {
      "answer_1": 0.6147624883032075,
      "answer_2": 0.604898172158703,
      "answer_3": 0.8815294788890692,
      "answer_4": 0.489734898318215,
      "answer_5": 0.4995706848400645,
      "answer_6": 0.46725147529355787
    },
    "query_4": {
      "answer_1": 0.48246763778038854,
      "answer_2": 0.49658830218070654,
      "answer_3": 0.4741132202935538,
      "answer_4": 0.8108002501808328,
      "answer_5": 0.5261515051042234,
      "answer_6": 0.5288376865917239
    },
    "query_5": {
      "answer_1": 0.5119486358805042,
      "answer_2": 0.4710453187275547,
      "answer_3": 0.46231890667477654,
      "answer_4": 0.4950017701852383,
      "answer_5": 0.8660090388586991,
      "answer_6": 0.4239374713346477
    },
    "query_6": {
      "answer_1": 0.48114277870403943,
      "answer_2": 0.5103278587408586,
      "answer_3": 0.45335259878862144,
      "answer_4": 0.5774454435572667,
      "answer_5": 0.4372537217217096,
      "answer_6": 0.8745222573064348
    }
  }
}