{
  "entity": "Abraham Lincoln",
  "cosine_similarities": {
    "query_1": {
      "answer_1": 0.8191861450716621,
      "answer_2": 0.5176990839926845,
      "answer_3": 0.6230827124923582,
      "answer_4": 0.4275051520334841,
      "answer_5": 0.4882066137459811,
      "answer_6": 0.40882757755269644
    },
    "query_2": {
      "answer_1": 0.5824491191016739,
      "answer_2": 0.8653266582599212,
      "answer_3": 0.6308382304212248,
      "answer_4": 0.48630577421508764,
      "answer_5": 0.46021274464657264,
      "answer_6": 0.45465781848186765
    },
    "query_3": {
      "answer_1": 0.6285230462971483,
      "answer_2": 0.6043134959995508,
      "answer_3": 0.8835118856815848,
      "answer_4": 0.4870594473456086,
      "answer_5": 0.4991638274405285,
      "answer_6": 0.4531633809721966
    },
    "query_4": {
      "answer_1": 0.5228804058374363,
      "answer_2": 0.49860144418268093,
      "answer_3": 0.5120572410682726,
      "answer_4": 0.8006554931685632,
      "answer_5": 0.5224627651936393,
      "answer_6": 0.5280013758085734
    },
    "query_5": {
      "answer_1": 0.5065427166392534,
      "answer_2": 0.47772807262483075,
      "answer_3": 0.48129368601271005,
      "answer_4": 0.48708073393045154,
      "answer_5": 0.8599624882950794,
      "answer_6": 0.4007175219887892
    },
    "query_6": {
      "answer_1": 0.4798262632704353,
      "answer_2": 0.4856977728440004,
      "answer_3": 0.49425038687022693,
      "answer_4": 0.5828311623571335,
      "answer_5": 0.43877287029835166,
      "answer_6": 0.8512659847080357
    }
  }
}