{
  "entity": "Abraham Lincoln",
  "cosine_similarities": {
    "query_1": {
      "answer_1": 0.8825282097054271,
      "answer_2": 0.61994834585474,
      "answer_3": 0.6233776403637427,
      "answer_4": 0.5715163948924347,
      "answer_5": 0.5514383900444183,
      "answer_6": 0.5219886311686507
    },
    "query_2": {
      "answer_1": 0.6180731515833225,
      "answer_2": 0.8773279308682121,
      "answer_3": 0.6131939114370896,
      "answer_4": 0.48919696197792006,
      "answer_5": 0.5099992658790615,
      "answer_6": 0.4279981761497855
    },
    "query_3": {
      "answer_1": 0.5896285357208967,
      "answer_2": 0.5824401338167389,
      "answer_3": 0.9053411642904632,
      "answer_4": 0.4532828333574173,
      "answer_5": 0.47379058738941615,
      "answer_6": 0.41329807919657496
    },
    "query_4": {
      "answer_1": 0.5905221115429613,
      "answer_2": 0.528684545858594,
      "answer_3": 0.514933986520483,
      "answer_4": 0.8424814534774169,
      "answer_5": 0.5348163417039862,
      "answer_6": 0.5713385696758297
    },
    "query_5": {
      "answer_1": 0.577348934626372,
      "answer_2": 0.5237360707749752,
      "answer_3": 0.5190700829989765,
      "answer_4": 0.49004987213850426,
      "answer_5": 0.8393585769299068,
      "answer_6": 0.4265563783515768
    },
    "query_6": {
      "answer_1": 0.562903176379655,
      "answer_2": 0.52113997554987,
      "answer_3": 0.46323466370546607,
      "answer_4": 0.5533263120065043,
      "answer_5": 0.47464101741998793,
      "answer_6": 0.8785304499236588
    }
  }
}