{
  "entity": "Abraham Lincoln",
  "cosine_similarities": {
    "query_1": {
      "answer_1": 0.8369337393129179,
      "answer_2": 0.5775139824964333,
      "answer_3": 0.6037877688699781,
      "answer_4": 0.47039922373648135,
      "answer_5": 0.637073904121448,
      "answer_6": 0.44138095486489304
    },
    "query_2": {
      "answer_1": 0.6472738357540524,
      "answer_2": 0.8813854223342057,
      "answer_3": 0.6253221633152602,
      "answer_4": 0.5519670827495752,
      "answer_5": 0.6465409227027415,
      "answer_6": 0.4650192348777134
    },
    "query_3": {
      "answer_1": 0.6325506727348035,
      "answer_2": 0.5714884484373103,
      "answer_3": 0.85068452239719,
      "answer_4": 0.5227803073461101,
      "answer_5": 0.5322900772769273,
      "answer_6": 0.4157399285500582
    },
    "query_4": {
      "answer_1": 0.49630648100446434,
      "answer_2": 0.5260625969291678,
      "answer_3": 0.5334163049850859,
      "answer_4": 0.790457905852717,
      "answer_5": 0.5974040730881304,
      "answer_6": 0.5770447349721031
    },
    "query_5": {
      "answer_1": 0.6723792885849765,
      "answer_2": 0.650568976567758,
      "answer_3": 0.5732962090131545,
      "answer_4": 0.5979944830246217,
      "answer_5": 0.8522761604415122,
      "answer_6": 0.4998790989526393
    },
    "query_6": {
      "answer_1": 0.5139613287943539,
      "answer_2": 0.5116181021489924,
      "answer_3": 0.47523012947587906,
      "answer_4": 0.6579072843233232,
      "answer_5": 0.5527002001910145,
      "answer_6": 0.8757925285467238
    }
  }
}