{
  "entity": "Abraham Lincoln",
  "cosine_similarities": {
    "query_1": {
      "answer_1": 0.8041725691807222,
      "answer_2": 0.5595575632050692,
      "answer_3": 0.5660482277738709,
      "answer_4": 0.422944544142254,
      "answer_5": 0.5061542991520442,
      "answer_6": 0.49522065973156865
    },
    "query_2": {
      "answer_1": 0.5908282500637057,
      "answer_2": 0.8657447676567316,
      "answer_3": 0.6426225442250324,
      "answer_4": 0.48185975604888265,
      "answer_5": 0.5401631481210752,
      "answer_6": 0.5051199278311774
    },
    "query_3": {
      "answer_1": 0.5457184896860533,
      "answer_2": 0.605382552805821,
      "answer_3": 0.8840942734761338,
      "answer_4": 0.4590831319931564,
      "answer_5": 0.4899764490434276,
      "answer_6": 0.4584050362665619
    },
    "query_4": {
      "answer_1": 0.4594515382929885,
      "answer_2": 0.50040496621903,
      "answer_3": 0.45315148047354775,
      "answer_4": 0.8159060224769852,
      "answer_5": 0.5020769378172228,
      "answer_6": 0.5805009177581912
    },
    "query_5": {
      "answer_1": 0.489253681286967,
      "answer_2": 0.537856208673426,
      "answer_3": 0.4797213877635897,
      "answer_4": 0.4842707629782395,
      "answer_5": 0.8870704072562642,
      "answer_6": 0.4800827418755986
    },
    "query_6": {
      "answer_1": 0.47681419790326984,
      "answer_2": 0.5311971493605563,
      "answer_3": 0.448631797686429,
      "answer_4": 0.5550276610612078,
      "answer_5": 0.4738102122508081,
      "answer_6": 0.8705610727231895
    }
  }
}