{
  "entity": "Abraham Lincoln",
  "cosine_similarities": {
    "query_1": {
      "answer_1": 0.765907624493267,
      "answer_2": 0.5597117442043726,
      "answer_3": 0.5586855183929019,
      "answer_4": 0.36796323008968645,
      "answer_5": 0.49820686859864866,
      "answer_6": 0.4376749694092873
    },
    "query_2": {
      "answer_1": 0.5216903538984666,
      "answer_2": 0.8005619307894788,
      "answer_3": 0.5585957224157883,
      "answer_4": 0.40661494176022134,
      "answer_5": 0.5164789238050754,
      "answer_6": 0.46743171982846393
    },
    "query_3": {
      "answer_1": 0.5319913042776131,
      "answer_2": 0.5968427578738726,
      "answer_3": 0.7909239799451191,
      "answer_4": 0.4234530148143901,
      "answer_5": 0.49060437024401343,
      "answer_6": 0.41007105771324825
    },
    "query_4": {
      "answer_1": 0.3943205715146815,
      "answer_2": 0.44524755653914877,
      "answer_3": 0.4305222265334279,
      "answer_4": 0.769547012688068,
      "answer_5": 0.46990606856412936,
      "answer_6": 0.5901091419997946
    },
    "query_5": {
      "answer_1": 0.4398475559215936,
      "answer_2": 0.4699079220376349,
      "answer_3": 0.440068874530401,
      "answer_4": 0.3986279761721323,
      "answer_5": 0.8882350296869707,
      "answer_6": 0.39924406836392795
    },
    "query_6": {
      "answer_1": 0.4863924123401759,
      "answer_2": 0.5016379602053003,
      "answer_3": 0.42063920626090723,
      "answer_4": 0.5444959634900547,
      "answer_5": 0.504045408897151,
      "answer_6": 0.7613310930449109
    }
  }
}