{
  "entity": "Abraham Lincoln",
  "cosine_similarities": {
    "query_1": {
      "answer_1": 0.8630160531655111,
      "answer_2": 0.6109648215704561,
      "answer_3": 0.6357518989322049,
      "answer_4": 0.5237885084146944,
      "answer_5": 0.6321611362930063,
      "answer_6": 0.4916620714865192
    },
    "query_2": {
      "answer_1": 0.6454542842975832,
      "answer_2": 0.8942962652095711,
      "answer_3": 0.6181029097465617,
      "answer_4": 0.4990531218997623,
      "answer_5": 0.5458751195024678,
      "answer_6": 0.4419162846473183
    },
    "query_3": {
      "answer_1": 0.6463329884063227,
      "answer_2": 0.618541222125338,
      "answer_3": 0.8779852448441541,
      "answer_4": 0.55528847495352,
      "answer_5": 0.5444571155782942,
      "answer_6": 0.43484841641994987
    },
    "query_4": {
      "answer_1": 0.5304939595916881,
      "answer_2": 0.4875599447969936,
      "answer_3": 0.5504561040140313,
      "answer_4": 0.8307332637986807,
      "answer_5": 0.5190964056649207,
      "answer_6": 0.5736888666476642
    },
    "query_5": {
      "answer_1": 0.6293398425055329,
      "answer_2": 0.5795031266374645,
      "answer_3": 0.5803179970137456,
      "answer_4": 0.5228586305360075,
      "answer_5": 0.8715913819336624,
      "answer_6": 0.4657210472558152
    },
    "query_6": {
      "answer_1": 0.5302702079369442,
      "answer_2": 0.48084615700872324,
      "answer_3": 0.4770933007684397,
      "answer_4": 0.6168538393863059,
      "answer_5": 0.49992164322188215,
      "answer_6": 0.8873011557308239
    }
  }
}