{
  "entity": "Abraham Lincoln",
  "cosine_similarities": {
    "query_1": {
      "answer_1": 0.8412736375572218,
      "answer_2": 0.5526832711261573,
      "answer_3": 0.5512556786831717,
      "answer_4": 0.4385858381174422,
      "answer_5": 0.6569166286228306,
      "answer_6": 0.4326472459200856
    },
    "query_2": {
      "answer_1": 0.6039132868382144,
      "answer_2": 0.8539774970937263,
      "answer_3": 0.6143819534873279,
      "answer_4": 0.49805617258080426,
      "answer_5": 0.6211475693613596,
      "answer_6": 0.4459100193736293
    },
    "query_3": {
      "answer_1": 0.6041009950992654,
      "answer_2": 0.5594898693233011,
      "answer_3": 0.8391813535600805,
      "answer_4": 0.5068007957159252,
      "answer_5": 0.5198841293625757,
      "answer_6": 0.4227130908748396
    },
    "query_4": {
      "answer_1": 0.443504406955399,
      "answer_2": 0.5061972670292477,
      "answer_3": 0.5053907464020814,
      "answer_4": 0.781303525601521,
      "answer_5": 0.5612392547480074,
      "answer_6": 0.5622554420782752
    },
    "query_5": {
      "answer_1": 0.6427015127911028,
      "answer_2": 0.628822657485981,
      "answer_3": 0.5368523748348062,
      "answer_4": 0.5605142295840325,
      "answer_5": 0.863233053730716,
      "answer_6": 0.47627873170620866
    },
    "query_6": {
      "answer_1": 0.4962984301501433,
      "answer_2": 0.5114279869254035,
      "answer_3": 0.4628297808240952,
      "answer_4": 0.6435668331607113,
      "answer_5": 0.5572533819922193,
      "answer_6": 0.8346944206179462
    }
  }
}