{
  "entity": "Abraham Lincoln",
  "cosine_similarities": {
    "query_1": {
      "answer_1": 0.8336247616210457,
      "answer_2": 0.5704620129607475,
      "answer_3": 0.5599337757605637,
      "answer_4": 0.4442216571737219,
      "answer_5": 0.5270953656372521,
      "answer_6": 0.4663277737091086
    },
    "query_2": {
      "answer_1": 0.6191136049185286,
      "answer_2": 0.8799298285058824,
      "answer_3": 0.6381260651898442,
      "answer_4": 0.5224445308436507,
      "answer_5": 0.5853440784301919,
      "answer_6": 0.5097396334647759
    },
    "query_3": {
      "answer_1": 0.6310708610806245,
      "answer_2": 0.5592628498013472,
      "answer_3": 0.8134694195316268,
      "answer_4": 0.45678789087457794,
      "answer_5": 0.4922073606339263,
      "answer_6": 0.44388373867794273
    },
    "query_4": {
      "answer_1": 0.5128631120559947,
      "answer_2": 0.548804874479123,
      "answer_3": 0.49181760941687014,
      "answer_4": 0.8512554440191423,
      "answer_5": 0.6081720374975644,
      "answer_6": 0.7122644316389125
    },
    "query_5": {
      "answer_1": 0.5492824536830203,
      "answer_2": 0.6281207036182238,
      "answer_3": 0.5390355109114557,
      "answer_4": 0.5709436343223148,
      "answer_5": 0.8621437314236956,
      "answer_6": 0.5303163669669126
    },
    "query_6": {
      "answer_1": 0.5323931806716,
      "answer_2": 0.5215220376960696,
      "answer_3": 0.47869790883678015,
      "answer_4": 0.6034476284428598,
      "answer_5": 0.5496461967176515,
      "answer_6": 0.7960084819213188
    }
  }
}