{
  "entity": "Abraham Lincoln",
  "cosine_similarities": {
    "query_1": {
      "answer_1": 0.830915905804837,
      "answer_2": 0.590964026913743,
      "answer_3": 0.5568752430862887,
      "answer_4": 0.4722142855993637,
      "answer_5": 0.5421164834890797,
      "answer_6": 0.5328114749713665
    },
    "query_2": {
      "answer_1": 0.596384261534079,
      "answer_2": 0.8241905013820778,
      "answer_3": 0.5369888647069909,
      "answer_4": 0.42804854590005204,
      "answer_5": 0.4525763921815828,
      "answer_6": 0.44859042483238043
    },
    "query_3": {
      "answer_1": 0.522723354469406,
      "answer_2": 0.5340332587827009,
      "answer_3": 0.8054058339971477,
      "answer_4": 0.5210805658693876,
      "answer_5": 0.4331995366744748,
      "answer_6": 0.48234853472190264
    },
    "query_4": {
      "answer_1": 0.481908495214067,
      "answer_2": 0.47988546533559184,
      "answer_3": 0.5223593094166066,
      "answer_4": 0.7873866328685529,
      "answer_5": 0.47111686078728354,
      "answer_6": 0.5799947562258269
    },
    "query_5": {
      "answer_1": 0.5578857372809857,
      "answer_2": 0.4798992095796566,
      "answer_3": 0.4075019416323348,
      "answer_4": 0.4222106814624393,
      "answer_5": 0.8547999753897714,
      "answer_6": 0.4184870290391617
    },
    "query_6": {
      "answer_1": 0.4940056970396486,
      "answer_2": 0.45780584590398515,
      "answer_3": 0.45967571926539874,
      "answer_4": 0.5062615930816913,
      "answer_5": 0.41493822356744986,
      "answer_6": 0.7968943341085417
    }
  }
}