{
  "entity": "Abraham Lincoln",
  "cosine_similarities": {
    "query_1": {
      "answer_1": 0.8632644240585708,
      "answer_2": 0.6208031481118274,
      "answer_3": 0.6483765893768201,
      "answer_4": 0.4729077851848383,
      "answer_5": 0.6009261173648811,
      "answer_6": 0.5050390111592779
    },
    "query_2": {
      "answer_1": 0.5933468786261392,
      "answer_2": 0.8818719404458712,
      "answer_3": 0.6429238898286594,
      "answer_4": 0.47484823120721786,
      "answer_5": 0.5233375201302414,
      "answer_6": 0.45907277410773156
    },
    "query_3": {
      "answer_1": 0.6162163087953708,
      "answer_2": 0.6254099065353806,
      "answer_3": 0.8936024917704642,
      "answer_4": 0.44853290028754045,
      "answer_5": 0.5693240715019647,
      "answer_6": 0.4467645217862442
    },
    "query_4": {
      "answer_1": 0.5319342404103057,
      "answer_2": 0.5201464852330756,
      "answer_3": 0.5095358241432895,
      "answer_4": 0.8174437050525574,
      "answer_5": 0.5103032523687936,
      "answer_6": 0.6153750674997838
    },
    "query_5": {
      "answer_1": 0.6164187216595293,
      "answer_2": 0.5575242769048095,
      "answer_3": 0.5767544047289384,
      "answer_4": 0.445532526551435,
      "answer_5": 0.870204393505624,
      "answer_6": 0.4624110752426471
    },
    "query_6": {
      "answer_1": 0.5166800898534776,
      "answer_2": 0.4725005322697374,
      "answer_3": 0.487951660622699,
      "answer_4": 0.569144286707568,
      "answer_5": 0.5248331374680884,
      "answer_6": 0.8514092693338277
    }
  }
}