{
  "entity": "Abraham Lincoln",
  "cosine_similarities": {
    "query_1": {
      "answer_1": 0.8327607196884512,
      "answer_2": 0.5267594989156926,
      "answer_3": 0.6054755279105609,
      "answer_4": 0.42190940148687234,
      "answer_5": 0.4783759981084963,
      "answer_6": 0.4182222717175713
    },
    "query_2": {
      "answer_1": 0.5435226212151578,
      "answer_2": 0.8624435795044565,
      "answer_3": 0.615992904455703,
      "answer_4": 0.4764218917812678,
      "answer_5": 0.4608129721572884,
      "answer_6": 0.46842907108912446
    },
    "query_3": {
      "answer_1": 0.6043445892750475,
      "answer_2": 0.6119483961647865,
      "answer_3": 0.8884490603058763,
      "answer_4": 0.45674009793146053,
      "answer_5": 0.48443702641435527,
      "answer_6": 0.45585374952127544
    },
    "query_4": {
      "answer_1": 0.4797774782148754,
      "answer_2": 0.5081939445014838,
      "answer_3": 0.46794283888186045,
      "answer_4": 0.8048419309589779,
      "answer_5": 0.5248945645485108,
      "answer_6": 0.5574069369120518
    },
    "query_5": {
      "answer_1": 0.4738393946285298,
      "answer_2": 0.4887655947774912,
      "answer_3": 0.46135090972549136,
      "answer_4": 0.47269761116448716,
      "answer_5": 0.8760096725087841,
      "answer_6": 0.40169301872702917
    },
    "query_6": {
      "answer_1": 0.45138994712089725,
      "answer_2": 0.5256400784075009,
      "answer_3": 0.461688140277895,
      "answer_4": 0.574036314740652,
      "answer_5": 0.4360458386734345,
      "answer_6": 0.8384430761477631
    }
  }
}