{
  "entity": "Abraham Lincoln",
  "cosine_similarities": {
    "query_1": {
      "answer_1": 0.8346783349682767,
      "answer_2": 0.5414893127512699,
      "answer_3": 0.5923385710684399,
      "answer_4": 0.43216340484525717,
      "answer_5": 0.5015228648450171,
      "answer_6": 0.377587790658907
    },
    "query_2": {
      "answer_1": 0.5565640111443372,
      "answer_2": 0.8726614481129082,
      "answer_3": 0.6432942992706403,
      "answer_4": 0.4767189558416266,
      "answer_5": 0.48576482160618273,
      "answer_6": 0.4147501109692674
    },
    "query_3": {
      "answer_1": 0.5449834308283835,
      "answer_2": 0.5784653810109134,
      "answer_3": 0.8905177972365078,
      "answer_4": 0.44070622266344794,
      "answer_5": 0.45570501903359023,
      "answer_6": 0.34991834542765665
    },
    "query_4": {
      "answer_1": 0.46060813558066765,
      "answer_2": 0.5070961585144205,
      "answer_3": 0.4831797680229474,
      "answer_4": 0.7995799786230507,
      "answer_5": 0.5290214934124398,
      "answer_6": 0.5024229396671456
    },
    "query_5": {
      "answer_1": 0.48463654458901184,
      "answer_2": 0.5173173631378652,
      "answer_3": 0.4824522931932291,
      "answer_4": 0.5050943913594815,
      "answer_5": 0.8830833574760949,
      "answer_6": 0.37055886610526995
    },
    "query_6": {
      "answer_1": 0.4385111513117597,
      "answer_2": 0.490725342826156,
      "answer_3": 0.43279890505401813,
      "answer_4": 0.572284779434422,
      "answer_5": 0.4444863040883419,
      "answer_6": 0.8594798225232941
    }
  }
}