{
  "entity": "Abraham Lincoln",
  "cosine_similarities": {
    "query_1": {
      "answer_1": 0.8735801907810095,
      "answer_2": 0.6314062580701789,
      "answer_3": 0.5982307962520182,
      "answer_4": 0.5070734937121381,
      "answer_5": 0.5630935940242192,
      "answer_6": 0.5516018398999879
    },
    "query_2": {
      "answer_1": 0.6529571951587906,
      "answer_2": 0.8883919682560005,
      "answer_3": 0.5837663859156969,
      "answer_4": 0.48337343516077896,
      "answer_5": 0.513837512089185,
      "answer_6": 0.47672499929910134
    },
    "query_3": {
      "answer_1": 0.5800760279117985,
      "answer_2": 0.5737492185322468,
      "answer_3": 0.8533810227507072,
      "answer_4": 0.47913998474396263,
      "answer_5": 0.4847614832370394,
      "answer_6": 0.4777663259135923
    },
    "query_4": {
      "answer_1": 0.47392755960957134,
      "answer_2": 0.4506381793697229,
      "answer_3": 0.44308751278085184,
      "answer_4": 0.8356915490180139,
      "answer_5": 0.5161971178207786,
      "answer_6": 0.5948268895564689
    },
    "query_5": {
      "answer_1": 0.6075897329741817,
      "answer_2": 0.5637317454279782,
      "answer_3": 0.5313413751788851,
      "answer_4": 0.5605823433438129,
      "answer_5": 0.8843374448950759,
      "answer_6": 0.5229162904349507
    },
    "query_6": {
      "answer_1": 0.5563155976416408,
      "answer_2": 0.4959229742522711,
      "answer_3": 0.4507045090893966,
      "answer_4": 0.55866837795202,
      "answer_5": 0.4994285289924151,
      "answer_6": 0.8263342958439326
    }
  }
}