{
  "entity": "Abraham Lincoln",
  "cosine_similarities": {
    "query_1": {
      "answer_1": 0.8602099371093196,
      "answer_2": 0.591169868609369,
      "answer_3": 0.5729021817315566,
      "answer_4": 0.4645819238676369,
      "answer_5": 0.5137261164652062,
      "answer_6": 0.4573101078433351
    },
    "query_2": {
      "answer_1": 0.6261513886240984,
      "answer_2": 0.8665000178323005,
      "answer_3": 0.6282824408308124,
      "answer_4": 0.5272458060636007,
      "answer_5": 0.5901124271547585,
      "answer_6": 0.4908617934835884
    },
    "query_3": {
      "answer_1": 0.6226612544757403,
      "answer_2": 0.5818853149263714,
      "answer_3": 0.8388585014209443,
      "answer_4": 0.4803444672793557,
      "answer_5": 0.5001558799256484,
      "answer_6": 0.42367349564448664
    },
    "query_4": {
      "answer_1": 0.49670745710114794,
      "answer_2": 0.5504480803309385,
      "answer_3": 0.472947775941176,
      "answer_4": 0.8435098884085296,
      "answer_5": 0.6154956558464408,
      "answer_6": 0.738656434285519
    },
    "query_5": {
      "answer_1": 0.5508918133219451,
      "answer_2": 0.6031852659376062,
      "answer_3": 0.5269022817212736,
      "answer_4": 0.5653184341229929,
      "answer_5": 0.8453768536840582,
      "answer_6": 0.5122360916934313
    },
    "query_6": {
      "answer_1": 0.5208240217802835,
      "answer_2": 0.5361711481620949,
      "answer_3": 0.46477112331438947,
      "answer_4": 0.6245486965118903,
      "answer_5": 0.553139145822199,
      "answer_6": 0.8185826458597125
    }
  }
}