{
  "entity": "Abraham Lincoln",
  "cosine_similarities": {
    "query_1": {
      "answer_1": 0.8493859835759316,
      "answer_2": 0.5392103309686797,
      "answer_3": 0.5585908234577234,
      "answer_4": 0.458733687033856,
      "answer_5": 0.5268092448341375,
      "answer_6": 0.4802843533774557
    },
    "query_2": {
      "answer_1": 0.5984925295167874,
      "answer_2": 0.84754716203362,
      "answer_3": 0.5749995467590079,
      "answer_4": 0.525650159931836,
      "answer_5": 0.5785627738985787,
      "answer_6": 0.48181689076092016
    },
    "query_3": {
      "answer_1": 0.6035102815691336,
      "answer_2": 0.5566913574677952,
      "answer_3": 0.8168829374531457,
      "answer_4": 0.4190549577871474,
      "answer_5": 0.5004521623619198,
      "answer_6": 0.4436899550074323
    },
    "query_4": {
      "answer_1": 0.4924219641352953,
      "answer_2": 0.5196729264715171,
      "answer_3": 0.4477534487817564,
      "answer_4": 0.7823657377817451,
      "answer_5": 0.6047681147753853,
      "answer_6": 0.6748231250487008
    },
    "query_5": {
      "answer_1": 0.5382044187891544,
      "answer_2": 0.5885668247490373,
      "answer_3": 0.498977643634695,
      "answer_4": 0.5791127616607178,
      "answer_5": 0.8360197795331691,
      "answer_6": 0.5193017594008318
    },
    "query_6": {
      "answer_1": 0.5175685437837675,
      "answer_2": 0.5165035854358202,
      "answer_3": 0.4336523058489754,
      "answer_4": 0.6005867685595324,
      "answer_5": 0.5408723026763921,
      "answer_6": 0.8288766059108659
    }
  }
}