{
  "entity": "Abraham Lincoln",
  "cosine_similarities": {
    "query_1": {
      "answer_1": 0.7780502024728446,
      "answer_2": 0.5210695217794739,
      "answer_3": 0.5648847775162619,
      "answer_4": 0.4286268544077433,
      "answer_5": 0.47108883809641283,
      "answer_6": 0.4087118101589386
    },
    "query_2": {
      "answer_1": 0.5713354043577004,
      "answer_2": 0.8833536217279899,
      "answer_3": 0.6936236109671255,
      "answer_4": 0.5142160668096586,
      "answer_5": 0.4547141541751581,
      "answer_6": 0.47436462829109904
    },
    "query_3": {
      "answer_1": 0.5601882955223583,
      "answer_2": 0.658137436465188,
      "answer_3": 0.8756967466079447,
      "answer_4": 0.5213925031768349,
      "answer_5": 0.4464828328334982,
      "answer_6": 0.430059657736806
    },
    "query_4": {
      "answer_1": 0.47900004703591154,
      "answer_2": 0.5075688944283325,
      "answer_3": 0.5565072230272722,
      "answer_4": 0.8299255364809663,
      "answer_5": 0.48687078809849554,
      "answer_6": 0.6007799884506955
    },
    "query_5": {
      "answer_1": 0.44750645286774005,
      "answer_2": 0.44757294221930344,
      "answer_3": 0.46569403253720953,
      "answer_4": 0.4852588851497131,
      "answer_5": 0.8970697492851964,
      "answer_6": 0.3978137427040601
    },
    "query_6": {
      "answer_1": 0.4805030267136434,
      "answer_2": 0.49294000934987425,
      "answer_3": 0.51940146878232,
      "answer_4": 0.6297453212652254,
      "answer_5": 0.44556348306630483,
      "answer_6": 0.8678035769699255
    }
  }
}