{
  "entity": "Abraham Lincoln",
  "cosine_similarities": {
    "query_1": {
      "answer_1": 0.8217416292484134,
      "answer_2": 0.6431264417091059,
      "answer_3": 0.6150175065851297,
      "answer_4": 0.5146600124725851,
      "answer_5": 0.654050804763859,
      "answer_6": 0.5645272475827454
    },
    "query_2": {
      "answer_1": 0.603033874093911,
      "answer_2": 0.8376448960865418,
      "answer_3": 0.6225354297448168,
      "answer_4": 0.4786004273001089,
      "answer_5": 0.5256585638352148,
      "answer_6": 0.527009549337741
    },
    "query_3": {
      "answer_1": 0.5792643547378996,
      "answer_2": 0.6033343463362086,
      "answer_3": 0.7983216238466451,
      "answer_4": 0.502343689452477,
      "answer_5": 0.5498668920510611,
      "answer_6": 0.5005937524236868
    },
    "query_4": {
      "answer_1": 0.5455724757215673,
      "answer_2": 0.52625943659419,
      "answer_3": 0.48488565058456007,
      "answer_4": 0.8302572056389943,
      "answer_5": 0.5396671899230868,
      "answer_6": 0.6852714273858593
    },
    "query_5": {
      "answer_1": 0.5731832822391535,
      "answer_2": 0.5074039100026584,
      "answer_3": 0.5215342884870936,
      "answer_4": 0.45574207107199677,
      "answer_5": 0.8186611747576966,
      "answer_6": 0.4827153980930857
    },
    "query_6": {
      "answer_1": 0.485173254395479,
      "answer_2": 0.5221016377870606,
      "answer_3": 0.43596767789778745,
      "answer_4": 0.5726400607262656,
      "answer_5": 0.49203512091308055,
      "answer_6": 0.8281972014744122
    }
  }
}