{
  "entity": "Abraham Lincoln",
  "cosine_similarities": {
    "query_1": {
      "answer_1": 0.7961650452412861,
      "answer_2": 0.5499999483241245,
      "answer_3": 0.5838756133635105,
      "answer_4": 0.4231438049168997,
      "answer_5": 0.4908825768687454,
      "answer_6": 0.48621271788281756
    },
    "query_2": {
      "answer_1": 0.5739812704321748,
      "answer_2": 0.857451405425452,
      "answer_3": 0.6566288848274843,
      "answer_4": 0.48896106261912464,
      "answer_5": 0.5102860372257906,
      "answer_6": 0.5087909301149552
    },
    "query_3": {
      "answer_1": 0.5236204986757832,
      "answer_2": 0.6025931293630249,
      "answer_3": 0.896912318728367,
      "answer_4": 0.4604393896816456,
      "answer_5": 0.47348565519079017,
      "answer_6": 0.47094569369817374
    },
    "query_4": {
      "answer_1": 0.4659134425503016,
      "answer_2": 0.4798011544033741,
      "answer_3": 0.44823422384431894,
      "answer_4": 0.8251787445713917,
      "answer_5": 0.501253490570257,
      "answer_6": 0.5963864284413716
    },
    "query_5": {
      "answer_1": 0.5035338425526952,
      "answer_2": 0.5232166906013586,
      "answer_3": 0.4901645478177134,
      "answer_4": 0.4881474945841901,
      "answer_5": 0.8809668356749631,
      "answer_6": 0.4605329292074838
    },
    "query_6": {
      "answer_1": 0.4992520845916596,
      "answer_2": 0.5346070048314153,
      "answer_3": 0.4856730193849584,
      "answer_4": 0.545802456697646,
      "answer_5": 0.45865191668810074,
      "answer_6": 0.833811766855401
    }
  }
}