{
  "entity": "Abraham Lincoln",
  "cosine_similarities": {
    "query_1": {
      "answer_1": 0.8106682595021836,
      "answer_2": 0.596636311927881,
      "answer_3": 0.5501027511682804,
      "answer_4": 0.49404369254912706,
      "answer_5": 0.6179073710238577,
      "answer_6": 0.5276471549673424
    },
    "query_2": {
      "answer_1": 0.644888945779479,
      "answer_2": 0.881369734760633,
      "answer_3": 0.5579414953598849,
      "answer_4": 0.4743616556369513,
      "answer_5": 0.5178678258445594,
      "answer_6": 0.45266359116175053
    },
    "query_3": {
      "answer_1": 0.5840322803126518,
      "answer_2": 0.5516441276774965,
      "answer_3": 0.8373757442826063,
      "answer_4": 0.5316986374462855,
      "answer_5": 0.4496422934759145,
      "answer_6": 0.4488553347343958
    },
    "query_4": {
      "answer_1": 0.5013507953300068,
      "answer_2": 0.46647534959924214,
      "answer_3": 0.5012072866101495,
      "answer_4": 0.8163171754991994,
      "answer_5": 0.5096093650713537,
      "answer_6": 0.5892830928757281
    },
    "query_5": {
      "answer_1": 0.5139757116427851,
      "answer_2": 0.4644228886007701,
      "answer_3": 0.4011337993884517,
      "answer_4": 0.46769061145025,
      "answer_5": 0.8817124908726849,
      "answer_6": 0.4445295318680424
    },
    "query_6": {
      "answer_1": 0.5435219707668315,
      "answer_2": 0.49685557315249945,
      "answer_3": 0.4455730784268226,
      "answer_4": 0.5952801060708498,
      "answer_5": 0.5030630145316624,
      "answer_6": 0.8377308660825894
    }
  }
}