{
  "entity": "Abraham Lincoln",
  "cosine_similarities": {
    "query_1": {
      "answer_1": 0.8576066504739075,
      "answer_2": 0.5327536556079449,
      "answer_3": 0.5696906173997685,
      "answer_4": 0.4365145678666563,
      "answer_5": 0.48930926613153863,
      "answer_6": 0.48768130343660837
    },
    "query_2": {
      "answer_1": 0.5737198356194343,
      "answer_2": 0.8911136363529307,
      "answer_3": 0.6653311202468037,
      "answer_4": 0.4878928988203942,
      "answer_5": 0.5491967448798781,
      "answer_6": 0.5249625030038847
    },
    "query_3": {
      "answer_1": 0.5859877737672577,
      "answer_2": 0.6049910756213267,
      "answer_3": 0.8443482281303392,
      "answer_4": 0.5042051460152364,
      "answer_5": 0.5189925179452948,
      "answer_6": 0.4966313750713354
    },
    "query_4": {
      "answer_1": 0.43578601759206503,
      "answer_2": 0.45177979615435954,
      "answer_3": 0.4455610887284711,
      "answer_4": 0.7714631147374795,
      "answer_5": 0.5171484732503101,
      "answer_6": 0.6084684213713635
    },
    "query_5": {
      "answer_1": 0.5592627789762332,
      "answer_2": 0.5672250932772116,
      "answer_3": 0.564244173237277,
      "answer_4": 0.5349409395173215,
      "answer_5": 0.886965162463214,
      "answer_6": 0.522464907520392
    },
    "query_6": {
      "answer_1": 0.5183060578641874,
      "answer_2": 0.5224477244757174,
      "answer_3": 0.4807806280947198,
      "answer_4": 0.5872796269605793,
      "answer_5": 0.5419790514994262,
      "answer_6": 0.8483197954987001
    }
  }
}