{
  "entity": "George Washington",
  "scores": {
    "query_1": {
      "answer_1": 10.93428939395215,
      "answer_2": 3.3800031222706215,
      "answer_3": 2.873038203485473,
      "answer_4": 2.0420244232589395,
      "answer_5": 2.897034761706183,
      "answer_6": 2.837974890263019
    },
    "query_2": {
      "answer_1": 6.278789352200557,
      "answer_2": 7.184316193265993,
      "answer_3": 4.6396188595624555,
      "answer_4": 2.7262726297989044,
      "answer_5": 3.6676686057770445,
      "answer_6": 4.532908654814781
    },
    "query_3": {
      "answer_1": 5.546084753561353,
      "answer_2": 5.320552076927833,
      "answer_3": 11.865327839899688,
      "answer_4": 5.733497850256541,
      "answer_5": 4.12164173551589,
      "answer_6": 6.203816921659789
    },
    "query_4": {
      "answer_1": 4.329009842504669,
      "answer_2": 3.3855331987264905,
      "answer_3": 3.130895996192271,
      "answer_4": 8.089451131330435,
      "answer_5": 3.9369224175080637,
      "answer_6": 5.316927185022053
    },
    "query_5": {
      "answer_1": 3.7017821470203565,
      "answer_2": 3.8032825297472703,
      "answer_3": 3.777994102184961,
      "answer_4": 4.883206912871064,
      "answer_5": 22.04275945159658,
      "answer_6": 3.254363185216562
    },
    "query_6": {
      "answer_1": 5.320102662179562,
      "answer_2": 5.176689101119234,
      "answer_3": 4.3302400792262485,
      "answer_4": 6.023626080058201,
      "answer_5": 4.848242747180862,
      "answer_6": 12.825345834195018
    }
  }
}