{
  "entity": "George Washington",
  "scores": {
    "query_1": {
      "answer_1": 7.791047478119374,
      "answer_2": 3.3498201231874,
      "answer_3": 3.8911251066166384,
      "answer_4": 2.615792019269632,
      "answer_5": 2.8246676897743552,
      "answer_6": 3.8630426276992704
    },
    "query_2": {
      "answer_1": 5.165000454536294,
      "answer_2": 7.803427445154806,
      "answer_3": 2.991023913686787,
      "answer_4": 2.5290374182495237,
      "answer_5": 3.112903085339157,
      "answer_6": 2.7513081573219935
    },
    "query_3": {
      "answer_1": 3.003158126109224,
      "answer_2": 3.118590774877949,
      "answer_3": 12.669587218800059,
      "answer_4": 3.077682543400541,
      "answer_5": 4.096768024742125,
      "answer_6": 3.1202956431409916
    },
    "query_4": {
      "answer_1": 4.999824288453596,
      "answer_2": 5.362282002395977,
      "answer_3": 5.3269337822520875,
      "answer_4": 9.598457494720325,
      "answer_5": 6.142129934068187,
      "answer_6": 6.292006012720664
    },
    "query_5": {
      "answer_1": 3.9453610504516448,
      "answer_2": 5.489501738987448,
      "answer_3": 2.9756377475401905,
      "answer_4": 2.33290992095789,
      "answer_5": 9.18932695958634,
      "answer_6": 3.5250512555536067
    },
    "query_6": {
      "answer_1": 4.038524744380559,
      "answer_2": 5.014586116362355,
      "answer_3": 5.333840618333297,
      "answer_4": 4.926399045476757,
      "answer_5": 6.457885477276225,
      "answer_6": 14.364241390790212
    }
  }
}