{
  "entity": "George Washington",
  "scores": {
    "query_1": {
      "answer_1": 9.971834467915704,
      "answer_2": 3.485132864944099,
      "answer_3": 3.0250006612859104,
      "answer_4": 2.565424058006378,
      "answer_5": 4.026347317316723,
      "answer_6": 2.5232737437188035
    },
    "query_2": {
      "answer_1": 2.7919925542859385,
      "answer_2": 8.418634684027811,
      "answer_3": 2.642536529765335,
      "answer_4": 3.1599109570485884,
      "answer_5": 2.5817393533325674,
      "answer_6": 2.4456212269842528
    },
    "query_3": {
      "answer_1": 3.382959889393527,
      "answer_2": 3.1833790727542244,
      "answer_3": 10.414504956850507,
      "answer_4": 2.9344824603899533,
      "answer_5": 4.505144980093274,
      "answer_6": 2.980679309936613
    },
    "query_4": {
      "answer_1": 5.48955964554387,
      "answer_2": 5.238902287185606,
      "answer_3": 5.530741881947151,
      "answer_4": 8.917200696963619,
      "answer_5": 7.200619453043812,
      "answer_6": 5.175840448646378
    },
    "query_5": {
      "answer_1": 5.658336710430229,
      "answer_2": 2.8998680406904267,
      "answer_3": 2.951942063078431,
      "answer_4": 2.1774828809475686,
      "answer_5": 10.173309441809705,
      "answer_6": 2.748615291391792
    },
    "query_6": {
      "answer_1": 5.871531857078283,
      "answer_2": 4.262870455187364,
      "answer_3": 4.511308636723931,
      "answer_4": 5.0881932146093245,
      "answer_5": 4.008561760686665,
      "answer_6": 13.254148405859656
    }
  }
}