{
  "entity": "George Washington",
  "scores": {
    "query_1": {
      "answer_1": 9.64177214140559,
      "answer_2": 2.3320918880464756,
      "answer_3": 3.4657084420969384,
      "answer_4": 2.751621215413493,
      "answer_5": 1.9386907941368987,
      "answer_6": 2.534920140328798
    },
    "query_2": {
      "answer_1": 4.056786433187556,
      "answer_2": 8.765963270189468,
      "answer_3": 4.825124504989115,
      "answer_4": 3.236564797742389,
      "answer_5": 3.4386483900098552,
      "answer_6": 3.076043136705274
    },
    "query_3": {
      "answer_1": 4.215675604144522,
      "answer_2": 2.967557980277433,
      "answer_3": 9.702217361938189,
      "answer_4": 3.0837613494902714,
      "answer_5": 3.682521990441684,
      "answer_6": 3.723744983383526
    },
    "query_4": {
      "answer_1": 2.991340924539772,
      "answer_2": 3.305954178068909,
      "answer_3": 3.787372654481814,
      "answer_4": 9.596504534229348,
      "answer_5": 4.916657669467122,
      "answer_6": 3.558346649505307
    },
    "query_5": {
      "answer_1": 3.067588474687217,
      "answer_2": 3.7185008947606715,
      "answer_3": 3.5840671707992855,
      "answer_4": 2.7519097233996463,
      "answer_5": 14.307058800132964,
      "answer_6": 6.27620226245769
    },
    "query_6": {
      "answer_1": 3.430966464263562,
      "answer_2": 2.7985746895666725,
      "answer_3": 3.0235507331012803,
      "answer_4": 2.841088312134122,
      "answer_5": 3.0337906222142945,
      "answer_6": 17.383093156715145
    }
  }
}