{
  "entity": "George Washington",
  "scores": {
    "query_1": {
      "answer_1": 11.574526281987433,
      "answer_2": 2.9180846140248144,
      "answer_3": 3.6784102723699026,
      "answer_4": 2.6020468960439134,
      "answer_5": 3.5926131757977493,
      "answer_6": 3.655177829307465
    },
    "query_2": {
      "answer_1": 6.811403608087327,
      "answer_2": 14.102190917655536,
      "answer_3": 6.789946692731405,
      "answer_4": 4.020952719280836,
      "answer_5": 4.44658296634973,
      "answer_6": 5.723339413856756
    },
    "query_3": {
      "answer_1": 5.18444028030579,
      "answer_2": 4.504922899137364,
      "answer_3": 10.224589088737535,
      "answer_4": 4.158946593398649,
      "answer_5": 4.54725652354499,
      "answer_6": 3.45870164519967
    },
    "query_4": {
      "answer_1": 7.580282266814013,
      "answer_2": 6.135555153218677,
      "answer_3": 8.961732375785063,
      "answer_4": 8.213706115684626,
      "answer_5": 6.920784935190379,
      "answer_6": 6.462296768888334
    },
    "query_5": {
      "answer_1": 5.452797241158574,
      "answer_2": 5.794612514571665,
      "answer_3": 5.711749713246309,
      "answer_4": 4.938248670329598,
      "answer_5": 11.499399975554395,
      "answer_6": 6.691650738790993
    },
    "query_6": {
      "answer_1": 4.370559348231051,
      "answer_2": 3.9523951253008027,
      "answer_3": 4.362962773106021,
      "answer_4": 4.240107258072916,
      "answer_5": 5.318553246967537,
      "answer_6": 15.545919905226244
    }
  }
}