{
  "entity": "George Washington",
  "scores": {
    "query_1": {
      "answer_1": 7.362897921796166,
      "answer_2": 5.579582080327463,
      "answer_3": 3.26373178235185,
      "answer_4": 3.4893807764992046,
      "answer_5": 5.566271064423206,
      "answer_6": 3.192624438144254
    },
    "query_2": {
      "answer_1": 5.407210393625538,
      "answer_2": 11.144930244588107,
      "answer_3": 3.944957293815863,
      "answer_4": 3.5124369395443518,
      "answer_5": 5.687645918684931,
      "answer_6": 4.212573021300798
    },
    "query_3": {
      "answer_1": 5.5186913642015485,
      "answer_2": 5.546947737661894,
      "answer_3": 10.81208153867156,
      "answer_4": 5.782949823732704,
      "answer_5": 6.107630257284249,
      "answer_6": 5.476627851737107
    },
    "query_4": {
      "answer_1": 4.646264489797213,
      "answer_2": 5.025230327499944,
      "answer_3": 3.494577902675378,
      "answer_4": 11.631619020054465,
      "answer_5": 5.486550242706792,
      "answer_6": 6.668587876900775
    },
    "query_5": {
      "answer_1": 4.628738477687989,
      "answer_2": 5.910988458512121,
      "answer_3": 4.512685611068976,
      "answer_4": 3.677212588264669,
      "answer_5": 21.241712240178803,
      "answer_6": 5.877938120952862
    },
    "query_6": {
      "answer_1": 6.781273187676239,
      "answer_2": 7.567049591407528,
      "answer_3": 5.902659936361744,
      "answer_4": 7.028180804888374,
      "answer_5": 7.753430845541591,
      "answer_6": 17.35766887216714
    }
  }
}