{
  "entity": "George Washington",
  "scores": {
    "query_1": {
      "answer_1": 8.018080580081218,
      "answer_2": 3.208843240065788,
      "answer_3": 2.8716833898935548,
      "answer_4": 2.783159418767613,
      "answer_5": 4.606981849395864,
      "answer_6": 6.224066103008395
    },
    "query_2": {
      "answer_1": 7.116781540754218,
      "answer_2": 12.464918296820398,
      "answer_3": 4.7782706979017044,
      "answer_4": 4.200937553363604,
      "answer_5": 4.8382939815568795,
      "answer_6": 4.035936014837578
    },
    "query_3": {
      "answer_1": 3.72510785824246,
      "answer_2": 3.5791534306530592,
      "answer_3": 10.54222484133286,
      "answer_4": 4.117112477185855,
      "answer_5": 4.914492109894403,
      "answer_6": 3.9176902931691067
    },
    "query_4": {
      "answer_1": 6.731405629565665,
      "answer_2": 5.692256990634162,
      "answer_3": 6.60563867291041,
      "answer_4": 9.901902049965662,
      "answer_5": 8.322689915584553,
      "answer_6": 7.522822993690571
    },
    "query_5": {
      "answer_1": 5.594518663785445,
      "answer_2": 5.7447319430747825,
      "answer_3": 5.8072219347387835,
      "answer_4": 5.89623480323924,
      "answer_5": 15.22481489425012,
      "answer_6": 4.929542716059306
    },
    "query_6": {
      "answer_1": 5.572294601051078,
      "answer_2": 3.550921056787949,
      "answer_3": 3.8842755169791197,
      "answer_4": 3.964429723722133,
      "answer_5": 5.8537775754163235,
      "answer_6": 16.933363189076903
    }
  }
}