{
  "entity": "George Washington",
  "scores": {
    "query_1": {
      "answer_1": 8.689034969584485,
      "answer_2": 3.953065650177783,
      "answer_3": 4.2167006273127505,
      "answer_4": 3.4733559507580787,
      "answer_5": 2.6934469463976054,
      "answer_6": 3.4878159285938635
    },
    "query_2": {
      "answer_1": 4.590273494572098,
      "answer_2": 10.91385653527414,
      "answer_3": 4.533550935022519,
      "answer_4": 2.93146133662845,
      "answer_5": 3.079197375436571,
      "answer_6": 3.1289365610128765
    },
    "query_3": {
      "answer_1": 3.0421098321511306,
      "answer_2": 3.1886393768890278,
      "answer_3": 11.62927016313045,
      "answer_4": 2.720755974573653,
      "answer_5": 3.9638455480913075,
      "answer_6": 3.1206004983571707
    },
    "query_4": {
      "answer_1": 5.504581593821541,
      "answer_2": 5.690037101363474,
      "answer_3": 5.288153972270361,
      "answer_4": 8.62523181578674,
      "answer_5": 5.645507759711897,
      "answer_6": 6.5892198376144835
    },
    "query_5": {
      "answer_1": 5.848846704698207,
      "answer_2": 3.075923315787036,
      "answer_3": 3.0658197517370973,
      "answer_4": 2.731524996368799,
      "answer_5": 10.198354105341302,
      "answer_6": 2.966491223882275
    },
    "query_6": {
      "answer_1": 3.3028434111574496,
      "answer_2": 3.869851295613394,
      "answer_3": 4.160544698833109,
      "answer_4": 3.62690573269892,
      "answer_5": 4.098839212082966,
      "answer_6": 11.85800957833539
    }
  }
}