{
  "entity": "George Washington",
  "scores": {
    "query_1": {
      "answer_1": 9.179306942448704,
      "answer_2": 3.455022344075969,
      "answer_3": 3.5011974656919884,
      "answer_4": 2.2154548530548075,
      "answer_5": 3.404170459508906,
      "answer_6": 3.1929386195780656
    },
    "query_2": {
      "answer_1": 4.294503910071897,
      "answer_2": 7.673702367942595,
      "answer_3": 3.521191088582875,
      "answer_4": 2.215454853054807,
      "answer_5": 2.548627484570766,
      "answer_6": 2.8218600317045057
    },
    "query_3": {
      "answer_1": 3.300370662562097,
      "answer_2": 3.1525561903543804,
      "answer_3": 11.284609501255465,
      "answer_4": 2.6912857715250245,
      "answer_5": 3.6938268649081443,
      "answer_6": 3.3670733787304306
    },
    "query_4": {
      "answer_1": 5.017165297341745,
      "answer_2": 4.739591249108256,
      "answer_3": 6.613858804075771,
      "answer_4": 8.912116157228821,
      "answer_5": 6.0125804124881395,
      "answer_6": 5.061648496131297
    },
    "query_5": {
      "answer_1": 6.070692669822792,
      "answer_2": 2.864603548265459,
      "answer_3": 2.2610516637438764,
      "answer_4": 2.0707300780257105,
      "answer_5": 15.794882360405243,
      "answer_6": 2.8847520698094486
    },
    "query_6": {
      "answer_1": 4.8396895202936125,
      "answer_2": 5.536739245901676,
      "answer_3": 4.092417827692585,
      "answer_4": 3.5225852041683026,
      "answer_5": 4.581436212958327,
      "answer_6": 12.963895165062159
    }
  }
}