{
  "entity": "George Washington",
  "scores": {
    "query_1": {
      "answer_1": 7.896480860558327,
      "answer_2": 4.11347054019285,
      "answer_3": 2.880993064192463,
      "answer_4": 2.654085780769638,
      "answer_5": 2.6382498766311024,
      "answer_6": 2.57516589652914
    },
    "query_2": {
      "answer_1": 3.193233962435539,
      "answer_2": 11.856574141820046,
      "answer_3": 3.114274106421398,
      "answer_4": 3.031772773494367,
      "answer_5": 2.427410300750218,
      "answer_6": 3.033922802696891
    },
    "query_3": {
      "answer_1": 2.555541400032727,
      "answer_2": 3.3338954995328858,
      "answer_3": 11.275921090004719,
      "answer_4": 2.742609591327563,
      "answer_5": 4.102106572241143,
      "answer_6": 2.9397054157663565
    },
    "query_4": {
      "answer_1": 5.391613013859104,
      "answer_2": 4.452946332270977,
      "answer_3": 4.962094297463308,
      "answer_4": 12.95087982637312,
      "answer_5": 5.835665255927364,
      "answer_6": 4.840744102727669
    },
    "query_5": {
      "answer_1": 3.5231166921530757,
      "answer_2": 2.965393988679205,
      "answer_3": 2.345169845914905,
      "answer_4": 2.280333658181045,
      "answer_5": 15.243108258206032,
      "answer_6": 2.7505340013301076
    },
    "query_6": {
      "answer_1": 5.539647541086503,
      "answer_2": 3.993088074019066,
      "answer_3": 4.345364946052048,
      "answer_4": 5.247601014321841,
      "answer_5": 4.502962007949368,
      "answer_6": 14.073420408718693
    }
  }
}