{
  "entity": "George Washington",
  "scores": {
    "query_1": {
      "answer_1": 8.651881039574988,
      "answer_2": 3.5121233121343236,
      "answer_3": 5.11303190718192,
      "answer_4": 2.947361077726654,
      "answer_5": 4.002176637317553,
      "answer_6": 2.6010783459674753
    },
    "query_2": {
      "answer_1": 6.2619269538776585,
      "answer_2": 12.735325996326269,
      "answer_3": 4.055258143093139,
      "answer_4": 3.7233042544922,
      "answer_5": 3.7008822742970024,
      "answer_6": 3.067627316417184
    },
    "query_3": {
      "answer_1": 4.054083835228696,
      "answer_2": 3.720416762175317,
      "answer_3": 9.08622254769174,
      "answer_4": 4.076834980775802,
      "answer_5": 4.982134519375509,
      "answer_6": 3.4217955735457
    },
    "query_4": {
      "answer_1": 8.73378680621053,
      "answer_2": 6.6072813010662985,
      "answer_3": 8.045538801751839,
      "answer_4": 14.821950283783597,
      "answer_5": 7.760708666779279,
      "answer_6": 7.334188665825332
    },
    "query_5": {
      "answer_1": 3.4964832798258754,
      "answer_2": 4.719912264436041,
      "answer_3": 4.881826827812393,
      "answer_4": 3.425230302206572,
      "answer_5": 15.774040344361321,
      "answer_6": 3.2968223534917582
    },
    "query_6": {
      "answer_1": 4.925253346314224,
      "answer_2": 3.7331824118974573,
      "answer_3": 4.764576439544681,
      "answer_4": 5.588765848465776,
      "answer_5": 4.168255601144352,
      "answer_6": 15.149026380703269
    }
  }
}