{
  "entity": "George Washington",
  "scores": {
    "query_1": {
      "answer_1": 11.726157795819399,
      "answer_2": 4.135573662482686,
      "answer_3": 2.9366408500302827,
      "answer_4": 3.279985741105806,
      "answer_5": 4.851247153828895,
      "answer_6": 4.881222901180972
    },
    "query_2": {
      "answer_1": 5.188019543172079,
      "answer_2": 15.099952720514274,
      "answer_3": 4.165213410585758,
      "answer_4": 3.971470979854192,
      "answer_5": 3.6564152987352045,
      "answer_6": 4.874134309592487
    },
    "query_3": {
      "answer_1": 6.011032672303305,
      "answer_2": 7.414128235220502,
      "answer_3": 9.415290590919973,
      "answer_4": 5.7525052626436946,
      "answer_5": 5.995713538710169,
      "answer_6": 5.496526069739256
    },
    "query_4": {
      "answer_1": 4.556909216078298,
      "answer_2": 3.9703272378312655,
      "answer_3": 4.296631378871312,
      "answer_4": 10.024376057420897,
      "answer_5": 6.406598080227244,
      "answer_6": 5.249068002464947
    },
    "query_5": {
      "answer_1": 3.485074505029949,
      "answer_2": 3.471157029531919,
      "answer_3": 2.991995624304766,
      "answer_4": 3.160119600768907,
      "answer_5": 10.931160153916636,
      "answer_6": 5.055703440311855
    },
    "query_6": {
      "answer_1": 5.13544804413487,
      "answer_2": 4.68979529248883,
      "answer_3": 4.069992120661192,
      "answer_4": 4.278007114153186,
      "answer_5": 6.029634135349826,
      "answer_6": 15.2547362040429
    }
  }
}