{
  "entity": "George Washington",
  "scores": {
    "query_1": {
      "answer_1": 10.070507169543776,
      "answer_2": 3.1345896689827373,
      "answer_3": 3.0620279383728324,
      "answer_4": 3.4896485226184764,
      "answer_5": 2.78955625539259,
      "answer_6": 3.999040043585498
    },
    "query_2": {
      "answer_1": 6.784264122317646,
      "answer_2": 14.320714374701273,
      "answer_3": 5.114126458947672,
      "answer_4": 4.8095263353966775,
      "answer_5": 4.714058765386283,
      "answer_6": 3.9446921887007678
    },
    "query_3": {
      "answer_1": 4.043648776754755,
      "answer_2": 3.915809065610615,
      "answer_3": 11.23275082063886,
      "answer_4": 3.6942764071011034,
      "answer_5": 3.8664674254585436,
      "answer_6": 3.9757050319907683
    },
    "query_4": {
      "answer_1": 8.633435138901882,
      "answer_2": 7.301483701059318,
      "answer_3": 9.630367717821843,
      "answer_4": 10.581030378578753,
      "answer_5": 7.114986165373092,
      "answer_6": 8.84808280834814
    },
    "query_5": {
      "answer_1": 4.481266130876814,
      "answer_2": 5.039199425230182,
      "answer_3": 4.996091537345093,
      "answer_4": 5.506972484689793,
      "answer_5": 13.551263467715213,
      "answer_6": 4.922495073453866
    },
    "query_6": {
      "answer_1": 5.605648354650741,
      "answer_2": 5.102483484307639,
      "answer_3": 4.923125824875859,
      "answer_4": 4.662182259169865,
      "answer_5": 4.454439084814341,
      "answer_6": 11.99673311514278
    }
  }
}