{
  "entity": "George Washington",
  "scores": {
    "query_1": {
      "answer_1": 9.342624903648794,
      "answer_2": 2.1980108604643602,
      "answer_3": 3.3963922842630603,
      "answer_4": 2.4482583337052715,
      "answer_5": 2.7177881221249915,
      "answer_6": 2.2893393504804425
    },
    "query_2": {
      "answer_1": 3.568933098446516,
      "answer_2": 15.695354572082397,
      "answer_3": 3.941409289593442,
      "answer_4": 2.557430949507735,
      "answer_5": 2.9813327008653787,
      "answer_6": 4.141463762869859
    },
    "query_3": {
      "answer_1": 4.060536109459326,
      "answer_2": 4.085200774045144,
      "answer_3": 12.379222415142552,
      "answer_4": 3.498843698483694,
      "answer_5": 3.464164435873796,
      "answer_6": 5.636454667179736
    },
    "query_4": {
      "answer_1": 2.6911968934129145,
      "answer_2": 3.151355014929761,
      "answer_3": 2.9860533512319996,
      "answer_4": 12.407786899684677,
      "answer_5": 3.4541144517413933,
      "answer_6": 3.1227665571294003
    },
    "query_5": {
      "answer_1": 4.638989041831235,
      "answer_2": 3.6296620163573383,
      "answer_3": 3.019029963907381,
      "answer_4": 2.666603565310199,
      "answer_5": 13.598151408091013,
      "answer_6": 3.568296347825156
    },
    "query_6": {
      "answer_1": 4.860901716886375,
      "answer_2": 4.686766194153307,
      "answer_3": 6.479921639024537,
      "answer_4": 5.837136885273356,
      "answer_5": 4.12569386375881,
      "answer_6": 9.172231742374342
    }
  }
}