{
  "entity": "George Washington",
  "scores": {
    "query_1": {
      "answer_1": 8.576475637832091,
      "answer_2": 3.07648189020279,
      "answer_3": 2.9345854515806544,
      "answer_4": 2.9576621497301727,
      "answer_5": 5.35404778145339,
      "answer_6": 2.880967214913699
    },
    "query_2": {
      "answer_1": 3.9816272927659444,
      "answer_2": 14.085094090183881,
      "answer_3": 5.496770029819849,
      "answer_4": 3.920086434832722,
      "answer_5": 3.602769608250225,
      "answer_6": 5.063467171477095
    },
    "query_3": {
      "answer_1": 4.581561509009118,
      "answer_2": 6.6230106204687935,
      "answer_3": 9.03014411789019,
      "answer_4": 5.197687743567457,
      "answer_5": 5.322633625285391,
      "answer_6": 5.315766887982534
    },
    "query_4": {
      "answer_1": 5.077862235587889,
      "answer_2": 5.9525518626394645,
      "answer_3": 5.1034595990947835,
      "answer_4": 11.335022281348685,
      "answer_5": 5.570759241384642,
      "answer_6": 6.407062504649075
    },
    "query_5": {
      "answer_1": 3.579463951247633,
      "answer_2": 4.193001658558388,
      "answer_3": 3.196466983722969,
      "answer_4": 3.3750291366751455,
      "answer_5": 13.006779648879261,
      "answer_6": 4.074349830049549
    },
    "query_6": {
      "answer_1": 5.906170249255949,
      "answer_2": 5.066669755250098,
      "answer_3": 6.092216393291599,
      "answer_4": 4.821613418607656,
      "answer_5": 4.461995813386121,
      "answer_6": 18.152076922640017
    }
  }
}