{
  "entity": "George Washington",
  "scores": {
    "query_1": {
      "answer_1": 8.384765532969233,
      "answer_2": 5.103302323746485,
      "answer_3": 3.0446172115542596,
      "answer_4": 2.804412642745499,
      "answer_5": 3.763831570986114,
      "answer_6": 3.27636420262897
    },
    "query_2": {
      "answer_1": 4.3683794291015206,
      "answer_2": 11.89367236027895,
      "answer_3": 5.2612367238154905,
      "answer_4": 3.9105029972892016,
      "answer_5": 4.572437910236627,
      "answer_6": 4.935936942669003
    },
    "query_3": {
      "answer_1": 4.015352898318201,
      "answer_2": 3.9677287333510436,
      "answer_3": 11.049218233976925,
      "answer_4": 5.1010851551257534,
      "answer_5": 4.927802020376838,
      "answer_6": 3.739373383101283
    },
    "query_4": {
      "answer_1": 6.018502101681885,
      "answer_2": 4.901299979396989,
      "answer_3": 4.741005328658432,
      "answer_4": 9.374204868194571,
      "answer_5": 4.848867077243539,
      "answer_6": 7.199976733072286
    },
    "query_5": {
      "answer_1": 3.9983231296062423,
      "answer_2": 4.19518162903861,
      "answer_3": 4.947083892380105,
      "answer_4": 3.5894176022150566,
      "answer_5": 20.827987982841275,
      "answer_6": 3.832908795728751
    },
    "query_6": {
      "answer_1": 5.2726965599327364,
      "answer_2": 3.84058403680306,
      "answer_3": 4.189395176906342,
      "answer_4": 3.5814110851535457,
      "answer_5": 3.390681249636742,
      "answer_6": 18.909555161785008
    }
  }
}