{
  "entity": "George Washington",
  "scores": {
    "query_1": {
      "answer_1": 8.223367375746522,
      "answer_2": 3.1267146939319046,
      "answer_3": 2.9416891253639754,
      "answer_4": 2.9374108380776076,
      "answer_5": 4.006562632611458,
      "answer_6": 5.006617815592785
    },
    "query_2": {
      "answer_1": 4.7894020717209935,
      "answer_2": 8.243712693653116,
      "answer_3": 3.621016307004912,
      "answer_4": 2.5894572292942177,
      "answer_5": 3.2565566755734454,
      "answer_6": 3.2879933448032017
    },
    "query_3": {
      "answer_1": 5.8547107096625375,
      "answer_2": 6.517556748144783,
      "answer_3": 8.656868395966805,
      "answer_4": 4.821688178926662,
      "answer_5": 6.048314267681334,
      "answer_6": 7.4925298856544975
    },
    "query_4": {
      "answer_1": 3.5827825897755607,
      "answer_2": 3.798795687760662,
      "answer_3": 3.825776529698381,
      "answer_4": 7.769638657263121,
      "answer_5": 3.9052828611806123,
      "answer_6": 5.465638187657984
    },
    "query_5": {
      "answer_1": 3.9297239145284095,
      "answer_2": 5.9007084423947465,
      "answer_3": 3.420839895404102,
      "answer_4": 2.8431319090709164,
      "answer_5": 11.45760836928821,
      "answer_6": 5.9985809838009025
    },
    "query_6": {
      "answer_1": 5.02142913483139,
      "answer_2": 4.358905551586533,
      "answer_3": 4.318791414308433,
      "answer_4": 4.695639564268038,
      "answer_5": 4.956847602735396,
      "answer_6": 15.420450880604136
    }
  }
}