{
  "entity": "George Washington",
  "scores": {
    "query_1": {
      "answer_1": 5.426044562559335,
      "answer_2": 2.3739921401769015,
      "answer_3": 2.6005868701827937,
      "answer_4": 1.4941647022620628,
      "answer_5": 2.7711790331271695,
      "answer_6": 3.5294372936800555
    },
    "query_2": {
      "answer_1": 1.9520148877210524,
      "answer_2": 8.456786417398195,
      "answer_3": 2.2843967301644086,
      "answer_4": 2.5683758040267306,
      "answer_5": 1.9633256645484116,
      "answer_6": 1.9506905278426014
    },
    "query_3": {
      "answer_1": 2.740860793698503,
      "answer_2": 2.263041187291952,
      "answer_3": 10.534205891599427,
      "answer_4": 2.8892051210303586,
      "answer_5": 2.567963831774281,
      "answer_6": 3.2923752392228818
    },
    "query_4": {
      "answer_1": 4.517422766437297,
      "answer_2": 4.035392718072251,
      "answer_3": 6.622975642471704,
      "answer_4": 9.759130254237466,
      "answer_5": 5.266665302618308,
      "answer_6": 3.9573405760537623
    },
    "query_5": {
      "answer_1": 1.9283034233856367,
      "answer_2": 2.092349035225277,
      "answer_3": 2.2843967301644086,
      "answer_4": 1.6436922536242375,
      "answer_5": 14.255670297997817,
      "answer_6": 3.3932379410586533
    },
    "query_6": {
      "answer_1": 3.147007697691944,
      "answer_2": 4.776020864505833,
      "answer_3": 4.010969630901282,
      "answer_4": 2.262596789324209,
      "answer_5": 3.6973912102243607,
      "answer_6": 8.091554613366931
    }
  }
}