{
  "entity": "George Washington",
  "scores": {
    "query_1": {
      "answer_1": 9.622124111103693,
      "answer_2": 3.986691702176681,
      "answer_3": 3.4441478808334787,
      "answer_4": 3.0318770271357054,
      "answer_5": 4.121802114301364,
      "answer_6": 5.20392903752177
    },
    "query_2": {
      "answer_1": 7.559235421594675,
      "answer_2": 10.91227746973949,
      "answer_3": 4.3657192739516955,
      "answer_4": 3.5547349666916057,
      "answer_5": 4.555023890163859,
      "answer_6": 3.9709933338075647
    },
    "query_3": {
      "answer_1": 8.124473401662117,
      "answer_2": 6.225825722542631,
      "answer_3": 8.158619558080568,
      "answer_4": 6.268324955852333,
      "answer_5": 6.741613079111128,
      "answer_6": 5.921917928234765
    },
    "query_4": {
      "answer_1": 6.640448181435505,
      "answer_2": 5.152677860147409,
      "answer_3": 5.849178362637527,
      "answer_4": 11.123693281535093,
      "answer_5": 7.310507029412835,
      "answer_6": 5.936374811113578
    },
    "query_5": {
      "answer_1": 4.981371022351912,
      "answer_2": 3.6795608761324248,
      "answer_3": 3.1056173458489873,
      "answer_4": 3.291526431123894,
      "answer_5": 12.578278191482193,
      "answer_6": 5.456710291167237
    },
    "query_6": {
      "answer_1": 5.660394100637145,
      "answer_2": 5.721838554034929,
      "answer_3": 5.6334804362203075,
      "answer_4": 5.429819420913476,
      "answer_5": 5.823693106009643,
      "answer_6": 17.42343004089981
    }
  }
}