{
  "entity": "George Washington",
  "scores": {
    "query_1": {
      "answer_1": 9.049418250060224,
      "answer_2": 3.060208353280309,
      "answer_3": 3.7005919900175925,
      "answer_4": 2.854820718878666,
      "answer_5": 2.9751776530149647,
      "answer_6": 5.135259327570711
    },
    "query_2": {
      "answer_1": 5.013303248668871,
      "answer_2": 8.738453882463206,
      "answer_3": 3.24064313284223,
      "answer_4": 2.5702830834775865,
      "answer_5": 2.730764152727614,
      "answer_6": 2.4717554905091723
    },
    "query_3": {
      "answer_1": 3.3718008183284494,
      "answer_2": 3.227870110817859,
      "answer_3": 13.631612576433668,
      "answer_4": 2.8826297651278554,
      "answer_5": 3.4514329899943452,
      "answer_6": 4.804833432889272
    },
    "query_4": {
      "answer_1": 5.5208716978882215,
      "answer_2": 4.926221492481936,
      "answer_3": 6.5131414996341634,
      "answer_4": 9.342267202256785,
      "answer_5": 5.892444363112506,
      "answer_6": 7.362716035946799
    },
    "query_5": {
      "answer_1": 5.804582496501076,
      "answer_2": 2.551558256977146,
      "answer_3": 2.736624329449902,
      "answer_4": 2.531178734657577,
      "answer_5": 9.815835040091187,
      "answer_6": 5.704766481723545
    },
    "query_6": {
      "answer_1": 4.332620649190414,
      "answer_2": 4.5468977224457605,
      "answer_3": 5.164807668441873,
      "answer_4": 5.664745251035297,
      "answer_5": 5.136977128132937,
      "answer_6": 15.210085861774534
    }
  }
}