{
  "entity": "George Washington",
  "scores": {
    "query_1": {
      "answer_1": 10.056324456930394,
      "answer_2": 3.261738364948591,
      "answer_3": 2.839330836631865,
      "answer_4": 2.842949691142201,
      "answer_5": 3.149002901471925,
      "answer_6": 2.9472663257141987
    },
    "query_2": {
      "answer_1": 4.115169398595795,
      "answer_2": 14.076752434864412,
      "answer_3": 3.9219340174721475,
      "answer_4": 3.262225663475536,
      "answer_5": 3.2463893062904847,
      "answer_6": 2.811587553135833
    },
    "query_3": {
      "answer_1": 3.9594312601335666,
      "answer_2": 3.268248193162025,
      "answer_3": 9.972739258752918,
      "answer_4": 4.459211482214208,
      "answer_5": 4.2603648343641565,
      "answer_6": 3.180608306927209
    },
    "query_4": {
      "answer_1": 4.209101603630962,
      "answer_2": 3.866899847123208,
      "answer_3": 4.330936635307093,
      "answer_4": 10.34004156127942,
      "answer_5": 4.633718259133689,
      "answer_6": 4.155987148807437
    },
    "query_5": {
      "answer_1": 3.3026988436806004,
      "answer_2": 2.9756175488329237,
      "answer_3": 3.173588064227856,
      "answer_4": 3.8067131727651993,
      "answer_5": 14.213798371982257,
      "answer_6": 3.5401804155675003
    },
    "query_6": {
      "answer_1": 4.140397208421887,
      "answer_2": 3.2897522812290934,
      "answer_3": 3.5786596983537025,
      "answer_4": 3.5730796900845694,
      "answer_5": 3.167170451793034,
      "answer_6": 18.730651424317156
    }
  }
}