{
  "entity": "George Washington",
  "scores": {
    "query_1": {
      "answer_1": 9.635421162813866,
      "answer_2": 3.9407786706951002,
      "answer_3": 4.122943156133373,
      "answer_4": 3.0804832853490116,
      "answer_5": 3.1010436527565846,
      "answer_6": 3.260208977279046
    },
    "query_2": {
      "answer_1": 4.145627856566472,
      "answer_2": 11.047748532748276,
      "answer_3": 4.496696486096734,
      "answer_4": 3.267077730334509,
      "answer_5": 3.5356057308098974,
      "answer_6": 4.079253718156824
    },
    "query_3": {
      "answer_1": 5.451884540404774,
      "answer_2": 8.516229833348476,
      "answer_3": 8.62798892072348,
      "answer_4": 5.141426941883759,
      "answer_5": 4.540696381403527,
      "answer_6": 4.571185100531126
    },
    "query_4": {
      "answer_1": 4.483491048887239,
      "answer_2": 4.794224206990246,
      "answer_3": 3.935318981111427,
      "answer_4": 8.952033439020251,
      "answer_5": 4.512612560875654,
      "answer_6": 4.381778277716791
    },
    "query_5": {
      "answer_1": 3.6532854813335907,
      "answer_2": 3.784496482571857,
      "answer_3": 4.333856690984465,
      "answer_4": 3.777690690005743,
      "answer_5": 8.35568981911165,
      "answer_6": 4.26206409914382
    },
    "query_6": {
      "answer_1": 5.700490643158444,
      "answer_2": 4.771549798119345,
      "answer_3": 5.3687421344486355,
      "answer_4": 4.60512150039029,
      "answer_5": 5.319056069853591,
      "answer_6": 19.482170288914677
    }
  }
}