{
  "entity": "George Washington",
  "scores": {
    "query_1": {
      "answer_1": 6.390668685076307,
      "answer_2": 4.364561587861159,
      "answer_3": 3.3621056540191785,
      "answer_4": 2.485401334992476,
      "answer_5": 5.117596956575381,
      "answer_6": 3.6698187463995797
    },
    "query_2": {
      "answer_1": 6.2421630257535226,
      "answer_2": 11.712591973979002,
      "answer_3": 4.202909595766357,
      "answer_4": 3.456864748943273,
      "answer_5": 4.101196299435264,
      "answer_6": 4.010873199626883
    },
    "query_3": {
      "answer_1": 5.75511455331102,
      "answer_2": 5.589768202006481,
      "answer_3": 11.187859070204498,
      "answer_4": 4.936901861861441,
      "answer_5": 5.134559091563753,
      "answer_6": 6.020541721800956
    },
    "query_4": {
      "answer_1": 3.7583111719505813,
      "answer_2": 3.3639609348751085,
      "answer_3": 3.3052771751652985,
      "answer_4": 10.68331375556306,
      "answer_5": 3.376799885259067,
      "answer_6": 3.9926416720536353
    },
    "query_5": {
      "answer_1": 3.7779084778497705,
      "answer_2": 4.632075832207609,
      "answer_3": 3.995888722008821,
      "answer_4": 5.3085715688374755,
      "answer_5": 19.70548947413295,
      "answer_6": 3.505590051628952
    },
    "query_6": {
      "answer_1": 6.714778352899621,
      "answer_2": 5.5375038948849555,
      "answer_3": 5.686401541041101,
      "answer_4": 5.02561075931377,
      "answer_5": 6.466900976625564,
      "answer_6": 13.53281943090706
    }
  }
}