{
  "entity": "George Washington",
  "scores": {
    "query_1": {
      "answer_1": 7.1291014761777785,
      "answer_2": 4.875458066336429,
      "answer_3": 2.6585297557856356,
      "answer_4": 2.852239992305299,
      "answer_5": 3.0364794551691676,
      "answer_6": 2.8803816783456533
    },
    "query_2": {
      "answer_1": 3.7556798490000025,
      "answer_2": 12.843953675614884,
      "answer_3": 4.112007258366151,
      "answer_4": 3.702737787192679,
      "answer_5": 3.3774000408744578,
      "answer_6": 3.793961634918614
    },
    "query_3": {
      "answer_1": 4.4324297107453585,
      "answer_2": 3.7638680912779607,
      "answer_3": 6.81341060042672,
      "answer_4": 4.547436212186087,
      "answer_5": 4.4438853159725635,
      "answer_6": 4.845774244503148
    },
    "query_4": {
      "answer_1": 5.361423265389346,
      "answer_2": 3.095119943263831,
      "answer_3": 3.645953057109857,
      "answer_4": 9.2413472251458,
      "answer_5": 4.264227712123211,
      "answer_6": 4.178428442328325
    },
    "query_5": {
      "answer_1": 4.55040889664146,
      "answer_2": 3.2242541979981154,
      "answer_3": 2.6585297557856356,
      "answer_4": 2.852239992305299,
      "answer_5": 12.577664254966347,
      "answer_6": 3.520496141582533
    },
    "query_6": {
      "answer_1": 3.815386432152893,
      "answer_2": 2.9202510519380214,
      "answer_3": 2.658529755785636,
      "answer_4": 3.101862958313155,
      "answer_5": 2.833663504137284,
      "answer_6": 13.170857585898625
    }
  }
}