{
  "entity": "George Washington",
  "scores": {
    "query_1": {
      "answer_1": 5.15740430959669,
      "answer_2": 2.273602623011322,
      "answer_3": 2.268408876164814,
      "answer_4": 1.6473304955921655,
      "answer_5": 2.272624399093263,
      "answer_6": 3.667455757865478
    },
    "query_2": {
      "answer_1": 2.748443070271166,
      "answer_2": 8.516644592870234,
      "answer_3": 2.5577163937105514,
      "answer_4": 2.0230567938066284,
      "answer_5": 2.0609623035684446,
      "answer_6": 2.095573118036558
    },
    "query_3": {
      "answer_1": 2.221696244594347,
      "answer_2": 2.2053814054318313,
      "answer_3": 9.809830486027407,
      "answer_4": 2.932256724742361,
      "answer_5": 2.4252393999959305,
      "answer_6": 3.6356553294048783
    },
    "query_4": {
      "answer_1": 3.9406670457584108,
      "answer_2": 4.113014215156472,
      "answer_3": 5.20699321108234,
      "answer_4": 11.201359756462036,
      "answer_5": 4.545712684397916,
      "answer_6": 4.600536685698165
    },
    "query_5": {
      "answer_1": 2.119490913287686,
      "answer_2": 2.0807471767348265,
      "answer_3": 2.0086736825233134,
      "answer_4": 1.7865244191809642,
      "answer_5": 13.20457371939477,
      "answer_6": 3.380297715067274
    },
    "query_6": {
      "answer_1": 4.439996042511707,
      "answer_2": 3.3820541268887125,
      "answer_3": 3.4430910921647193,
      "answer_4": 2.7421063399993373,
      "answer_5": 3.5600926887022553,
      "answer_6": 10.2434439101201
    }
  }
}