{
  "entity": "George Washington",
  "scores": {
    "query_1": {
      "answer_1": 7.368490910966676,
      "answer_2": 3.2493134565079274,
      "answer_3": 2.680898889836391,
      "answer_4": 2.1860241609733855,
      "answer_5": 3.236701932939579,
      "answer_6": 2.736305711957158
    },
    "query_2": {
      "answer_1": 4.266219563867496,
      "answer_2": 9.06459149742441,
      "answer_3": 4.2738196434129065,
      "answer_4": 2.827975612403598,
      "answer_5": 3.4662887036902514,
      "answer_6": 4.147171084541672
    },
    "query_3": {
      "answer_1": 4.520685614850142,
      "answer_2": 5.936365285457912,
      "answer_3": 9.991484306480626,
      "answer_4": 3.053070421050137,
      "answer_5": 5.266504361327485,
      "answer_6": 3.8192658859007187
    },
    "query_4": {
      "answer_1": 5.391984117660218,
      "answer_2": 3.267485118311579,
      "answer_3": 3.371600721926501,
      "answer_4": 9.787757401268271,
      "answer_5": 3.5520971660541028,
      "answer_6": 4.007502486036335
    },
    "query_5": {
      "answer_1": 3.8891437146189993,
      "answer_2": 4.0754328671040145,
      "answer_3": 3.9512881857029174,
      "answer_4": 2.7518774622167683,
      "answer_5": 16.787559766316228,
      "answer_6": 3.647011536441118
    },
    "query_6": {
      "answer_1": 5.440218619396949,
      "answer_2": 4.386967701880743,
      "answer_3": 4.537030186440316,
      "answer_4": 3.772862046193987,
      "answer_5": 4.325773381738881,
      "answer_6": 16.48633542829651
    }
  }
}