{
  "entity": "George Washington",
  "scores": {
    "query_1": {
      "answer_1": 8.240948791527204,
      "answer_2": 2.323462564568613,
      "answer_3": 3.3125599337700784,
      "answer_4": 1.6284608500376572,
      "answer_5": 1.9537681022476012,
      "answer_6": 2.1825323526080296
    },
    "query_2": {
      "answer_1": 2.6063807183435608,
      "answer_2": 14.541639462544227,
      "answer_3": 3.6757467287123333,
      "answer_4": 2.028288276943332,
      "answer_5": 2.787020830579047,
      "answer_6": 3.8609444560801096
    },
    "query_3": {
      "answer_1": 4.7636665310015,
      "answer_2": 3.7050447572190746,
      "answer_3": 9.891214970551825,
      "answer_4": 3.259559107641987,
      "answer_5": 3.4596425627217102,
      "answer_6": 4.191882136537758
    },
    "query_4": {
      "answer_1": 3.3954273318005415,
      "answer_2": 2.98222605306979,
      "answer_3": 3.861978612110449,
      "answer_4": 6.814270762498322,
      "answer_5": 3.109434947614342,
      "answer_6": 2.8639160769707583
    },
    "query_5": {
      "answer_1": 5.405986966764404,
      "answer_2": 4.682081106027155,
      "answer_3": 4.900835921756684,
      "answer_4": 3.3584941815706117,
      "answer_5": 12.460013926878702,
      "answer_6": 4.4103580862813025
    },
    "query_6": {
      "answer_1": 4.774319311337763,
      "answer_2": 4.167096316339791,
      "answer_3": 5.438027445210175,
      "answer_4": 3.9767484538344915,
      "answer_5": 4.577267441589693,
      "answer_6": 7.949477755151965
    }
  }
}