{
  "entity": "George Washington",
  "scores": {
    "query_1": {
      "answer_1": 8.877758753567644,
      "answer_2": 4.347978428763371,
      "answer_3": 4.20824865651411,
      "answer_4": 3.1215055715376403,
      "answer_5": 3.2551213130002896,
      "answer_6": 3.9680171006715335
    },
    "query_2": {
      "answer_1": 5.582991481547733,
      "answer_2": 10.18238995160738,
      "answer_3": 4.477367241504874,
      "answer_4": 2.7837157738363616,
      "answer_5": 3.303203468771466,
      "answer_6": 4.265020001774787
    },
    "query_3": {
      "answer_1": 3.1727476485486217,
      "answer_2": 3.570148475115258,
      "answer_3": 13.557539196435279,
      "answer_4": 3.1343456119599757,
      "answer_5": 4.378701739798896,
      "answer_6": 3.543783736534711
    },
    "query_4": {
      "answer_1": 4.731309262444775,
      "answer_2": 5.365436822122579,
      "answer_3": 4.94356165206312,
      "answer_4": 10.359106641090005,
      "answer_5": 5.121957133706166,
      "answer_6": 7.322510150581404
    },
    "query_5": {
      "answer_1": 4.543178195232258,
      "answer_2": 2.7535532364387088,
      "answer_3": 3.678917880638916,
      "answer_4": 2.321492557415332,
      "answer_5": 11.28246996224789,
      "answer_6": 4.79084631103348
    },
    "query_6": {
      "answer_1": 4.586101576046601,
      "answer_2": 4.1977954442504455,
      "answer_3": 4.7262143096893805,
      "answer_4": 4.790167159153727,
      "answer_5": 4.132306618056131,
      "answer_6": 14.663666971056728
    }
  }
}