{
  "entity": "George Washington",
  "scores": {
    "query_1": {
      "answer_1": 10.972548367772902,
      "answer_2": 3.4726246358153685,
      "answer_3": 3.1801476114650993,
      "answer_4": 3.1288021184070502,
      "answer_5": 3.576513940350038,
      "answer_6": 4.863022362479891
    },
    "query_2": {
      "answer_1": 5.4010762500820695,
      "answer_2": 19.147563481462264,
      "answer_3": 5.605038008220028,
      "answer_4": 3.9163467157445275,
      "answer_5": 4.09381634406586,
      "answer_6": 3.6470067260493826
    },
    "query_3": {
      "answer_1": 7.0768390921614905,
      "answer_2": 8.922492094537274,
      "answer_3": 9.05980807303967,
      "answer_4": 5.436900086367462,
      "answer_5": 4.556538641576818,
      "answer_6": 6.656384636716323
    },
    "query_4": {
      "answer_1": 5.205904697033068,
      "answer_2": 4.349500628509407,
      "answer_3": 5.225372879791554,
      "answer_4": 9.83559390458595,
      "answer_5": 3.6826587348730304,
      "answer_6": 4.769611140083944
    },
    "query_5": {
      "answer_1": 6.803746483058416,
      "answer_2": 5.443093984496,
      "answer_3": 5.185755979340027,
      "answer_4": 5.801122015995638,
      "answer_5": 17.46590172395732,
      "answer_6": 8.696542767394197
    },
    "query_6": {
      "answer_1": 3.8447759692831345,
      "answer_2": 3.556827251503651,
      "answer_3": 3.189370109577959,
      "answer_4": 3.5607817203673595,
      "answer_5": 3.458748060142472,
      "answer_6": 15.364848029007774
    }
  }
}