{
  "entity": "George Washington",
  "scores": {
    "query_1": {
      "answer_1": 11.14579729198268,
      "answer_2": 4.710613479630596,
      "answer_3": 2.989581490657103,
      "answer_4": 2.2165093039463954,
      "answer_5": 3.415688816794941,
      "answer_6": 3.471205969147683
    },
    "query_2": {
      "answer_1": 3.4326733481048923,
      "answer_2": 11.500536450957796,
      "answer_3": 3.204565132601559,
      "answer_4": 2.2165093039463954,
      "answer_5": 2.820084849826359,
      "answer_6": 2.930608272027376
    },
    "query_3": {
      "answer_1": 2.8786636560131846,
      "answer_2": 4.297413225445536,
      "answer_3": 11.900983149014115,
      "answer_4": 2.6853762535787107,
      "answer_5": 2.833486735599532,
      "answer_6": 3.2544382947114046
    },
    "query_4": {
      "answer_1": 4.70251243370079,
      "answer_2": 4.353232004623312,
      "answer_3": 5.199069646610237,
      "answer_4": 9.026905932978416,
      "answer_5": 4.342375800786987,
      "answer_6": 6.5041007390707515
    },
    "query_5": {
      "answer_1": 7.024148592822906,
      "answer_2": 3.796410540846721,
      "answer_3": 2.598854383169548,
      "answer_4": 2.163924885780685,
      "answer_5": 13.28866172756768,
      "answer_6": 3.7761397743875427
    },
    "query_6": {
      "answer_1": 3.7816247120875266,
      "answer_2": 4.056336608693598,
      "answer_3": 3.741692120334734,
      "answer_4": 3.5101564440457595,
      "answer_5": 3.322243036159579,
      "answer_6": 16.004529528535176
    }
  }
}