{
  "entity": "George Washington",
  "scores": {
    "query_1": {
      "answer_1": 9.672844008655895,
      "answer_2": 3.6230401535629033,
      "answer_3": 3.3511905406484215,
      "answer_4": 2.7346932461693756,
      "answer_5": 3.053033692393152,
      "answer_6": 3.591434187886256
    },
    "query_2": {
      "answer_1": 5.5109948500140815,
      "answer_2": 11.46619612976768,
      "answer_3": 4.375214203344246,
      "answer_4": 3.741847851347083,
      "answer_5": 3.7372602285134375,
      "answer_6": 4.040568471100708
    },
    "query_3": {
      "answer_1": 4.104470681185458,
      "answer_2": 3.581632319920189,
      "answer_3": 13.182811545117595,
      "answer_4": 3.6737493808739097,
      "answer_5": 4.668297068816948,
      "answer_6": 3.535470847727095
    },
    "query_4": {
      "answer_1": 4.380092450700505,
      "answer_2": 3.841302727774119,
      "answer_3": 4.638710013858851,
      "answer_4": 9.207913071330513,
      "answer_5": 4.475361487409503,
      "answer_6": 4.926871400216293
    },
    "query_5": {
      "answer_1": 4.684933095534991,
      "answer_2": 3.4235762572330275,
      "answer_3": 3.2987210071821167,
      "answer_4": 2.9599022904975256,
      "answer_5": 15.486857757889059,
      "answer_6": 2.9678040733386912
    },
    "query_6": {
      "answer_1": 5.996686329206225,
      "answer_2": 7.408810094357015,
      "answer_3": 7.214641941427493,
      "answer_4": 6.713753826994698,
      "answer_5": 7.545361276482541,
      "answer_6": 18.848012164213277
    }
  }
}