{
  "entity": "George Washington",
  "scores": {
    "query_1": {
      "answer_1": 7.959320521067754,
      "answer_2": 2.8590534796445954,
      "answer_3": 2.824569707461206,
      "answer_4": 2.5716045619867476,
      "answer_5": 4.584111966916538,
      "answer_6": 2.8682903420006984
    },
    "query_2": {
      "answer_1": 3.8246325242418457,
      "answer_2": 9.429285697757514,
      "answer_3": 3.4863352363041695,
      "answer_4": 2.571604561986747,
      "answer_5": 3.0878102713474522,
      "answer_6": 4.780497240967689
    },
    "query_3": {
      "answer_1": 4.393835544617671,
      "answer_2": 4.641276480072016,
      "answer_3": 7.406778857215282,
      "answer_4": 3.566359037179036,
      "answer_5": 7.0980664416901735,
      "answer_6": 4.3078309811542335
    },
    "query_4": {
      "answer_1": 5.766088975342467,
      "answer_2": 5.021292023962176,
      "answer_3": 5.0589518648994485,
      "answer_4": 10.79369091681433,
      "answer_5": 6.816945854372668,
      "answer_6": 5.124024817647623
    },
    "query_5": {
      "answer_1": 7.004568100789048,
      "answer_2": 4.759242910688534,
      "answer_3": 3.263159026091199,
      "answer_4": 2.9377826051535467,
      "answer_5": 14.619820030676518,
      "answer_6": 4.418505002797676
    },
    "query_6": {
      "answer_1": 5.448038228814534,
      "answer_2": 6.583783417920825,
      "answer_3": 5.9041415602951535,
      "answer_4": 5.8823264625237215,
      "answer_5": 6.03492372245808,
      "answer_6": 16.525841026239007
    }
  }
}