{
  "entity": "George Washington",
  "scores": {
    "query_1": {
      "answer_1": 6.42581285626423,
      "answer_2": 3.7976975900031373,
      "answer_3": 2.4694995290772703,
      "answer_4": 2.16535578748893,
      "answer_5": 2.384313325329196,
      "answer_6": 2.9511159319797766
    },
    "query_2": {
      "answer_1": 2.0298641710123255,
      "answer_2": 7.997131764938756,
      "answer_3": 2.740262837760651,
      "answer_4": 1.9444774731752075,
      "answer_5": 2.170819168979361,
      "answer_6": 2.0337187101984213
    },
    "query_3": {
      "answer_1": 2.248153610879008,
      "answer_2": 2.4025460829683145,
      "answer_3": 12.571904652083571,
      "answer_4": 2.5088738972348246,
      "answer_5": 2.7695563378114416,
      "answer_6": 3.47323713905574
    },
    "query_4": {
      "answer_1": 4.9831651532114005,
      "answer_2": 4.258916623576157,
      "answer_3": 8.257495520307764,
      "answer_4": 10.180052736578123,
      "answer_5": 4.980721263494218,
      "answer_6": 4.940120484408977
    },
    "query_5": {
      "answer_1": 2.6469493976485827,
      "answer_2": 3.5971848184279853,
      "answer_3": 2.2604850816137834,
      "answer_4": 1.995773447861515,
      "answer_5": 13.331979999063241,
      "answer_6": 4.1431508602601
    },
    "query_6": {
      "answer_1": 3.4621111390519346,
      "answer_2": 3.7393197315027984,
      "answer_3": 6.1707100515877595,
      "answer_4": 4.943784279496597,
      "answer_5": 3.7090870034906356,
      "answer_6": 13.073659791935736
    }
  }
}