{
  "entity": "George Washington",
  "scores": {
    "query_1": {
      "answer_1": 7.64879700199422,
      "answer_2": 3.530427809742863,
      "answer_3": 3.45743865534662,
      "answer_4": 2.999411595866681,
      "answer_5": 2.8578579639320734,
      "answer_6": 3.618815877953725
    },
    "query_2": {
      "answer_1": 5.231176559092406,
      "answer_2": 12.67659224971201,
      "answer_3": 4.46130100619984,
      "answer_4": 4.416881454832753,
      "answer_5": 4.294578246805952,
      "answer_6": 6.263671937507238
    },
    "query_3": {
      "answer_1": 3.6313958200737626,
      "answer_2": 3.795824520835557,
      "answer_3": 10.704464506673625,
      "answer_4": 3.852590830667126,
      "answer_5": 5.183791798701871,
      "answer_6": 4.015157779008206
    },
    "query_4": {
      "answer_1": 4.10185012015866,
      "answer_2": 4.897511310801464,
      "answer_3": 4.811053140865138,
      "answer_4": 7.52913314463007,
      "answer_5": 5.989609420070407,
      "answer_6": 4.111077653644133
    },
    "query_5": {
      "answer_1": 4.069671824936543,
      "answer_2": 4.183937531916937,
      "answer_3": 5.177144282941944,
      "answer_4": 3.812559295931159,
      "answer_5": 13.960947391793226,
      "answer_6": 5.03481825864636
    },
    "query_6": {
      "answer_1": 3.648209362425021,
      "answer_2": 3.4576520946049847,
      "answer_3": 3.9288576098264643,
      "answer_4": 4.052129200818016,
      "answer_5": 3.8231385530988486,
      "answer_6": 19.3516877519493
    }
  }
}