{
  "entity": "George Washington",
  "scores": {
    "query_1": {
      "answer_1": 9.415554804070256,
      "answer_2": 3.203007523847755,
      "answer_3": 4.370579696483003,
      "answer_4": 3.2432980434699727,
      "answer_5": 3.1473486940389654,
      "answer_6": 2.6060680777893808
    },
    "query_2": {
      "answer_1": 5.775743570508826,
      "answer_2": 10.775906341901866,
      "answer_3": 5.1870162841278455,
      "answer_4": 5.557528804466338,
      "answer_5": 4.488854609517745,
      "answer_6": 3.3955185788532827
    },
    "query_3": {
      "answer_1": 4.148811907820352,
      "answer_2": 4.650011966594784,
      "answer_3": 9.47554485660749,
      "answer_4": 3.7455894722688545,
      "answer_5": 4.229767961383021,
      "answer_6": 3.0216781756353015
    },
    "query_4": {
      "answer_1": 7.4459801577974565,
      "answer_2": 6.791946704318011,
      "answer_3": 8.150390165212551,
      "answer_4": 12.78771214458501,
      "answer_5": 6.991449439909392,
      "answer_6": 10.538291461896733
    },
    "query_5": {
      "answer_1": 5.0687132018226775,
      "answer_2": 4.376467864529684,
      "answer_3": 4.023891536918211,
      "answer_4": 3.9521345541766477,
      "answer_5": 16.03173572354206,
      "answer_6": 4.311594749386771
    },
    "query_6": {
      "answer_1": 5.767353627441333,
      "answer_2": 4.836927274601805,
      "answer_3": 5.552079652080971,
      "answer_4": 5.420157156253424,
      "answer_5": 4.251174072672298,
      "answer_6": 11.1767302424354
    }
  }
}