{
  "entity": "George Washington",
  "scores": {
    "query_1": {
      "answer_1": 10.214074553912777,
      "answer_2": 2.994873752646476,
      "answer_3": 4.685152075545113,
      "answer_4": 2.8939631711528966,
      "answer_5": 4.654441516306036,
      "answer_6": 4.421107199644973
    },
    "query_2": {
      "answer_1": 6.218336365296911,
      "answer_2": 10.994719234516989,
      "answer_3": 5.761448369103977,
      "answer_4": 3.9388549440602403,
      "answer_5": 4.288928400607271,
      "answer_6": 4.681582804612402
    },
    "query_3": {
      "answer_1": 4.270258831847142,
      "answer_2": 4.252069199932108,
      "answer_3": 13.193635500153375,
      "answer_4": 4.031988726873545,
      "answer_5": 5.690786990383087,
      "answer_6": 3.805113496430493
    },
    "query_4": {
      "answer_1": 4.074130319926142,
      "answer_2": 4.49698666210674,
      "answer_3": 4.330157699399601,
      "answer_4": 9.139029619009142,
      "answer_5": 3.922722230270878,
      "answer_6": 5.677594778270634
    },
    "query_5": {
      "answer_1": 5.54899390676953,
      "answer_2": 4.80970341123785,
      "answer_3": 5.364361712786697,
      "answer_4": 7.40107372598427,
      "answer_5": 16.165797370197524,
      "answer_6": 6.513730616733257
    },
    "query_6": {
      "answer_1": 4.453712438779258,
      "answer_2": 3.18331445571408,
      "answer_3": 3.1884260004995504,
      "answer_4": 5.3692886132354705,
      "answer_5": 3.1380492881904187,
      "answer_6": 11.19031928288313
    }
  }
}