{
  "entity": "George Washington",
  "scores": {
    "query_1": {
      "answer_1": 9.466536490443517,
      "answer_2": 2.903356290865746,
      "answer_3": 2.5452987497189556,
      "answer_4": 2.5040122709083192,
      "answer_5": 2.8446762181801497,
      "answer_6": 2.6878777158412266
    },
    "query_2": {
      "answer_1": 7.104168600550857,
      "answer_2": 10.246035802374587,
      "answer_3": 3.910836490840284,
      "answer_4": 3.232336459199526,
      "answer_5": 3.309483257298045,
      "answer_6": 3.04715731752552
    },
    "query_3": {
      "answer_1": 3.073892848996985,
      "answer_2": 3.5468701052717195,
      "answer_3": 7.918864107194038,
      "answer_4": 2.95315546730912,
      "answer_5": 2.8441660296628144,
      "answer_6": 2.9639061010480194
    },
    "query_4": {
      "answer_1": 5.634334873856126,
      "answer_2": 5.424005823415596,
      "answer_3": 5.667472145558806,
      "answer_4": 13.43122672025461,
      "answer_5": 4.968507150264142,
      "answer_6": 6.839887607424818
    },
    "query_5": {
      "answer_1": 3.111546976147288,
      "answer_2": 2.6825628335079523,
      "answer_3": 2.9666326927295543,
      "answer_4": 4.347346749588091,
      "answer_5": 9.403878914025803,
      "answer_6": 2.780293075251256
    },
    "query_6": {
      "answer_1": 3.3429809082508677,
      "answer_2": 3.243290060302251,
      "answer_3": 3.439161475634226,
      "answer_4": 3.199905749423569,
      "answer_5": 3.8016488872649097,
      "answer_6": 12.433588831914227
    }
  }
}