{
  "entity": "George Washington",
  "scores": {
    "query_1": {
      "answer_1": 7.966499374897669,
      "answer_2": 2.9376745239195525,
      "answer_3": 2.8384105413109237,
      "answer_4": 2.274558778103274,
      "answer_5": 1.9762155323365709,
      "answer_6": 2.041322884290339
    },
    "query_2": {
      "answer_1": 3.765962928671029,
      "answer_2": 10.55315980899832,
      "answer_3": 5.097426292051464,
      "answer_4": 2.8731156946091536,
      "answer_5": 2.8777918346241265,
      "answer_6": 2.9806687325704417
    },
    "query_3": {
      "answer_1": 4.307814473766117,
      "answer_2": 3.4019961757125765,
      "answer_3": 9.179606086100165,
      "answer_4": 2.827689650343251,
      "answer_5": 3.2709437753416037,
      "answer_6": 3.372031803455996
    },
    "query_4": {
      "answer_1": 3.258390238439658,
      "answer_2": 2.3907115965103043,
      "answer_3": 5.479346839645443,
      "answer_4": 8.966888369151846,
      "answer_5": 3.1345327631811557,
      "answer_6": 3.5324794435823645
    },
    "query_5": {
      "answer_1": 2.68029778945564,
      "answer_2": 2.9121193502219302,
      "answer_3": 3.4331113350931046,
      "answer_4": 2.997094450103469,
      "answer_5": 13.055297238870887,
      "answer_6": 3.074501013358559
    },
    "query_6": {
      "answer_1": 3.0980384413137085,
      "answer_2": 2.313103623960188,
      "answer_3": 2.0188680123094933,
      "answer_4": 2.311436823081062,
      "answer_5": 2.3742595686746015,
      "answer_6": 8.822063942974308
    }
  }
}