{
  "entity": "George Washington",
  "scores": {
    "query_1": {
      "answer_1": 12.456490069825028,
      "answer_2": 4.404710800664293,
      "answer_3": 3.679199852976521,
      "answer_4": 2.985293298076654,
      "answer_5": 2.863209607225227,
      "answer_6": 4.701218032045027
    },
    "query_2": {
      "answer_1": 4.230096353399676,
      "answer_2": 12.498324369381836,
      "answer_3": 5.830880293286539,
      "answer_4": 4.333003015573048,
      "answer_5": 3.333627764158375,
      "answer_6": 4.503911473800258
    },
    "query_3": {
      "answer_1": 5.24304838446775,
      "answer_2": 5.807869319277457,
      "answer_3": 14.692497104247122,
      "answer_4": 4.5406013599719675,
      "answer_5": 3.714965899632599,
      "answer_6": 5.663359111266155
    },
    "query_4": {
      "answer_1": 4.302635485930017,
      "answer_2": 5.660580701107634,
      "answer_3": 5.878873449187272,
      "answer_4": 11.784544630607126,
      "answer_5": 3.5843426314615274,
      "answer_6": 4.137076028155832
    },
    "query_5": {
      "answer_1": 5.419082449380349,
      "answer_2": 5.880826261300372,
      "answer_3": 5.0330659571206695,
      "answer_4": 3.2755555547019073,
      "answer_5": 18.025939053031745,
      "answer_6": 5.561498071193478
    },
    "query_6": {
      "answer_1": 6.692172419994542,
      "answer_2": 7.2672825310206175,
      "answer_3": 7.166760890641441,
      "answer_4": 7.246317575083479,
      "answer_5": 6.423793821016476,
      "answer_6": 15.052692700400822
    }
  }
}