{
  "entity": "Napoleon Bonaparte",
  "cosine_similarities": {
    "query_1": {
      "answer_1": 0.7444570226161912,
      "answer_2": 0.6008121775416156,
      "answer_3": 0.6323402338832138,
      "answer_4": 0.49772797314709283,
      "answer_5": 0.49850883045168254,
      "answer_6": 0.6414862403645376
    },
    "query_2": {
      "answer_1": 0.6329433311618379,
      "answer_2": 0.8202900211828509,
      "answer_3": 0.6437386131562183,
      "answer_4": 0.5108331832769274,
      "answer_5": 0.48450388302664565,
      "answer_6": 0.6213261601995992
    },
    "query_3": {
      "answer_1": 0.6746622974985682,
      "answer_2": 0.5811573146862701,
      "answer_3": 0.756640015843204,
      "answer_4": 0.5245508266101748,
      "answer_5": 0.5095346699049224,
      "answer_6": 0.6533530588051422
    },
    "query_4": {
      "answer_1": 0.6103943427125994,
      "answer_2": 0.5868111102749257,
      "answer_3": 0.5336395166005161,
      "answer_4": 0.7137765507052578,
      "answer_5": 0.3845037462712537,
      "answer_6": 0.5346968409890719
    },
    "query_5": {
      "answer_1": 0.6566974450699172,
      "answer_2": 0.5558446523093896,
      "answer_3": 0.6723627902539742,
      "answer_4": 0.4515205942061563,
      "answer_5": 0.8580921505482128,
      "answer_6": 0.6464053045013977
    },
    "query_6": {
      "answer_1": 0.6815860878735797,
      "answer_2": 0.6476955492730506,
      "answer_3": 0.6566601000132379,
      "answer_4": 0.5378017046052918,
      "answer_5": 0.5049210838692205,
      "answer_6": 0.784858062466807
    }
  }
}