{
  "entity": "Abraham Lincoln",
  "scores": {
    "query_1": {
      "answer_1": 12.22789663309875,
      "answer_2": 5.158115105384726,
      "answer_3": 5.136812316389683,
      "answer_4": 3.3197647027854673,
      "answer_5": 4.941572392457759,
      "answer_6": 4.645855828486024
    },
    "query_2": {
      "answer_1": 7.08555419823864,
      "answer_2": 13.65688175670438,
      "answer_3": 3.4464507414547345,
      "answer_4": 3.3604241757517124,
      "answer_5": 4.570164313998058,
      "answer_6": 3.768836478992999
    },
    "query_3": {
      "answer_1": 4.516722851983113,
      "answer_2": 5.659994629217232,
      "answer_3": 11.359211256272193,
      "answer_4": 3.053447074195497,
      "answer_5": 4.643843841000347,
      "answer_6": 3.2068626506431173
    },
    "query_4": {
      "answer_1": 3.891472465969021,
      "answer_2": 6.805427223891671,
      "answer_3": 4.9533869055186965,
      "answer_4": 11.826385538455522,
      "answer_5": 6.953539709489771,
      "answer_6": 6.999027166768082
    },
    "query_5": {
      "answer_1": 6.621628748866332,
      "answer_2": 7.909084095415363,
      "answer_3": 5.525460590851486,
      "answer_4": 4.3210813117732645,
      "answer_5": 19.79182687497102,
      "answer_6": 3.2549857266474045
    },
    "query_6": {
      "answer_1": 3.3040814646825956,
      "answer_2": 3.0796325452610227,
      "answer_3": 2.878229121889869,
      "answer_4": 3.217151580488004,
      "answer_5": 4.2607165506436395,
      "answer_6": 10.137198090667715
    }
  }
}