{
  "entity": "Abraham Lincoln",
  "scores": {
    "query_1": {
      "answer_1": 18.05672331133426,
      "answer_2": 5.5411725821728375,
      "answer_3": 4.618438203505084,
      "answer_4": 5.322113815436601,
      "answer_5": 4.539856816416106,
      "answer_6": 7.988778519085092
    },
    "query_2": {
      "answer_1": 6.703599142859967,
      "answer_2": 11.575649026147074,
      "answer_3": 3.1029210461125873,
      "answer_4": 4.310020118741031,
      "answer_5": 3.6503934007024874,
      "answer_6": 3.193338116762735
    },
    "query_3": {
      "answer_1": 6.394655045094182,
      "answer_2": 5.422375659525634,
      "answer_3": 18.148396786749483,
      "answer_4": 5.450900312833452,
      "answer_5": 5.561210956729053,
      "answer_6": 7.193922828434189
    },
    "query_4": {
      "answer_1": 7.0794526953064985,
      "answer_2": 5.635742932376627,
      "answer_3": 5.752330260111328,
      "answer_4": 9.868433537184899,
      "answer_5": 5.932111417123358,
      "answer_6": 7.0840248072095315
    },
    "query_5": {
      "answer_1": 4.5451403251376385,
      "answer_2": 4.836364182087483,
      "answer_3": 4.058594747810461,
      "answer_4": 5.218712796211889,
      "answer_5": 22.132687988323077,
      "answer_6": 6.914022193292536
    },
    "query_6": {
      "answer_1": 4.7929337258280444,
      "answer_2": 5.582890149991542,
      "answer_3": 5.216038560829098,
      "answer_4": 5.32759008896026,
      "answer_5": 5.29298724836826,
      "answer_6": 19.79104375015296
    }
  }
}