{
  "entity": "Abraham Lincoln",
  "scores": {
    "query_1": {
      "answer_1": 15.063770548629286,
      "answer_2": 5.2124104465376,
      "answer_3": 4.596244247131267,
      "answer_4": 3.581695452661826,
      "answer_5": 6.986577519735778,
      "answer_6": 6.024939312208317
    },
    "query_2": {
      "answer_1": 5.837219658455467,
      "answer_2": 14.2549888403817,
      "answer_3": 4.253810158493665,
      "answer_4": 4.0066031895267455,
      "answer_5": 5.38915068453134,
      "answer_6": 5.485249112805073
    },
    "query_3": {
      "answer_1": 5.487303021401337,
      "answer_2": 5.688378783004521,
      "answer_3": 13.531056056823077,
      "answer_4": 4.9364852392172,
      "answer_5": 5.60991358890372,
      "answer_6": 8.088044470610702
    },
    "query_4": {
      "answer_1": 5.215172561094794,
      "answer_2": 4.9119470183312455,
      "answer_3": 5.09981629404934,
      "answer_4": 11.668231587079473,
      "answer_5": 6.594909705072168,
      "answer_6": 5.733993490257839
    },
    "query_5": {
      "answer_1": 6.111272617084377,
      "answer_2": 5.262210089684922,
      "answer_3": 6.183213609265984,
      "answer_4": 4.064339655315924,
      "answer_5": 17.972743256047753,
      "answer_6": 8.86630577079105
    },
    "query_6": {
      "answer_1": 6.415882745540511,
      "answer_2": 5.36240864172362,
      "answer_3": 6.247811592356573,
      "answer_4": 7.934830773640444,
      "answer_5": 7.162000845535702,
      "answer_6": 18.636368516382127
    }
  }
}