{
  "entity": "Abraham Lincoln",
  "scores": {
    "query_1": {
      "answer_1": 19.717918698529996,
      "answer_2": 4.3057980744181,
      "answer_3": 4.544958018685699,
      "answer_4": 3.7083280704615067,
      "answer_5": 3.564672268325135,
      "answer_6": 4.892186126864019
    },
    "query_2": {
      "answer_1": 5.157170224598447,
      "answer_2": 14.585430410996153,
      "answer_3": 3.857918849504423,
      "answer_4": 4.04202788770908,
      "answer_5": 4.633569873066699,
      "answer_6": 3.9084229854760273
    },
    "query_3": {
      "answer_1": 6.005197123559714,
      "answer_2": 4.47768261179891,
      "answer_3": 8.240287354333347,
      "answer_4": 4.865245018637169,
      "answer_5": 5.109597592407249,
      "answer_6": 4.5086259998787215
    },
    "query_4": {
      "answer_1": 3.591323256561258,
      "answer_2": 4.289722795748127,
      "answer_3": 3.196028019513969,
      "answer_4": 8.160330576514657,
      "answer_5": 4.587271674791263,
      "answer_6": 8.365478467798367
    },
    "query_5": {
      "answer_1": 3.801246543700796,
      "answer_2": 3.2008103406416915,
      "answer_3": 3.058870713769415,
      "answer_4": 3.7829262907888666,
      "answer_5": 15.402242961361429,
      "answer_6": 3.08321413609529
    },
    "query_6": {
      "answer_1": 2.9457370347187455,
      "answer_2": 3.005217993970334,
      "answer_3": 2.924402295831469,
      "answer_4": 4.152851740527576,
      "answer_5": 2.765359080951063,
      "answer_6": 10.538091666414177
    }
  }
}