{
  "entity": "Abraham Lincoln",
  "scores": {
    "query_1": {
      "answer_1": 15.358116742529695,
      "answer_2": 3.0326431369843068,
      "answer_3": 4.472104215332687,
      "answer_4": 3.228486836180297,
      "answer_5": 5.670106223347907,
      "answer_6": 3.094820651101622
    },
    "query_2": {
      "answer_1": 3.4670444184574536,
      "answer_2": 12.352627750420794,
      "answer_3": 3.768806077360498,
      "answer_4": 3.074287573204741,
      "answer_5": 3.703374966267863,
      "answer_6": 3.3788106342137603
    },
    "query_3": {
      "answer_1": 5.722532863274719,
      "answer_2": 3.0603055662398546,
      "answer_3": 12.65194310850435,
      "answer_4": 4.094586424749203,
      "answer_5": 3.725627278846666,
      "answer_6": 3.9939402817815037
    },
    "query_4": {
      "answer_1": 4.369834755569031,
      "answer_2": 3.02357124496344,
      "answer_3": 3.712339557000771,
      "answer_4": 11.461342636248498,
      "answer_5": 3.925634794115203,
      "answer_6": 3.222799870872211
    },
    "query_5": {
      "answer_1": 7.861917353471839,
      "answer_2": 5.015640220274303,
      "answer_3": 4.332761296914784,
      "answer_4": 4.303358135592167,
      "answer_5": 12.897827573604069,
      "answer_6": 4.438730632901544
    },
    "query_6": {
      "answer_1": 5.450146157578704,
      "answer_2": 3.795080426744942,
      "answer_3": 3.401843156048242,
      "answer_4": 7.654945588326989,
      "answer_5": 4.432011831811422,
      "answer_6": 15.683480847498858
    }
  }
}