{
  "entity": "Abraham Lincoln",
  "scores": {
    "query_1": {
      "answer_1": 13.73179129752493,
      "answer_2": 5.3161221416316025,
      "answer_3": 3.9415606165247676,
      "answer_4": 5.004352661472155,
      "answer_5": 5.435321094680213,
      "answer_6": 4.271052478428268
    },
    "query_2": {
      "answer_1": 4.66342700199017,
      "answer_2": 11.645946782709736,
      "answer_3": 3.9208329084046754,
      "answer_4": 5.169531444026123,
      "answer_5": 4.852275212625376,
      "answer_6": 4.067362543765812
    },
    "query_3": {
      "answer_1": 4.658054228729792,
      "answer_2": 6.724252826969931,
      "answer_3": 12.158807629157915,
      "answer_4": 4.992369771404453,
      "answer_5": 4.228582379354624,
      "answer_6": 4.770732433626808
    },
    "query_4": {
      "answer_1": 4.315842436502335,
      "answer_2": 6.065641342593686,
      "answer_3": 5.2141402161587465,
      "answer_4": 14.678186009062117,
      "answer_5": 5.025262280703507,
      "answer_6": 3.754507485141625
    },
    "query_5": {
      "answer_1": 7.933316163652597,
      "answer_2": 7.508839288643036,
      "answer_3": 5.751079515522205,
      "answer_4": 6.618204535273895,
      "answer_5": 14.710266333393275,
      "answer_6": 4.7867160054202085
    },
    "query_6": {
      "answer_1": 5.718545582024987,
      "answer_2": 5.024592426203564,
      "answer_3": 3.6998870520964595,
      "answer_4": 7.541718008441118,
      "answer_5": 5.714875376211643,
      "answer_6": 17.57661647242114
    }
  }
}