{
  "entity": "Abraham Lincoln",
  "scores": {
    "query_1": {
      "answer_1": 24.337145482155464,
      "answer_2": 4.168291585898839,
      "answer_3": 4.174984085541581,
      "answer_4": 4.202202351975582,
      "answer_5": 4.811827381632962,
      "answer_6": 4.046154153873692
    },
    "query_2": {
      "answer_1": 5.593781895420193,
      "answer_2": 13.480664292539677,
      "answer_3": 3.099674971892918,
      "answer_4": 3.238702660883119,
      "answer_5": 4.70434723410863,
      "answer_6": 3.0369022099597345
    },
    "query_3": {
      "answer_1": 6.769838648638332,
      "answer_2": 6.052954968978159,
      "answer_3": 14.911583897801366,
      "answer_4": 5.4029362768477895,
      "answer_5": 6.534523702698361,
      "answer_6": 6.180281280182359
    },
    "query_4": {
      "answer_1": 6.428909478028426,
      "answer_2": 6.383016878971538,
      "answer_3": 6.303595885313813,
      "answer_4": 10.741863256978716,
      "answer_5": 7.0869360939263695,
      "answer_6": 7.154273158506344
    },
    "query_5": {
      "answer_1": 5.307962509361997,
      "answer_2": 5.425905405819118,
      "answer_3": 4.927100107162597,
      "answer_4": 4.4608542191649185,
      "answer_5": 24.235000771181472,
      "answer_6": 4.211314941609852
    },
    "query_6": {
      "answer_1": 3.905243467522623,
      "answer_2": 5.634041308096034,
      "answer_3": 6.271645922544469,
      "answer_4": 4.972722256990581,
      "answer_5": 3.8755702582693803,
      "answer_6": 12.64644493446028
    }
  }
}