{
  "entity": "Abraham Lincoln",
  "scores": {
    "query_1": {
      "answer_1": 11.051488485912174,
      "answer_2": 2.4068438524420674,
      "answer_3": 3.1240321738255235,
      "answer_4": 2.9208157607244956,
      "answer_5": 4.3008801804078125,
      "answer_6": 3.948148674564591
    },
    "query_2": {
      "answer_1": 5.890488033204466,
      "answer_2": 5.886595505573176,
      "answer_3": 2.9665931303509785,
      "answer_4": 3.663694743732318,
      "answer_5": 2.468200821315525,
      "answer_6": 2.2379764802908624
    },
    "query_3": {
      "answer_1": 3.721406655195301,
      "answer_2": 2.5536241011640026,
      "answer_3": 9.142929717991796,
      "answer_4": 3.305982580399211,
      "answer_5": 2.6960763502778033,
      "answer_6": 3.8091782985872524
    },
    "query_4": {
      "answer_1": 2.1170909138172873,
      "answer_2": 2.143536548070802,
      "answer_3": 2.5816092534588226,
      "answer_4": 10.713549698245025,
      "answer_5": 2.800188778905194,
      "answer_6": 3.272604054712061
    },
    "query_5": {
      "answer_1": 4.9394042002059875,
      "answer_2": 5.294224290202002,
      "answer_3": 3.9271843801148134,
      "answer_4": 3.43573867247368,
      "answer_5": 12.249514983484913,
      "answer_6": 3.58855874908651
    },
    "query_6": {
      "answer_1": 3.8199393654572975,
      "answer_2": 2.01071486029717,
      "answer_3": 3.1761120473674054,
      "answer_4": 5.865427364321183,
      "answer_5": 3.664284282821478,
      "answer_6": 15.079201492245065
    }
  }
}