{
  "entity": "Abraham Lincoln",
  "scores": {
    "query_1": {
      "answer_1": 10.924223191604401,
      "answer_2": 4.650171116996781,
      "answer_3": 4.575829337146185,
      "answer_4": 3.217754756482605,
      "answer_5": 5.4129596277340255,
      "answer_6": 5.624705620742483
    },
    "query_2": {
      "answer_1": 4.404587298572151,
      "answer_2": 14.887557568855811,
      "answer_3": 3.9929122856414496,
      "answer_4": 3.6309055633429024,
      "answer_5": 5.263039943509785,
      "answer_6": 5.198025416811529
    },
    "query_3": {
      "answer_1": 6.459376514645277,
      "answer_2": 6.775806706111535,
      "answer_3": 12.298881890711138,
      "answer_4": 4.95894097191633,
      "answer_5": 5.1277342283677,
      "answer_6": 6.769493359599112
    },
    "query_4": {
      "answer_1": 4.3686032548103295,
      "answer_2": 4.691603173880524,
      "answer_3": 5.089589219927307,
      "answer_4": 11.569864062953341,
      "answer_5": 6.395298101808345,
      "answer_6": 5.830451125805146
    },
    "query_5": {
      "answer_1": 5.584078894400927,
      "answer_2": 5.080803860757552,
      "answer_3": 5.040901179217153,
      "answer_4": 3.724545834651791,
      "answer_5": 18.765366040928466,
      "answer_6": 7.117724000707882
    },
    "query_6": {
      "answer_1": 6.017613814893313,
      "answer_2": 5.1212564331096795,
      "answer_3": 5.860517515969458,
      "answer_4": 7.919051366813656,
      "answer_5": 6.707521727586741,
      "answer_6": 21.081868361093363
    }
  }
}