{
  "entity": "Abraham Lincoln",
  "scores": {
    "query_1": {
      "answer_1": 11.43935210176497,
      "answer_2": 3.9999679038163674,
      "answer_3": 5.1302980780600205,
      "answer_4": 3.047083312828873,
      "answer_5": 3.899145474921986,
      "answer_6": 3.408461843817083
    },
    "query_2": {
      "answer_1": 5.390619903151458,
      "answer_2": 9.283978134748786,
      "answer_3": 3.5441697543729,
      "answer_4": 2.690224964406859,
      "answer_5": 2.3816329058459016,
      "answer_6": 3.8005741543134683
    },
    "query_3": {
      "answer_1": 2.6514295108713286,
      "answer_2": 3.606239784552463,
      "answer_3": 9.928885127277189,
      "answer_4": 4.401608094542896,
      "answer_5": 4.38878274967981,
      "answer_6": 3.3213804389899897
    },
    "query_4": {
      "answer_1": 5.406525407529885,
      "answer_2": 5.2288888796544315,
      "answer_3": 4.881433944209075,
      "answer_4": 10.320302155001354,
      "answer_5": 5.754152959313052,
      "answer_6": 5.791967897299785
    },
    "query_5": {
      "answer_1": 5.201979797463882,
      "answer_2": 5.441155512496915,
      "answer_3": 4.32657724789356,
      "answer_4": 4.358651269854588,
      "answer_5": 15.797624425070158,
      "answer_6": 3.3866868033339004
    },
    "query_6": {
      "answer_1": 4.53872108584166,
      "answer_2": 3.903891870009506,
      "answer_3": 2.8245698458813813,
      "answer_4": 3.949462567160481,
      "answer_5": 3.349565757799957,
      "answer_6": 12.98881310683263
    }
  }
}