{
  "entity": "Abraham Lincoln",
  "scores": {
    "query_1": {
      "answer_1": 12.291474691842991,
      "answer_2": 3.8662532625330295,
      "answer_3": 4.351936006372197,
      "answer_4": 3.5363586305830563,
      "answer_5": 3.782360157022433,
      "answer_6": 3.6881139191545245
    },
    "query_2": {
      "answer_1": 6.377696081221946,
      "answer_2": 9.721666448421141,
      "answer_3": 2.6149707360159713,
      "answer_4": 2.5363431401961725,
      "answer_5": 3.3824571187928867,
      "answer_6": 2.5261285275405676
    },
    "query_3": {
      "answer_1": 5.710623916527136,
      "answer_2": 6.631513483779781,
      "answer_3": 13.565400214997013,
      "answer_4": 5.164061145239388,
      "answer_5": 5.887407164426482,
      "answer_6": 6.201149445135828
    },
    "query_4": {
      "answer_1": 3.5609551828738755,
      "answer_2": 3.1232147296502317,
      "answer_3": 3.371661995157239,
      "answer_4": 12.864171692674857,
      "answer_5": 4.125735241268524,
      "answer_6": 3.220215650481171
    },
    "query_5": {
      "answer_1": 5.342595103107176,
      "answer_2": 6.240496381826498,
      "answer_3": 5.660233616326734,
      "answer_4": 3.774806287507846,
      "answer_5": 16.525885700920128,
      "answer_6": 3.3052110927952674
    },
    "query_6": {
      "answer_1": 2.981670532103506,
      "answer_2": 2.912405729011001,
      "answer_3": 3.5503155531280144,
      "answer_4": 3.7031219044336368,
      "answer_5": 2.424292872582357,
      "answer_6": 11.625187233382073
    }
  }
}