{
  "entity": "Abraham Lincoln",
  "scores": {
    "query_1": {
      "answer_1": 16.899871532689637,
      "answer_2": 4.1382924876448115,
      "answer_3": 5.0606927534579755,
      "answer_4": 3.8603166328372285,
      "answer_5": 4.97375549122197,
      "answer_6": 4.666865387747153
    },
    "query_2": {
      "answer_1": 5.290668130437285,
      "answer_2": 14.763051706219905,
      "answer_3": 4.657815260029452,
      "answer_4": 3.0422734888612566,
      "answer_5": 3.145183301682156,
      "answer_6": 3.2405034999889417
    },
    "query_3": {
      "answer_1": 6.854980834704631,
      "answer_2": 6.280217050035592,
      "answer_3": 16.79043063870487,
      "answer_4": 4.205237971182942,
      "answer_5": 6.49229970983813,
      "answer_6": 6.298780346765998
    },
    "query_4": {
      "answer_1": 5.344471212822301,
      "answer_2": 5.2740590920656345,
      "answer_3": 6.431872844105877,
      "answer_4": 12.075942732901762,
      "answer_5": 6.1923483934473875,
      "answer_6": 5.536985885749671
    },
    "query_5": {
      "answer_1": 6.83906757048084,
      "answer_2": 6.464281115985248,
      "answer_3": 6.360710325814136,
      "answer_4": 4.694898785564993,
      "answer_5": 16.584985993508116,
      "answer_6": 6.006197971387508
    },
    "query_6": {
      "answer_1": 3.0905114785235863,
      "answer_2": 3.3460122595288313,
      "answer_3": 4.565850935784391,
      "answer_4": 4.390979001890769,
      "answer_5": 3.247256758817834,
      "answer_6": 17.341287051860345
    }
  }
}