{
  "entity": "Abraham Lincoln",
  "scores": {
    "query_1": {
      "answer_1": 21.40043499127616,
      "answer_2": 4.870300701355645,
      "answer_3": 5.082257086362667,
      "answer_4": 5.2893917926035146,
      "answer_5": 4.216569714768163,
      "answer_6": 4.2044032025038875
    },
    "query_2": {
      "answer_1": 8.130180111280419,
      "answer_2": 11.613587817466657,
      "answer_3": 3.115052197046365,
      "answer_4": 4.350745848405871,
      "answer_5": 3.300368111513448,
      "answer_6": 2.913948604651409
    },
    "query_3": {
      "answer_1": 7.496311551792911,
      "answer_2": 5.891903511439613,
      "answer_3": 19.97196908010965,
      "answer_4": 6.363525252385036,
      "answer_5": 5.138125024847398,
      "answer_6": 6.0368913951571175
    },
    "query_4": {
      "answer_1": 6.279512223782946,
      "answer_2": 7.673499662012199,
      "answer_3": 6.821520441857551,
      "answer_4": 8.862025157039062,
      "answer_5": 8.085839893552595,
      "answer_6": 6.32329319634068
    },
    "query_5": {
      "answer_1": 5.438171791893294,
      "answer_2": 5.36600346444283,
      "answer_3": 6.109980652321412,
      "answer_4": 5.842778661710821,
      "answer_5": 21.27834541423771,
      "answer_6": 4.187650349481606
    },
    "query_6": {
      "answer_1": 5.17665648057199,
      "answer_2": 5.172793095065626,
      "answer_3": 5.804134114849071,
      "answer_4": 5.138312384238805,
      "answer_5": 5.54949959767551,
      "answer_6": 20.009702169053448
    }
  }
}