{
  "entity": "Abraham Lincoln",
  "scores": {
    "query_1": {
      "answer_1": 13.438949334940697,
      "answer_2": 5.129346420328384,
      "answer_3": 6.6474213124663875,
      "answer_4": 4.755837505955061,
      "answer_5": 5.400807226468763,
      "answer_6": 4.831136380847278
    },
    "query_2": {
      "answer_1": 5.7546893027472965,
      "answer_2": 9.779540143850118,
      "answer_3": 3.01340682441331,
      "answer_4": 3.476413600014741,
      "answer_5": 4.768257207665577,
      "answer_6": 2.800181591531407
    },
    "query_3": {
      "answer_1": 7.369905800384832,
      "answer_2": 7.961856903364488,
      "answer_3": 13.300605669609578,
      "answer_4": 6.818365789994226,
      "answer_5": 5.966202678457895,
      "answer_6": 6.286193618770585
    },
    "query_4": {
      "answer_1": 4.006325802926554,
      "answer_2": 3.965000245984816,
      "answer_3": 4.2867582542760445,
      "answer_4": 12.744611460857081,
      "answer_5": 5.862205806965257,
      "answer_6": 5.944030904650965
    },
    "query_5": {
      "answer_1": 5.981048680773055,
      "answer_2": 6.9261128943957475,
      "answer_3": 8.241324973043229,
      "answer_4": 5.987922733580358,
      "answer_5": 17.76952832388751,
      "answer_6": 4.409549560948739
    },
    "query_6": {
      "answer_1": 4.579209555824818,
      "answer_2": 2.7287972389944297,
      "answer_3": 3.192855284751488,
      "answer_4": 2.9705440009745065,
      "answer_5": 4.090123953827292,
      "answer_6": 11.775344643199537
    }
  }
}