{
  "entity": "Abraham Lincoln",
  "scores": {
    "query_1": {
      "answer_1": 16.19744022650363,
      "answer_2": 3.251867481932111,
      "answer_3": 4.000544520466483,
      "answer_4": 2.7020930215215166,
      "answer_5": 2.7659893767508783,
      "answer_6": 2.966764158900904
    },
    "query_2": {
      "answer_1": 3.6337144937929726,
      "answer_2": 7.752446860354215,
      "answer_3": 2.5657881550170947,
      "answer_4": 1.7357845394469034,
      "answer_5": 5.132879584743727,
      "answer_6": 2.013784355209185
    },
    "query_3": {
      "answer_1": 1.9835565080843653,
      "answer_2": 1.0932957755402521,
      "answer_3": 8.110484767180294,
      "answer_4": 1.1541276651787071,
      "answer_5": 1.5029285568523851,
      "answer_6": 1.3069792168710395
    },
    "query_4": {
      "answer_1": 3.96257401310694,
      "answer_2": 3.729022439063872,
      "answer_3": 5.222578736119637,
      "answer_4": 9.258770702305554,
      "answer_5": 3.4741279289435223,
      "answer_6": 5.687889657850965
    },
    "query_5": {
      "answer_1": 3.157545188921126,
      "answer_2": 3.345365158543512,
      "answer_3": 4.272950267862218,
      "answer_4": 1.939659911307655,
      "answer_5": 12.873074865365908,
      "answer_6": 2.2605558645730066
    },
    "query_6": {
      "answer_1": 3.5234453666029872,
      "answer_2": 3.54789934968036,
      "answer_3": 2.8847391238745956,
      "answer_4": 2.5534291630891666,
      "answer_5": 4.166372186767347,
      "answer_6": 10.144576998892411
    }
  }
}