{
  "entity": "Abraham Lincoln",
  "scores": {
    "query_1": {
      "answer_1": 20.0633481743743,
      "answer_2": 5.302375042777406,
      "answer_3": 4.740356913492935,
      "answer_4": 5.160123477927547,
      "answer_5": 4.016832276561582,
      "answer_6": 4.759064783071873
    },
    "query_2": {
      "answer_1": 6.153320421583776,
      "answer_2": 13.080566825230981,
      "answer_3": 3.659466074561787,
      "answer_4": 4.167727374119099,
      "answer_5": 2.8705660901618697,
      "answer_6": 3.1115351192047505
    },
    "query_3": {
      "answer_1": 8.051851770250037,
      "answer_2": 4.503264223865651,
      "answer_3": 18.748020277292046,
      "answer_4": 5.418013413902362,
      "answer_5": 5.437393303957424,
      "answer_6": 5.102301298225477
    },
    "query_4": {
      "answer_1": 5.978486516571001,
      "answer_2": 7.194670952558202,
      "answer_3": 5.395959239698506,
      "answer_4": 9.712748623289453,
      "answer_5": 6.0631110879348995,
      "answer_6": 8.362771696253382
    },
    "query_5": {
      "answer_1": 4.964415438276103,
      "answer_2": 4.676241278480913,
      "answer_3": 4.343133726757258,
      "answer_4": 5.33067895549895,
      "answer_5": 21.4676656929406,
      "answer_6": 4.045185576506825
    },
    "query_6": {
      "answer_1": 4.287037086500566,
      "answer_2": 5.045527461678475,
      "answer_3": 4.7330129583495415,
      "answer_4": 5.012850781530054,
      "answer_5": 3.8847051125916834,
      "answer_6": 15.94723057553772
    }
  }
}