{
  "entity": "Abraham Lincoln",
  "scores": {
    "query_1": {
      "answer_1": 12.645944541792531,
      "answer_2": 2.918999412960872,
      "answer_3": 3.7226227837804755,
      "answer_4": 2.499178638137949,
      "answer_5": 2.974522944422457,
      "answer_6": 3.0489881162170493
    },
    "query_2": {
      "answer_1": 5.016904272174972,
      "answer_2": 8.187480311440458,
      "answer_3": 2.42443927530758,
      "answer_4": 1.9957677683796726,
      "answer_5": 3.1249395168800094,
      "answer_6": 2.286899553490054
    },
    "query_3": {
      "answer_1": 3.3054025558377136,
      "answer_2": 3.1167064739706367,
      "answer_3": 8.067360046234443,
      "answer_4": 4.895695904392436,
      "answer_5": 3.3583031082959565,
      "answer_6": 3.07541784496462
    },
    "query_4": {
      "answer_1": 2.826145125789416,
      "answer_2": 2.9103020035042304,
      "answer_3": 3.4961922919171453,
      "answer_4": 14.389316781975262,
      "answer_5": 3.5274881739485946,
      "answer_6": 4.380137045181002
    },
    "query_5": {
      "answer_1": 2.4567072253274174,
      "answer_2": 4.189407039490523,
      "answer_3": 2.595066685115404,
      "answer_4": 2.1486497565146294,
      "answer_5": 11.352798435016824,
      "answer_6": 2.4814092333585362
    },
    "query_6": {
      "answer_1": 3.2209909287291856,
      "answer_2": 2.7233830658943523,
      "answer_3": 2.6138476143493765,
      "answer_4": 3.3169423815317005,
      "answer_5": 2.5075770058458966,
      "answer_6": 15.591608174170993
    }
  }
}