{
  "entity": "Abraham Lincoln",
  "scores": {
    "query_1": {
      "answer_1": 10.89908419005371,
      "answer_2": 5.375244624384106,
      "answer_3": 5.156444532449055,
      "answer_4": 3.2878062250643167,
      "answer_5": 4.056964742716838,
      "answer_6": 2.597537957852629
    },
    "query_2": {
      "answer_1": 4.876627735387293,
      "answer_2": 13.924515480299998,
      "answer_3": 4.947635798563816,
      "answer_4": 3.3764785082033475,
      "answer_5": 3.512152417578326,
      "answer_6": 3.497752415071534
    },
    "query_3": {
      "answer_1": 3.5198039783732673,
      "answer_2": 5.464863136246441,
      "answer_3": 11.824760066456042,
      "answer_4": 2.5017786925452388,
      "answer_5": 3.563322963422457,
      "answer_6": 2.30213882471516
    },
    "query_4": {
      "answer_1": 2.8375634837589745,
      "answer_2": 2.5960172396831,
      "answer_3": 2.681236906931957,
      "answer_4": 12.080038757157052,
      "answer_5": 3.9225520796504583,
      "answer_6": 3.827969469412612
    },
    "query_5": {
      "answer_1": 5.447217779837934,
      "answer_2": 4.818774429286634,
      "answer_3": 3.252118495821661,
      "answer_4": 3.1975943025713813,
      "answer_5": 17.7874167365745,
      "answer_6": 2.290824072750806
    },
    "query_6": {
      "answer_1": 4.250244610200523,
      "answer_2": 4.1583486708558235,
      "answer_3": 4.118183484082082,
      "answer_4": 5.138328628351282,
      "answer_5": 3.6939639474678,
      "answer_6": 16.343862193271846
    }
  }
}