{
  "entity": "Abraham Lincoln",
  "scores": {
    "query_1": {
      "answer_1": 16.714993227703765,
      "answer_2": 5.202606217130406,
      "answer_3": 4.05534704258392,
      "answer_4": 3.5456714212221683,
      "answer_5": 4.104015455436448,
      "answer_6": 4.244685806381459
    },
    "query_2": {
      "answer_1": 5.3649520021212,
      "answer_2": 10.693209921873132,
      "answer_3": 4.713133039634007,
      "answer_4": 3.8926396368837493,
      "answer_5": 4.7369072509233785,
      "answer_6": 4.056018612557703
    },
    "query_3": {
      "answer_1": 5.478113794012992,
      "answer_2": 5.000544670377113,
      "answer_3": 11.261137668688628,
      "answer_4": 5.99611081155563,
      "answer_5": 4.640503861055425,
      "answer_6": 5.508718651197577
    },
    "query_4": {
      "answer_1": 4.2895508717751945,
      "answer_2": 5.222339492839158,
      "answer_3": 4.294082636198676,
      "answer_4": 5.934263191028126,
      "answer_5": 5.332907054367892,
      "answer_6": 5.149154265736933
    },
    "query_5": {
      "answer_1": 5.042679604014115,
      "answer_2": 3.512590581744539,
      "answer_3": 3.740552416681379,
      "answer_4": 3.2648580155826004,
      "answer_5": 9.811278323646762,
      "answer_6": 3.3840163890725434
    },
    "query_6": {
      "answer_1": 4.053374968707038,
      "answer_2": 3.9829177455888267,
      "answer_3": 3.035353488341726,
      "answer_4": 4.72082738066181,
      "answer_5": 3.3373008237367894,
      "answer_6": 10.843603060913942
    }
  }
}