{
  "entity": "Abraham Lincoln",
  "scores": {
    "query_1": {
      "answer_1": 10.753534412205958,
      "answer_2": 3.943547127831413,
      "answer_3": 4.801184571591478,
      "answer_4": 4.871968676979688,
      "answer_5": 4.82794810936987,
      "answer_6": 5.327735351349824
    },
    "query_2": {
      "answer_1": 5.083456779393685,
      "answer_2": 11.58140681256631,
      "answer_3": 2.678288033956694,
      "answer_4": 3.621549858054842,
      "answer_5": 2.691652685109384,
      "answer_6": 2.6042316118603144
    },
    "query_3": {
      "answer_1": 6.79256783491768,
      "answer_2": 6.51240386048475,
      "answer_3": 14.418182739460416,
      "answer_4": 6.699554385872957,
      "answer_5": 6.211270432558437,
      "answer_6": 7.435317937802338
    },
    "query_4": {
      "answer_1": 4.32874585189439,
      "answer_2": 3.4373664222297853,
      "answer_3": 3.804977980121333,
      "answer_4": 13.73295733299651,
      "answer_5": 4.286993903610322,
      "answer_6": 4.586210512745911
    },
    "query_5": {
      "answer_1": 5.788808184197799,
      "answer_2": 4.829481006946293,
      "answer_3": 6.188065288274326,
      "answer_4": 6.22322183533547,
      "answer_5": 15.849869523228133,
      "answer_6": 6.666292385106873
    },
    "query_6": {
      "answer_1": 3.873177669728332,
      "answer_2": 4.005587063261422,
      "answer_3": 3.6708814241334444,
      "answer_4": 2.9887749825542294,
      "answer_5": 3.061081191491701,
      "answer_6": 10.953953100925482
    }
  }
}