{
  "entity": "Abraham Lincoln",
  "scores": {
    "query_1": {
      "answer_1": 13.131077065082872,
      "answer_2": 3.8859116224904215,
      "answer_3": 7.383508969897041,
      "answer_4": 5.124058612875092,
      "answer_5": 5.031924986663775,
      "answer_6": 3.9033762961025027
    },
    "query_2": {
      "answer_1": 4.264134930779445,
      "answer_2": 8.920353919046597,
      "answer_3": 2.5228968910842444,
      "answer_4": 3.7509464478851675,
      "answer_5": 2.685077476577027,
      "answer_6": 3.6962045617273325
    },
    "query_3": {
      "answer_1": 5.665136721954254,
      "answer_2": 3.59899168839347,
      "answer_3": 17.456551612001956,
      "answer_4": 3.7373749357776718,
      "answer_5": 3.485966150883333,
      "answer_6": 2.799580696551006
    },
    "query_4": {
      "answer_1": 5.106600417238294,
      "answer_2": 3.5951156471331083,
      "answer_3": 3.299395388015471,
      "answer_4": 11.122184451816889,
      "answer_5": 4.3164398390202665,
      "answer_6": 4.032640870214031
    },
    "query_5": {
      "answer_1": 5.339703690933193,
      "answer_2": 4.583599912139743,
      "answer_3": 4.511890657791644,
      "answer_4": 4.665094423202,
      "answer_5": 16.213143516739525,
      "answer_6": 3.427375249467361
    },
    "query_6": {
      "answer_1": 5.385504088002154,
      "answer_2": 4.297230907079443,
      "answer_3": 4.1664430778008095,
      "answer_4": 6.672424742907468,
      "answer_5": 4.471409666745101,
      "answer_6": 17.98235175242024
    }
  }
}