{
  "entity": "Abraham Lincoln",
  "scores": {
    "query_1": {
      "answer_1": 13.422694331361823,
      "answer_2": 4.83439859358951,
      "answer_3": 3.5525973353373614,
      "answer_4": 3.009002430858915,
      "answer_5": 6.281785148530719,
      "answer_6": 4.85789093974606
    },
    "query_2": {
      "answer_1": 3.4638307249676017,
      "answer_2": 10.017799364745013,
      "answer_3": 3.700430574713726,
      "answer_4": 3.1799159596032127,
      "answer_5": 3.5156760984852156,
      "answer_6": 3.8154568436629264
    },
    "query_3": {
      "answer_1": 4.981565147175297,
      "answer_2": 5.378929108394551,
      "answer_3": 10.413674614936554,
      "answer_4": 5.437585569410868,
      "answer_5": 3.561577423688099,
      "answer_6": 4.277071882355888
    },
    "query_4": {
      "answer_1": 4.839458068972689,
      "answer_2": 3.217306611303798,
      "answer_3": 3.4095883727513296,
      "answer_4": 8.505518071125712,
      "answer_5": 4.4024737182537725,
      "answer_6": 5.394859044402567
    },
    "query_5": {
      "answer_1": 6.93917114193041,
      "answer_2": 6.274752433462247,
      "answer_3": 5.181079724502151,
      "answer_4": 4.296857447520944,
      "answer_5": 14.808359243814039,
      "answer_6": 4.728232314242131
    },
    "query_6": {
      "answer_1": 4.42135708891825,
      "answer_2": 5.6138881783676435,
      "answer_3": 3.5664498516492054,
      "answer_4": 5.540363612803655,
      "answer_5": 5.150743445682704,
      "answer_6": 15.520952815540852
    }
  }
}