{
  "entity": "Abraham Lincoln",
  "scores": {
    "query_1": {
      "answer_1": 12.55117035700522,
      "answer_2": 4.871257384639765,
      "answer_3": 5.626874447123595,
      "answer_4": 3.9526199982246077,
      "answer_5": 4.051552546542194,
      "answer_6": 3.620295232907493
    },
    "query_2": {
      "answer_1": 6.1899853330294246,
      "answer_2": 7.3715600043816645,
      "answer_3": 4.330254352308379,
      "answer_4": 2.537094358615616,
      "answer_5": 4.472352587512052,
      "answer_6": 2.562063663591829
    },
    "query_3": {
      "answer_1": 6.909811093025449,
      "answer_2": 6.337322288780195,
      "answer_3": 16.480026361623302,
      "answer_4": 5.43795183122309,
      "answer_5": 5.247963508100464,
      "answer_6": 5.62524499482016
    },
    "query_4": {
      "answer_1": 3.5188470921341164,
      "answer_2": 3.024344968324986,
      "answer_3": 4.934789541282902,
      "answer_4": 15.00784179125493,
      "answer_5": 3.920357646535949,
      "answer_6": 3.9424067581352706
    },
    "query_5": {
      "answer_1": 4.592547221658749,
      "answer_2": 6.274229271688199,
      "answer_3": 4.074416912956623,
      "answer_4": 3.8338023463248665,
      "answer_5": 14.961085656774975,
      "answer_6": 3.380350664766831
    },
    "query_6": {
      "answer_1": 4.130185988479739,
      "answer_2": 2.624448875282979,
      "answer_3": 3.120741540486601,
      "answer_4": 2.7256282469568065,
      "answer_5": 2.587787232085233,
      "answer_6": 14.146975022119316
    }
  }
}