{
  "entity": "Abraham Lincoln",
  "scores": {
    "query_1": {
      "answer_1": 14.448211604017795,
      "answer_2": 3.5140206760490185,
      "answer_3": 3.3932604676803453,
      "answer_4": 3.2048591210215753,
      "answer_5": 6.883614414862339,
      "answer_6": 4.632776596360703
    },
    "query_2": {
      "answer_1": 5.499183209952493,
      "answer_2": 10.454936514704032,
      "answer_3": 4.55730604066307,
      "answer_4": 3.562563254406278,
      "answer_5": 3.6050788974192414,
      "answer_6": 3.4659304843630254
    },
    "query_3": {
      "answer_1": 4.064826299609704,
      "answer_2": 5.466853002625641,
      "answer_3": 9.97142274350323,
      "answer_4": 5.471639097295483,
      "answer_5": 4.047314132871203,
      "answer_6": 6.660459525549114
    },
    "query_4": {
      "answer_1": 3.41390043778486,
      "answer_2": 3.42021692534356,
      "answer_3": 4.331280186380091,
      "answer_4": 17.47557622394211,
      "answer_5": 4.194157283256661,
      "answer_6": 3.600917046751275
    },
    "query_5": {
      "answer_1": 6.966089343803787,
      "answer_2": 4.998203898463116,
      "answer_3": 5.071610361894057,
      "answer_4": 4.957717053364892,
      "answer_5": 10.976271983031225,
      "answer_6": 5.569050751112784
    },
    "query_6": {
      "answer_1": 5.467354754301906,
      "answer_2": 4.3774528978729865,
      "answer_3": 3.473635957720092,
      "answer_4": 6.74934465994127,
      "answer_5": 4.818106280452822,
      "answer_6": 10.559227041241392
    }
  }
}