{
  "entity": "Abraham Lincoln",
  "scores": {
    "query_1": {
      "answer_1": 12.584738754077577,
      "answer_2": 4.4510072319404745,
      "answer_3": 4.127796397804036,
      "answer_4": 3.5087113867930952,
      "answer_5": 5.4345299026159175,
      "answer_6": 4.76753389850992
    },
    "query_2": {
      "answer_1": 4.283848288158822,
      "answer_2": 8.42725923638363,
      "answer_3": 5.842625671875351,
      "answer_4": 3.8302681506427434,
      "answer_5": 4.920016019466765,
      "answer_6": 3.8879930805045553
    },
    "query_3": {
      "answer_1": 5.565886824206566,
      "answer_2": 5.176300133858018,
      "answer_3": 12.183587195758347,
      "answer_4": 5.208310998651657,
      "answer_5": 4.288695427339257,
      "answer_6": 5.555604494933721
    },
    "query_4": {
      "answer_1": 4.363493480635749,
      "answer_2": 4.308812130858131,
      "answer_3": 4.674993994369349,
      "answer_4": 15.313073984384863,
      "answer_5": 4.132890106619797,
      "answer_6": 5.050423355127777
    },
    "query_5": {
      "answer_1": 7.762470901152269,
      "answer_2": 6.056014165346908,
      "answer_3": 6.39210825112655,
      "answer_4": 5.902177483648572,
      "answer_5": 13.6169344317974,
      "answer_6": 6.5519651461284205
    },
    "query_6": {
      "answer_1": 4.967524494792216,
      "answer_2": 4.670127332568713,
      "answer_3": 3.8932296822180064,
      "answer_4": 6.925664794226725,
      "answer_5": 5.211651083376098,
      "answer_6": 14.441721684867048
    }
  }
}