{
  "entity": "Abraham Lincoln",
  "scores": {
    "query_1": {
      "answer_1": 14.22183277424027,
      "answer_2": 4.902156357075016,
      "answer_3": 6.790112538542013,
      "answer_4": 4.724256598035698,
      "answer_5": 4.886185851213089,
      "answer_6": 4.7017287865059885
    },
    "query_2": {
      "answer_1": 5.2759873608770995,
      "answer_2": 16.2617143177509,
      "answer_3": 4.583913797095946,
      "answer_4": 5.012898308884518,
      "answer_5": 4.6341476533829375,
      "answer_6": 5.707490571581556
    },
    "query_3": {
      "answer_1": 7.3028998190354315,
      "answer_2": 7.053718802710699,
      "answer_3": 11.67125515121339,
      "answer_4": 6.341147485010096,
      "answer_5": 6.619657936761844,
      "answer_6": 6.3164637073657985
    },
    "query_4": {
      "answer_1": 6.222415396855451,
      "answer_2": 4.908966367337924,
      "answer_3": 5.543587281989733,
      "answer_4": 13.48457268116929,
      "answer_5": 8.669459396705655,
      "answer_6": 6.76663172813583
    },
    "query_5": {
      "answer_1": 4.24576410617909,
      "answer_2": 4.845421785008817,
      "answer_3": 5.064704864071694,
      "answer_4": 5.1797408361892465,
      "answer_5": 16.26131951599907,
      "answer_6": 3.83685300302998
    },
    "query_6": {
      "answer_1": 4.214326220883893,
      "answer_2": 5.3238053399911225,
      "answer_3": 4.146438509955982,
      "answer_4": 4.449290948696592,
      "answer_5": 4.759008994595982,
      "answer_6": 13.91318039215051
    }
  }
}