{
  "entity": "Abraham Lincoln",
  "scores": {
    "query_1": {
      "answer_1": 20.862019250015724,
      "answer_2": 5.482428622944631,
      "answer_3": 5.1391422635160176,
      "answer_4": 4.5358411185979035,
      "answer_5": 5.867992092214277,
      "answer_6": 4.086149989079831
    },
    "query_2": {
      "answer_1": 7.799853994279438,
      "answer_2": 11.949370625207607,
      "answer_3": 5.456823934458833,
      "answer_4": 3.7963280554363843,
      "answer_5": 3.3044287425396526,
      "answer_6": 3.270527215701567
    },
    "query_3": {
      "answer_1": 9.00962004704478,
      "answer_2": 6.7184041372433025,
      "answer_3": 16.627951235886528,
      "answer_4": 4.869149075616649,
      "answer_5": 5.759644822960506,
      "answer_6": 6.3698446464401055
    },
    "query_4": {
      "answer_1": 6.169337237180668,
      "answer_2": 6.091159984973336,
      "answer_3": 6.201957380532148,
      "answer_4": 13.680908252957133,
      "answer_5": 6.624630970024619,
      "answer_6": 8.268564222575842
    },
    "query_5": {
      "answer_1": 8.015750720598428,
      "answer_2": 6.626978647539066,
      "answer_3": 6.3733433338103325,
      "answer_4": 5.597059123628467,
      "answer_5": 17.704290927966717,
      "answer_6": 5.15900069805744
    },
    "query_6": {
      "answer_1": 9.156583854147712,
      "answer_2": 5.0309552855403625,
      "answer_3": 5.611802348881186,
      "answer_4": 5.657216660966117,
      "answer_5": 5.303435117392091,
      "answer_6": 14.888750097117262
    }
  }
}