{
  "entity": "Abraham Lincoln",
  "scores": {
    "query_1": {
      "answer_1": 11.15780283483717,
      "answer_2": 4.318851058379573,
      "answer_3": 4.786866034032059,
      "answer_4": 3.5845247412888837,
      "answer_5": 4.348125287605579,
      "answer_6": 4.905425386683063
    },
    "query_2": {
      "answer_1": 4.041958141287629,
      "answer_2": 11.923875245214681,
      "answer_3": 4.131917673676386,
      "answer_4": 3.9159148001545754,
      "answer_5": 3.934558455614514,
      "answer_6": 3.979684770783325
    },
    "query_3": {
      "answer_1": 4.482246635068028,
      "answer_2": 7.199789143767574,
      "answer_3": 12.073949257753371,
      "answer_4": 4.502695374181059,
      "answer_5": 4.060411898232745,
      "answer_6": 4.394229511455929
    },
    "query_4": {
      "answer_1": 4.562433773498748,
      "answer_2": 7.748819797944071,
      "answer_3": 4.140305632076647,
      "answer_4": 12.33704480482372,
      "answer_5": 4.971862409003778,
      "answer_6": 5.466317944118249
    },
    "query_5": {
      "answer_1": 7.397131909939611,
      "answer_2": 6.813397760203882,
      "answer_3": 5.8227952867703925,
      "answer_4": 8.719658186790351,
      "answer_5": 12.014233294413856,
      "answer_6": 6.343608063538846
    },
    "query_6": {
      "answer_1": 5.820871141610324,
      "answer_2": 4.479951677172852,
      "answer_3": 3.9483805698175747,
      "answer_4": 7.286487625108301,
      "answer_5": 4.858017394073803,
      "answer_6": 13.747717269753663
    }
  }
}