{
  "entity": "Abraham Lincoln",
  "scores": {
    "query_1": {
      "answer_1": 13.155679087732329,
      "answer_2": 4.592305793290343,
      "answer_3": 8.592185363568479,
      "answer_4": 6.228269473135416,
      "answer_5": 4.580774106874916,
      "answer_6": 4.199833443347594
    },
    "query_2": {
      "answer_1": 6.9180866685860245,
      "answer_2": 16.32523947868678,
      "answer_3": 4.70223915055207,
      "answer_4": 5.987252567477642,
      "answer_5": 4.706387845148906,
      "answer_6": 4.454838325828056
    },
    "query_3": {
      "answer_1": 7.291329963323941,
      "answer_2": 6.495239614414358,
      "answer_3": 12.562432281698788,
      "answer_4": 7.2618973629879555,
      "answer_5": 5.470679162519736,
      "answer_6": 6.4855472676386325
    },
    "query_4": {
      "answer_1": 4.91172213513221,
      "answer_2": 6.102467710233707,
      "answer_3": 5.484840395173402,
      "answer_4": 13.000316075659688,
      "answer_5": 7.6415084465302066,
      "answer_6": 6.480341133509537
    },
    "query_5": {
      "answer_1": 3.9899516420440384,
      "answer_2": 4.167337824846409,
      "answer_3": 4.195665399349212,
      "answer_4": 5.279769070172477,
      "answer_5": 21.601573584792973,
      "answer_6": 3.7581196828225485
    },
    "query_6": {
      "answer_1": 4.1362952820390575,
      "answer_2": 4.7594011758473815,
      "answer_3": 5.960326434299946,
      "answer_4": 4.515085795776383,
      "answer_5": 4.429139134315522,
      "answer_6": 13.028786403645803
    }
  }
}