{
  "entity": "Abraham Lincoln",
  "scores": {
    "query_1": {
      "answer_1": 12.003018493097546,
      "answer_2": 4.317686062033248,
      "answer_3": 4.053153906831344,
      "answer_4": 3.5297837614212155,
      "answer_5": 5.065156227620635,
      "answer_6": 4.511128946987892
    },
    "query_2": {
      "answer_1": 3.9921172753647176,
      "answer_2": 11.788485542820633,
      "answer_3": 4.7030748755006995,
      "answer_4": 3.9676810851262276,
      "answer_5": 4.3329554587402015,
      "answer_6": 3.5808261763980114
    },
    "query_3": {
      "answer_1": 5.016818462116955,
      "answer_2": 6.878650432814654,
      "answer_3": 10.671368715424457,
      "answer_4": 5.698066979514914,
      "answer_5": 4.399892045566689,
      "answer_6": 4.136905244792716
    },
    "query_4": {
      "answer_1": 4.579292560864369,
      "answer_2": 6.048891221752612,
      "answer_3": 4.1583205315121265,
      "answer_4": 10.780208568679075,
      "answer_5": 4.569870005450717,
      "answer_6": 3.3915329113084054
    },
    "query_5": {
      "answer_1": 8.51396091117306,
      "answer_2": 5.955360665365718,
      "answer_3": 5.675322332869252,
      "answer_4": 5.4877382779226425,
      "answer_5": 12.334016377634944,
      "answer_6": 5.593573281112114
    },
    "query_6": {
      "answer_1": 5.988908606127023,
      "answer_2": 4.717153742968294,
      "answer_3": 4.086066502451609,
      "answer_4": 8.006824700689965,
      "answer_5": 5.912851743076393,
      "answer_6": 16.671429067383382
    }
  }
}