{
  "entity": "Abraham Lincoln",
  "scores": {
    "query_1": {
      "answer_1": 14.560573853044662,
      "answer_2": 2.78140329067626,
      "answer_3": 3.6119951907018,
      "answer_4": 3.9474242508107347,
      "answer_5": 2.928116598030397,
      "answer_6": 2.903612534978179
    },
    "query_2": {
      "answer_1": 3.8409264813953343,
      "answer_2": 7.746176312527441,
      "answer_3": 3.285690730471198,
      "answer_4": 2.670989611802237,
      "answer_5": 2.3839158388810433,
      "answer_6": 3.3475783990595884
    },
    "query_3": {
      "answer_1": 3.318120107508614,
      "answer_2": 2.4034948092020265,
      "answer_3": 6.270253115500099,
      "answer_4": 2.06489797303652,
      "answer_5": 2.14399582279474,
      "answer_6": 1.8786315648522898
    },
    "query_4": {
      "answer_1": 3.8538421698626557,
      "answer_2": 2.742307514312664,
      "answer_3": 2.917291964844322,
      "answer_4": 9.240902182656528,
      "answer_5": 5.196955261158206,
      "answer_6": 2.841191761358489
    },
    "query_5": {
      "answer_1": 3.8488022219784392,
      "answer_2": 3.295200446318556,
      "answer_3": 3.1108001373589715,
      "answer_4": 3.5672800800840627,
      "answer_5": 19.217800330825227,
      "answer_6": 3.263293067056468
    },
    "query_6": {
      "answer_1": 2.5665664205653984,
      "answer_2": 2.5183983147875972,
      "answer_3": 2.38166366281931,
      "answer_4": 3.4220871390896757,
      "answer_5": 1.822508109589833,
      "answer_6": 12.129982483443866
    }
  }
}