{
  "entity": "Winston Churchill",
  "cosine_similarities": {
    "query_1": {
      "answer_1": 0.934117644008399,
      "answer_2": 0.8835831130335824,
      "answer_3": 0.8827266483373609,
      "answer_4": 0.8449334933591433,
      "answer_5": 0.8986085647641614,
      "answer_6": 0.8527483505713265
    },
    "query_2": {
      "answer_1": 0.8733679502336524,
      "answer_2": 0.9498054647843086,
      "answer_3": 0.8702862371129769,
      "answer_4": 0.8413193822194724,
      "answer_5": 0.8602587082247528,
      "answer_6": 0.8517558958704667
    },
    "query_3": {
      "answer_1": 0.879881433677942,
      "answer_2": 0.8731530664453258,
      "answer_3": 0.9132137059039965,
      "answer_4": 0.8689798671832694,
      "answer_5": 0.8696557646644831,
      "answer_6": 0.8666845370116482
    },
    "query_4": {
      "answer_1": 0.8354377337923209,
      "answer_2": 0.8282095361777025,
      "answer_3": 0.8601492966155925,
      "answer_4": 0.9096871921648136,
      "answer_5": 0.852984869657741,
      "answer_6": 0.8742978490211865
    },
    "query_5": {
      "answer_1": 0.8855926446965563,
      "answer_2": 0.8604766600858607,
      "answer_3": 0.8604286633930646,
      "answer_4": 0.8552670376998416,
      "answer_5": 0.9381565715489875,
      "answer_6": 0.8673382429667004
    },
    "query_6": {
      "answer_1": 0.8435401180370088,
      "answer_2": 0.8357560570268799,
      "answer_3": 0.8421426025196663,
      "answer_4": 0.853881110921515,
      "answer_5": 0.8477151621053507,
      "answer_6": 0.912471208652967
    }
  }
}