{
  "entity": "Winston Churchill",
  "cosine_similarities": {
    "query_1": {
      "answer_1": 0.9206527319141342,
      "answer_2": 0.8537214917111792,
      "answer_3": 0.876295103123395,
      "answer_4": 0.8432953774053494,
      "answer_5": 0.8873483101167765,
      "answer_6": 0.8622087649595319
    },
    "query_2": {
      "answer_1": 0.8736864662611793,
      "answer_2": 0.9290876329441848,
      "answer_3": 0.8735916735501944,
      "answer_4": 0.846730824321155,
      "answer_5": 0.8580605816789492,
      "answer_6": 0.8515857147442683
    },
    "query_3": {
      "answer_1": 0.8655415278448355,
      "answer_2": 0.8258061883559485,
      "answer_3": 0.9176527016090554,
      "answer_4": 0.8458051937018924,
      "answer_5": 0.8530145375004674,
      "answer_6": 0.8468834022271373
    },
    "query_4": {
      "answer_1": 0.8526767600742847,
      "answer_2": 0.8228908084682764,
      "answer_3": 0.8611496922237863,
      "answer_4": 0.9259318262880195,
      "answer_5": 0.8675690736618079,
      "answer_6": 0.8817113987835553
    },
    "query_5": {
      "answer_1": 0.8814156736620217,
      "answer_2": 0.8381140755471014,
      "answer_3": 0.8690958126657329,
      "answer_4": 0.8486523988970135,
      "answer_5": 0.9416905759054314,
      "answer_6": 0.8617205247987465
    },
    "query_6": {
      "answer_1": 0.8439489479795672,
      "answer_2": 0.8036491359592483,
      "answer_3": 0.837283480785767,
      "answer_4": 0.8366743718695808,
      "answer_5": 0.83839095013023,
      "answer_6": 0.9113069413493388
    }
  }
}