{
  "entity": "Winston Churchill",
  "cosine_similarities": {
    "query_1": {
      "answer_1": 0.9080878283659751,
      "answer_2": 0.8852120050573178,
      "answer_3": 0.8424136528570979,
      "answer_4": 0.8354054518051969,
      "answer_5": 0.880738250146567,
      "answer_6": 0.856165845005149
    },
    "query_2": {
      "answer_1": 0.855828425549378,
      "answer_2": 0.9271358575754297,
      "answer_3": 0.8448438133670558,
      "answer_4": 0.8425727135359192,
      "answer_5": 0.8620733173296108,
      "answer_6": 0.8431158445716312
    },
    "query_3": {
      "answer_1": 0.873186662004749,
      "answer_2": 0.8611451331832273,
      "answer_3": 0.8964779672923706,
      "answer_4": 0.8781395233030127,
      "answer_5": 0.8732966916996323,
      "answer_6": 0.8578247679773514
    },
    "query_4": {
      "answer_1": 0.8414902987453031,
      "answer_2": 0.8474667788098067,
      "answer_3": 0.8561949879787282,
      "answer_4": 0.9167044798098857,
      "answer_5": 0.872588387881536,
      "answer_6": 0.8625750526752115
    },
    "query_5": {
      "answer_1": 0.8647864109908177,
      "answer_2": 0.8728570246487227,
      "answer_3": 0.8407903964248546,
      "answer_4": 0.8664980887638476,
      "answer_5": 0.9408540032809659,
      "answer_6": 0.8671114590807701
    },
    "query_6": {
      "answer_1": 0.8467088336332277,
      "answer_2": 0.8595633195778691,
      "answer_3": 0.8252329700821596,
      "answer_4": 0.8454916143290127,
      "answer_5": 0.8577241675075274,
      "answer_6": 0.8891025639330356
    }
  }
}