{
  "entity": "Winston Churchill",
  "cosine_similarities": {
    "query_1": {
      "answer_1": 0.9231942830763646,
      "answer_2": 0.8496025908103781,
      "answer_3": 0.8828915042718021,
      "answer_4": 0.8553360248925286,
      "answer_5": 0.8809335356451635,
      "answer_6": 0.8596169362511489
    },
    "query_2": {
      "answer_1": 0.8661300717951289,
      "answer_2": 0.9224739957468809,
      "answer_3": 0.8829328236103879,
      "answer_4": 0.8573557327291481,
      "answer_5": 0.8491416439382481,
      "answer_6": 0.8569112006847587
    },
    "query_3": {
      "answer_1": 0.8750159735293996,
      "answer_2": 0.8462591391430121,
      "answer_3": 0.915715035764257,
      "answer_4": 0.8672910553806217,
      "answer_5": 0.8519673403387092,
      "answer_6": 0.8640072269053802
    },
    "query_4": {
      "answer_1": 0.830703586426268,
      "answer_2": 0.8154113317248648,
      "answer_3": 0.857614285945796,
      "answer_4": 0.9125706990157625,
      "answer_5": 0.8378954462101837,
      "answer_6": 0.8704099762580231
    },
    "query_5": {
      "answer_1": 0.8831141677867754,
      "answer_2": 0.8424998203245767,
      "answer_3": 0.8707207701838751,
      "answer_4": 0.8662975680320288,
      "answer_5": 0.933694024137707,
      "answer_6": 0.864476625100346
    },
    "query_6": {
      "answer_1": 0.8326061324311806,
      "answer_2": 0.8082815463731942,
      "answer_3": 0.8365360065764768,
      "answer_4": 0.8503452005205461,
      "answer_5": 0.8232857515230065,
      "answer_6": 0.9078605792010856
    }
  }
}