{
  "entity": "Winston Churchill",
  "cosine_similarities": {
    "query_1": {
      "answer_1": 0.9297233085684213,
      "answer_2": 0.870499355706877,
      "answer_3": 0.8625004737128711,
      "answer_4": 0.8494462799872929,
      "answer_5": 0.8901042300049279,
      "answer_6": 0.8616363545188378
    },
    "query_2": {
      "answer_1": 0.8791451189929944,
      "answer_2": 0.9272851955598059,
      "answer_3": 0.8585141605005908,
      "answer_4": 0.8440302321245864,
      "answer_5": 0.862216876599175,
      "answer_6": 0.8526056700995551
    },
    "query_3": {
      "answer_1": 0.8662183868197293,
      "answer_2": 0.844055553264444,
      "answer_3": 0.9342917023307721,
      "answer_4": 0.8662409605750069,
      "answer_5": 0.8650501900036403,
      "answer_6": 0.846825537647065
    },
    "query_4": {
      "answer_1": 0.8346315545670588,
      "answer_2": 0.8263057165293249,
      "answer_3": 0.8582735157482191,
      "answer_4": 0.9176856047020024,
      "answer_5": 0.8610987359985481,
      "answer_6": 0.8673753103423927
    },
    "query_5": {
      "answer_1": 0.8778267751251485,
      "answer_2": 0.8366921380189871,
      "answer_3": 0.8559156073885009,
      "answer_4": 0.8561521434520117,
      "answer_5": 0.9331876455906404,
      "answer_6": 0.8580908381887286
    },
    "query_6": {
      "answer_1": 0.8606897612231308,
      "answer_2": 0.8541698141833175,
      "answer_3": 0.8547203840785791,
      "answer_4": 0.8759200616984498,
      "answer_5": 0.8624730387880257,
      "answer_6": 0.930119289928702
    }
  }
}