{
  "entity": "Winston Churchill",
  "cosine_similarities": {
    "query_1": {
      "answer_1": 0.9150233671723746,
      "answer_2": 0.8869322940942955,
      "answer_3": 0.8600315271737148,
      "answer_4": 0.8589463469594145,
      "answer_5": 0.8724521924070969,
      "answer_6": 0.8733199071581669
    },
    "query_2": {
      "answer_1": 0.8839512537291682,
      "answer_2": 0.9468921582257503,
      "answer_3": 0.8500133880921371,
      "answer_4": 0.8589764639002813,
      "answer_5": 0.8582886615172363,
      "answer_6": 0.8578272402316133
    },
    "query_3": {
      "answer_1": 0.8803029168494375,
      "answer_2": 0.8561484864818079,
      "answer_3": 0.9274113853335817,
      "answer_4": 0.8891887142530674,
      "answer_5": 0.8669666512072243,
      "answer_6": 0.8809204117578715
    },
    "query_4": {
      "answer_1": 0.8795812092358926,
      "answer_2": 0.8749323162149037,
      "answer_3": 0.8906796397296588,
      "answer_4": 0.9315637050449445,
      "answer_5": 0.9053811166233132,
      "answer_6": 0.9068527598984805
    },
    "query_5": {
      "answer_1": 0.8762235008001314,
      "answer_2": 0.87711914038521,
      "answer_3": 0.8569186369239792,
      "answer_4": 0.8781549310269267,
      "answer_5": 0.9458083345196975,
      "answer_6": 0.881925814433804
    },
    "query_6": {
      "answer_1": 0.8631676658851551,
      "answer_2": 0.8348576137869961,
      "answer_3": 0.8529617757263424,
      "answer_4": 0.8637991024192484,
      "answer_5": 0.8517922723521874,
      "answer_6": 0.9144939448537185
    }
  }
}