{
  "entity": "Winston Churchill",
  "cosine_similarities": {
    "query_1": {
      "answer_1": 0.9081765380879944,
      "answer_2": 0.891580865010314,
      "answer_3": 0.8828933746390749,
      "answer_4": 0.8488331887822828,
      "answer_5": 0.8591258637775944,
      "answer_6": 0.8703126933855055
    },
    "query_2": {
      "answer_1": 0.8690084532593106,
      "answer_2": 0.9409718312873772,
      "answer_3": 0.8699059293648266,
      "answer_4": 0.8418514444699189,
      "answer_5": 0.8461377995303236,
      "answer_6": 0.857206083136048
    },
    "query_3": {
      "answer_1": 0.8764771381577742,
      "answer_2": 0.8825413689807454,
      "answer_3": 0.9168874467330673,
      "answer_4": 0.8789055846566833,
      "answer_5": 0.8613153900229538,
      "answer_6": 0.8711173461512838
    },
    "query_4": {
      "answer_1": 0.8404378163916039,
      "answer_2": 0.8462029127981395,
      "answer_3": 0.8717798776796531,
      "answer_4": 0.9199987075513114,
      "answer_5": 0.878531799257977,
      "answer_6": 0.8781993849619771
    },
    "query_5": {
      "answer_1": 0.8632551099744626,
      "answer_2": 0.8666005640910964,
      "answer_3": 0.8705108180598905,
      "answer_4": 0.8621953424806003,
      "answer_5": 0.9074830938253742,
      "answer_6": 0.8736050173501213
    },
    "query_6": {
      "answer_1": 0.8606032091003258,
      "answer_2": 0.875626063733711,
      "answer_3": 0.8733196916615305,
      "answer_4": 0.8832380475373098,
      "answer_5": 0.8841196702630059,
      "answer_6": 0.9192290224422495
    }
  }
}