{
  "entity": "Winston Churchill",
  "cosine_similarities": {
    "query_1": {
      "answer_1": 0.9368129794327046,
      "answer_2": 0.8781111723435377,
      "answer_3": 0.8682521975674795,
      "answer_4": 0.8447016347706896,
      "answer_5": 0.8750935284112668,
      "answer_6": 0.8607989071959434
    },
    "query_2": {
      "answer_1": 0.879847412056286,
      "answer_2": 0.9471399322218221,
      "answer_3": 0.8614924519300853,
      "answer_4": 0.8487621571369555,
      "answer_5": 0.8599256650727951,
      "answer_6": 0.8493482350275625
    },
    "query_3": {
      "answer_1": 0.8659084955443571,
      "answer_2": 0.8479608247180896,
      "answer_3": 0.9290110567405937,
      "answer_4": 0.8744996911260188,
      "answer_5": 0.8574544309994921,
      "answer_6": 0.8381343352883596
    },
    "query_4": {
      "answer_1": 0.840084898740938,
      "answer_2": 0.8444442513848148,
      "answer_3": 0.8700140823448906,
      "answer_4": 0.9324817418835667,
      "answer_5": 0.8767010942208784,
      "answer_6": 0.8511453753397032
    },
    "query_5": {
      "answer_1": 0.8687432702788878,
      "answer_2": 0.8525242464113232,
      "answer_3": 0.8622991835309242,
      "answer_4": 0.8614046408598101,
      "answer_5": 0.938014883713792,
      "answer_6": 0.8604560511727913
    },
    "query_6": {
      "answer_1": 0.864815728321011,
      "answer_2": 0.8524232364714683,
      "answer_3": 0.8452792809614214,
      "answer_4": 0.8572259810009554,
      "answer_5": 0.8604851457403697,
      "answer_6": 0.9266077893936671
    }
  }
}