{
  "entity": "Winston Churchill",
  "cosine_similarities": {
    "query_1": {
      "answer_1": 0.9083972388938663,
      "answer_2": 0.8776277365355332,
      "answer_3": 0.8611872698287539,
      "answer_4": 0.8325611791426283,
      "answer_5": 0.8553453558279074,
      "answer_6": 0.8521117990206696
    },
    "query_2": {
      "answer_1": 0.8627860081246649,
      "answer_2": 0.9516592355820241,
      "answer_3": 0.883184180772095,
      "answer_4": 0.8525585689518544,
      "answer_5": 0.8458673449441306,
      "answer_6": 0.8569816773014391
    },
    "query_3": {
      "answer_1": 0.8744088610948796,
      "answer_2": 0.8795278549765917,
      "answer_3": 0.9280106490048744,
      "answer_4": 0.8628034572912028,
      "answer_5": 0.853150686950546,
      "answer_6": 0.8581372822125939
    },
    "query_4": {
      "answer_1": 0.8541100372001089,
      "answer_2": 0.8517996541508936,
      "answer_3": 0.8622287181437907,
      "answer_4": 0.9192073870146394,
      "answer_5": 0.8465645762515455,
      "answer_6": 0.879630274520019
    },
    "query_5": {
      "answer_1": 0.8690022515493002,
      "answer_2": 0.8670774862419824,
      "answer_3": 0.8552306007878084,
      "answer_4": 0.8670415246813539,
      "answer_5": 0.9459798969393848,
      "answer_6": 0.8746728232898254
    },
    "query_6": {
      "answer_1": 0.8547465393053699,
      "answer_2": 0.8450526091400665,
      "answer_3": 0.8431751662209415,
      "answer_4": 0.8585465957677018,
      "answer_5": 0.8396503539975164,
      "answer_6": 0.9122327777649647
    }
  }
}