{
  "entity": "Winston Churchill",
  "cosine_similarities": {
    "query_1": {
      "answer_1": 0.912590440382504,
      "answer_2": 0.8782089164346155,
      "answer_3": 0.8754872767208822,
      "answer_4": 0.8468442290359002,
      "answer_5": 0.8851169013804466,
      "answer_6": 0.8684521736373918
    },
    "query_2": {
      "answer_1": 0.8855690259366036,
      "answer_2": 0.9472924977924038,
      "answer_3": 0.8783119424573684,
      "answer_4": 0.8460285033610487,
      "answer_5": 0.8601770322338461,
      "answer_6": 0.8684534394515553
    },
    "query_3": {
      "answer_1": 0.8915483163299992,
      "answer_2": 0.8676052640803712,
      "answer_3": 0.9127587283343119,
      "answer_4": 0.8766672538319498,
      "answer_5": 0.8752771704967462,
      "answer_6": 0.8648507275734042
    },
    "query_4": {
      "answer_1": 0.8572922872073903,
      "answer_2": 0.838937635880716,
      "answer_3": 0.8566969938547275,
      "answer_4": 0.9257150115467124,
      "answer_5": 0.8751430151980675,
      "answer_6": 0.8701280027043407
    },
    "query_5": {
      "answer_1": 0.8810574478021088,
      "answer_2": 0.8579542665323763,
      "answer_3": 0.8713584135357222,
      "answer_4": 0.8620884224795434,
      "answer_5": 0.9360614406478946,
      "answer_6": 0.8742738264461494
    },
    "query_6": {
      "answer_1": 0.8588851468635303,
      "answer_2": 0.8586414719739222,
      "answer_3": 0.8457135329383323,
      "answer_4": 0.8609771282582014,
      "answer_5": 0.8781086984313157,
      "answer_6": 0.9423857618117477
    }
  }
}