{
  "entity": "Winston Churchill",
  "cosine_similarities": {
    "query_1": {
      "answer_1": 0.9250788122590664,
      "answer_2": 0.8735230040004557,
      "answer_3": 0.8663075782909584,
      "answer_4": 0.8400096640494885,
      "answer_5": 0.8806149197302886,
      "answer_6": 0.861559509373748
    },
    "query_2": {
      "answer_1": 0.8718666083936585,
      "answer_2": 0.9439970629818533,
      "answer_3": 0.8610128510652364,
      "answer_4": 0.8502880088997715,
      "answer_5": 0.8505150222523862,
      "answer_6": 0.8521390233244494
    },
    "query_3": {
      "answer_1": 0.8631437701188885,
      "answer_2": 0.851551804427138,
      "answer_3": 0.9170851542639805,
      "answer_4": 0.8474272267742661,
      "answer_5": 0.8371801943760278,
      "answer_6": 0.8495650331567967
    },
    "query_4": {
      "answer_1": 0.8405952593569491,
      "answer_2": 0.8471096744539077,
      "answer_3": 0.8619864293568373,
      "answer_4": 0.9185178252986791,
      "answer_5": 0.8624208830254775,
      "answer_6": 0.8780352723093694
    },
    "query_5": {
      "answer_1": 0.8725415459352461,
      "answer_2": 0.858991407502808,
      "answer_3": 0.8563836916893866,
      "answer_4": 0.8561297823949922,
      "answer_5": 0.9323737612738247,
      "answer_6": 0.8687094623106654
    },
    "query_6": {
      "answer_1": 0.8334687247648079,
      "answer_2": 0.8112180559286107,
      "answer_3": 0.8340878683469651,
      "answer_4": 0.8337084273035789,
      "answer_5": 0.8311331808878241,
      "answer_6": 0.9095012954345888
    }
  }
}