{
  "entity": "Winston Churchill",
  "cosine_similarities": {
    "query_1": {
      "answer_1": 0.9117893970159939,
      "answer_2": 0.8940914635248512,
      "answer_3": 0.8786157534592839,
      "answer_4": 0.8567242492075151,
      "answer_5": 0.8614928676164643,
      "answer_6": 0.8709058025837415
    },
    "query_2": {
      "answer_1": 0.8809371803167635,
      "answer_2": 0.9550524679866645,
      "answer_3": 0.8684143921949115,
      "answer_4": 0.8503012581609769,
      "answer_5": 0.8404120544585499,
      "answer_6": 0.85520011607072
    },
    "query_3": {
      "answer_1": 0.8788644706677045,
      "answer_2": 0.8767456872914882,
      "answer_3": 0.9144016607451397,
      "answer_4": 0.8791257723115354,
      "answer_5": 0.8553008783176228,
      "answer_6": 0.8750128158559218
    },
    "query_4": {
      "answer_1": 0.8394435510169929,
      "answer_2": 0.8367871313162056,
      "answer_3": 0.8755164043220577,
      "answer_4": 0.913575443562322,
      "answer_5": 0.8762402925107061,
      "answer_6": 0.8814461954622409
    },
    "query_5": {
      "answer_1": 0.8603552476796088,
      "answer_2": 0.8633613308221684,
      "answer_3": 0.8689777446380518,
      "answer_4": 0.8600310822006917,
      "answer_5": 0.9203239849824363,
      "answer_6": 0.8769241126137186
    },
    "query_6": {
      "answer_1": 0.8588296537786898,
      "answer_2": 0.8701143763619206,
      "answer_3": 0.8705868446767863,
      "answer_4": 0.8851006696352065,
      "answer_5": 0.8815730903764829,
      "answer_6": 0.923179638774966
    }
  }
}