{
  "entity": "Winston Churchill",
  "cosine_similarities": {
    "query_1": {
      "answer_1": 0.9159040379056129,
      "answer_2": 0.8827973214018454,
      "answer_3": 0.8812186246500714,
      "answer_4": 0.8505700737054455,
      "answer_5": 0.8779022662667145,
      "answer_6": 0.8639676107290216
    },
    "query_2": {
      "answer_1": 0.8711080669481519,
      "answer_2": 0.9482898124058279,
      "answer_3": 0.8711648572702476,
      "answer_4": 0.844416777336317,
      "answer_5": 0.8555498765943957,
      "answer_6": 0.8576577342589728
    },
    "query_3": {
      "answer_1": 0.8888893100917363,
      "answer_2": 0.8671534417694983,
      "answer_3": 0.9167384978418811,
      "answer_4": 0.8726435024312232,
      "answer_5": 0.8680504673523786,
      "answer_6": 0.870349927570516
    },
    "query_4": {
      "answer_1": 0.8543920464403707,
      "answer_2": 0.8251245950582627,
      "answer_3": 0.8588875176264006,
      "answer_4": 0.9138144225417025,
      "answer_5": 0.87779126031096,
      "answer_6": 0.8791496354767533
    },
    "query_5": {
      "answer_1": 0.8847358997091189,
      "answer_2": 0.8578381043590303,
      "answer_3": 0.869441341760656,
      "answer_4": 0.865255398651038,
      "answer_5": 0.9390133684425451,
      "answer_6": 0.8754995188908942
    },
    "query_6": {
      "answer_1": 0.8557292363189892,
      "answer_2": 0.8461648538642175,
      "answer_3": 0.8463170342282061,
      "answer_4": 0.8656050574171362,
      "answer_5": 0.8643221631622698,
      "answer_6": 0.9128670553256111
    }
  }
}