{
  "entity": "Winston Churchill",
  "cosine_similarities": {
    "query_1": {
      "answer_1": 0.9226617430811493,
      "answer_2": 0.8768278967876166,
      "answer_3": 0.8725605334979346,
      "answer_4": 0.8499109184962785,
      "answer_5": 0.8916976071016438,
      "answer_6": 0.8632820648804819
    },
    "query_2": {
      "answer_1": 0.8672375997457626,
      "answer_2": 0.9428554879905062,
      "answer_3": 0.8627824023551093,
      "answer_4": 0.8446863510164515,
      "answer_5": 0.8607603169880088,
      "answer_6": 0.8630301875791343
    },
    "query_3": {
      "answer_1": 0.8722205238623313,
      "answer_2": 0.8646642493140844,
      "answer_3": 0.9104695332044239,
      "answer_4": 0.8765689312214688,
      "answer_5": 0.8748041200726772,
      "answer_6": 0.8666328311019132
    },
    "query_4": {
      "answer_1": 0.8344702596015273,
      "answer_2": 0.8301497085147367,
      "answer_3": 0.8490598062488995,
      "answer_4": 0.9085201935701582,
      "answer_5": 0.8733932949274332,
      "answer_6": 0.8705331889546581
    },
    "query_5": {
      "answer_1": 0.8742124488249589,
      "answer_2": 0.856529822386802,
      "answer_3": 0.85905794552047,
      "answer_4": 0.8615832643566259,
      "answer_5": 0.9458154668154249,
      "answer_6": 0.8750964723028904
    },
    "query_6": {
      "answer_1": 0.8407651829543081,
      "answer_2": 0.8369672814470183,
      "answer_3": 0.8455139478347027,
      "answer_4": 0.8617026148571034,
      "answer_5": 0.8635628293529432,
      "answer_6": 0.9082729173498435
    }
  }
}