{
  "entity": "Winston Churchill",
  "cosine_similarities": {
    "query_1": {
      "answer_1": 0.9261548040521708,
      "answer_2": 0.8870347879869075,
      "answer_3": 0.8710988582341626,
      "answer_4": 0.8580090877840482,
      "answer_5": 0.8882908272172344,
      "answer_6": 0.8699620997374532
    },
    "query_2": {
      "answer_1": 0.8858810829191891,
      "answer_2": 0.9535983375810273,
      "answer_3": 0.8549446545344088,
      "answer_4": 0.856377304284721,
      "answer_5": 0.862704429470148,
      "answer_6": 0.8615877610633551
    },
    "query_3": {
      "answer_1": 0.8731083924053307,
      "answer_2": 0.8573910231185836,
      "answer_3": 0.9185778868331439,
      "answer_4": 0.863532306900044,
      "answer_5": 0.8583373422983881,
      "answer_6": 0.8526209636161234
    },
    "query_4": {
      "answer_1": 0.8636990547777006,
      "answer_2": 0.8648974543134962,
      "answer_3": 0.8740667374829125,
      "answer_4": 0.9178587125167552,
      "answer_5": 0.8775557311774397,
      "answer_6": 0.8816960202516627
    },
    "query_5": {
      "answer_1": 0.8831130364616171,
      "answer_2": 0.8693546092553368,
      "answer_3": 0.8638532873121605,
      "answer_4": 0.8648942606456306,
      "answer_5": 0.9398709950809123,
      "answer_6": 0.8733666434499737
    },
    "query_6": {
      "answer_1": 0.8566549654126208,
      "answer_2": 0.8478917123312311,
      "answer_3": 0.8369028774374234,
      "answer_4": 0.8520492666445983,
      "answer_5": 0.8521461617416355,
      "answer_6": 0.9128895331425239
    }
  }
}