{
  "entity": "Winston Churchill",
  "cosine_similarities": {
    "query_1": {
      "answer_1": 0.9336358182740696,
      "answer_2": 0.877834098793332,
      "answer_3": 0.858225261072546,
      "answer_4": 0.8486013365793803,
      "answer_5": 0.8704117845086939,
      "answer_6": 0.8621146411455217
    },
    "query_2": {
      "answer_1": 0.8674813752274751,
      "answer_2": 0.9521580109240487,
      "answer_3": 0.8506874832959039,
      "answer_4": 0.8532272752363881,
      "answer_5": 0.8590091611252657,
      "answer_6": 0.8510622512787189
    },
    "query_3": {
      "answer_1": 0.8659525897425162,
      "answer_2": 0.8476832245610236,
      "answer_3": 0.9287159457355325,
      "answer_4": 0.8873570842096831,
      "answer_5": 0.8587058160822953,
      "answer_6": 0.8617551286870527
    },
    "query_4": {
      "answer_1": 0.8218890218784085,
      "answer_2": 0.8365873440918243,
      "answer_3": 0.8734659319913076,
      "answer_4": 0.9127222106507697,
      "answer_5": 0.8654980418132279,
      "answer_6": 0.8522019266585406
    },
    "query_5": {
      "answer_1": 0.8726284285078901,
      "answer_2": 0.8692667957101659,
      "answer_3": 0.8552284439776159,
      "answer_4": 0.872987164266106,
      "answer_5": 0.9454115916968809,
      "answer_6": 0.883171171392917
    },
    "query_6": {
      "answer_1": 0.8488636387366059,
      "answer_2": 0.8324966494435044,
      "answer_3": 0.8436001813598796,
      "answer_4": 0.8545238788296002,
      "answer_5": 0.850351605945796,
      "answer_6": 0.9022259228415545
    }
  }
}