{
  "entity": "Winston Churchill",
  "cosine_similarities": {
    "query_1": {
      "answer_1": 0.9230241495074087,
      "answer_2": 0.8823575745580561,
      "answer_3": 0.8590819023900268,
      "answer_4": 0.8426200482691523,
      "answer_5": 0.8723952409343813,
      "answer_6": 0.8711895807039022
    },
    "query_2": {
      "answer_1": 0.8683948163277793,
      "answer_2": 0.9443567419661505,
      "answer_3": 0.856381124721022,
      "answer_4": 0.8485183355746208,
      "answer_5": 0.8569190013000053,
      "answer_6": 0.860379270916532
    },
    "query_3": {
      "answer_1": 0.8735107733663203,
      "answer_2": 0.8458840978048066,
      "answer_3": 0.9235938426681901,
      "answer_4": 0.8761441896121925,
      "answer_5": 0.8545076106086031,
      "answer_6": 0.8596366999018947
    },
    "query_4": {
      "answer_1": 0.8442411432006028,
      "answer_2": 0.8342426974762421,
      "answer_3": 0.8731836693803158,
      "answer_4": 0.9189080463404312,
      "answer_5": 0.8616603449430907,
      "answer_6": 0.8739008969989389
    },
    "query_5": {
      "answer_1": 0.8711134024991294,
      "answer_2": 0.8624522494113126,
      "answer_3": 0.8604759058463575,
      "answer_4": 0.8730293884738581,
      "answer_5": 0.943288230545468,
      "answer_6": 0.8876713416558228
    },
    "query_6": {
      "answer_1": 0.8690830782200633,
      "answer_2": 0.8638547545828398,
      "answer_3": 0.845606577206725,
      "answer_4": 0.8660322075857471,
      "answer_5": 0.8740051077116814,
      "answer_6": 0.9431362633157017
    }
  }
}