{
  "entity": "Winston Churchill",
  "cosine_similarities": {
    "query_1": {
      "answer_1": 0.9198226131785032,
      "answer_2": 0.8841928459058144,
      "answer_3": 0.8644685346813709,
      "answer_4": 0.8509077196358744,
      "answer_5": 0.8671313075703458,
      "answer_6": 0.866596472257829
    },
    "query_2": {
      "answer_1": 0.8785260848824841,
      "answer_2": 0.9478759533170008,
      "answer_3": 0.8601560509749349,
      "answer_4": 0.8581801018660989,
      "answer_5": 0.8547818931975407,
      "answer_6": 0.8544527513416627
    },
    "query_3": {
      "answer_1": 0.8746700999188911,
      "answer_2": 0.8542562021374221,
      "answer_3": 0.9283960821770317,
      "answer_4": 0.8792979138417473,
      "answer_5": 0.8578441268803781,
      "answer_6": 0.8666811466908231
    },
    "query_4": {
      "answer_1": 0.8431378642314364,
      "answer_2": 0.8390981101018365,
      "answer_3": 0.876295088973824,
      "answer_4": 0.9180541077879617,
      "answer_5": 0.8638287006862753,
      "answer_6": 0.8741059395599025
    },
    "query_5": {
      "answer_1": 0.8696038683587876,
      "answer_2": 0.8650682277785177,
      "answer_3": 0.8661471682282575,
      "answer_4": 0.8806545534360708,
      "answer_5": 0.936888069971365,
      "answer_6": 0.8869400119467638
    },
    "query_6": {
      "answer_1": 0.8465859400794272,
      "answer_2": 0.8359357131557101,
      "answer_3": 0.8495192093555045,
      "answer_4": 0.8555510275034911,
      "answer_5": 0.8466365856286809,
      "answer_6": 0.9157818465464015
    }
  }
}