{
  "entity": "Winston Churchill",
  "cosine_similarities": {
    "query_1": {
      "answer_1": 0.9331718306210969,
      "answer_2": 0.8582799708520266,
      "answer_3": 0.8759139924549313,
      "answer_4": 0.8351505023808461,
      "answer_5": 0.8879340223783393,
      "answer_6": 0.8608393532103925
    },
    "query_2": {
      "answer_1": 0.8811087472554069,
      "answer_2": 0.9441027494371759,
      "answer_3": 0.8712420474628617,
      "answer_4": 0.8520155225655585,
      "answer_5": 0.8620318982988439,
      "answer_6": 0.8552682578093066
    },
    "query_3": {
      "answer_1": 0.8720260726637988,
      "answer_2": 0.8505118997820738,
      "answer_3": 0.9283687914969704,
      "answer_4": 0.8444915185322412,
      "answer_5": 0.8530131279927308,
      "answer_6": 0.849772216934119
    },
    "query_4": {
      "answer_1": 0.8521602352848846,
      "answer_2": 0.8455903772631116,
      "answer_3": 0.8653704531933953,
      "answer_4": 0.9261923792876319,
      "answer_5": 0.861309955478982,
      "answer_6": 0.8827785452082042
    },
    "query_5": {
      "answer_1": 0.8804216766065076,
      "answer_2": 0.856120394524715,
      "answer_3": 0.8611112514147891,
      "answer_4": 0.8501700174073901,
      "answer_5": 0.9289948348973607,
      "answer_6": 0.8652022202914291
    },
    "query_6": {
      "answer_1": 0.8398087101845446,
      "answer_2": 0.8136134612270682,
      "answer_3": 0.835345323039104,
      "answer_4": 0.8350437656090417,
      "answer_5": 0.8340110737590437,
      "answer_6": 0.9145774673424631
    }
  }
}