{
  "entity": "Winston Churchill",
  "cosine_similarities": {
    "query_1": {
      "answer_1": 0.9376191559219288,
      "answer_2": 0.8669069613588093,
      "answer_3": 0.8533499780707524,
      "answer_4": 0.8513859978204238,
      "answer_5": 0.8801626166918742,
      "answer_6": 0.8595735385706834
    },
    "query_2": {
      "answer_1": 0.8721680314305116,
      "answer_2": 0.9170906665457272,
      "answer_3": 0.8496551216982465,
      "answer_4": 0.857025818021301,
      "answer_5": 0.8616308721362997,
      "answer_6": 0.8497666715939755
    },
    "query_3": {
      "answer_1": 0.865844692691027,
      "answer_2": 0.8356098695581471,
      "answer_3": 0.9128061357375723,
      "answer_4": 0.8859205450410823,
      "answer_5": 0.8649872362056044,
      "answer_6": 0.8696567148561613
    },
    "query_4": {
      "answer_1": 0.8361068226638942,
      "answer_2": 0.8205277812151546,
      "answer_3": 0.86037384528085,
      "answer_4": 0.9064532872074207,
      "answer_5": 0.8731202215258349,
      "answer_6": 0.8685783048442478
    },
    "query_5": {
      "answer_1": 0.8756267761133344,
      "answer_2": 0.8558216856809107,
      "answer_3": 0.8478195648471435,
      "answer_4": 0.8766129005764455,
      "answer_5": 0.9535708186284356,
      "answer_6": 0.8879749721473011
    },
    "query_6": {
      "answer_1": 0.8483287434576108,
      "answer_2": 0.8188735849649312,
      "answer_3": 0.8299433226034314,
      "answer_4": 0.8654451900715588,
      "answer_5": 0.8558163012677964,
      "answer_6": 0.9101843830086129
    }
  }
}