{
  "entity": "Winston Churchill",
  "cosine_similarities": {
    "query_1": {
      "answer_1": 0.9236995613210738,
      "answer_2": 0.8848429998453288,
      "answer_3": 0.8560257763532118,
      "answer_4": 0.8415567247884684,
      "answer_5": 0.8788080345107635,
      "answer_6": 0.8651756113672231
    },
    "query_2": {
      "answer_1": 0.8739355070643033,
      "answer_2": 0.9458010319696574,
      "answer_3": 0.8491200695019342,
      "answer_4": 0.8517227618991591,
      "answer_5": 0.8547772394150224,
      "answer_6": 0.8588933545171482
    },
    "query_3": {
      "answer_1": 0.8782701396457442,
      "answer_2": 0.8549852091398911,
      "answer_3": 0.9178992591030717,
      "answer_4": 0.8835776795836745,
      "answer_5": 0.8619335552880201,
      "answer_6": 0.852388133414744
    },
    "query_4": {
      "answer_1": 0.8518150925750163,
      "answer_2": 0.8415467809337189,
      "answer_3": 0.8717240481476273,
      "answer_4": 0.9092259682471403,
      "answer_5": 0.8609676257692225,
      "answer_6": 0.8578773797870325
    },
    "query_5": {
      "answer_1": 0.87593937861407,
      "answer_2": 0.8735338083599192,
      "answer_3": 0.8564977016706034,
      "answer_4": 0.8658707124421966,
      "answer_5": 0.9268659829536566,
      "answer_6": 0.876619067468068
    },
    "query_6": {
      "answer_1": 0.8535080921295102,
      "answer_2": 0.8572502891406266,
      "answer_3": 0.8369227658972072,
      "answer_4": 0.8446807323726211,
      "answer_5": 0.8489501961548749,
      "answer_6": 0.920144481874829
    }
  }
}