{
  "entity": "Winston Churchill",
  "cosine_similarities": {
    "query_1": {
      "answer_1": 0.9259848131981889,
      "answer_2": 0.8733710037281923,
      "answer_3": 0.8753577214788661,
      "answer_4": 0.842289770946846,
      "answer_5": 0.8862297422860208,
      "answer_6": 0.866665718444786
    },
    "query_2": {
      "answer_1": 0.8821510830988241,
      "answer_2": 0.9480299916783522,
      "answer_3": 0.860092383309267,
      "answer_4": 0.8468984983483852,
      "answer_5": 0.8585869058084721,
      "answer_6": 0.8616108305916476
    },
    "query_3": {
      "answer_1": 0.8706180020619836,
      "answer_2": 0.8453829213545188,
      "answer_3": 0.9265331282199929,
      "answer_4": 0.8423673115926082,
      "answer_5": 0.8520674961060082,
      "answer_6": 0.8472494740051475
    },
    "query_4": {
      "answer_1": 0.8631768528578022,
      "answer_2": 0.8425813292069302,
      "answer_3": 0.8706493231795571,
      "answer_4": 0.9220794688548802,
      "answer_5": 0.8700922754408603,
      "answer_6": 0.8833485576413801
    },
    "query_5": {
      "answer_1": 0.8831311523543148,
      "answer_2": 0.8551726565365337,
      "answer_3": 0.8701528456103577,
      "answer_4": 0.847256545751325,
      "answer_5": 0.9416095925869419,
      "answer_6": 0.8704934245125199
    },
    "query_6": {
      "answer_1": 0.850471938371128,
      "answer_2": 0.82925717623175,
      "answer_3": 0.8414091829238313,
      "answer_4": 0.8428498193589243,
      "answer_5": 0.8456726766358426,
      "answer_6": 0.9132932528247428
    }
  }
}