{
  "entity": "Winston Churchill",
  "cosine_similarities": {
    "query_1": {
      "answer_1": 0.931439196467372,
      "answer_2": 0.881619594578713,
      "answer_3": 0.863973574728323,
      "answer_4": 0.8507041030256292,
      "answer_5": 0.8725702013597959,
      "answer_6": 0.8612822091751327
    },
    "query_2": {
      "answer_1": 0.8660930937207141,
      "answer_2": 0.9426455873960344,
      "answer_3": 0.8560336217143052,
      "answer_4": 0.8555558427982218,
      "answer_5": 0.8548378171729827,
      "answer_6": 0.85587004058739
    },
    "query_3": {
      "answer_1": 0.8653172510480514,
      "answer_2": 0.8511426977793217,
      "answer_3": 0.9310962135192198,
      "answer_4": 0.8863177325783291,
      "answer_5": 0.8630906754582447,
      "answer_6": 0.8537947583212286
    },
    "query_4": {
      "answer_1": 0.8388468273088565,
      "answer_2": 0.8393884282303536,
      "answer_3": 0.8753596639923115,
      "answer_4": 0.9109338119764706,
      "answer_5": 0.8674711036533789,
      "answer_6": 0.8661896818969137
    },
    "query_5": {
      "answer_1": 0.8636768101146935,
      "answer_2": 0.8614308358923121,
      "answer_3": 0.8599278449635157,
      "answer_4": 0.8729905403985124,
      "answer_5": 0.9362368702061974,
      "answer_6": 0.8804985627026486
    },
    "query_6": {
      "answer_1": 0.847196803046287,
      "answer_2": 0.8497581641865573,
      "answer_3": 0.841452931584947,
      "answer_4": 0.8569292760298898,
      "answer_5": 0.85066811653618,
      "answer_6": 0.9160095707216094
    }
  }
}