{
  "entity": "Winston Churchill",
  "cosine_similarities": {
    "query_1": {
      "answer_1": 0.9343949997167706,
      "answer_2": 0.8843753764013447,
      "answer_3": 0.8850421369516533,
      "answer_4": 0.8521834066595237,
      "answer_5": 0.8651438462457638,
      "answer_6": 0.8629893604576129
    },
    "query_2": {
      "answer_1": 0.8705990057914473,
      "answer_2": 0.948285851993127,
      "answer_3": 0.8801899143402336,
      "answer_4": 0.845247772506008,
      "answer_5": 0.8427603411984735,
      "answer_6": 0.8538883978717023
    },
    "query_3": {
      "answer_1": 0.8809258833227233,
      "answer_2": 0.866529293196334,
      "answer_3": 0.9279342707147441,
      "answer_4": 0.8780426204044693,
      "answer_5": 0.8569626422888943,
      "answer_6": 0.8689616068966793
    },
    "query_4": {
      "answer_1": 0.8388900876862313,
      "answer_2": 0.8315035373643215,
      "answer_3": 0.8706030448219987,
      "answer_4": 0.9215130036274765,
      "answer_5": 0.8751540049831574,
      "answer_6": 0.8829199610498775
    },
    "query_5": {
      "answer_1": 0.8672586889858388,
      "answer_2": 0.8512893415633692,
      "answer_3": 0.8683484347823293,
      "answer_4": 0.8671740057007555,
      "answer_5": 0.94026603159124,
      "answer_6": 0.8864320485571495
    },
    "query_6": {
      "answer_1": 0.8562340488716212,
      "answer_2": 0.8416070460138373,
      "answer_3": 0.8714667964079514,
      "answer_4": 0.8796517133348122,
      "answer_5": 0.8663918471691696,
      "answer_6": 0.9196260586668845
    }
  }
}