{
  "entity": "Winston Churchill",
  "cosine_similarities": {
    "query_1": {
      "answer_1": 0.9238117347673857,
      "answer_2": 0.8702374869029351,
      "answer_3": 0.8753646367744939,
      "answer_4": 0.8381368945983219,
      "answer_5": 0.8946910039525823,
      "answer_6": 0.8695327625891822
    },
    "query_2": {
      "answer_1": 0.8748222492497314,
      "answer_2": 0.9479786891989379,
      "answer_3": 0.8765920055885482,
      "answer_4": 0.8407053767912024,
      "answer_5": 0.8563461240802976,
      "answer_6": 0.8628512489949247
    },
    "query_3": {
      "answer_1": 0.8651550300326961,
      "answer_2": 0.8405995334239117,
      "answer_3": 0.9169190546977898,
      "answer_4": 0.839178635372332,
      "answer_5": 0.8475301865310069,
      "answer_6": 0.8468570157351982
    },
    "query_4": {
      "answer_1": 0.8548495779599264,
      "answer_2": 0.8417075974564603,
      "answer_3": 0.8592860041709256,
      "answer_4": 0.9199034867904625,
      "answer_5": 0.8581344560234235,
      "answer_6": 0.881448388180337
    },
    "query_5": {
      "answer_1": 0.8817268658339004,
      "answer_2": 0.8536405026225532,
      "answer_3": 0.8644091411076521,
      "answer_4": 0.8440855678809748,
      "answer_5": 0.9433163215282387,
      "answer_6": 0.8686566962115176
    },
    "query_6": {
      "answer_1": 0.8453736030331713,
      "answer_2": 0.8284359479225227,
      "answer_3": 0.8311301644737248,
      "answer_4": 0.840627770221625,
      "answer_5": 0.8429424829709926,
      "answer_6": 0.9125594154449371
    }
  }
}