{
  "entity": "Winston Churchill",
  "cosine_similarities": {
    "query_1": {
      "answer_1": 0.9324418618262702,
      "answer_2": 0.8701198519452427,
      "answer_3": 0.8614661776561661,
      "answer_4": 0.8332143756955109,
      "answer_5": 0.865050988088028,
      "answer_6": 0.8405573475186421
    },
    "query_2": {
      "answer_1": 0.8674354634801476,
      "answer_2": 0.949666748743414,
      "answer_3": 0.8795876916766602,
      "answer_4": 0.8583993073190002,
      "answer_5": 0.8535690152297514,
      "answer_6": 0.847788925679027
    },
    "query_3": {
      "answer_1": 0.8651655820601531,
      "answer_2": 0.8630744313328599,
      "answer_3": 0.9315150940972851,
      "answer_4": 0.8608856530307324,
      "answer_5": 0.8640101024723814,
      "answer_6": 0.8470318418209238
    },
    "query_4": {
      "answer_1": 0.8363720164561211,
      "answer_2": 0.8357651652276618,
      "answer_3": 0.8493293152982837,
      "answer_4": 0.9116528479543139,
      "answer_5": 0.8486673511921964,
      "answer_6": 0.8714603051877218
    },
    "query_5": {
      "answer_1": 0.8691537957268074,
      "answer_2": 0.8532912404893573,
      "answer_3": 0.8553090747786942,
      "answer_4": 0.8618442207558655,
      "answer_5": 0.9515785198729658,
      "answer_6": 0.8582679505052246
    },
    "query_6": {
      "answer_1": 0.8467651654016468,
      "answer_2": 0.8322079005703912,
      "answer_3": 0.8374386339843605,
      "answer_4": 0.8602432390580137,
      "answer_5": 0.8483920974750934,
      "answer_6": 0.9041471481418832
    }
  }
}