{
  "entity": "Winston Churchill",
  "cosine_similarities": {
    "query_1": {
      "answer_1": 0.9053399050145563,
      "answer_2": 0.8835346427467323,
      "answer_3": 0.8519756676720665,
      "answer_4": 0.8446561193998097,
      "answer_5": 0.8712736709090267,
      "answer_6": 0.8654054514671138
    },
    "query_2": {
      "answer_1": 0.8763664983424919,
      "answer_2": 0.9489209219960888,
      "answer_3": 0.8573059310482981,
      "answer_4": 0.8484720655033232,
      "answer_5": 0.861309906564201,
      "answer_6": 0.8484219612455152
    },
    "query_3": {
      "answer_1": 0.8695426686656613,
      "answer_2": 0.8503534668417976,
      "answer_3": 0.906257863180406,
      "answer_4": 0.8703902870694448,
      "answer_5": 0.8623929290130946,
      "answer_6": 0.8584241910034847
    },
    "query_4": {
      "answer_1": 0.8532171133764906,
      "answer_2": 0.8450375462364255,
      "answer_3": 0.8505336436660828,
      "answer_4": 0.9239319586641133,
      "answer_5": 0.8781085405167696,
      "answer_6": 0.8746639904117983
    },
    "query_5": {
      "answer_1": 0.8729338082114755,
      "answer_2": 0.8775733210415123,
      "answer_3": 0.8440241987289804,
      "answer_4": 0.8770848194307593,
      "answer_5": 0.9535777791432662,
      "answer_6": 0.883287432371264
    },
    "query_6": {
      "answer_1": 0.8470222567509366,
      "answer_2": 0.8232414182684368,
      "answer_3": 0.8247720858136455,
      "answer_4": 0.843011609028911,
      "answer_5": 0.8505565378728486,
      "answer_6": 0.9026425733105855
    }
  }
}