{
  "entity": "Winston Churchill",
  "cosine_similarities": {
    "query_1": {
      "answer_1": 0.9175682005410607,
      "answer_2": 0.8667573546994066,
      "answer_3": 0.8594910446876973,
      "answer_4": 0.8373728625003455,
      "answer_5": 0.88278359909751,
      "answer_6": 0.8547276376754828
    },
    "query_2": {
      "answer_1": 0.8770991050704816,
      "answer_2": 0.9427605835710023,
      "answer_3": 0.8561652469924137,
      "answer_4": 0.8473231330311669,
      "answer_5": 0.8528074731906845,
      "answer_6": 0.8483202440262657
    },
    "query_3": {
      "answer_1": 0.866772074346331,
      "answer_2": 0.8453708894752269,
      "answer_3": 0.906912029335249,
      "answer_4": 0.8469434476958072,
      "answer_5": 0.8341699870057169,
      "answer_6": 0.8440048987165513
    },
    "query_4": {
      "answer_1": 0.848610927589277,
      "answer_2": 0.8416416469887845,
      "answer_3": 0.858771476680649,
      "answer_4": 0.9167698424914325,
      "answer_5": 0.857911879172054,
      "answer_6": 0.8698530788157274
    },
    "query_5": {
      "answer_1": 0.8748230257142551,
      "answer_2": 0.8506867095956909,
      "answer_3": 0.8521629169287983,
      "answer_4": 0.8546174966064308,
      "answer_5": 0.9261877321337546,
      "answer_6": 0.8603672906017868
    },
    "query_6": {
      "answer_1": 0.84652980456227,
      "answer_2": 0.8150364399813949,
      "answer_3": 0.8278270521600876,
      "answer_4": 0.8272689273337895,
      "answer_5": 0.8268567258094776,
      "answer_6": 0.9090722235647073
    }
  }
}