{
  "entity": "Winston Churchill",
  "cosine_similarities": {
    "query_1": {
      "answer_1": 0.9126426462288574,
      "answer_2": 0.8832150922344366,
      "answer_3": 0.8749758979507766,
      "answer_4": 0.8436905899725367,
      "answer_5": 0.8929267238985586,
      "answer_6": 0.8560132485838842
    },
    "query_2": {
      "answer_1": 0.8848531535074543,
      "answer_2": 0.9445932060643722,
      "answer_3": 0.8879842855652276,
      "answer_4": 0.845426993926015,
      "answer_5": 0.8609678780688321,
      "answer_6": 0.8550282862093201
    },
    "query_3": {
      "answer_1": 0.8705658477202959,
      "answer_2": 0.8556766738576047,
      "answer_3": 0.9233072911197502,
      "answer_4": 0.8511949695954435,
      "answer_5": 0.8538922760359828,
      "answer_6": 0.8563721362672049
    },
    "query_4": {
      "answer_1": 0.8455077380561137,
      "answer_2": 0.8499161899028067,
      "answer_3": 0.863706300379937,
      "answer_4": 0.9204828263969781,
      "answer_5": 0.8703613665837919,
      "answer_6": 0.8724389285123
    },
    "query_5": {
      "answer_1": 0.8676584987020022,
      "answer_2": 0.8512047347321312,
      "answer_3": 0.863651009914774,
      "answer_4": 0.8598530325145378,
      "answer_5": 0.9432008922743006,
      "answer_6": 0.8644068037602561
    },
    "query_6": {
      "answer_1": 0.8452983364001574,
      "answer_2": 0.8391439814015603,
      "answer_3": 0.8596171866147889,
      "answer_4": 0.8519389846230914,
      "answer_5": 0.8564054633478208,
      "answer_6": 0.9147521455280103
    }
  }
}