{
  "entity": "Winston Churchill",
  "cosine_similarities": {
    "query_1": {
      "answer_1": 0.934779795370529,
      "answer_2": 0.8764028058905587,
      "answer_3": 0.8720781601562411,
      "answer_4": 0.8468069639405948,
      "answer_5": 0.8912410363582168,
      "answer_6": 0.8540748219044961
    },
    "query_2": {
      "answer_1": 0.8716187851552115,
      "answer_2": 0.9476664719911041,
      "answer_3": 0.8562276364546292,
      "answer_4": 0.8506289036032135,
      "answer_5": 0.8480828383674491,
      "answer_6": 0.8424680603324479
    },
    "query_3": {
      "answer_1": 0.8652134298337429,
      "answer_2": 0.8485412058617211,
      "answer_3": 0.9254674261683281,
      "answer_4": 0.8523118444017755,
      "answer_5": 0.8436883547467044,
      "answer_6": 0.840347871001695
    },
    "query_4": {
      "answer_1": 0.8385573621570971,
      "answer_2": 0.8433309816811508,
      "answer_3": 0.8636637828916963,
      "answer_4": 0.9172292935602981,
      "answer_5": 0.8526629778471994,
      "answer_6": 0.8646411724327806
    },
    "query_5": {
      "answer_1": 0.885815000401493,
      "answer_2": 0.8576980835609891,
      "answer_3": 0.8611788618663848,
      "answer_4": 0.8574130212287346,
      "answer_5": 0.9285801097942811,
      "answer_6": 0.8596862433326938
    },
    "query_6": {
      "answer_1": 0.8384763206849825,
      "answer_2": 0.8168407775461648,
      "answer_3": 0.8350926868994282,
      "answer_4": 0.838763668252536,
      "answer_5": 0.829455499424238,
      "answer_6": 0.8987240898054357
    }
  }
}