{
  "entity": "Winston Churchill",
  "cosine_similarities": {
    "query_1": {
      "answer_1": 0.9134234302931804,
      "answer_2": 0.8918597226937475,
      "answer_3": 0.8578242026821215,
      "answer_4": 0.8562874582646202,
      "answer_5": 0.8744636786852885,
      "answer_6": 0.8569866047835738
    },
    "query_2": {
      "answer_1": 0.8791888989229025,
      "answer_2": 0.9470941410702037,
      "answer_3": 0.8493899726137094,
      "answer_4": 0.8612437729462755,
      "answer_5": 0.8566273190855042,
      "answer_6": 0.8599834716137588
    },
    "query_3": {
      "answer_1": 0.8771238909289489,
      "answer_2": 0.8622500324802502,
      "answer_3": 0.9093177630751499,
      "answer_4": 0.8919094755374889,
      "answer_5": 0.8716141927732293,
      "answer_6": 0.8517696320640648
    },
    "query_4": {
      "answer_1": 0.8524693485790593,
      "answer_2": 0.8539637045006551,
      "answer_3": 0.8700616660399314,
      "answer_4": 0.9088856446791491,
      "answer_5": 0.8748345604181299,
      "answer_6": 0.8564735420954501
    },
    "query_5": {
      "answer_1": 0.8724500996496819,
      "answer_2": 0.8780720496177973,
      "answer_3": 0.8530846457311873,
      "answer_4": 0.8828197926018826,
      "answer_5": 0.9314627763373429,
      "answer_6": 0.874136577875642
    },
    "query_6": {
      "answer_1": 0.8559258548367588,
      "answer_2": 0.8658525124348795,
      "answer_3": 0.8315115275174847,
      "answer_4": 0.8629652991848368,
      "answer_5": 0.8646140184965693,
      "answer_6": 0.9003365103240513
    }
  }
}