{
  "entity": "Winston Churchill",
  "cosine_similarities": {
    "query_1": {
      "answer_1": 0.9416984122605705,
      "answer_2": 0.8828852237417354,
      "answer_3": 0.8591152196493488,
      "answer_4": 0.8389216323173734,
      "answer_5": 0.867590495286296,
      "answer_6": 0.8652587628122788
    },
    "query_2": {
      "answer_1": 0.8860294448894555,
      "answer_2": 0.9492051183492637,
      "answer_3": 0.8398129669812083,
      "answer_4": 0.8440044285437787,
      "answer_5": 0.8525706560947034,
      "answer_6": 0.8583322930472886
    },
    "query_3": {
      "answer_1": 0.8724299770999105,
      "answer_2": 0.8447240304691516,
      "answer_3": 0.9222679841533494,
      "answer_4": 0.8807020029093774,
      "answer_5": 0.8526923619705566,
      "answer_6": 0.8492245304935416
    },
    "query_4": {
      "answer_1": 0.8406236605321685,
      "answer_2": 0.83070733249832,
      "answer_3": 0.8657757375785331,
      "answer_4": 0.9254087209351137,
      "answer_5": 0.8591049504650466,
      "answer_6": 0.8685548317256225
    },
    "query_5": {
      "answer_1": 0.879130595627128,
      "answer_2": 0.8670234637642775,
      "answer_3": 0.8602826457065297,
      "answer_4": 0.8742882282738736,
      "answer_5": 0.9447127240891076,
      "answer_6": 0.8842965073215168
    },
    "query_6": {
      "answer_1": 0.8729174721316858,
      "answer_2": 0.8658905601747264,
      "answer_3": 0.8475141547095978,
      "answer_4": 0.8562488540873274,
      "answer_5": 0.8691870189624521,
      "answer_6": 0.9342819049220632
    }
  }
}