{
  "entity": "Winston Churchill",
  "cosine_similarities": {
    "query_1": {
      "answer_1": 0.9147054394432755,
      "answer_2": 0.8856384529412632,
      "answer_3": 0.8796473238341355,
      "answer_4": 0.85373329748428,
      "answer_5": 0.8888223988847088,
      "answer_6": 0.8549953171472002
    },
    "query_2": {
      "answer_1": 0.8852118131321509,
      "answer_2": 0.9445652844438611,
      "answer_3": 0.8623564954443816,
      "answer_4": 0.8553554298380446,
      "answer_5": 0.854700944494261,
      "answer_6": 0.8510119692399102
    },
    "query_3": {
      "answer_1": 0.8736228911390769,
      "answer_2": 0.8528601924407296,
      "answer_3": 0.9237609843765018,
      "answer_4": 0.8595150203241797,
      "answer_5": 0.8422473736387012,
      "answer_6": 0.8385856202995016
    },
    "query_4": {
      "answer_1": 0.8545493590634253,
      "answer_2": 0.8530403026298022,
      "answer_3": 0.8792731046970866,
      "answer_4": 0.9224842149974571,
      "answer_5": 0.8592545247018032,
      "answer_6": 0.8631466885175636
    },
    "query_5": {
      "answer_1": 0.8773455658586088,
      "answer_2": 0.8658153266088734,
      "answer_3": 0.8737564484693982,
      "answer_4": 0.8695151100000829,
      "answer_5": 0.9403463030349094,
      "answer_6": 0.8622942817491609
    },
    "query_6": {
      "answer_1": 0.8461663866862312,
      "answer_2": 0.8287703303946272,
      "answer_3": 0.8448982401344434,
      "answer_4": 0.8491720312206618,
      "answer_5": 0.8281028988897556,
      "answer_6": 0.8999417389576253
    }
  }
}