{
  "entity": "Winston Churchill",
  "cosine_similarities": {
    "query_1": {
      "answer_1": 0.9251303820649368,
      "answer_2": 0.8845649882285593,
      "answer_3": 0.8860199069427035,
      "answer_4": 0.8515281024637683,
      "answer_5": 0.8988760508037346,
      "answer_6": 0.8611100198433025
    },
    "query_2": {
      "answer_1": 0.8769975799012241,
      "answer_2": 0.9521146718050697,
      "answer_3": 0.8786614340883826,
      "answer_4": 0.84467293903031,
      "answer_5": 0.8602000911625961,
      "answer_6": 0.8533599080671421
    },
    "query_3": {
      "answer_1": 0.8915606984103279,
      "answer_2": 0.8699928948720572,
      "answer_3": 0.9192573986301887,
      "answer_4": 0.8768349839577452,
      "answer_5": 0.8749701114350795,
      "answer_6": 0.8718700262339231
    },
    "query_4": {
      "answer_1": 0.8434156110771275,
      "answer_2": 0.8293394067442075,
      "answer_3": 0.8636265041763306,
      "answer_4": 0.9230378203667761,
      "answer_5": 0.8543720222963415,
      "answer_6": 0.8704846649176796
    },
    "query_5": {
      "answer_1": 0.8757988039788901,
      "answer_2": 0.857171552339729,
      "answer_3": 0.8664285057010035,
      "answer_4": 0.8558029543951798,
      "answer_5": 0.9357235553296195,
      "answer_6": 0.8546184921104545
    },
    "query_6": {
      "answer_1": 0.8535397119440584,
      "answer_2": 0.8311512937676143,
      "answer_3": 0.8554038254396833,
      "answer_4": 0.8562549744555432,
      "answer_5": 0.8495929009174266,
      "answer_6": 0.906533367573702
    }
  }
}