{
  "entity": "Winston Churchill",
  "cosine_similarities": {
    "query_1": {
      "answer_1": 0.9181040198019796,
      "answer_2": 0.874022127167567,
      "answer_3": 0.8553743229487533,
      "answer_4": 0.8321523574072685,
      "answer_5": 0.8723355318781727,
      "answer_6": 0.8676727761961293
    },
    "query_2": {
      "answer_1": 0.8606300713228708,
      "answer_2": 0.9316710444345523,
      "answer_3": 0.8419257421440867,
      "answer_4": 0.8379129060396125,
      "answer_5": 0.857460775241294,
      "answer_6": 0.8569373544382565
    },
    "query_3": {
      "answer_1": 0.8485222545227089,
      "answer_2": 0.841645189067488,
      "answer_3": 0.9225455460685401,
      "answer_4": 0.8694321278938435,
      "answer_5": 0.8621372894982883,
      "answer_6": 0.8650618698081531
    },
    "query_4": {
      "answer_1": 0.8198399309448177,
      "answer_2": 0.8317104884941168,
      "answer_3": 0.8689979944129738,
      "answer_4": 0.9116617339063636,
      "answer_5": 0.86422913944121,
      "answer_6": 0.8738029282903718
    },
    "query_5": {
      "answer_1": 0.8548472245535336,
      "answer_2": 0.8560450543514473,
      "answer_3": 0.8566577853944509,
      "answer_4": 0.8568706593209513,
      "answer_5": 0.938572144055241,
      "answer_6": 0.8868777334406714
    },
    "query_6": {
      "answer_1": 0.8335186671248502,
      "answer_2": 0.8345038615504855,
      "answer_3": 0.8457965235255449,
      "answer_4": 0.8409503617947615,
      "answer_5": 0.849521097006638,
      "answer_6": 0.9228067163557853
    }
  }
}