{
  "entity": "Winston Churchill",
  "cosine_similarities": {
    "query_1": {
      "answer_1": 0.8993769159795763,
      "answer_2": 0.8862453545794347,
      "answer_3": 0.8509957099545408,
      "answer_4": 0.8340175599180762,
      "answer_5": 0.8718581787849057,
      "answer_6": 0.8622903968381577
    },
    "query_2": {
      "answer_1": 0.8608521498149129,
      "answer_2": 0.9290182102400636,
      "answer_3": 0.8441465441709152,
      "answer_4": 0.838292940200307,
      "answer_5": 0.8531219802009751,
      "answer_6": 0.8665179985829885
    },
    "query_3": {
      "answer_1": 0.8645507781046858,
      "answer_2": 0.8621128827704299,
      "answer_3": 0.8990706657915676,
      "answer_4": 0.8720154694345293,
      "answer_5": 0.8657092035031558,
      "answer_6": 0.8508631556020539
    },
    "query_4": {
      "answer_1": 0.8321230709775375,
      "answer_2": 0.8469269643701727,
      "answer_3": 0.8578270621965316,
      "answer_4": 0.9084715500299742,
      "answer_5": 0.866222983244463,
      "answer_6": 0.8648663972729536
    },
    "query_5": {
      "answer_1": 0.8559615123591873,
      "answer_2": 0.8739020372867403,
      "answer_3": 0.8482086869506679,
      "answer_4": 0.8671812691714254,
      "answer_5": 0.9334353890702239,
      "answer_6": 0.8756754676579093
    },
    "query_6": {
      "answer_1": 0.8597415564590095,
      "answer_2": 0.8869874651631369,
      "answer_3": 0.8298070594996834,
      "answer_4": 0.8639490395618008,
      "answer_5": 0.8801049094287423,
      "answer_6": 0.9218235767719422
    }
  }
}