{
  "entity": "Winston Churchill",
  "cosine_similarities": {
    "query_1": {
      "answer_1": 0.9189465208684928,
      "answer_2": 0.8727932933030683,
      "answer_3": 0.866219356908292,
      "answer_4": 0.8441874926179218,
      "answer_5": 0.8854085932323167,
      "answer_6": 0.8625578615980122
    },
    "query_2": {
      "answer_1": 0.8645788125712877,
      "answer_2": 0.9522668658111857,
      "answer_3": 0.8529279125215177,
      "answer_4": 0.8452869704264827,
      "answer_5": 0.8579423145098413,
      "answer_6": 0.8586226301945323
    },
    "query_3": {
      "answer_1": 0.8597178584809454,
      "answer_2": 0.859640398812982,
      "answer_3": 0.9174306009842996,
      "answer_4": 0.8536464759365608,
      "answer_5": 0.8609543403138816,
      "answer_6": 0.8567238561139747
    },
    "query_4": {
      "answer_1": 0.842518007329444,
      "answer_2": 0.845325893816418,
      "answer_3": 0.8495574482318402,
      "answer_4": 0.9176788760325763,
      "answer_5": 0.8602960953993684,
      "answer_6": 0.8612167158938498
    },
    "query_5": {
      "answer_1": 0.870884262841161,
      "answer_2": 0.8693001275636929,
      "answer_3": 0.8607489842496073,
      "answer_4": 0.8673510497840473,
      "answer_5": 0.9444894637958843,
      "answer_6": 0.8762732574178044
    },
    "query_6": {
      "answer_1": 0.8458746743613803,
      "answer_2": 0.8500725470930636,
      "answer_3": 0.8390641054055327,
      "answer_4": 0.8536679473935882,
      "answer_5": 0.8559454161246877,
      "answer_6": 0.9083479496524861
    }
  }
}