{
  "entity": "Winston Churchill",
  "cosine_similarities": {
    "query_1": {
      "answer_1": 0.9346977448856176,
      "answer_2": 0.8766936296169827,
      "answer_3": 0.8639899971062852,
      "answer_4": 0.8470151493949502,
      "answer_5": 0.8884557465861486,
      "answer_6": 0.8407545722808584
    },
    "query_2": {
      "answer_1": 0.8791198937532703,
      "answer_2": 0.9473085522632325,
      "answer_3": 0.8554184190793263,
      "answer_4": 0.8513733218694961,
      "answer_5": 0.8698767965283146,
      "answer_6": 0.833395556458942
    },
    "query_3": {
      "answer_1": 0.88032039646107,
      "answer_2": 0.8615203106797583,
      "answer_3": 0.9010554434521035,
      "answer_4": 0.8702904707268603,
      "answer_5": 0.8771298832188505,
      "answer_6": 0.8309130403739989
    },
    "query_4": {
      "answer_1": 0.8378782622782781,
      "answer_2": 0.8279621151438799,
      "answer_3": 0.8456273291126097,
      "answer_4": 0.9283504942016545,
      "answer_5": 0.8749295089996107,
      "answer_6": 0.8428421572021767
    },
    "query_5": {
      "answer_1": 0.8728052769199149,
      "answer_2": 0.8502181351906019,
      "answer_3": 0.8516631908492263,
      "answer_4": 0.8591138707602981,
      "answer_5": 0.9378568643251671,
      "answer_6": 0.8445853343358368
    },
    "query_6": {
      "answer_1": 0.8545271564352521,
      "answer_2": 0.8459429978444641,
      "answer_3": 0.8417066441564607,
      "answer_4": 0.8626349628572336,
      "answer_5": 0.87405868795869,
      "answer_6": 0.90157152328735
    }
  }
}