{
  "entity": "Winston Churchill",
  "cosine_similarities": {
    "query_1": {
      "answer_1": 0.9268193405910758,
      "answer_2": 0.880831539242562,
      "answer_3": 0.8584968695532113,
      "answer_4": 0.8456695954550475,
      "answer_5": 0.8688463223349292,
      "answer_6": 0.8673490225067878
    },
    "query_2": {
      "answer_1": 0.8814510033760635,
      "answer_2": 0.9392782221770045,
      "answer_3": 0.8583932395696008,
      "answer_4": 0.8541248347145913,
      "answer_5": 0.8533407919026782,
      "answer_6": 0.8602868731340048
    },
    "query_3": {
      "answer_1": 0.8776174547521743,
      "answer_2": 0.8468666038340733,
      "answer_3": 0.922615522037729,
      "answer_4": 0.8872946978923806,
      "answer_5": 0.863382184400572,
      "answer_6": 0.8563651569132689
    },
    "query_4": {
      "answer_1": 0.851827513754334,
      "answer_2": 0.8425838531393192,
      "answer_3": 0.8702064489967917,
      "answer_4": 0.9089745236818677,
      "answer_5": 0.867740648633239,
      "answer_6": 0.8625543484860693
    },
    "query_5": {
      "answer_1": 0.8769566890373455,
      "answer_2": 0.8645503657923902,
      "answer_3": 0.8515866638266428,
      "answer_4": 0.8703419093313548,
      "answer_5": 0.9379344138172838,
      "answer_6": 0.8815169912128383
    },
    "query_6": {
      "answer_1": 0.8587617858794935,
      "answer_2": 0.855485727998826,
      "answer_3": 0.8318734075664954,
      "answer_4": 0.8480645029651838,
      "answer_5": 0.8525145470527206,
      "answer_6": 0.9284508306583793
    }
  }
}