{
  "entity": "Winston Churchill",
  "cosine_similarities": {
    "query_1": {
      "answer_1": 0.9192872875933349,
      "answer_2": 0.8606354365799024,
      "answer_3": 0.8790160492819497,
      "answer_4": 0.8310892493055855,
      "answer_5": 0.8751142992163325,
      "answer_6": 0.861975605465792
    },
    "query_2": {
      "answer_1": 0.8747673158545028,
      "answer_2": 0.9448813794561777,
      "answer_3": 0.8664115159140776,
      "answer_4": 0.8414216054128553,
      "answer_5": 0.8572094338314078,
      "answer_6": 0.8590092231548684
    },
    "query_3": {
      "answer_1": 0.8703212435410819,
      "answer_2": 0.846023007372927,
      "answer_3": 0.9281103085229879,
      "answer_4": 0.8400033078889583,
      "answer_5": 0.8448777394210687,
      "answer_6": 0.8505105874033496
    },
    "query_4": {
      "answer_1": 0.8528236881956642,
      "answer_2": 0.8376557888130546,
      "answer_3": 0.8661759135406716,
      "answer_4": 0.9194708502652149,
      "answer_5": 0.8685520588637723,
      "answer_6": 0.8861316621677006
    },
    "query_5": {
      "answer_1": 0.8715272678171532,
      "answer_2": 0.85271142035983,
      "answer_3": 0.8668382277901275,
      "answer_4": 0.846923412668576,
      "answer_5": 0.9363174180705724,
      "answer_6": 0.8675196507060716
    },
    "query_6": {
      "answer_1": 0.8388583708123142,
      "answer_2": 0.8055014903888603,
      "answer_3": 0.8426687745583653,
      "answer_4": 0.8371315994883421,
      "answer_5": 0.8335521554256149,
      "answer_6": 0.9027491315005443
    }
  }
}