{
  "entity": "Winston Churchill",
  "cosine_similarities": {
    "query_1": {
      "answer_1": 0.9381588440672477,
      "answer_2": 0.8840812651187758,
      "answer_3": 0.8880229290668786,
      "answer_4": 0.8488027938877343,
      "answer_5": 0.8790250542017635,
      "answer_6": 0.8659927822480661
    },
    "query_2": {
      "answer_1": 0.874870888020368,
      "answer_2": 0.9500589396200815,
      "answer_3": 0.8785903954390335,
      "answer_4": 0.8461587528383115,
      "answer_5": 0.8519397764733633,
      "answer_6": 0.8559977076825548
    },
    "query_3": {
      "answer_1": 0.8878750163704843,
      "answer_2": 0.8718623858285101,
      "answer_3": 0.9216390079715039,
      "answer_4": 0.8741859711177182,
      "answer_5": 0.866094955329423,
      "answer_6": 0.8708324045091371
    },
    "query_4": {
      "answer_1": 0.8405467923348767,
      "answer_2": 0.82936932626983,
      "answer_3": 0.8601370143657425,
      "answer_4": 0.9189569013631074,
      "answer_5": 0.8652715170221955,
      "answer_6": 0.8779963692872533
    },
    "query_5": {
      "answer_1": 0.8931504413908115,
      "answer_2": 0.8679376707041642,
      "answer_3": 0.8756511758622192,
      "answer_4": 0.8609151226368456,
      "answer_5": 0.9325785759292694,
      "answer_6": 0.8795082129879958
    },
    "query_6": {
      "answer_1": 0.8520191518216879,
      "answer_2": 0.8469369140404889,
      "answer_3": 0.8549757785287242,
      "answer_4": 0.8616171014772233,
      "answer_5": 0.8509480696129389,
      "answer_6": 0.9189492968493231
    }
  }
}