{
  "entity": "Abraham Lincoln",
  "cosine_similarities": {
    "query_1": {
      "answer_1": 0.7495068232251246,
      "answer_2": 0.4973080280447161,
      "answer_3": 0.3613153745672183,
      "answer_4": 0.5769716828354098,
      "answer_5": 0.36978017042458333,
      "answer_6": 0.4559336469746608
    },
    "query_2": {
      "answer_1": 0.5704384025836087,
      "answer_2": 0.7779828629368443,
      "answer_3": 0.45190683792887,
      "answer_4": 0.5569928941136181,
      "answer_5": 0.5787179797957234,
      "answer_6": 0.5212149517921806
    },
    "query_3": {
      "answer_1": 0.4332192506609142,
      "answer_2": 0.46566530340085344,
      "answer_3": 0.6725008809575677,
      "answer_4": 0.4502964334835416,
      "answer_5": 0.41672009531360377,
      "answer_6": 0.410174875645111
    },
    "query_4": {
      "answer_1": 0.5854854003114943,
      "answer_2": 0.44857586225569696,
      "answer_3": 0.3841172637562969,
      "answer_4": 0.7196728433113653,
      "answer_5": 0.3858357435057941,
      "answer_6": 0.43993786378797706
    },
    "query_5": {
      "answer_1": 0.5041914293141501,
      "answer_2": 0.6027747002730484,
      "answer_3": 0.47174021758041423,
      "answer_4": 0.5220276723742459,
      "answer_5": 0.6873597391561227,
      "answer_6": 0.46613594632180316
    },
    "query_6": {
      "answer_1": 0.5954586287794965,
      "answer_2": 0.6328935844389312,
      "answer_3": 0.4654389543529369,
      "answer_4": 0.5808620853236008,
      "answer_5": 0.47825167939296964,
      "answer_6": 0.7204737101308306
    }
  }
}