{
  "entity": "Abraham Lincoln",
  "cosine_similarities": {
    "query_1": {
      "answer_1": 0.6354755606812961,
      "answer_2": 0.541069937077747,
      "answer_3": 0.4443760931176674,
      "answer_4": 0.5615568386473266,
      "answer_5": 0.45274238067841477,
      "answer_6": 0.47229533570748805
    },
    "query_2": {
      "answer_1": 0.5624701793381738,
      "answer_2": 0.6650503857363923,
      "answer_3": 0.3547498817802607,
      "answer_4": 0.4633379103766078,
      "answer_5": 0.5338921788310116,
      "answer_6": 0.4077215533547929
    },
    "query_3": {
      "answer_1": 0.4311381038650372,
      "answer_2": 0.3879103086876218,
      "answer_3": 0.6423053401852251,
      "answer_4": 0.3870037167101608,
      "answer_5": 0.37194376509289273,
      "answer_6": 0.3433612756310439
    },
    "query_4": {
      "answer_1": 0.5033125091864877,
      "answer_2": 0.3983050392373932,
      "answer_3": 0.31023176459625623,
      "answer_4": 0.6863391162109971,
      "answer_5": 0.3501226995089634,
      "answer_6": 0.41258206194273067
    },
    "query_5": {
      "answer_1": 0.5374340084168205,
      "answer_2": 0.5904502451417497,
      "answer_3": 0.4049559306978978,
      "answer_4": 0.47673716051327075,
      "answer_5": 0.6950414862888646,
      "answer_6": 0.48812301496333876
    },
    "query_6": {
      "answer_1": 0.6100543549258441,
      "answer_2": 0.506281509313309,
      "answer_3": 0.4210991911200511,
      "answer_4": 0.5577663611052828,
      "answer_5": 0.5321723308446832,
      "answer_6": 0.8067927091857868
    }
  }
}