{
  "entity": "Napoleon Bonaparte",
  "scores": {
    "query_1": {
      "answer_1": 11.488190742510625,
      "answer_2": 2.2848383454221888,
      "answer_3": 2.283334278512652,
      "answer_4": 2.9480686289140032,
      "answer_5": 5.3873754075002145,
      "answer_6": 2.7292524078024125
    },
    "query_2": {
      "answer_1": 4.965331542175372,
      "answer_2": 12.111528176788292,
      "answer_3": 3.686552472738307,
      "answer_4": 2.6492455941555795,
      "answer_5": 2.779583639579182,
      "answer_6": 3.8378197146014
    },
    "query_3": {
      "answer_1": 5.151732289321139,
      "answer_2": 4.904425528595581,
      "answer_3": 10.921186959984437,
      "answer_4": 5.467522574035539,
      "answer_5": 5.595303448265784,
      "answer_6": 4.388962253009765
    },
    "query_4": {
      "answer_1": 5.562154641452325,
      "answer_2": 6.343795573384611,
      "answer_3": 5.256505248050438,
      "answer_4": 13.368278734136155,
      "answer_5": 6.569697155516247,
      "answer_6": 9.288202874299447
    },
    "query_5": {
      "answer_1": 5.870434106936434,
      "answer_2": 4.380222748921766,
      "answer_3": 3.5876617606109042,
      "answer_4": 2.9942249450952394,
      "answer_5": 14.637363857366418,
      "answer_6": 3.4883729516962854
    },
    "query_6": {
      "answer_1": 3.2332525528036142,
      "answer_2": 3.9847850159530007,
      "answer_3": 2.803899478864624,
      "answer_4": 5.486064143209601,
      "answer_5": 4.47725158370582,
      "answer_6": 9.686327065072206
    }
  }
}