{
  "entity": "Napoleon Bonaparte",
  "scores": {
    "query_1": {
      "answer_1": 14.240009824195084,
      "answer_2": 2.1938954872751886,
      "answer_3": 2.989381410795742,
      "answer_4": 2.1769789344130013,
      "answer_5": 2.986855387900726,
      "answer_6": 3.4763971033047696
    },
    "query_2": {
      "answer_1": 3.3169302000727767,
      "answer_2": 13.338592013271514,
      "answer_3": 4.511357926229458,
      "answer_4": 2.767699443754549,
      "answer_5": 2.591581592819616,
      "answer_6": 3.092109532017749
    },
    "query_3": {
      "answer_1": 5.6801898217625855,
      "answer_2": 4.546986392639953,
      "answer_3": 14.045159561625596,
      "answer_4": 4.73126358058096,
      "answer_5": 3.699758241164448,
      "answer_6": 4.846259626493866
    },
    "query_4": {
      "answer_1": 4.089409300774616,
      "answer_2": 4.172518318535148,
      "answer_3": 5.2626712543060705,
      "answer_4": 9.555501933319105,
      "answer_5": 3.622039036321426,
      "answer_6": 4.458491517034777
    },
    "query_5": {
      "answer_1": 3.784910054930383,
      "answer_2": 2.9775614285985132,
      "answer_3": 2.6826999486153094,
      "answer_4": 3.274029229230747,
      "answer_5": 13.594828379720173,
      "answer_6": 4.2547748969952695
    },
    "query_6": {
      "answer_1": 2.581659332366532,
      "answer_2": 2.7917572557931094,
      "answer_3": 2.6036713033433156,
      "answer_4": 3.2576434022774974,
      "answer_5": 2.140863020383807,
      "answer_6": 14.797658479474373
    }
  }
}