{
  "entity": "Napoleon Bonaparte",
  "scores": {
    "query_1": {
      "answer_1": 12.548865855113744,
      "answer_2": 2.14921050175565,
      "answer_3": 2.772425441191801,
      "answer_4": 3.367066954414425,
      "answer_5": 2.6254191764994674,
      "answer_6": 2.713437438688007
    },
    "query_2": {
      "answer_1": 2.766868499938369,
      "answer_2": 14.349018602244243,
      "answer_3": 3.7664083440548275,
      "answer_4": 2.782281667055059,
      "answer_5": 2.453694909023184,
      "answer_6": 2.7479232514411054
    },
    "query_3": {
      "answer_1": 6.518311905255728,
      "answer_2": 5.798476910654732,
      "answer_3": 14.895166965190965,
      "answer_4": 5.144869031090688,
      "answer_5": 6.140455926460481,
      "answer_6": 4.927848300680882
    },
    "query_4": {
      "answer_1": 5.733984175475746,
      "answer_2": 4.402299853577851,
      "answer_3": 5.512533349891835,
      "answer_4": 13.485510310060052,
      "answer_5": 5.5175886124464135,
      "answer_6": 4.362481914525835
    },
    "query_5": {
      "answer_1": 3.399663166915598,
      "answer_2": 3.8350177578449762,
      "answer_3": 2.943534696759466,
      "answer_4": 2.755203382779517,
      "answer_5": 13.367641756742389,
      "answer_6": 3.608761526822063
    },
    "query_6": {
      "answer_1": 3.938535163115376,
      "answer_2": 4.20486000774558,
      "answer_3": 3.665674053541612,
      "answer_4": 4.632800740707967,
      "answer_5": 3.072604062537771,
      "answer_6": 16.09243882950383
    }
  }
}