{
  "entity": "Napoleon Bonaparte",
  "scores": {
    "query_1": {
      "answer_1": 10.061217143687553,
      "answer_2": 2.814947057034874,
      "answer_3": 2.4107937936338053,
      "answer_4": 2.243827118305007,
      "answer_5": 4.472444212678536,
      "answer_6": 2.543531437962044
    },
    "query_2": {
      "answer_1": 5.481511280135697,
      "answer_2": 8.215427203375555,
      "answer_3": 3.960779912217223,
      "answer_4": 3.531400135989691,
      "answer_5": 4.042002196788996,
      "answer_6": 3.8447532761235546
    },
    "query_3": {
      "answer_1": 5.812384837393995,
      "answer_2": 5.377803278632424,
      "answer_3": 12.423827543967503,
      "answer_4": 5.9190124131413135,
      "answer_5": 4.51428246578968,
      "answer_6": 6.708629193142513
    },
    "query_4": {
      "answer_1": 5.436397165894765,
      "answer_2": 5.2205401130463285,
      "answer_3": 5.596303097198778,
      "answer_4": 10.781699875259738,
      "answer_5": 4.647407429136324,
      "answer_6": 5.116837568129435
    },
    "query_5": {
      "answer_1": 7.163641645236485,
      "answer_2": 6.420416484725434,
      "answer_3": 6.192962985756521,
      "answer_4": 5.105027526359631,
      "answer_5": 17.672229229151963,
      "answer_6": 6.726106837212036
    },
    "query_6": {
      "answer_1": 4.972364827075232,
      "answer_2": 6.129328395641114,
      "answer_3": 4.65956579028383,
      "answer_4": 6.0408316108818605,
      "answer_5": 4.019018451375869,
      "answer_6": 15.06682393402
    }
  }
}