{
  "entity": "Napoleon Bonaparte",
  "scores": {
    "query_1": {
      "answer_1": 9.995611015199923,
      "answer_2": 2.0361216494928103,
      "answer_3": 1.8787801913974138,
      "answer_4": 1.7872720112627893,
      "answer_5": 1.8109063300341255,
      "answer_6": 1.9408763186623021
    },
    "query_2": {
      "answer_1": 2.430151363060536,
      "answer_2": 10.517692316228988,
      "answer_3": 3.4666066624466376,
      "answer_4": 2.4614832247583758,
      "answer_5": 3.087549497488502,
      "answer_6": 2.294613287859629
    },
    "query_3": {
      "answer_1": 4.531956897935443,
      "answer_2": 4.859316013114588,
      "answer_3": 10.319615588552914,
      "answer_4": 3.486282148770777,
      "answer_5": 3.3450381301521084,
      "answer_6": 3.9726169595484726
    },
    "query_4": {
      "answer_1": 4.7600027779129785,
      "answer_2": 3.666795101696764,
      "answer_3": 4.370236306714978,
      "answer_4": 8.401499143767758,
      "answer_5": 4.012690196634852,
      "answer_6": 3.783646648792632
    },
    "query_5": {
      "answer_1": 3.5338678212428256,
      "answer_2": 3.0369863060506646,
      "answer_3": 2.9704363981672497,
      "answer_4": 2.7425251065515135,
      "answer_5": 10.79849733571971,
      "answer_6": 2.7750384357173155
    },
    "query_6": {
      "answer_1": 4.922488782221321,
      "answer_2": 4.897234213877508,
      "answer_3": 4.21920730253512,
      "answer_4": 4.859751805194938,
      "answer_5": 2.2742880378503783,
      "answer_6": 8.039802482198116
    }
  }
}