{
  "entity": "Napoleon Bonaparte",
  "scores": {
    "query_1": {
      "answer_1": 13.370784222507103,
      "answer_2": 2.2243798296873414,
      "answer_3": 2.2249582971167055,
      "answer_4": 2.8265745860750444,
      "answer_5": 5.357642361669271,
      "answer_6": 2.205793968778082
    },
    "query_2": {
      "answer_1": 2.8771373943101395,
      "answer_2": 11.86624910221639,
      "answer_3": 4.4208798879077005,
      "answer_4": 2.3566246901741543,
      "answer_5": 4.096976905597085,
      "answer_6": 2.8624148446134234
    },
    "query_3": {
      "answer_1": 6.496732993944706,
      "answer_2": 6.357706409933628,
      "answer_3": 12.782113840065486,
      "answer_4": 6.489812305150275,
      "answer_5": 5.2117237136486025,
      "answer_6": 6.3976969647213995
    },
    "query_4": {
      "answer_1": 6.807774954649744,
      "answer_2": 6.365522506657153,
      "answer_3": 5.64355102224187,
      "answer_4": 11.185100898178323,
      "answer_5": 4.3829054491631165,
      "answer_6": 6.176927736060183
    },
    "query_5": {
      "answer_1": 6.569741953977765,
      "answer_2": 5.6305644247956215,
      "answer_3": 5.710554750103428,
      "answer_4": 5.625909499587576,
      "answer_5": 22.304128053527734,
      "answer_6": 5.602492610648813
    },
    "query_6": {
      "answer_1": 4.174822782974016,
      "answer_2": 4.609917613452835,
      "answer_3": 4.610961396225589,
      "answer_4": 5.489087850038917,
      "answer_5": 5.308624916944584,
      "answer_6": 18.543552680927892
    }
  }
}