{
  "entity": "Napoleon Bonaparte",
  "scores": {
    "query_1": {
      "answer_1": 13.014775584341432,
      "answer_2": 2.261389223387145,
      "answer_3": 2.6598677488479785,
      "answer_4": 2.718914919851287,
      "answer_5": 2.715768990084546,
      "answer_6": 3.7967430693378654
    },
    "query_2": {
      "answer_1": 3.36179262463683,
      "answer_2": 9.548503722678984,
      "answer_3": 5.135234881980233,
      "answer_4": 3.8175103632077483,
      "answer_5": 4.375325196878742,
      "answer_6": 3.010097355906963
    },
    "query_3": {
      "answer_1": 7.06253177395138,
      "answer_2": 5.801135918800208,
      "answer_3": 14.530188534801583,
      "answer_4": 6.100255953785154,
      "answer_5": 7.108877554909922,
      "answer_6": 5.24919861066669
    },
    "query_4": {
      "answer_1": 4.94452379207433,
      "answer_2": 3.9550363958874106,
      "answer_3": 5.801132475949002,
      "answer_4": 13.406954427789277,
      "answer_5": 4.185862796486842,
      "answer_6": 4.537488563946497
    },
    "query_5": {
      "answer_1": 4.855783345045004,
      "answer_2": 4.451093976307035,
      "answer_3": 3.8550115298246777,
      "answer_4": 4.448937206085299,
      "answer_5": 10.61419445617602,
      "answer_6": 2.874695454940601
    },
    "query_6": {
      "answer_1": 4.513764253343704,
      "answer_2": 4.339096846124752,
      "answer_3": 5.765535235121368,
      "answer_4": 7.696730819965848,
      "answer_5": 5.505481277062435,
      "answer_6": 11.250457934548237
    }
  }
}