{
  "entity": "Napoleon Bonaparte",
  "scores": {
    "query_1": {
      "answer_1": 8.682338547750511,
      "answer_2": 1.955985579543031,
      "answer_3": 2.3410961126970036,
      "answer_4": 1.7017628425472662,
      "answer_5": 4.067773519328817,
      "answer_6": 2.0207110560384987
    },
    "query_2": {
      "answer_1": 2.703505736029964,
      "answer_2": 8.404901789524288,
      "answer_3": 3.276534174991108,
      "answer_4": 3.6582598598560905,
      "answer_5": 1.7627097160348484,
      "answer_6": 2.6647940105426966
    },
    "query_3": {
      "answer_1": 4.812995896137589,
      "answer_2": 4.560110725275813,
      "answer_3": 10.003800428956925,
      "answer_4": 3.52557822635783,
      "answer_5": 2.929732702420228,
      "answer_6": 4.0736893754578904
    },
    "query_4": {
      "answer_1": 5.4606298104556075,
      "answer_2": 3.784516051752622,
      "answer_3": 5.626922488189358,
      "answer_4": 9.764673817012792,
      "answer_5": 3.7123279486419265,
      "answer_6": 4.0688422890284315
    },
    "query_5": {
      "answer_1": 4.964289293077178,
      "answer_2": 5.234094691696505,
      "answer_3": 3.893998818130714,
      "answer_4": 4.75330614023996,
      "answer_5": 18.77357611411337,
      "answer_6": 3.9744508597250943
    },
    "query_6": {
      "answer_1": 2.9525364132413148,
      "answer_2": 3.5571027079130704,
      "answer_3": 3.263477440306551,
      "answer_4": 3.959308695582756,
      "answer_5": 4.010471763441943,
      "answer_6": 12.487362714747627
    }
  }
}