{
  "entity": "Napoleon Bonaparte",
  "scores": {
    "query_1": {
      "answer_1": 15.02017572949107,
      "answer_2": 2.3462567420326232,
      "answer_3": 2.3836325754807652,
      "answer_4": 3.0816455013575283,
      "answer_5": 5.004836140486962,
      "answer_6": 1.8890694167426254
    },
    "query_2": {
      "answer_1": 5.087299657722776,
      "answer_2": 8.402660377595566,
      "answer_3": 3.6873296724394105,
      "answer_4": 3.4965128533827072,
      "answer_5": 3.877216063573946,
      "answer_6": 3.848332389943101
    },
    "query_3": {
      "answer_1": 6.082210017937573,
      "answer_2": 7.0011867691525085,
      "answer_3": 9.906259381705587,
      "answer_4": 5.392756206892539,
      "answer_5": 7.158756874949099,
      "answer_6": 4.536010359972036
    },
    "query_4": {
      "answer_1": 7.198082019554157,
      "answer_2": 5.949801071703849,
      "answer_3": 6.623485846355376,
      "answer_4": 16.187791261983804,
      "answer_5": 8.199110528326123,
      "answer_6": 8.12483584067783
    },
    "query_5": {
      "answer_1": 5.4768791231700344,
      "answer_2": 7.817559920204725,
      "answer_3": 6.108087947915661,
      "answer_4": 5.128083252509666,
      "answer_5": 13.440369241801418,
      "answer_6": 4.728159090479333
    },
    "query_6": {
      "answer_1": 4.323189277061823,
      "answer_2": 4.538118742860993,
      "answer_3": 3.9177588937115257,
      "answer_4": 4.619455259068279,
      "answer_5": 5.008434680094587,
      "answer_6": 13.686421033666415
    }
  }
}