{
  "entity": "Napoleon Bonaparte",
  "scores": {
    "query_1": {
      "answer_1": 11.248507729869623,
      "answer_2": 2.0197517599050423,
      "answer_3": 2.5047746273982368,
      "answer_4": 2.0829298882072886,
      "answer_5": 3.3682189325735616,
      "answer_6": 1.9705096792496568
    },
    "query_2": {
      "answer_1": 2.851190939108506,
      "answer_2": 10.011855061130628,
      "answer_3": 2.881053322370004,
      "answer_4": 2.326311379204916,
      "answer_5": 1.7180564674460208,
      "answer_6": 2.867121638654058
    },
    "query_3": {
      "answer_1": 4.037094932228424,
      "answer_2": 4.518334117989585,
      "answer_3": 14.44070507607342,
      "answer_4": 4.09434054641273,
      "answer_5": 3.10726685205278,
      "answer_6": 3.8642193419842936
    },
    "query_4": {
      "answer_1": 3.5380232960685367,
      "answer_2": 3.1824373856417814,
      "answer_3": 4.0419948475767855,
      "answer_4": 12.46839491765119,
      "answer_5": 2.4716641201214133,
      "answer_6": 3.740609724886076
    },
    "query_5": {
      "answer_1": 2.9437745793986316,
      "answer_2": 3.684973099490743,
      "answer_3": 2.390120546559254,
      "answer_4": 2.5463376428164435,
      "answer_5": 13.38352728432794,
      "answer_6": 2.3704304015441875
    },
    "query_6": {
      "answer_1": 3.570210398673246,
      "answer_2": 4.063359369016824,
      "answer_3": 3.3287270954098056,
      "answer_4": 3.9048959311551044,
      "answer_5": 2.736536442774565,
      "answer_6": 10.472270001008674
    }
  }
}