{
  "entity": "Napoleon Bonaparte",
  "scores": {
    "query_1": {
      "answer_1": 14.472074758236207,
      "answer_2": 2.409209269143731,
      "answer_3": 2.7017928738974573,
      "answer_4": 2.2131161743091115,
      "answer_5": 5.282867124730671,
      "answer_6": 3.8431307182491654
    },
    "query_2": {
      "answer_1": 2.76289197599654,
      "answer_2": 7.6307724466970335,
      "answer_3": 3.1590446202788836,
      "answer_4": 2.3974683876949587,
      "answer_5": 2.635801387102635,
      "answer_6": 5.058749543261778
    },
    "query_3": {
      "answer_1": 5.011924977901128,
      "answer_2": 3.700143258172911,
      "answer_3": 10.458650359498698,
      "answer_4": 4.8563363863842595,
      "answer_5": 4.252253889337557,
      "answer_6": 5.002944931909461
    },
    "query_4": {
      "answer_1": 5.183945075607813,
      "answer_2": 4.087684857806335,
      "answer_3": 5.789776083704769,
      "answer_4": 11.0138389842817,
      "answer_5": 5.643179881985872,
      "answer_6": 4.168032894350718
    },
    "query_5": {
      "answer_1": 4.265350940489472,
      "answer_2": 3.6878157967407192,
      "answer_3": 3.395813326402758,
      "answer_4": 2.7089417996088616,
      "answer_5": 16.977598834886848,
      "answer_6": 4.746137666554043
    },
    "query_6": {
      "answer_1": 2.9693249124157592,
      "answer_2": 3.2739518936606733,
      "answer_3": 3.2180958597268385,
      "answer_4": 3.710336482462304,
      "answer_5": 2.816890710502,
      "answer_6": 10.54249425779123
    }
  }
}