{
  "entity": "Napoleon Bonaparte",
  "scores": {
    "query_1": {
      "answer_1": 9.721836230074869,
      "answer_2": 2.2857407051770946,
      "answer_3": 2.127414431136521,
      "answer_4": 2.186693232816042,
      "answer_5": 2.7499218534928977,
      "answer_6": 2.8293900743259135
    },
    "query_2": {
      "answer_1": 3.3738887384703844,
      "answer_2": 10.161660265048223,
      "answer_3": 4.853030778286653,
      "answer_4": 3.0975853600247483,
      "answer_5": 5.515137056007117,
      "answer_6": 3.1420806225982005
    },
    "query_3": {
      "answer_1": 3.8961640062205447,
      "answer_2": 4.011748797422034,
      "answer_3": 11.78639250443709,
      "answer_4": 4.647447494370625,
      "answer_5": 3.639516271317936,
      "answer_6": 3.9022879608537515
    },
    "query_4": {
      "answer_1": 4.764772938990285,
      "answer_2": 6.227334498181513,
      "answer_3": 6.135791538760885,
      "answer_4": 12.055055956744988,
      "answer_5": 4.969209848883633,
      "answer_6": 6.219224435257659
    },
    "query_5": {
      "answer_1": 6.2391459146029895,
      "answer_2": 5.930320767076337,
      "answer_3": 4.7596192657758785,
      "answer_4": 4.345714554857394,
      "answer_5": 11.80863710472925,
      "answer_6": 4.015372796853405
    },
    "query_6": {
      "answer_1": 3.2646661799718477,
      "answer_2": 4.0792656720281775,
      "answer_3": 3.038922803468844,
      "answer_4": 4.356488512754806,
      "answer_5": 4.873767908148653,
      "answer_6": 12.124535346196481
    }
  }
}