{
  "entity": "Napoleon Bonaparte",
  "scores": {
    "query_1": {
      "answer_1": 12.00754806614133,
      "answer_2": 3.296214610776129,
      "answer_3": 3.509330588689777,
      "answer_4": 2.0206984206550533,
      "answer_5": 3.931042087771096,
      "answer_6": 2.3747663764271763
    },
    "query_2": {
      "answer_1": 4.71469865837357,
      "answer_2": 9.090420893170684,
      "answer_3": 4.982177943963994,
      "answer_4": 4.2950721745493565,
      "answer_5": 3.722099468657884,
      "answer_6": 3.0403687541241005
    },
    "query_3": {
      "answer_1": 6.054327964522678,
      "answer_2": 7.519693612348225,
      "answer_3": 15.608322902539882,
      "answer_4": 10.109153319519764,
      "answer_5": 5.0937956103493836,
      "answer_6": 5.039106249318447
    },
    "query_4": {
      "answer_1": 4.795492911686427,
      "answer_2": 5.293119985965066,
      "answer_3": 6.5322861863624615,
      "answer_4": 11.08537564520882,
      "answer_5": 5.158201845690749,
      "answer_6": 6.051851133025638
    },
    "query_5": {
      "answer_1": 5.069314901828413,
      "answer_2": 4.424042833234582,
      "answer_3": 4.310560038900788,
      "answer_4": 3.7259048737330747,
      "answer_5": 19.036444330114154,
      "answer_6": 4.138641936469192
    },
    "query_6": {
      "answer_1": 4.013956941400482,
      "answer_2": 4.236025083369588,
      "answer_3": 3.59558898617762,
      "answer_4": 3.110302424130723,
      "answer_5": 3.6628320544665756,
      "answer_6": 19.245571072228188
    }
  }
}