{
  "entity": "Napoleon Bonaparte",
  "scores": {
    "query_1": {
      "answer_1": 8.456343505211176,
      "answer_2": 1.8393000758053766,
      "answer_3": 2.033079965684229,
      "answer_4": 1.76274024632366,
      "answer_5": 2.630890355254149,
      "answer_6": 1.6715329471910683
    },
    "query_2": {
      "answer_1": 2.64318730092714,
      "answer_2": 9.540961221871926,
      "answer_3": 1.8884849339607377,
      "answer_4": 1.1929118283277942,
      "answer_5": 2.9431915024569824,
      "answer_6": 3.0282755043152862
    },
    "query_3": {
      "answer_1": 4.574609879390871,
      "answer_2": 5.531410067542118,
      "answer_3": 7.398250483948856,
      "answer_4": 5.399557288311089,
      "answer_5": 6.292265063131703,
      "answer_6": 3.2512055855112427
    },
    "query_4": {
      "answer_1": 4.279868077920872,
      "answer_2": 3.5902655436882362,
      "answer_3": 3.4671093664801433,
      "answer_4": 9.919566582475449,
      "answer_5": 6.249506697245422,
      "answer_6": 2.897990700152507
    },
    "query_5": {
      "answer_1": 4.258023909444736,
      "answer_2": 4.070392198166305,
      "answer_3": 3.5536686741612655,
      "answer_4": 4.011401671699552,
      "answer_5": 13.656580041686956,
      "answer_6": 3.0585437480881073
    },
    "query_6": {
      "answer_1": 3.414371213182536,
      "answer_2": 4.626556641812045,
      "answer_3": 2.8837650928806364,
      "answer_4": 3.8889151893266094,
      "answer_5": 2.423102151290832,
      "answer_6": 12.096080978677305
    }
  }
}