{
  "entity": "Napoleon Bonaparte",
  "scores": {
    "query_1": {
      "answer_1": 11.037888508462437,
      "answer_2": 2.0391672217721606,
      "answer_3": 2.5448810827045714,
      "answer_4": 1.6524935475445188,
      "answer_5": 2.543879500164136,
      "answer_6": 2.032305985131756
    },
    "query_2": {
      "answer_1": 3.9473567164861167,
      "answer_2": 13.095206834752851,
      "answer_3": 4.625292652419477,
      "answer_4": 2.2914634644740843,
      "answer_5": 2.3350545873837865,
      "answer_6": 2.618334478860297
    },
    "query_3": {
      "answer_1": 4.751373403897551,
      "answer_2": 4.156208559296099,
      "answer_3": 12.494358408883308,
      "answer_4": 4.793961729755497,
      "answer_5": 3.3282397641779906,
      "answer_6": 3.9107542210417825
    },
    "query_4": {
      "answer_1": 4.671940935770971,
      "answer_2": 3.886800367269655,
      "answer_3": 6.543201896055917,
      "answer_4": 9.773959407637978,
      "answer_5": 4.836912702349607,
      "answer_6": 5.301710849917144
    },
    "query_5": {
      "answer_1": 4.6489743896682105,
      "answer_2": 3.0782549973614044,
      "answer_3": 3.547122845033567,
      "answer_4": 2.6208478353068565,
      "answer_5": 9.853122129411348,
      "answer_6": 4.11452043734122
    },
    "query_6": {
      "answer_1": 2.170087100261312,
      "answer_2": 1.994701957215177,
      "answer_3": 2.1098531329291417,
      "answer_4": 1.6833298905579634,
      "answer_5": 1.5094213111391812,
      "answer_6": 8.979925906140252
    }
  }
}