{
  "entity": "Napoleon Bonaparte",
  "scores": {
    "query_1": {
      "answer_1": 14.222097662469583,
      "answer_2": 2.2920746575131092,
      "answer_3": 2.6477207636585693,
      "answer_4": 2.509882033398386,
      "answer_5": 3.4497261109571267,
      "answer_6": 3.2853078368820787
    },
    "query_2": {
      "answer_1": 3.117088795800479,
      "answer_2": 13.728193343309444,
      "answer_3": 3.387139637610116,
      "answer_4": 3.116133550631246,
      "answer_5": 2.983944470927372,
      "answer_6": 2.8603357890704357
    },
    "query_3": {
      "answer_1": 6.1376751881663045,
      "answer_2": 5.561560238977414,
      "answer_3": 11.779590158504117,
      "answer_4": 6.313628930160904,
      "answer_5": 5.213049714138855,
      "answer_6": 5.6791168794471645
    },
    "query_4": {
      "answer_1": 5.299015570499993,
      "answer_2": 5.198145753674346,
      "answer_3": 6.102100356713306,
      "answer_4": 9.84837219562296,
      "answer_5": 7.472872765781868,
      "answer_6": 6.128748773787802
    },
    "query_5": {
      "answer_1": 7.552399855364807,
      "answer_2": 5.962795476219294,
      "answer_3": 5.954820816882293,
      "answer_4": 5.432756980445827,
      "answer_5": 15.55519968137239,
      "answer_6": 5.063690851494858
    },
    "query_6": {
      "answer_1": 5.145728136413579,
      "answer_2": 4.581560577967779,
      "answer_3": 4.687272758050856,
      "answer_4": 4.2726480006589975,
      "answer_5": 3.8464335727060375,
      "answer_6": 17.77139992915462
    }
  }
}