{
  "entity": "Napoleon Bonaparte",
  "scores": {
    "query_1": {
      "answer_1": 7.956576003062511,
      "answer_2": 2.0731300931953203,
      "answer_3": 2.37345914005654,
      "answer_4": 3.1923226006536285,
      "answer_5": 2.990287130519342,
      "answer_6": 1.8564142434888087
    },
    "query_2": {
      "answer_1": 1.9510000432143708,
      "answer_2": 7.628560492824398,
      "answer_3": 1.766309174910689,
      "answer_4": 1.718928866820504,
      "answer_5": 2.049193309815571,
      "answer_6": 2.2928467274620576
    },
    "query_3": {
      "answer_1": 4.1503711328244925,
      "answer_2": 4.000755150949796,
      "answer_3": 10.707562078257604,
      "answer_4": 3.4674965383237257,
      "answer_5": 3.8798636789976486,
      "answer_6": 3.9121293688494996
    },
    "query_4": {
      "answer_1": 3.0300464999972987,
      "answer_2": 2.863176962710083,
      "answer_3": 4.968685449558981,
      "answer_4": 8.519111687888532,
      "answer_5": 4.167427830466252,
      "answer_6": 3.549210899771207
    },
    "query_5": {
      "answer_1": 2.9958742710390673,
      "answer_2": 3.1907804426412167,
      "answer_3": 2.897264447477729,
      "answer_4": 2.1899790234669037,
      "answer_5": 11.980848248325165,
      "answer_6": 2.788486875177812
    },
    "query_6": {
      "answer_1": 2.883072674903374,
      "answer_2": 2.1467353796214144,
      "answer_3": 2.2680940072292164,
      "answer_4": 2.7783798803399415,
      "answer_5": 1.9397332962285236,
      "answer_6": 10.637083147411895
    }
  }
}