{
  "entity": "Napoleon Bonaparte",
  "scores": {
    "query_1": {
      "answer_1": 12.38423898451421,
      "answer_2": 2.244439094528356,
      "answer_3": 2.927254417313502,
      "answer_4": 2.8558635974293036,
      "answer_5": 3.9389566159521214,
      "answer_6": 2.749383334390063
    },
    "query_2": {
      "answer_1": 3.5101013936205163,
      "answer_2": 10.517456180944077,
      "answer_3": 2.8964525431031856,
      "answer_4": 2.4494573678557288,
      "answer_5": 2.5374888241014495,
      "answer_6": 3.5306337018406877
    },
    "query_3": {
      "answer_1": 4.517586396539256,
      "answer_2": 5.087875893885864,
      "answer_3": 12.549035135428918,
      "answer_4": 4.75112320628644,
      "answer_5": 3.914868463168661,
      "answer_6": 7.139669177810946
    },
    "query_4": {
      "answer_1": 5.844450973193944,
      "answer_2": 4.786722619541828,
      "answer_3": 4.944173733426642,
      "answer_4": 13.491961629004193,
      "answer_5": 6.053904000118877,
      "answer_6": 5.626789165653439
    },
    "query_5": {
      "answer_1": 4.002943360204908,
      "answer_2": 3.259866915258951,
      "answer_3": 3.7174538573408182,
      "answer_4": 3.725516042964503,
      "answer_5": 16.42517630376474,
      "answer_6": 4.4833258216764635
    },
    "query_6": {
      "answer_1": 4.2240053207856025,
      "answer_2": 4.5715582107300925,
      "answer_3": 4.1693497817032785,
      "answer_4": 6.218534138379858,
      "answer_5": 4.315851061569018,
      "answer_6": 14.199387662878387
    }
  }
}