{
  "entity": "Napoleon Bonaparte",
  "scores": {
    "query_1": {
      "answer_1": 9.785466168842282,
      "answer_2": 2.1549158981080243,
      "answer_3": 2.246448868653331,
      "answer_4": 2.190418782284237,
      "answer_5": 3.1864566423335012,
      "answer_6": 2.09142659774382
    },
    "query_2": {
      "answer_1": 3.706987946053771,
      "answer_2": 9.184850411548268,
      "answer_3": 3.4225821679116453,
      "answer_4": 2.919187636562647,
      "answer_5": 3.8607081857967316,
      "answer_6": 1.9200706102303369
    },
    "query_3": {
      "answer_1": 2.892119795091041,
      "answer_2": 4.120262207733296,
      "answer_3": 7.779097094385911,
      "answer_4": 3.1486631819597712,
      "answer_5": 3.2915292263719707,
      "answer_6": 2.8767918025625616
    },
    "query_4": {
      "answer_1": 4.484201967233532,
      "answer_2": 4.45599462160689,
      "answer_3": 6.128437626620959,
      "answer_4": 9.677926837343811,
      "answer_5": 3.3937724579260635,
      "answer_6": 2.3464010273691693
    },
    "query_5": {
      "answer_1": 4.818436123871783,
      "answer_2": 4.497159173016139,
      "answer_3": 4.045868252512513,
      "answer_4": 4.027527905201308,
      "answer_5": 16.5750222014513,
      "answer_6": 4.188963073618542
    },
    "query_6": {
      "answer_1": 3.008572722303457,
      "answer_2": 3.9535918402810584,
      "answer_3": 3.0721050011047546,
      "answer_4": 2.88828659672068,
      "answer_5": 5.2996766306364504,
      "answer_6": 18.981786821648548
    }
  }
}