{
  "entity": "Napoleon Bonaparte",
  "scores": {
    "query_1": {
      "answer_1": 12.113603673714831,
      "answer_2": 2.171333364832166,
      "answer_3": 2.689494971550115,
      "answer_4": 1.865115266968203,
      "answer_5": 1.9793052877843478,
      "answer_6": 2.093184435238684
    },
    "query_2": {
      "answer_1": 3.078499347193062,
      "answer_2": 11.514573530548754,
      "answer_3": 2.6198754093697407,
      "answer_4": 2.43103767525969,
      "answer_5": 3.1608216084180727,
      "answer_6": 3.878761886651726
    },
    "query_3": {
      "answer_1": 4.086773196046434,
      "answer_2": 3.723858441404503,
      "answer_3": 9.144087124706386,
      "answer_4": 3.3641804221868385,
      "answer_5": 4.417705534604833,
      "answer_6": 3.55181484452365
    },
    "query_4": {
      "answer_1": 4.566870498352403,
      "answer_2": 3.505544161577417,
      "answer_3": 3.997256062133819,
      "answer_4": 9.006640763851319,
      "answer_5": 6.144470801518713,
      "answer_6": 3.85370379907302
    },
    "query_5": {
      "answer_1": 2.9638055729379333,
      "answer_2": 3.139230046389275,
      "answer_3": 2.9959121136447777,
      "answer_4": 2.58936973934508,
      "answer_5": 15.285051450844223,
      "answer_6": 4.055357504823472
    },
    "query_6": {
      "answer_1": 4.013470878636581,
      "answer_2": 3.0678397710170118,
      "answer_3": 3.5903983451301857,
      "answer_4": 4.4924957498486995,
      "answer_5": 2.486309418214929,
      "answer_6": 11.971299348225386
    }
  }
}