{
  "entity": "Napoleon Bonaparte",
  "scores": {
    "query_1": {
      "answer_1": 12.449439501120771,
      "answer_2": 2.8711926872784472,
      "answer_3": 3.8995012865954752,
      "answer_4": 2.2658476131799343,
      "answer_5": 4.229947106299367,
      "answer_6": 2.6220643256804945
    },
    "query_2": {
      "answer_1": 4.182502313297012,
      "answer_2": 8.323814730892327,
      "answer_3": 5.534278971947673,
      "answer_4": 3.3969320959844898,
      "answer_5": 2.997014814530961,
      "answer_6": 3.8346676554150076
    },
    "query_3": {
      "answer_1": 5.77251907782974,
      "answer_2": 5.562594675250771,
      "answer_3": 14.908865509832168,
      "answer_4": 5.417898773807013,
      "answer_5": 6.103897644360243,
      "answer_6": 6.814403285923036
    },
    "query_4": {
      "answer_1": 4.990515568567417,
      "answer_2": 6.2314033982819925,
      "answer_3": 6.934009581278949,
      "answer_4": 11.496283506739257,
      "answer_5": 5.818334733563343,
      "answer_6": 5.733080174171986
    },
    "query_5": {
      "answer_1": 4.226331523679781,
      "answer_2": 5.7361420997550825,
      "answer_3": 5.042130569175341,
      "answer_4": 6.33081002000857,
      "answer_5": 14.106129144472073,
      "answer_6": 3.903195569087553
    },
    "query_6": {
      "answer_1": 4.410138159588375,
      "answer_2": 5.134361286894035,
      "answer_3": 6.080612951916096,
      "answer_4": 6.40949917427904,
      "answer_5": 4.019814922084641,
      "answer_6": 8.377528852406193
    }
  }
}