{
  "entity": "Napoleon Bonaparte",
  "scores": {
    "query_1": {
      "answer_1": 12.759239961423532,
      "answer_2": 2.7144172228049754,
      "answer_3": 2.4667835124561477,
      "answer_4": 2.252567437445839,
      "answer_5": 5.117968789572285,
      "answer_6": 2.4615124754610744
    },
    "query_2": {
      "answer_1": 4.5663903844256755,
      "answer_2": 12.612085978591168,
      "answer_3": 3.278833921639155,
      "answer_4": 3.10776699491843,
      "answer_5": 4.0600318518573095,
      "answer_6": 3.1398443543630243
    },
    "query_3": {
      "answer_1": 5.75973510629366,
      "answer_2": 6.848911822059906,
      "answer_3": 11.29792613312001,
      "answer_4": 6.499176283392875,
      "answer_5": 5.056920708960345,
      "answer_6": 6.617071750371458
    },
    "query_4": {
      "answer_1": 4.613930135708273,
      "answer_2": 6.282580155086403,
      "answer_3": 6.242060569749502,
      "answer_4": 10.904460207518294,
      "answer_5": 4.984322941014912,
      "answer_6": 5.256054353281436
    },
    "query_5": {
      "answer_1": 3.8798168931924275,
      "answer_2": 4.55649662912891,
      "answer_3": 4.090727275852833,
      "answer_4": 4.069497027916605,
      "answer_5": 18.590593002718872,
      "answer_6": 3.5314273555253526
    },
    "query_6": {
      "answer_1": 4.1706513408459305,
      "answer_2": 5.415284641840214,
      "answer_3": 4.438128308878126,
      "answer_4": 6.117460278636517,
      "answer_5": 3.998031876086122,
      "answer_6": 7.309174503489524
    }
  }
}