{
  "entity": "Napoleon Bonaparte",
  "scores": {
    "query_1": {
      "answer_1": 8.647418390547058,
      "answer_2": 2.001812286722532,
      "answer_3": 2.3241175380137182,
      "answer_4": 1.7714471748406715,
      "answer_5": 2.6744366785554754,
      "answer_6": 1.8376173511375
    },
    "query_2": {
      "answer_1": 2.1616581857696033,
      "answer_2": 7.841099308475112,
      "answer_3": 3.798114912701374,
      "answer_4": 3.0677647312515726,
      "answer_5": 1.827858338492839,
      "answer_6": 2.7606366209415185
    },
    "query_3": {
      "answer_1": 3.6419628384646083,
      "answer_2": 3.503730360535875,
      "answer_3": 12.722152920047044,
      "answer_4": 6.332733700282823,
      "answer_5": 3.13161368788819,
      "answer_6": 3.5449329992287164
    },
    "query_4": {
      "answer_1": 2.508826985389109,
      "answer_2": 2.8170729147893376,
      "answer_3": 5.024941969797972,
      "answer_4": 11.868749404938036,
      "answer_5": 3.610882993672409,
      "answer_6": 3.70112437972034
    },
    "query_5": {
      "answer_1": 3.400899504701625,
      "answer_2": 3.764737540003504,
      "answer_3": 1.9942586214591516,
      "answer_4": 2.1975097528136383,
      "answer_5": 12.827444353700171,
      "answer_6": 2.2570140217627803
    },
    "query_6": {
      "answer_1": 2.897189356469909,
      "answer_2": 3.723675678728632,
      "answer_3": 2.5054532149852267,
      "answer_4": 3.6973931633324786,
      "answer_5": 3.226849476893354,
      "answer_6": 9.92117321153797
    }
  }
}