{
  "entity": "Napoleon Bonaparte",
  "scores": {
    "query_1": {
      "answer_1": 14.040252834183606,
      "answer_2": 2.8602962029481156,
      "answer_3": 2.610660993834867,
      "answer_4": 2.326763797435925,
      "answer_5": 5.295630009229555,
      "answer_6": 3.2601608487349236
    },
    "query_2": {
      "answer_1": 3.1199695736446937,
      "answer_2": 12.684949191217385,
      "answer_3": 3.9460870352966126,
      "answer_4": 3.3800182279573434,
      "answer_5": 3.269646844766711,
      "answer_6": 3.8747400852058718
    },
    "query_3": {
      "answer_1": 5.9453064571621415,
      "answer_2": 6.889684767604907,
      "answer_3": 11.464556223588103,
      "answer_4": 5.45555220866003,
      "answer_5": 5.179298864519914,
      "answer_6": 6.0661702123412065
    },
    "query_4": {
      "answer_1": 6.618298308673387,
      "answer_2": 5.781020467328362,
      "answer_3": 6.412405190070494,
      "answer_4": 10.766037416932084,
      "answer_5": 5.868009666456606,
      "answer_6": 5.206894796829073
    },
    "query_5": {
      "answer_1": 3.975490258649547,
      "answer_2": 4.86529938960411,
      "answer_3": 6.548040797461696,
      "answer_4": 3.8218874804483276,
      "answer_5": 14.948219829379862,
      "answer_6": 3.7395992228254475
    },
    "query_6": {
      "answer_1": 4.565397180567637,
      "answer_2": 5.038538042852513,
      "answer_3": 4.836395466971577,
      "answer_4": 7.232906262957372,
      "answer_5": 3.546260556728821,
      "answer_6": 8.077169431541277
    }
  }
}