{
  "entity": "Napoleon Bonaparte",
  "scores": {
    "query_1": {
      "answer_1": 10.502095327828497,
      "answer_2": 3.3880895900829726,
      "answer_3": 3.37010226254327,
      "answer_4": 3.9486009598787373,
      "answer_5": 4.091926248688264,
      "answer_6": 2.894548876218058
    },
    "query_2": {
      "answer_1": 3.745064019565751,
      "answer_2": 13.9276610112988,
      "answer_3": 3.702503056142165,
      "answer_4": 2.545036768240135,
      "answer_5": 2.6444323811197874,
      "answer_6": 3.0224571571989154
    },
    "query_3": {
      "answer_1": 5.707198487609677,
      "answer_2": 7.298791881287141,
      "answer_3": 11.962918669454535,
      "answer_4": 5.05645945395116,
      "answer_5": 6.598375460733655,
      "answer_6": 5.0856432880377165
    },
    "query_4": {
      "answer_1": 5.6956277171324965,
      "answer_2": 6.254290044010371,
      "answer_3": 6.750123064103468,
      "answer_4": 17.092433151093218,
      "answer_5": 6.430939390332707,
      "answer_6": 10.497255541443339
    },
    "query_5": {
      "answer_1": 5.979371866039985,
      "answer_2": 5.183130157486701,
      "answer_3": 4.24302634740239,
      "answer_4": 3.5520985472350697,
      "answer_5": 17.039088056336567,
      "answer_6": 3.571036465893004
    },
    "query_6": {
      "answer_1": 4.3432050460922325,
      "answer_2": 3.839282649835787,
      "answer_3": 3.363811642048218,
      "answer_4": 4.28239881160111,
      "answer_5": 3.0490418594159214,
      "answer_6": 8.778320855277485
    }
  }
}