{
  "entity": "Napoleon Bonaparte",
  "scores": {
    "query_1": {
      "answer_1": 12.001735408105793,
      "answer_2": 2.083594518741106,
      "answer_3": 2.5666722440505114,
      "answer_4": 1.6300786372493066,
      "answer_5": 2.199146617737677,
      "answer_6": 2.195558161991973
    },
    "query_2": {
      "answer_1": 2.449427740059192,
      "answer_2": 7.209153672655852,
      "answer_3": 2.4647856862019415,
      "answer_4": 1.9635935172384877,
      "answer_5": 4.3088594835385585,
      "answer_6": 2.4080198299694415
    },
    "query_3": {
      "answer_1": 5.083761821547747,
      "answer_2": 5.63443600661342,
      "answer_3": 8.424179533993309,
      "answer_4": 3.914858280894612,
      "answer_5": 7.090741547704739,
      "answer_6": 4.299998261733931
    },
    "query_4": {
      "answer_1": 4.657801263763581,
      "answer_2": 3.8137969826313465,
      "answer_3": 4.094162901380488,
      "answer_4": 12.370095782881274,
      "answer_5": 6.3934855691721655,
      "answer_6": 4.324167140143807
    },
    "query_5": {
      "answer_1": 3.0738953010784296,
      "answer_2": 3.1239685243715214,
      "answer_3": 3.6070462496809275,
      "answer_4": 4.439851357540876,
      "answer_5": 12.349007819149367,
      "answer_6": 3.761895387421105
    },
    "query_6": {
      "answer_1": 4.241568116974417,
      "answer_2": 5.048279304545562,
      "answer_3": 3.832892617261967,
      "answer_4": 4.148112084886718,
      "answer_5": 3.8383336853436862,
      "answer_6": 11.760303216585314
    }
  }
}