{
  "entity": "Napoleon Bonaparte",
  "scores": {
    "query_1": {
      "answer_1": 11.24393115462946,
      "answer_2": 2.973671212984528,
      "answer_3": 2.390089952486168,
      "answer_4": 2.3267502090264465,
      "answer_5": 4.025540887212278,
      "answer_6": 2.616228378157374
    },
    "query_2": {
      "answer_1": 4.28036449671056,
      "answer_2": 14.136969055182528,
      "answer_3": 4.93399262846847,
      "answer_4": 3.939749400008448,
      "answer_5": 3.1578328260770654,
      "answer_6": 2.9710476236758168
    },
    "query_3": {
      "answer_1": 4.3592816801233525,
      "answer_2": 4.521669862250756,
      "answer_3": 9.418976019716021,
      "answer_4": 5.009571123172327,
      "answer_5": 4.071803266760362,
      "answer_6": 4.612761021507978
    },
    "query_4": {
      "answer_1": 4.468210620114416,
      "answer_2": 4.270648094643493,
      "answer_3": 4.185547201622697,
      "answer_4": 9.295764341250019,
      "answer_5": 5.117330007021594,
      "answer_6": 4.7287769170381875
    },
    "query_5": {
      "answer_1": 5.3648387337141825,
      "answer_2": 3.50481009725916,
      "answer_3": 3.5942484405741055,
      "answer_4": 3.098183454574544,
      "answer_5": 15.014598214644124,
      "answer_6": 3.5624987117713367
    },
    "query_6": {
      "answer_1": 4.455558901979778,
      "answer_2": 4.412325258509004,
      "answer_3": 4.3060497479459094,
      "answer_4": 4.590329001244036,
      "answer_5": 4.262763404001325,
      "answer_6": 10.305012890627047
    }
  }
}