{
  "entity": "Napoleon Bonaparte",
  "scores": {
    "query_1": {
      "answer_1": 12.836695708991009,
      "answer_2": 2.046763467236706,
      "answer_3": 2.344109466093912,
      "answer_4": 2.6495586346915294,
      "answer_5": 6.108446655611567,
      "answer_6": 2.807226150695704
    },
    "query_2": {
      "answer_1": 5.469294771018393,
      "answer_2": 8.7889268479474,
      "answer_3": 3.9529032065704826,
      "answer_4": 2.89065044474764,
      "answer_5": 4.9615631571689525,
      "answer_6": 4.595844250514915
    },
    "query_3": {
      "answer_1": 6.773633265203799,
      "answer_2": 4.603402632688668,
      "answer_3": 10.303714640822989,
      "answer_4": 5.355050698452695,
      "answer_5": 4.729835198731378,
      "answer_6": 4.490060058093321
    },
    "query_4": {
      "answer_1": 4.495282716966746,
      "answer_2": 3.403065293765196,
      "answer_3": 7.044622910853408,
      "answer_4": 8.639144444861667,
      "answer_5": 6.306852540687435,
      "answer_6": 5.4059256504161395
    },
    "query_5": {
      "answer_1": 3.4974295276783485,
      "answer_2": 3.6848581310352126,
      "answer_3": 3.290623713241617,
      "answer_4": 3.569452857588655,
      "answer_5": 15.952300654978067,
      "answer_6": 4.729478811708355
    },
    "query_6": {
      "answer_1": 7.456616321951013,
      "answer_2": 4.6331153962827925,
      "answer_3": 4.201693126732266,
      "answer_4": 5.122576551404425,
      "answer_5": 6.005794196713352,
      "answer_6": 19.368562950139065
    }
  }
}