{
  "entity": "Napoleon Bonaparte",
  "scores": {
    "query_1": {
      "answer_1": 12.940740857654898,
      "answer_2": 3.828828919711414,
      "answer_3": 2.979959725598415,
      "answer_4": 2.24506087790185,
      "answer_5": 3.0672623546772635,
      "answer_6": 2.3518541800586963
    },
    "query_2": {
      "answer_1": 3.780932397233222,
      "answer_2": 11.819075601283286,
      "answer_3": 4.0748959417862345,
      "answer_4": 2.997148844161987,
      "answer_5": 3.4932365925515656,
      "answer_6": 3.259327454251763
    },
    "query_3": {
      "answer_1": 6.066971313676158,
      "answer_2": 7.370142868027376,
      "answer_3": 10.228782453354883,
      "answer_4": 5.85880868747904,
      "answer_5": 5.379711533946403,
      "answer_6": 5.376300155942236
    },
    "query_4": {
      "answer_1": 5.6522175116580415,
      "answer_2": 7.018854585064239,
      "answer_3": 6.158802079788861,
      "answer_4": 12.367308957441264,
      "answer_5": 6.868040354718803,
      "answer_6": 6.888267904267349
    },
    "query_5": {
      "answer_1": 4.597300413304985,
      "answer_2": 5.263055385860025,
      "answer_3": 3.89694954931505,
      "answer_4": 3.3004029973586015,
      "answer_5": 10.8445345843751,
      "answer_6": 2.8092572583256645
    },
    "query_6": {
      "answer_1": 3.61204428643597,
      "answer_2": 3.824330746093453,
      "answer_3": 2.8426844315652744,
      "answer_4": 2.8213578590565422,
      "answer_5": 2.934742655457495,
      "answer_6": 11.24273962204331
    }
  }
}