{
  "entity": "Napoleon Bonaparte",
  "scores": {
    "query_1": {
      "answer_1": 11.874087684781946,
      "answer_2": 2.0998229117812035,
      "answer_3": 2.1481260845810564,
      "answer_4": 2.1095288503726826,
      "answer_5": 3.1957080421016433,
      "answer_6": 2.1736709746652307
    },
    "query_2": {
      "answer_1": 3.1337151887018644,
      "answer_2": 10.509529853603674,
      "answer_3": 3.1570532191568277,
      "answer_4": 2.1213708789976016,
      "answer_5": 1.8770170215983124,
      "answer_6": 2.600124292781677
    },
    "query_3": {
      "answer_1": 3.8156030819612163,
      "answer_2": 3.9199597500030943,
      "answer_3": 10.371603307138802,
      "answer_4": 3.7995197190051515,
      "answer_5": 3.6796839191381414,
      "answer_6": 3.8563708121061993
    },
    "query_4": {
      "answer_1": 3.6071399825886417,
      "answer_2": 4.10863236045183,
      "answer_3": 4.597597740990355,
      "answer_4": 8.574863572979472,
      "answer_5": 5.091690554301681,
      "answer_6": 3.3975852621027602
    },
    "query_5": {
      "answer_1": 4.1289325060459126,
      "answer_2": 2.9042583783254425,
      "answer_3": 3.6698878390931196,
      "answer_4": 2.3076804447434744,
      "answer_5": 15.092300422258615,
      "answer_6": 2.848171018001463
    },
    "query_6": {
      "answer_1": 4.020504513594366,
      "answer_2": 3.3772729678640583,
      "answer_3": 2.8448993968908214,
      "answer_4": 3.4724208428459633,
      "answer_5": 2.7017591234590586,
      "answer_6": 11.191268233124532
    }
  }
}