{
  "entity": "Napoleon Bonaparte",
  "scores": {
    "query_1": {
      "answer_1": 12.754393419617339,
      "answer_2": 2.1364725899204293,
      "answer_3": 3.458700373975243,
      "answer_4": 2.5693605372821313,
      "answer_5": 2.0433013748361764,
      "answer_6": 1.9592245708747091
    },
    "query_2": {
      "answer_1": 3.4357124649910755,
      "answer_2": 10.70081799385807,
      "answer_3": 3.7095478933583528,
      "answer_4": 2.5250846514171164,
      "answer_5": 3.089087782390888,
      "answer_6": 2.650999003000196
    },
    "query_3": {
      "answer_1": 4.217262971226985,
      "answer_2": 5.374058207507722,
      "answer_3": 9.467693673271446,
      "answer_4": 4.817606466357285,
      "answer_5": 4.623427130484873,
      "answer_6": 4.195876882702639
    },
    "query_4": {
      "answer_1": 4.1650771097306345,
      "answer_2": 4.629704184470458,
      "answer_3": 6.111206280255137,
      "answer_4": 10.915256430491619,
      "answer_5": 4.511815797400164,
      "answer_6": 5.700684768461546
    },
    "query_5": {
      "answer_1": 4.8057669139784345,
      "answer_2": 3.1545712002707478,
      "answer_3": 3.048544755823479,
      "answer_4": 2.780209060599015,
      "answer_5": 16.58129767728467,
      "answer_6": 2.8603981557755636
    },
    "query_6": {
      "answer_1": 4.539857202854116,
      "answer_2": 5.678667033550702,
      "answer_3": 5.305579667414502,
      "answer_4": 6.092130047194306,
      "answer_5": 4.014429952929228,
      "answer_6": 10.867221430293078
    }
  }
}