{
  "entity": "Napoleon Bonaparte",
  "scores": {
    "query_1": {
      "answer_1": 10.959589953163754,
      "answer_2": 2.2319003576321106,
      "answer_3": 2.929954480015077,
      "answer_4": 2.536199008721799,
      "answer_5": 6.375213805645739,
      "answer_6": 1.927653432151342
    },
    "query_2": {
      "answer_1": 4.623810390293819,
      "answer_2": 8.211192325524788,
      "answer_3": 4.071246742280012,
      "answer_4": 2.863455009379405,
      "answer_5": 2.8785275992091632,
      "answer_6": 2.471725489812121
    },
    "query_3": {
      "answer_1": 4.548078485055739,
      "answer_2": 4.659094409362285,
      "answer_3": 12.460988809564926,
      "answer_4": 5.892827217276072,
      "answer_5": 4.596714005937758,
      "answer_6": 3.584365440316239
    },
    "query_4": {
      "answer_1": 3.936272790038131,
      "answer_2": 4.643498396559347,
      "answer_3": 4.116445392155464,
      "answer_4": 8.439659104567362,
      "answer_5": 6.9722510510324085,
      "answer_6": 3.775412118820924
    },
    "query_5": {
      "answer_1": 3.618931571307849,
      "answer_2": 4.208548479253658,
      "answer_3": 3.6243350478217087,
      "answer_4": 3.9352020201392266,
      "answer_5": 20.531108099633606,
      "answer_6": 4.32557165016357
    },
    "query_6": {
      "answer_1": 5.987299793792024,
      "answer_2": 5.392268188929279,
      "answer_3": 4.6559458278688295,
      "answer_4": 3.72317237151117,
      "answer_5": 4.541493189547926,
      "answer_6": 13.674312230316676
    }
  }
}