{
  "entity": "Napoleon Bonaparte",
  "scores": {
    "query_1": {
      "answer_1": 12.139087415009318,
      "answer_2": 2.7543632487527896,
      "answer_3": 3.1173734229906334,
      "answer_4": 1.739449847903187,
      "answer_5": 3.8002067630330973,
      "answer_6": 2.1464108753090287
    },
    "query_2": {
      "answer_1": 3.613765931420259,
      "answer_2": 10.482258835727562,
      "answer_3": 4.356484933055472,
      "answer_4": 3.3813880288436264,
      "answer_5": 3.538053454999021,
      "answer_6": 4.566901835403728
    },
    "query_3": {
      "answer_1": 5.051858958437546,
      "answer_2": 5.085340199239784,
      "answer_3": 13.098299004337148,
      "answer_4": 4.592656252599141,
      "answer_5": 4.45663940930973,
      "answer_6": 5.271311505848696
    },
    "query_4": {
      "answer_1": 5.633564612741981,
      "answer_2": 4.91864011208547,
      "answer_3": 6.0298638203950805,
      "answer_4": 9.947437862140367,
      "answer_5": 5.400244308898665,
      "answer_6": 5.27687767944262
    },
    "query_5": {
      "answer_1": 5.538917421001322,
      "answer_2": 4.801262561936458,
      "answer_3": 5.486034504649651,
      "answer_4": 4.844930448695419,
      "answer_5": 17.873593918618994,
      "answer_6": 5.30891649082826
    },
    "query_6": {
      "answer_1": 4.846127035018008,
      "answer_2": 4.503180695246471,
      "answer_3": 4.500123521516993,
      "answer_4": 4.157234920971717,
      "answer_5": 3.513660664290709,
      "answer_6": 15.812838602402605
    }
  }
}