{
  "entity": "Napoleon Bonaparte",
  "scores": {
    "query_1": {
      "answer_1": 11.383635309736988,
      "answer_2": 2.4725431047447795,
      "answer_3": 3.222623679673372,
      "answer_4": 2.729399654093947,
      "answer_5": 3.4187123775503334,
      "answer_6": 3.018366434365724
    },
    "query_2": {
      "answer_1": 2.3602629340851027,
      "answer_2": 9.080626546842463,
      "answer_3": 2.4689812381544725,
      "answer_4": 2.314474920636049,
      "answer_5": 2.2719364439323084,
      "answer_6": 2.593519207324649
    },
    "query_3": {
      "answer_1": 4.505504772040553,
      "answer_2": 4.160843000030441,
      "answer_3": 11.8503219687106,
      "answer_4": 3.929620370313585,
      "answer_5": 4.088084540267861,
      "answer_6": 4.18142025288937
    },
    "query_4": {
      "answer_1": 5.401980503106967,
      "answer_2": 4.536122773781812,
      "answer_3": 5.36005039533478,
      "answer_4": 6.921312062138805,
      "answer_5": 6.127283929017217,
      "answer_6": 4.02674404310864
    },
    "query_5": {
      "answer_1": 4.997334197340733,
      "answer_2": 3.0273241443242114,
      "answer_3": 3.016967583421657,
      "answer_4": 2.7432159832738714,
      "answer_5": 16.393398706641953,
      "answer_6": 3.34609809346046
    },
    "query_6": {
      "answer_1": 5.205958550650505,
      "answer_2": 3.2958758923625253,
      "answer_3": 3.1192303011484945,
      "answer_4": 2.830028396104796,
      "answer_5": 2.903164271393599,
      "answer_6": 10.86698009864601
    }
  }
}