{
  "entity": "Napoleon Bonaparte",
  "scores": {
    "query_1": {
      "answer_1": 13.504624215912694,
      "answer_2": 2.242910374098643,
      "answer_3": 2.813551146094101,
      "answer_4": 2.239769923225361,
      "answer_5": 5.157678693917115,
      "answer_6": 2.9292643395743596
    },
    "query_2": {
      "answer_1": 3.0298717409368026,
      "answer_2": 11.514414825118276,
      "answer_3": 3.3920054565056685,
      "answer_4": 2.625199460114361,
      "answer_5": 2.9576151075506036,
      "answer_6": 3.1598518509319744
    },
    "query_3": {
      "answer_1": 5.510203243358442,
      "answer_2": 5.0467031061616225,
      "answer_3": 14.27193950995517,
      "answer_4": 4.930681038356896,
      "answer_5": 4.526296022257059,
      "answer_6": 5.027514875778686
    },
    "query_4": {
      "answer_1": 3.817186542302572,
      "answer_2": 4.041566234329856,
      "answer_3": 4.688329763894832,
      "answer_4": 10.68704993022351,
      "answer_5": 4.400844665315143,
      "answer_6": 4.082041048764208
    },
    "query_5": {
      "answer_1": 4.133407110625421,
      "answer_2": 4.569185112425412,
      "answer_3": 3.8287932399855835,
      "answer_4": 3.212282968493419,
      "answer_5": 12.01022094596804,
      "answer_6": 3.5256296320861975
    },
    "query_6": {
      "answer_1": 4.385392762428416,
      "answer_2": 3.9240286607671737,
      "answer_3": 3.6677011116307,
      "answer_4": 5.067037558947706,
      "answer_5": 4.8912397094403195,
      "answer_6": 14.809798531366699
    }
  }
}