{
  "entity": "Napoleon Bonaparte",
  "scores": {
    "query_1": {
      "answer_1": 12.959405032917163,
      "answer_2": 2.1318149600199536,
      "answer_3": 2.157202094919889,
      "answer_4": 2.6848422763993507,
      "answer_5": 4.549726799307371,
      "answer_6": 4.055704727920057
    },
    "query_2": {
      "answer_1": 4.919142420363039,
      "answer_2": 11.355189144063413,
      "answer_3": 3.7175336384929296,
      "answer_4": 2.339490210425966,
      "answer_5": 2.765575566609522,
      "answer_6": 3.0539294286806395
    },
    "query_3": {
      "answer_1": 6.52336689371212,
      "answer_2": 4.675286931602876,
      "answer_3": 14.123230278903408,
      "answer_4": 5.726053848023859,
      "answer_5": 4.853831773650839,
      "answer_6": 5.17688189191174
    },
    "query_4": {
      "answer_1": 5.218362083580573,
      "answer_2": 4.171775208709349,
      "answer_3": 5.464045343681446,
      "answer_4": 11.290902597080198,
      "answer_5": 5.331423177512417,
      "answer_6": 4.152086790602564
    },
    "query_5": {
      "answer_1": 5.83803391451785,
      "answer_2": 3.6627030954830113,
      "answer_3": 3.489913636346493,
      "answer_4": 3.114035048717438,
      "answer_5": 16.049818755035282,
      "answer_6": 4.793287391506837
    },
    "query_6": {
      "answer_1": 4.379112125104408,
      "answer_2": 4.459322460727453,
      "answer_3": 3.2120743911424885,
      "answer_4": 3.522710878227212,
      "answer_5": 3.126394366947607,
      "answer_6": 9.672360563469447
    }
  }
}