{
  "entity": "Napoleon Bonaparte",
  "cosine_similarities": {
    "query_1": {
      "answer_1": 0.8384013939725629,
      "answer_2": 0.5384736135441716,
      "answer_3": 0.5943518840116878,
      "answer_4": 0.5173858435702793,
      "answer_5": 0.5973143966790885,
      "answer_6": 0.49203093184239377
    },
    "query_2": {
      "answer_1": 0.500316130970586,
      "answer_2": 0.8766822774336671,
      "answer_3": 0.5652547233275658,
      "answer_4": 0.5388228704533348,
      "answer_5": 0.5447606861596017,
      "answer_6": 0.6673494472092278
    },
    "query_3": {
      "answer_1": 0.6003055391209479,
      "answer_2": 0.6031639358498502,
      "answer_3": 0.7804037859852315,
      "answer_4": 0.5905921238312076,
      "answer_5": 0.4730684621032322,
      "answer_6": 0.5269543240731823
    },
    "query_4": {
      "answer_1": 0.4744343300079768,
      "answer_2": 0.5555767726328952,
      "answer_3": 0.6275845774605228,
      "answer_4": 0.8529944144846554,
      "answer_5": 0.5443996944795183,
      "answer_6": 0.5913038439993804
    },
    "query_5": {
      "answer_1": 0.5500169381624429,
      "answer_2": 0.5303831635368678,
      "answer_3": 0.4975739793708439,
      "answer_4": 0.5037535317502212,
      "answer_5": 0.8604780956849842,
      "answer_6": 0.5300584428523888
    },
    "query_6": {
      "answer_1": 0.5278903755589875,
      "answer_2": 0.6989968615030225,
      "answer_3": 0.5789890377124997,
      "answer_4": 0.5941147304282673,
      "answer_5": 0.559613682561904,
      "answer_6": 0.8585732672468953
    }
  }
}