{
  "entity": "Napoleon Bonaparte",
  "cosine_similarities": {
    "query_1": {
      "answer_1": 0.8897197461276292,
      "answer_2": 0.5420439275932368,
      "answer_3": 0.635338611047601,
      "answer_4": 0.5110845011705785,
      "answer_5": 0.636871006087994,
      "answer_6": 0.47718443740420424
    },
    "query_2": {
      "answer_1": 0.5584286139598723,
      "answer_2": 0.8713452760646314,
      "answer_3": 0.6457818410484786,
      "answer_4": 0.5563094660851999,
      "answer_5": 0.6027290908222589,
      "answer_6": 0.6100818451645874
    },
    "query_3": {
      "answer_1": 0.6454505823374648,
      "answer_2": 0.6684532967865962,
      "answer_3": 0.8555214909087802,
      "answer_4": 0.6393426913126203,
      "answer_5": 0.6055158942537681,
      "answer_6": 0.5900707573732143
    },
    "query_4": {
      "answer_1": 0.5441363499285046,
      "answer_2": 0.5441396700612429,
      "answer_3": 0.6505466973090832,
      "answer_4": 0.8040407900363966,
      "answer_5": 0.5926302063053642,
      "answer_6": 0.6566331626788352
    },
    "query_5": {
      "answer_1": 0.6785513007721508,
      "answer_2": 0.5897669961062187,
      "answer_3": 0.5961288788868919,
      "answer_4": 0.5522363853837307,
      "answer_5": 0.8463678404004858,
      "answer_6": 0.5838048051568181
    },
    "query_6": {
      "answer_1": 0.513224064354169,
      "answer_2": 0.5778835721426548,
      "answer_3": 0.5856075855100371,
      "answer_4": 0.6412787373214912,
      "answer_5": 0.5724544887842933,
      "answer_6": 0.8555472542482132
    }
  }
}