{
  "entity": "Napoleon Bonaparte",
  "cosine_similarities": {
    "query_1": {
      "answer_1": 0.8768048576281559,
      "answer_2": 0.561246165428674,
      "answer_3": 0.5830599723662055,
      "answer_4": 0.4889471094458707,
      "answer_5": 0.6505212507802489,
      "answer_6": 0.489082295456676
    },
    "query_2": {
      "answer_1": 0.545411611404945,
      "answer_2": 0.8759663467765678,
      "answer_3": 0.6374508542138062,
      "answer_4": 0.5056759690893743,
      "answer_5": 0.5808418740339548,
      "answer_6": 0.6150220003002588
    },
    "query_3": {
      "answer_1": 0.6468835515885438,
      "answer_2": 0.6728964542503938,
      "answer_3": 0.83800207492119,
      "answer_4": 0.6332412301012319,
      "answer_5": 0.5768251776212868,
      "answer_6": 0.5894975378337669
    },
    "query_4": {
      "answer_1": 0.5421607566863649,
      "answer_2": 0.5450583134009175,
      "answer_3": 0.6756453037082294,
      "answer_4": 0.7954124503117503,
      "answer_5": 0.5411054826043623,
      "answer_6": 0.6549295461935501
    },
    "query_5": {
      "answer_1": 0.6635932174054718,
      "answer_2": 0.6066039510687061,
      "answer_3": 0.5714995376006515,
      "answer_4": 0.5239080383778024,
      "answer_5": 0.8677283744279009,
      "answer_6": 0.5882657561307952
    },
    "query_6": {
      "answer_1": 0.49040881413026777,
      "answer_2": 0.5672722890453954,
      "answer_3": 0.5717311851051967,
      "answer_4": 0.609515540451698,
      "answer_5": 0.5493793690826836,
      "answer_6": 0.8407157433167901
    }
  }
}