{
  "entity": "Napoleon Bonaparte",
  "cosine_similarities": {
    "query_1": {
      "answer_1": 0.883970007366299,
      "answer_2": 0.5536844585529698,
      "answer_3": 0.5997927719412802,
      "answer_4": 0.4957608559206487,
      "answer_5": 0.5347358369785705,
      "answer_6": 0.4650360996060856
    },
    "query_2": {
      "answer_1": 0.5731374338300411,
      "answer_2": 0.8897656865491117,
      "answer_3": 0.6442053632461371,
      "answer_4": 0.5130662504419256,
      "answer_5": 0.4634511885394155,
      "answer_6": 0.6140660157538237
    },
    "query_3": {
      "answer_1": 0.6537005155897806,
      "answer_2": 0.6626485278687018,
      "answer_3": 0.8510419069903631,
      "answer_4": 0.6068677611008838,
      "answer_5": 0.4889315995316676,
      "answer_6": 0.5900169796315714
    },
    "query_4": {
      "answer_1": 0.5447913241059321,
      "answer_2": 0.5429201193744579,
      "answer_3": 0.7038554714465015,
      "answer_4": 0.817445861679023,
      "answer_5": 0.5043059468635729,
      "answer_6": 0.5935446403510332
    },
    "query_5": {
      "answer_1": 0.542359287047858,
      "answer_2": 0.5277947284455176,
      "answer_3": 0.5192619494966755,
      "answer_4": 0.4916416930866502,
      "answer_5": 0.8422841420227616,
      "answer_6": 0.4943770080270262
    },
    "query_6": {
      "answer_1": 0.548006451980902,
      "answer_2": 0.6318998017524983,
      "answer_3": 0.6542442806978438,
      "answer_4": 0.6691134264733689,
      "answer_5": 0.48028274724862186,
      "answer_6": 0.8537646959956632
    }
  }
}