{
  "entity": "Napoleon Bonaparte",
  "cosine_similarities": {
    "query_1": {
      "answer_1": 0.8699337145505464,
      "answer_2": 0.5420829225050718,
      "answer_3": 0.5606650708521248,
      "answer_4": 0.49064099896157914,
      "answer_5": 0.5606013529036078,
      "answer_6": 0.48436090715599156
    },
    "query_2": {
      "answer_1": 0.5592329496014968,
      "answer_2": 0.8777923998036818,
      "answer_3": 0.6045981692624139,
      "answer_4": 0.5643237468685568,
      "answer_5": 0.4853148391641903,
      "answer_6": 0.6427369360217511
    },
    "query_3": {
      "answer_1": 0.6103172280968551,
      "answer_2": 0.6515871486395334,
      "answer_3": 0.7942957642360291,
      "answer_4": 0.6564441973008251,
      "answer_5": 0.4733419738020705,
      "answer_6": 0.5828812199087582
    },
    "query_4": {
      "answer_1": 0.5318489209700622,
      "answer_2": 0.5411579149832356,
      "answer_3": 0.6907564410460472,
      "answer_4": 0.8232650014524858,
      "answer_5": 0.4746482769071401,
      "answer_6": 0.6523482188671619
    },
    "query_5": {
      "answer_1": 0.5581003632275857,
      "answer_2": 0.5036813261216994,
      "answer_3": 0.5031107045712465,
      "answer_4": 0.4800668189157075,
      "answer_5": 0.87978407455499,
      "answer_6": 0.4988100246733592
    },
    "query_6": {
      "answer_1": 0.5595138382208815,
      "answer_2": 0.6613331893770348,
      "answer_3": 0.6254178316354965,
      "answer_4": 0.647704101371507,
      "answer_5": 0.47798064106495386,
      "answer_6": 0.8482970154200408
    }
  }
}