{
  "entity": "Napoleon Bonaparte",
  "cosine_similarities": {
    "query_1": {
      "answer_1": 0.8902172960142297,
      "answer_2": 0.5348368761176857,
      "answer_3": 0.5399580522329125,
      "answer_4": 0.5127629278477837,
      "answer_5": 0.5485218883566988,
      "answer_6": 0.4721439400025983
    },
    "query_2": {
      "answer_1": 0.6033516821459222,
      "answer_2": 0.886865824234984,
      "answer_3": 0.584172372404019,
      "answer_4": 0.47588246056044287,
      "answer_5": 0.5040751866621376,
      "answer_6": 0.5584740109618035
    },
    "query_3": {
      "answer_1": 0.5761185963531292,
      "answer_2": 0.5694030557201668,
      "answer_3": 0.8569666337397891,
      "answer_4": 0.5635007264124123,
      "answer_5": 0.43409480541783063,
      "answer_6": 0.41531334199041364
    },
    "query_4": {
      "answer_1": 0.5531264745387928,
      "answer_2": 0.5036119250617977,
      "answer_3": 0.6181810686928398,
      "answer_4": 0.8751219622703753,
      "answer_5": 0.49792655518597717,
      "answer_6": 0.539008136039307
    },
    "query_5": {
      "answer_1": 0.5896743016062777,
      "answer_2": 0.5775968786511084,
      "answer_3": 0.5233287245614763,
      "answer_4": 0.484998781211234,
      "answer_5": 0.8235975129599918,
      "answer_6": 0.4939334876259161
    },
    "query_6": {
      "answer_1": 0.5759778941585921,
      "answer_2": 0.6024670814876358,
      "answer_3": 0.5220436316980624,
      "answer_4": 0.6129408081344232,
      "answer_5": 0.5712986265292663,
      "answer_6": 0.8512406108078749
    }
  }
}