{
  "entity": "Napoleon Bonaparte",
  "cosine_similarities": {
    "query_1": {
      "answer_1": 0.8612215276354733,
      "answer_2": 0.6507766921413825,
      "answer_3": 0.6118722300438237,
      "answer_4": 0.501992708612098,
      "answer_5": 0.6757596568054681,
      "answer_6": 0.5738201747428636
    },
    "query_2": {
      "answer_1": 0.6531649992790087,
      "answer_2": 0.8803394827355201,
      "answer_3": 0.6399751446888655,
      "answer_4": 0.5220006914559745,
      "answer_5": 0.6287762008970612,
      "answer_6": 0.6630768579840045
    },
    "query_3": {
      "answer_1": 0.6404621232787462,
      "answer_2": 0.7084806735881681,
      "answer_3": 0.8449191584412825,
      "answer_4": 0.5737374594624393,
      "answer_5": 0.6111596016304713,
      "answer_6": 0.5706337281847824
    },
    "query_4": {
      "answer_1": 0.5397813218911492,
      "answer_2": 0.5361216741089833,
      "answer_3": 0.6370305237106556,
      "answer_4": 0.823645284030543,
      "answer_5": 0.5967831716114658,
      "answer_6": 0.5771009470858948
    },
    "query_5": {
      "answer_1": 0.6708372048459187,
      "answer_2": 0.6536842071971828,
      "answer_3": 0.6264116105064668,
      "answer_4": 0.5214142829164241,
      "answer_5": 0.8665363424896354,
      "answer_6": 0.635349390968055
    },
    "query_6": {
      "answer_1": 0.6200576794001479,
      "answer_2": 0.6605135305938818,
      "answer_3": 0.5982675442245746,
      "answer_4": 0.5471506341055962,
      "answer_5": 0.6165799115038323,
      "answer_6": 0.8813450623433219
    }
  }
}