{
  "entity": "Napoleon Bonaparte",
  "cosine_similarities": {
    "query_1": {
      "answer_1": 0.8680351539709854,
      "answer_2": 0.5383538559207467,
      "answer_3": 0.5690493091217228,
      "answer_4": 0.49628235984441554,
      "answer_5": 0.5708741550699155,
      "answer_6": 0.4481451588593194
    },
    "query_2": {
      "answer_1": 0.5801947099231836,
      "answer_2": 0.8704127781172464,
      "answer_3": 0.5954573743974266,
      "answer_4": 0.5698765992350328,
      "answer_5": 0.5361342267847743,
      "answer_6": 0.6233337490567993
    },
    "query_3": {
      "answer_1": 0.5931125456030514,
      "answer_2": 0.6115653562440532,
      "answer_3": 0.807449923488052,
      "answer_4": 0.6266112460813581,
      "answer_5": 0.45048241615929735,
      "answer_6": 0.4917885591718531
    },
    "query_4": {
      "answer_1": 0.4969346383468346,
      "answer_2": 0.5218461756430613,
      "answer_3": 0.6604401143727473,
      "answer_4": 0.810901660240309,
      "answer_5": 0.5130924460156477,
      "answer_6": 0.5992080747878714
    },
    "query_5": {
      "answer_1": 0.5708223252023915,
      "answer_2": 0.5340200273637282,
      "answer_3": 0.515994351271606,
      "answer_4": 0.534518542434514,
      "answer_5": 0.8625435554484779,
      "answer_6": 0.5310121548257404
    },
    "query_6": {
      "answer_1": 0.5199823489711223,
      "answer_2": 0.610504662041179,
      "answer_3": 0.5532881332601932,
      "answer_4": 0.6193546777122829,
      "answer_5": 0.5425193721070746,
      "answer_6": 0.8565294804274612
    }
  }
}