{
  "entity": "Napoleon Bonaparte",
  "cosine_similarities": {
    "query_1": {
      "answer_1": 0.8112113493622932,
      "answer_2": 0.5698001104100556,
      "answer_3": 0.537037604936716,
      "answer_4": 0.5161639857690339,
      "answer_5": 0.6039500015711052,
      "answer_6": 0.5188978712679212
    },
    "query_2": {
      "answer_1": 0.485445638268086,
      "answer_2": 0.8757915015870946,
      "answer_3": 0.555668162166279,
      "answer_4": 0.5529554466578102,
      "answer_5": 0.4850610375285669,
      "answer_6": 0.6176609813931334
    },
    "query_3": {
      "answer_1": 0.6336907128308278,
      "answer_2": 0.6578898485061672,
      "answer_3": 0.8222776252413028,
      "answer_4": 0.5874143970266504,
      "answer_5": 0.5183512619473649,
      "answer_6": 0.6078448929066338
    },
    "query_4": {
      "answer_1": 0.5182237569363736,
      "answer_2": 0.5504404488906173,
      "answer_3": 0.5719098238467389,
      "answer_4": 0.7672613799283367,
      "answer_5": 0.5195902631228829,
      "answer_6": 0.62977001482578
    },
    "query_5": {
      "answer_1": 0.5581532890532558,
      "answer_2": 0.5321272228097189,
      "answer_3": 0.46582593847774084,
      "answer_4": 0.526852330749834,
      "answer_5": 0.8090662971442011,
      "answer_6": 0.5197149985718182
    },
    "query_6": {
      "answer_1": 0.5175629834890423,
      "answer_2": 0.6107694453233566,
      "answer_3": 0.5123388203961293,
      "answer_4": 0.5860013474964066,
      "answer_5": 0.4997394077945233,
      "answer_6": 0.7959652595683169
    }
  }
}