{
  "entity": "Napoleon Bonaparte",
  "cosine_similarities": {
    "query_1": {
      "answer_1": 0.8956508072681084,
      "answer_2": 0.5491657377293074,
      "answer_3": 0.5492827389287289,
      "answer_4": 0.4899116764086425,
      "answer_5": 0.6028277597543616,
      "answer_6": 0.45319698328041713
    },
    "query_2": {
      "answer_1": 0.5604576677583423,
      "answer_2": 0.8738528191182883,
      "answer_3": 0.5867671614418704,
      "answer_4": 0.5885498432591189,
      "answer_5": 0.564843482630191,
      "answer_6": 0.6280588618999805
    },
    "query_3": {
      "answer_1": 0.5666902953548324,
      "answer_2": 0.6147029795152962,
      "answer_3": 0.7877259230416996,
      "answer_4": 0.5879604672464965,
      "answer_5": 0.47268380306120783,
      "answer_6": 0.48920532841934194
    },
    "query_4": {
      "answer_1": 0.5040915777334669,
      "answer_2": 0.5431665015869579,
      "answer_3": 0.6928129654825712,
      "answer_4": 0.8104546853192836,
      "answer_5": 0.5405718035814578,
      "answer_6": 0.5678961108791151
    },
    "query_5": {
      "answer_1": 0.5809751798593391,
      "answer_2": 0.5396397998628001,
      "answer_3": 0.5045000964615503,
      "answer_4": 0.5122344799797971,
      "answer_5": 0.861142749143896,
      "answer_6": 0.5103759253463435
    },
    "query_6": {
      "answer_1": 0.5348981517860267,
      "answer_2": 0.6591761976134157,
      "answer_3": 0.559078856967556,
      "answer_4": 0.6007531432341064,
      "answer_5": 0.5685786905830882,
      "answer_6": 0.8021428778369505
    }
  }
}