{
  "entity": "Napoleon Bonaparte",
  "cosine_similarities": {
    "query_1": {
      "answer_1": 0.854986315297616,
      "answer_2": 0.6167820100723513,
      "answer_3": 0.6127351270215478,
      "answer_4": 0.4973090885687211,
      "answer_5": 0.5797105740846098,
      "answer_6": 0.5000360324412588
    },
    "query_2": {
      "answer_1": 0.5274013848638057,
      "answer_2": 0.8826986480420146,
      "answer_3": 0.6345521715257287,
      "answer_4": 0.5465705619886253,
      "answer_5": 0.6209284684791643,
      "answer_6": 0.653777709129831
    },
    "query_3": {
      "answer_1": 0.648756915250626,
      "answer_2": 0.6951035097279584,
      "answer_3": 0.83986140167589,
      "answer_4": 0.6343068306249942,
      "answer_5": 0.5883608574714251,
      "answer_6": 0.6280721726891354
    },
    "query_4": {
      "answer_1": 0.5317177930329057,
      "answer_2": 0.5220082500835309,
      "answer_3": 0.6384936398437125,
      "answer_4": 0.7976914588780417,
      "answer_5": 0.5181807250141977,
      "answer_6": 0.5775308978747858
    },
    "query_5": {
      "answer_1": 0.599556108905716,
      "answer_2": 0.6346546873463004,
      "answer_3": 0.5786894988524154,
      "answer_4": 0.5223432979512433,
      "answer_5": 0.8597357108061888,
      "answer_6": 0.5673254307477659
    },
    "query_6": {
      "answer_1": 0.5371901138582106,
      "answer_2": 0.6353152422147398,
      "answer_3": 0.5752318696022243,
      "answer_4": 0.6227347260454124,
      "answer_5": 0.5523747691949598,
      "answer_6": 0.8446406893734657
    }
  }
}