{
  "entity": "Napoleon Bonaparte",
  "cosine_similarities": {
    "query_1": {
      "answer_1": 0.8078391650563307,
      "answer_2": 0.5605293028840858,
      "answer_3": 0.5648049376469618,
      "answer_4": 0.5141281310663819,
      "answer_5": 0.5551093385468644,
      "answer_6": 0.4803897057424685
    },
    "query_2": {
      "answer_1": 0.49062679808600873,
      "answer_2": 0.8566288526201503,
      "answer_3": 0.605029167234967,
      "answer_4": 0.5638571831271335,
      "answer_5": 0.5942100402148918,
      "answer_6": 0.6147357757712137
    },
    "query_3": {
      "answer_1": 0.6206512072156554,
      "answer_2": 0.6561944128042208,
      "answer_3": 0.8104830799300549,
      "answer_4": 0.6330566800469821,
      "answer_5": 0.5923356854014434,
      "answer_6": 0.5876046473998047
    },
    "query_4": {
      "answer_1": 0.5136094321378496,
      "answer_2": 0.5458823518450445,
      "answer_3": 0.5663668148347314,
      "answer_4": 0.8111167180615765,
      "answer_5": 0.5233421814301885,
      "answer_6": 0.6051477860153966
    },
    "query_5": {
      "answer_1": 0.5260493196273319,
      "answer_2": 0.6531160265621532,
      "answer_3": 0.6076370186993163,
      "answer_4": 0.5832936966998848,
      "answer_5": 0.8723612699984923,
      "answer_6": 0.5707343059502535
    },
    "query_6": {
      "answer_1": 0.4457471870968995,
      "answer_2": 0.6134273254293272,
      "answer_3": 0.5250028184928003,
      "answer_4": 0.614431792918195,
      "answer_5": 0.5158254712249298,
      "answer_6": 0.8421251603816483
    }
  }
}