{
  "entity": "Napoleon Bonaparte",
  "cosine_similarities": {
    "query_1": {
      "answer_1": 0.8296133970756727,
      "answer_2": 0.563691678573006,
      "answer_3": 0.5606099168421061,
      "answer_4": 0.4792834618548868,
      "answer_5": 0.5794831989107762,
      "answer_6": 0.5090315919896486
    },
    "query_2": {
      "answer_1": 0.50099228425453,
      "answer_2": 0.8465102659414966,
      "answer_3": 0.5783428218814097,
      "answer_4": 0.571706311654798,
      "answer_5": 0.511412124694934,
      "answer_6": 0.592801600790962
    },
    "query_3": {
      "answer_1": 0.5950445133855221,
      "answer_2": 0.6498782391520576,
      "answer_3": 0.8375999988740351,
      "answer_4": 0.6523593587963249,
      "answer_5": 0.4692594667258064,
      "answer_6": 0.5745418554604428
    },
    "query_4": {
      "answer_1": 0.49404652004279526,
      "answer_2": 0.5621873579704363,
      "answer_3": 0.6316581995916547,
      "answer_4": 0.7866210905525853,
      "answer_5": 0.5097846264789593,
      "answer_6": 0.6261272112919678
    },
    "query_5": {
      "answer_1": 0.5409111770600462,
      "answer_2": 0.555982368857233,
      "answer_3": 0.4812564364053866,
      "answer_4": 0.5147509826146,
      "answer_5": 0.800006838092179,
      "answer_6": 0.5119511856428645
    },
    "query_6": {
      "answer_1": 0.5130996351209466,
      "answer_2": 0.6927846968382019,
      "answer_3": 0.5389187456407565,
      "answer_4": 0.5882360689951004,
      "answer_5": 0.5134163331939463,
      "answer_6": 0.7075854535283557
    }
  }
}