{
  "entity": "Napoleon Bonaparte",
  "cosine_similarities": {
    "query_1": {
      "answer_1": 0.8729735822382014,
      "answer_2": 0.5686755848999937,
      "answer_3": 0.5684808177752632,
      "answer_4": 0.5157866584826533,
      "answer_5": 0.6577385469111692,
      "answer_6": 0.4977135148109333
    },
    "query_2": {
      "answer_1": 0.6214116695197195,
      "answer_2": 0.8855658408388919,
      "answer_3": 0.6511752423533769,
      "answer_4": 0.5198507361212114,
      "answer_5": 0.5565508059642191,
      "answer_6": 0.636674384747058
    },
    "query_3": {
      "answer_1": 0.6446962193165194,
      "answer_2": 0.7041918018791222,
      "answer_3": 0.8319688365950448,
      "answer_4": 0.6213953104385024,
      "answer_5": 0.5756525208900239,
      "answer_6": 0.5945683275037328
    },
    "query_4": {
      "answer_1": 0.6074782165341306,
      "answer_2": 0.5220892231138351,
      "answer_3": 0.6535381019436611,
      "answer_4": 0.8312419009725843,
      "answer_5": 0.618286589609815,
      "answer_6": 0.5780901698679921
    },
    "query_5": {
      "answer_1": 0.6569560458735658,
      "answer_2": 0.5655228560504394,
      "answer_3": 0.5791501055197351,
      "answer_4": 0.5413800838041711,
      "answer_5": 0.8583236199838372,
      "answer_6": 0.5548978882833407
    },
    "query_6": {
      "answer_1": 0.5857926860975924,
      "answer_2": 0.6508293016358242,
      "answer_3": 0.6281273099412259,
      "answer_4": 0.5519709340671408,
      "answer_5": 0.5651431430082284,
      "answer_6": 0.8368930957524304
    }
  }
}