{
  "entity": "Napoleon Bonaparte",
  "cosine_similarities": {
    "query_1": {
      "answer_1": 0.8577523666106041,
      "answer_2": 0.5580695234121311,
      "answer_3": 0.5886218108550703,
      "answer_4": 0.4839289074032992,
      "answer_5": 0.5393463627294051,
      "answer_6": 0.48118018290352516
    },
    "query_2": {
      "answer_1": 0.5358649785583794,
      "answer_2": 0.9000251076597274,
      "answer_3": 0.5995516124219685,
      "answer_4": 0.5828071223371206,
      "answer_5": 0.47512610528193266,
      "answer_6": 0.5303196666623605
    },
    "query_3": {
      "answer_1": 0.5681421801925135,
      "answer_2": 0.626966908085255,
      "answer_3": 0.7910920542036031,
      "answer_4": 0.6162849258099989,
      "answer_5": 0.44652316631582534,
      "answer_6": 0.44776806951481335
    },
    "query_4": {
      "answer_1": 0.5020301869873045,
      "answer_2": 0.539056629452369,
      "answer_3": 0.6460888749525671,
      "answer_4": 0.8222944260958169,
      "answer_5": 0.5221449045312707,
      "answer_6": 0.663234641129895
    },
    "query_5": {
      "answer_1": 0.5305929623952367,
      "answer_2": 0.4905671723393811,
      "answer_3": 0.4809542619187433,
      "answer_4": 0.49086584774285774,
      "answer_5": 0.8754916365176898,
      "answer_6": 0.4868263264360777
    },
    "query_6": {
      "answer_1": 0.5073434560522638,
      "answer_2": 0.511110244282798,
      "answer_3": 0.5129771329442198,
      "answer_4": 0.6982266956495494,
      "answer_5": 0.517854810588378,
      "answer_6": 0.881001239709001
    }
  }
}