{
  "entity": "Napoleon Bonaparte",
  "cosine_similarities": {
    "query_1": {
      "answer_1": 0.9083069135663576,
      "answer_2": 0.5463712234400692,
      "answer_3": 0.582635535021394,
      "answer_4": 0.4972456806440861,
      "answer_5": 0.6349452815140735,
      "answer_6": 0.4822795446166308
    },
    "query_2": {
      "answer_1": 0.5677482680399245,
      "answer_2": 0.8921066888619581,
      "answer_3": 0.6376317632456474,
      "answer_4": 0.5499688165582276,
      "answer_5": 0.5663850824979824,
      "answer_6": 0.611625523659963
    },
    "query_3": {
      "answer_1": 0.6228712465554647,
      "answer_2": 0.6717024950477729,
      "answer_3": 0.8410716388585193,
      "answer_4": 0.6363631441831255,
      "answer_5": 0.5627993919232428,
      "answer_6": 0.5895852417422298
    },
    "query_4": {
      "answer_1": 0.49531188399622855,
      "answer_2": 0.5522557238971693,
      "answer_3": 0.6708323597264295,
      "answer_4": 0.8067423494038048,
      "answer_5": 0.5591614534548183,
      "answer_6": 0.6576209395591558
    },
    "query_5": {
      "answer_1": 0.6506064784164888,
      "answer_2": 0.5976809503627177,
      "answer_3": 0.5944964531932576,
      "answer_4": 0.5448210224156602,
      "answer_5": 0.8576704580772692,
      "answer_6": 0.5766497134476523
    },
    "query_6": {
      "answer_1": 0.4867130966158363,
      "answer_2": 0.5855864648718666,
      "answer_3": 0.5760364377295796,
      "answer_4": 0.6424688612687612,
      "answer_5": 0.5429210254176203,
      "answer_6": 0.829480640916135
    }
  }
}