{
  "entity": "Napoleon Bonaparte",
  "cosine_similarities": {
    "query_1": {
      "answer_1": 0.9058277672885061,
      "answer_2": 0.5441935579777942,
      "answer_3": 0.6176247385784902,
      "answer_4": 0.4949958044589183,
      "answer_5": 0.649174579303868,
      "answer_6": 0.4651831219796249
    },
    "query_2": {
      "answer_1": 0.5543994145679093,
      "answer_2": 0.8850849250035203,
      "answer_3": 0.6371927068924732,
      "answer_4": 0.5468713659214581,
      "answer_5": 0.58868360223239,
      "answer_6": 0.6048134109664884
    },
    "query_3": {
      "answer_1": 0.6253625878910315,
      "answer_2": 0.668108100528313,
      "answer_3": 0.8411502664257646,
      "answer_4": 0.6330258811150022,
      "answer_5": 0.5885680866030485,
      "answer_6": 0.5781863752521514
    },
    "query_4": {
      "answer_1": 0.5190132222889281,
      "answer_2": 0.5358857799098894,
      "answer_3": 0.6743290736809634,
      "answer_4": 0.798245395006356,
      "answer_5": 0.5730568302251978,
      "answer_6": 0.6456950748291493
    },
    "query_5": {
      "answer_1": 0.6787182180331113,
      "answer_2": 0.6027738027851512,
      "answer_3": 0.5823047580639582,
      "answer_4": 0.5477816403433718,
      "answer_5": 0.8601133392451599,
      "answer_6": 0.5742965946461001
    },
    "query_6": {
      "answer_1": 0.5051782187735278,
      "answer_2": 0.5597514141988461,
      "answer_3": 0.5911221125149401,
      "answer_4": 0.6349636422599018,
      "answer_5": 0.5731979728121194,
      "answer_6": 0.8652680136553336
    }
  }
}