{
  "entity": "Napoleon Bonaparte",
  "cosine_similarities": {
    "query_1": {
      "answer_1": 0.8981257537891564,
      "answer_2": 0.5535370923521896,
      "answer_3": 0.5810365918399979,
      "answer_4": 0.4642149191215115,
      "answer_5": 0.6056808299672025,
      "answer_6": 0.4776992760079051
    },
    "query_2": {
      "answer_1": 0.5653672115973065,
      "answer_2": 0.8593610379953509,
      "answer_3": 0.646055347661946,
      "answer_4": 0.5558441669124605,
      "answer_5": 0.6158929316197679,
      "answer_6": 0.5741104865108208
    },
    "query_3": {
      "answer_1": 0.5623055169091794,
      "answer_2": 0.6150435691174883,
      "answer_3": 0.8491716581446224,
      "answer_4": 0.5918421955492544,
      "answer_5": 0.5675095952075532,
      "answer_6": 0.5295698554291955
    },
    "query_4": {
      "answer_1": 0.44703820348877443,
      "answer_2": 0.5662165929228965,
      "answer_3": 0.6659581965348998,
      "answer_4": 0.8346726786174568,
      "answer_5": 0.5529008707234804,
      "answer_6": 0.6329043177016674
    },
    "query_5": {
      "answer_1": 0.6113503570168972,
      "answer_2": 0.6093366269185766,
      "answer_3": 0.6399738090908837,
      "answer_4": 0.5400105762198051,
      "answer_5": 0.8450163028047929,
      "answer_6": 0.5752086130513767
    },
    "query_6": {
      "answer_1": 0.5267832945006046,
      "answer_2": 0.6090388383570722,
      "answer_3": 0.5967276408079044,
      "answer_4": 0.6491300715557227,
      "answer_5": 0.6397625145396886,
      "answer_6": 0.8577887987686899
    }
  }
}