{
  "entity": "Napoleon Bonaparte",
  "cosine_similarities": {
    "query_1": {
      "answer_1": 0.8675401750571867,
      "answer_2": 0.5820089238944504,
      "answer_3": 0.5805209460238167,
      "answer_4": 0.5124401415601484,
      "answer_5": 0.6173737900674278,
      "answer_6": 0.5043044050753417
    },
    "query_2": {
      "answer_1": 0.5632368944316495,
      "answer_2": 0.8843917770130055,
      "answer_3": 0.6419869336104446,
      "answer_4": 0.5346526186109717,
      "answer_5": 0.5234529948983122,
      "answer_6": 0.6463275378538862
    },
    "query_3": {
      "answer_1": 0.6466095423443928,
      "answer_2": 0.6724778826229554,
      "answer_3": 0.8488530135031486,
      "answer_4": 0.5964035124925369,
      "answer_5": 0.5005820587345938,
      "answer_6": 0.5924650169633418
    },
    "query_4": {
      "answer_1": 0.5299030406248106,
      "answer_2": 0.5473315851549021,
      "answer_3": 0.6510472174351456,
      "answer_4": 0.844823263912802,
      "answer_5": 0.5453539886915912,
      "answer_6": 0.6368634219326635
    },
    "query_5": {
      "answer_1": 0.582244470318013,
      "answer_2": 0.5353657138133119,
      "answer_3": 0.4974292864442826,
      "answer_4": 0.5107757940779295,
      "answer_5": 0.8507822587940143,
      "answer_6": 0.5277153562903486
    },
    "query_6": {
      "answer_1": 0.55026058708512,
      "answer_2": 0.6394711198919961,
      "answer_3": 0.5821045921063106,
      "answer_4": 0.6228717327418062,
      "answer_5": 0.543737419855518,
      "answer_6": 0.8677292292382702
    }
  }
}