{
  "entity": "Napoleon Bonaparte",
  "cosine_similarities": {
    "query_1": {
      "answer_1": 0.8839871168248296,
      "answer_2": 0.5761957444442422,
      "answer_3": 0.5435592749048415,
      "answer_4": 0.3836743363951275,
      "answer_5": 0.6016479861575383,
      "answer_6": 0.41006024639141025
    },
    "query_2": {
      "answer_1": 0.4863430287714517,
      "answer_2": 0.8895739982355324,
      "answer_3": 0.6508235979838957,
      "answer_4": 0.5506713420891881,
      "answer_5": 0.49864865067074615,
      "answer_6": 0.42265993116644396
    },
    "query_3": {
      "answer_1": 0.4898146900547487,
      "answer_2": 0.6252789521689803,
      "answer_3": 0.8730120002410718,
      "answer_4": 0.5698302326447042,
      "answer_5": 0.4853047642818404,
      "answer_6": 0.37298551558490645
    },
    "query_4": {
      "answer_1": 0.4223595595886877,
      "answer_2": 0.5493249678011393,
      "answer_3": 0.5963878201596657,
      "answer_4": 0.765572169181088,
      "answer_5": 0.47906802755941236,
      "answer_6": 0.4406419014716881
    },
    "query_5": {
      "answer_1": 0.5452849117482449,
      "answer_2": 0.5237867839826506,
      "answer_3": 0.4849429044456286,
      "answer_4": 0.43900469014661786,
      "answer_5": 0.8266935560794997,
      "answer_6": 0.4057732410273233
    },
    "query_6": {
      "answer_1": 0.4576627135982727,
      "answer_2": 0.4551319219155829,
      "answer_3": 0.4287841260408378,
      "answer_4": 0.43953035067326035,
      "answer_5": 0.5065747327902692,
      "answer_6": 0.8673265838295564
    }
  }
}