{
  "entity": "Napoleon Bonaparte",
  "cosine_similarities": {
    "query_1": {
      "answer_1": 0.8521218382970812,
      "answer_2": 0.5514731162591753,
      "answer_3": 0.5816860469740781,
      "answer_4": 0.4674377256116355,
      "answer_5": 0.6319039110738814,
      "answer_6": 0.4392401473516102
    },
    "query_2": {
      "answer_1": 0.5946119940279117,
      "answer_2": 0.8711007184220982,
      "answer_3": 0.6488258372360473,
      "answer_4": 0.4861661922414483,
      "answer_5": 0.5328043557914502,
      "answer_6": 0.6418918794666385
    },
    "query_3": {
      "answer_1": 0.65752554250021,
      "answer_2": 0.6579408981830868,
      "answer_3": 0.8528180573945657,
      "answer_4": 0.5225293257407204,
      "answer_5": 0.545501213231533,
      "answer_6": 0.577306405743535
    },
    "query_4": {
      "answer_1": 0.5644551720498359,
      "answer_2": 0.5191013043173248,
      "answer_3": 0.6151685083370872,
      "answer_4": 0.8636089302765555,
      "answer_5": 0.5110540393648866,
      "answer_6": 0.6052723128756996
    },
    "query_5": {
      "answer_1": 0.6025837937976529,
      "answer_2": 0.5414722338499097,
      "answer_3": 0.5370981798603538,
      "answer_4": 0.4817059247169025,
      "answer_5": 0.8260715558665375,
      "answer_6": 0.5233353979943727
    },
    "query_6": {
      "answer_1": 0.5583882843476516,
      "answer_2": 0.6417566194710835,
      "answer_3": 0.6309998151039026,
      "answer_4": 0.5767094386378235,
      "answer_5": 0.5246207744978924,
      "answer_6": 0.8542053216760933
    }
  }
}