{
  "entity": "Napoleon Bonaparte",
  "cosine_similarities": {
    "query_1": {
      "answer_1": 0.8565125577029061,
      "answer_2": 0.6320974058583284,
      "answer_3": 0.6089862754394109,
      "answer_4": 0.5210517666044823,
      "answer_5": 0.6556720911103552,
      "answer_6": 0.5881157050575714
    },
    "query_2": {
      "answer_1": 0.6050293875378513,
      "answer_2": 0.8885448185936029,
      "answer_3": 0.640594027327927,
      "answer_4": 0.5348115701599939,
      "answer_5": 0.6264690540190874,
      "answer_6": 0.6716527002236783
    },
    "query_3": {
      "answer_1": 0.6402477167321294,
      "answer_2": 0.6795645460248482,
      "answer_3": 0.8388088229365775,
      "answer_4": 0.580872059445858,
      "answer_5": 0.5959384912983416,
      "answer_6": 0.5781627920389761
    },
    "query_4": {
      "answer_1": 0.5241163536205891,
      "answer_2": 0.5155408366030523,
      "answer_3": 0.6329494394591848,
      "answer_4": 0.8112028344154394,
      "answer_5": 0.6159263244064105,
      "answer_6": 0.5864856812112303
    },
    "query_5": {
      "answer_1": 0.658745256507941,
      "answer_2": 0.6295801896844996,
      "answer_3": 0.6169341494257107,
      "answer_4": 0.5397430623936573,
      "answer_5": 0.8513050683201898,
      "answer_6": 0.6398753243834041
    },
    "query_6": {
      "answer_1": 0.5824953387163166,
      "answer_2": 0.6591967764319678,
      "answer_3": 0.5784510180401038,
      "answer_4": 0.5650354321527662,
      "answer_5": 0.6014415028915221,
      "answer_6": 0.8771453183960037
    }
  }
}