{
  "entity": "Napoleon Bonaparte",
  "cosine_similarities": {
    "query_1": {
      "answer_1": 0.8972297349050635,
      "answer_2": 0.57393041335497,
      "answer_3": 0.5610170688618004,
      "answer_4": 0.5025995120242588,
      "answer_5": 0.6350598633582297,
      "answer_6": 0.527470646036679
    },
    "query_2": {
      "answer_1": 0.5829124746363527,
      "answer_2": 0.8994049183091729,
      "answer_3": 0.6450813496557278,
      "answer_4": 0.4733950480540639,
      "answer_5": 0.5447375513859096,
      "answer_6": 0.646326225359433
    },
    "query_3": {
      "answer_1": 0.5818127753384079,
      "answer_2": 0.7166593734867255,
      "answer_3": 0.8322362536420179,
      "answer_4": 0.6033624918215039,
      "answer_5": 0.5472403935211723,
      "answer_6": 0.6176531400793976
    },
    "query_4": {
      "answer_1": 0.5439783140586092,
      "answer_2": 0.5292678574026823,
      "answer_3": 0.5812974041592822,
      "answer_4": 0.8001378185030309,
      "answer_5": 0.563866496523088,
      "answer_6": 0.5968031468941698
    },
    "query_5": {
      "answer_1": 0.629671290130715,
      "answer_2": 0.5625496006430981,
      "answer_3": 0.5258310997273478,
      "answer_4": 0.49981841003814814,
      "answer_5": 0.8446290670503089,
      "answer_6": 0.5696119933618768
    },
    "query_6": {
      "answer_1": 0.5045956896485434,
      "answer_2": 0.6170498585254461,
      "answer_3": 0.5491228374630884,
      "answer_4": 0.5065193405032683,
      "answer_5": 0.5205074997453258,
      "answer_6": 0.8358613883659086
    }
  }
}