{
  "entity": "Napoleon Bonaparte",
  "cosine_similarities": {
    "query_1": {
      "answer_1": 0.8465436964627314,
      "answer_2": 0.5398256846975651,
      "answer_3": 0.5907811958691106,
      "answer_4": 0.4888263482518604,
      "answer_5": 0.6206974339155129,
      "answer_6": 0.5029664796299358
    },
    "query_2": {
      "answer_1": 0.5554806525106737,
      "answer_2": 0.8668433571597245,
      "answer_3": 0.666059591519073,
      "answer_4": 0.5830093526905404,
      "answer_5": 0.5331740662387702,
      "answer_6": 0.5360730954272639
    },
    "query_3": {
      "answer_1": 0.6175789572430147,
      "answer_2": 0.6581293810626311,
      "answer_3": 0.8393497594521776,
      "answer_4": 0.6099066639893216,
      "answer_5": 0.5187280306477012,
      "answer_6": 0.5192485095897661
    },
    "query_4": {
      "answer_1": 0.5244002098438095,
      "answer_2": 0.6009349807077136,
      "answer_3": 0.6875088122522518,
      "answer_4": 0.8400086614693034,
      "answer_5": 0.5442897811314588,
      "answer_6": 0.6377494849364962
    },
    "query_5": {
      "answer_1": 0.5795757020052763,
      "answer_2": 0.5172347741638619,
      "answer_3": 0.5162223408834599,
      "answer_4": 0.4953192850126294,
      "answer_5": 0.8527384782018448,
      "answer_6": 0.5242390980522728
    },
    "query_6": {
      "answer_1": 0.5735806388042219,
      "answer_2": 0.5371448082332514,
      "answer_3": 0.5609108350592866,
      "answer_4": 0.6476521231605896,
      "answer_5": 0.5943511799477016,
      "answer_6": 0.8008445435585234
    }
  }
}