{
  "entity": "Napoleon Bonaparte",
  "cosine_similarities": {
    "query_1": {
      "answer_1": 0.831579385633605,
      "answer_2": 0.5535265843539137,
      "answer_3": 0.5875617613220285,
      "answer_4": 0.4940545820136646,
      "answer_5": 0.6128397771248885,
      "answer_6": 0.5079847419502174
    },
    "query_2": {
      "answer_1": 0.4988173139451948,
      "answer_2": 0.8887407140656409,
      "answer_3": 0.621688662610888,
      "answer_4": 0.5616041987305916,
      "answer_5": 0.5192722896596408,
      "answer_6": 0.6406987248688083
    },
    "query_3": {
      "answer_1": 0.6183158858842274,
      "answer_2": 0.6444700050369788,
      "answer_3": 0.8397899390540422,
      "answer_4": 0.6390470474386564,
      "answer_5": 0.5219930578932542,
      "answer_6": 0.6075009088431982
    },
    "query_4": {
      "answer_1": 0.5063479377926293,
      "answer_2": 0.5491258168829377,
      "answer_3": 0.6320628296874191,
      "answer_4": 0.8343984060859615,
      "answer_5": 0.5430802911152272,
      "answer_6": 0.6681848599060728
    },
    "query_5": {
      "answer_1": 0.5878048509846636,
      "answer_2": 0.5247348181486254,
      "answer_3": 0.5185097368312037,
      "answer_4": 0.5003220036281335,
      "answer_5": 0.8497179047190332,
      "answer_6": 0.5374147880603293
    },
    "query_6": {
      "answer_1": 0.5373085896527016,
      "answer_2": 0.6046428729249084,
      "answer_3": 0.5726170465521975,
      "answer_4": 0.6124660854640291,
      "answer_5": 0.5464436076995008,
      "answer_6": 0.8417460729153877
    }
  }
}