{
  "entity": "Napoleon Bonaparte",
  "cosine_similarities": {
    "query_1": {
      "answer_1": 0.8842420518892431,
      "answer_2": 0.533660434940398,
      "answer_3": 0.5740579110227492,
      "answer_4": 0.5099891576297573,
      "answer_5": 0.6357674986865351,
      "answer_6": 0.5116073541687225
    },
    "query_2": {
      "answer_1": 0.5953810396104074,
      "answer_2": 0.8747793999613963,
      "answer_3": 0.6262815676351818,
      "answer_4": 0.5268856513321595,
      "answer_5": 0.5509448939046667,
      "answer_6": 0.634452129140562
    },
    "query_3": {
      "answer_1": 0.6452141017227491,
      "answer_2": 0.6523426167918333,
      "answer_3": 0.8314018635446634,
      "answer_4": 0.5952866051288975,
      "answer_5": 0.5265321579930772,
      "answer_6": 0.59475796499222
    },
    "query_4": {
      "answer_1": 0.5436801090441855,
      "answer_2": 0.5484206103263194,
      "answer_3": 0.6411551326105864,
      "answer_4": 0.8139214965181326,
      "answer_5": 0.5493719592240834,
      "answer_6": 0.6504435270632186
    },
    "query_5": {
      "answer_1": 0.607016637389057,
      "answer_2": 0.5134607362601233,
      "answer_3": 0.5206328292865051,
      "answer_4": 0.5009143193196064,
      "answer_5": 0.8686014309942741,
      "answer_6": 0.5299201748705747
    },
    "query_6": {
      "answer_1": 0.5843048341159477,
      "answer_2": 0.6420525928924519,
      "answer_3": 0.6065573092425924,
      "answer_4": 0.62753041778553,
      "answer_5": 0.5665227871346545,
      "answer_6": 0.8739132309458375
    }
  }
}