{
  "entity": "Napoleon Bonaparte",
  "cosine_similarities": {
    "query_1": {
      "answer_1": 0.8258573282265952,
      "answer_2": 0.5726080086362474,
      "answer_3": 0.5697087159975527,
      "answer_4": 0.5199966819423978,
      "answer_5": 0.6469884358721832,
      "answer_6": 0.4989431631695376
    },
    "query_2": {
      "answer_1": 0.48437699724294114,
      "answer_2": 0.8734800568600027,
      "answer_3": 0.5694570095538612,
      "answer_4": 0.570281391410873,
      "answer_5": 0.5689576035070993,
      "answer_6": 0.611318157285917
    },
    "query_3": {
      "answer_1": 0.6069628188030811,
      "answer_2": 0.685695054287126,
      "answer_3": 0.7968805079317375,
      "answer_4": 0.6522390530794903,
      "answer_5": 0.5582684027635751,
      "answer_6": 0.5934560758512892
    },
    "query_4": {
      "answer_1": 0.4974464308088275,
      "answer_2": 0.567680286813009,
      "answer_3": 0.5847816049418328,
      "answer_4": 0.838254648750989,
      "answer_5": 0.5634779357801192,
      "answer_6": 0.6218830341758649
    },
    "query_5": {
      "answer_1": 0.6009912292772274,
      "answer_2": 0.6269378173812516,
      "answer_3": 0.5470645759015345,
      "answer_4": 0.5768029843183887,
      "answer_5": 0.803718812422059,
      "answer_6": 0.590644094937359
    },
    "query_6": {
      "answer_1": 0.46153683084162866,
      "answer_2": 0.603410649176675,
      "answer_3": 0.5335123469361382,
      "answer_4": 0.664770314348853,
      "answer_5": 0.5110563791780321,
      "answer_6": 0.8161017982538152
    }
  }
}