{
  "entity": "Napoleon Bonaparte",
  "cosine_similarities": {
    "query_1": {
      "answer_1": 0.8930671057120435,
      "answer_2": 0.5574980849757563,
      "answer_3": 0.6392028157669392,
      "answer_4": 0.4936545828189986,
      "answer_5": 0.5666765064468198,
      "answer_6": 0.4730675715246475
    },
    "query_2": {
      "answer_1": 0.5909558741418451,
      "answer_2": 0.879691511641693,
      "answer_3": 0.6495311807397617,
      "answer_4": 0.544478172302857,
      "answer_5": 0.5108361884758833,
      "answer_6": 0.6343955078447311
    },
    "query_3": {
      "answer_1": 0.6411840212991449,
      "answer_2": 0.6796473745242221,
      "answer_3": 0.8470369033663779,
      "answer_4": 0.6319440337527208,
      "answer_5": 0.5325185568935086,
      "answer_6": 0.6047905083624163
    },
    "query_4": {
      "answer_1": 0.5279076925273772,
      "answer_2": 0.5607346431217117,
      "answer_3": 0.6948632259971623,
      "answer_4": 0.8136876781425632,
      "answer_5": 0.5154145499952704,
      "answer_6": 0.6403845558999784
    },
    "query_5": {
      "answer_1": 0.5623454137753735,
      "answer_2": 0.5264446889724019,
      "answer_3": 0.5295628859086202,
      "answer_4": 0.4920844498349827,
      "answer_5": 0.8616116547927001,
      "answer_6": 0.49498848837768444
    },
    "query_6": {
      "answer_1": 0.5352890919820076,
      "answer_2": 0.6470681100379571,
      "answer_3": 0.644979648326081,
      "answer_4": 0.6856831053987592,
      "answer_5": 0.5170648596432335,
      "answer_6": 0.8723076110139877
    }
  }
}