{
  "entity": "Napoleon Bonaparte",
  "cosine_similarities": {
    "query_1": {
      "answer_1": 0.8534942533515153,
      "answer_2": 0.5569058166061951,
      "answer_3": 0.5916037122969325,
      "answer_4": 0.5163166468003618,
      "answer_5": 0.6572784012947437,
      "answer_6": 0.5343815435549946
    },
    "query_2": {
      "answer_1": 0.5964982683518948,
      "answer_2": 0.8779906683237586,
      "answer_3": 0.6612948177688169,
      "answer_4": 0.5497903783010186,
      "answer_5": 0.5163572837228354,
      "answer_6": 0.6129629136301389
    },
    "query_3": {
      "answer_1": 0.6686935051938845,
      "answer_2": 0.6665429412766419,
      "answer_3": 0.8273408984343268,
      "answer_4": 0.611466696567383,
      "answer_5": 0.5087654561584041,
      "answer_6": 0.5605360526491426
    },
    "query_4": {
      "answer_1": 0.5399322353370019,
      "answer_2": 0.5500918469513928,
      "answer_3": 0.6528206140870824,
      "answer_4": 0.8143896267639762,
      "answer_5": 0.5101513760145935,
      "answer_6": 0.6412496632574001
    },
    "query_5": {
      "answer_1": 0.5859023058075047,
      "answer_2": 0.520659928636819,
      "answer_3": 0.541668430169349,
      "answer_4": 0.516789412962302,
      "answer_5": 0.8640997222946438,
      "answer_6": 0.5574241970686135
    },
    "query_6": {
      "answer_1": 0.553492656310578,
      "answer_2": 0.5968013532056551,
      "answer_3": 0.5981591024498624,
      "answer_4": 0.6135349215035674,
      "answer_5": 0.5370494752690799,
      "answer_6": 0.8599447958890846
    }
  }
}