{
  "entity": "Napoleon Bonaparte",
  "cosine_similarities": {
    "query_1": {
      "answer_1": 0.7798974036050811,
      "answer_2": 0.5701998998723581,
      "answer_3": 0.5680275555210873,
      "answer_4": 0.5278997955119685,
      "answer_5": 0.6069129424413032,
      "answer_6": 0.5276112794184702
    },
    "query_2": {
      "answer_1": 0.45710618901685696,
      "answer_2": 0.8521958800389215,
      "answer_3": 0.5877120680535877,
      "answer_4": 0.5340764279690009,
      "answer_5": 0.4930665829023212,
      "answer_6": 0.6388288950778146
    },
    "query_3": {
      "answer_1": 0.6233154152684938,
      "answer_2": 0.6782845344035658,
      "answer_3": 0.8292293655446743,
      "answer_4": 0.6111526940361957,
      "answer_5": 0.5117130442132017,
      "answer_6": 0.5932948326769402
    },
    "query_4": {
      "answer_1": 0.5215786463032999,
      "answer_2": 0.5540948556973329,
      "answer_3": 0.5781867654410665,
      "answer_4": 0.8096393279732996,
      "answer_5": 0.5061556881015838,
      "answer_6": 0.635751858281691
    },
    "query_5": {
      "answer_1": 0.5527445092288035,
      "answer_2": 0.5346172251120094,
      "answer_3": 0.49789007682743186,
      "answer_4": 0.53299866749376,
      "answer_5": 0.802209989162919,
      "answer_6": 0.5093894995332932
    },
    "query_6": {
      "answer_1": 0.5472662033647203,
      "answer_2": 0.6554091926187302,
      "answer_3": 0.5649326825200014,
      "answer_4": 0.6219197859792921,
      "answer_5": 0.5127071313109859,
      "answer_6": 0.8430190899633948
    }
  }
}