{
  "entity": "Napoleon Bonaparte",
  "cosine_similarities": {
    "query_1": {
      "answer_1": 0.853594973047232,
      "answer_2": 0.5511346383978747,
      "answer_3": 0.5706073167926248,
      "answer_4": 0.4842322792075615,
      "answer_5": 0.6205132376490655,
      "answer_6": 0.47465076710111087
    },
    "query_2": {
      "answer_1": 0.5289927617642537,
      "answer_2": 0.8826696100257965,
      "answer_3": 0.6125756761032124,
      "answer_4": 0.47423754485030145,
      "answer_5": 0.5319719835183981,
      "answer_6": 0.6431977778651469
    },
    "query_3": {
      "answer_1": 0.6289867736359855,
      "answer_2": 0.647629539506452,
      "answer_3": 0.8455801378188245,
      "answer_4": 0.49797387674615196,
      "answer_5": 0.5219253675129554,
      "answer_6": 0.591388977323164
    },
    "query_4": {
      "answer_1": 0.5433935086778442,
      "answer_2": 0.5149783495620386,
      "answer_3": 0.5883653064835078,
      "answer_4": 0.8270540137168484,
      "answer_5": 0.4989113099402238,
      "answer_6": 0.6553110491383353
    },
    "query_5": {
      "answer_1": 0.575989281787335,
      "answer_2": 0.5440990642376183,
      "answer_3": 0.5390855401231165,
      "answer_4": 0.4818554811723943,
      "answer_5": 0.8440467159853096,
      "answer_6": 0.5404516987617181
    },
    "query_6": {
      "answer_1": 0.5133523918619944,
      "answer_2": 0.6469763169348346,
      "answer_3": 0.5864607941568983,
      "answer_4": 0.5781032698600497,
      "answer_5": 0.513922902549242,
      "answer_6": 0.8586515896902697
    }
  }
}