{
  "entity": "Napoleon Bonaparte",
  "cosine_similarities": {
    "query_1": {
      "answer_1": 0.7840090525302436,
      "answer_2": 0.5600748429676717,
      "answer_3": 0.5967004591621612,
      "answer_4": 0.5110084992561016,
      "answer_5": 0.6660408962544151,
      "answer_6": 0.4685558137734745
    },
    "query_2": {
      "answer_1": 0.451565012978681,
      "answer_2": 0.8560165131066086,
      "answer_3": 0.6122304138602901,
      "answer_4": 0.549029886447384,
      "answer_5": 0.5581201548694075,
      "answer_6": 0.5682157987833287
    },
    "query_3": {
      "answer_1": 0.6031452302220547,
      "answer_2": 0.6801774821221778,
      "answer_3": 0.847924625764611,
      "answer_4": 0.6387335548399861,
      "answer_5": 0.5534520760590157,
      "answer_6": 0.5409383554268523
    },
    "query_4": {
      "answer_1": 0.501696150723195,
      "answer_2": 0.5489723904628943,
      "answer_3": 0.6473645241153785,
      "answer_4": 0.7889908210851477,
      "answer_5": 0.5644178039294292,
      "answer_6": 0.6089727376623882
    },
    "query_5": {
      "answer_1": 0.5862294589760503,
      "answer_2": 0.5910774755443655,
      "answer_3": 0.5474609405310739,
      "answer_4": 0.5590261341698335,
      "answer_5": 0.8622344261923227,
      "answer_6": 0.5544311080932439
    },
    "query_6": {
      "answer_1": 0.4690723350386622,
      "answer_2": 0.5917541027296706,
      "answer_3": 0.5328470230200234,
      "answer_4": 0.6395868794370803,
      "answer_5": 0.5709429563671445,
      "answer_6": 0.7944008410151142
    }
  }
}