{
  "entity": "Napoleon Bonaparte",
  "cosine_similarities": {
    "query_1": {
      "answer_1": 0.8813905988004936,
      "answer_2": 0.5615526347572694,
      "answer_3": 0.5519606542675756,
      "answer_4": 0.4990375083163606,
      "answer_5": 0.6130446995273041,
      "answer_6": 0.4623589899076892
    },
    "query_2": {
      "answer_1": 0.5699236684469042,
      "answer_2": 0.8745457529176637,
      "answer_3": 0.6348705343945268,
      "answer_4": 0.5359658856485805,
      "answer_5": 0.5657531197832385,
      "answer_6": 0.6126064821332955
    },
    "query_3": {
      "answer_1": 0.6439128230776106,
      "answer_2": 0.6594814654836465,
      "answer_3": 0.8156915529777057,
      "answer_4": 0.5485690486217205,
      "answer_5": 0.6104686218610477,
      "answer_6": 0.5599365122416483
    },
    "query_4": {
      "answer_1": 0.5553463901476506,
      "answer_2": 0.5142546650355327,
      "answer_3": 0.5844548685972331,
      "answer_4": 0.8715412094695598,
      "answer_5": 0.5567189485655547,
      "answer_6": 0.620804595032195
    },
    "query_5": {
      "answer_1": 0.6380565826551065,
      "answer_2": 0.5815533850171873,
      "answer_3": 0.5867186255603573,
      "answer_4": 0.5080952786195377,
      "answer_5": 0.8790164581247928,
      "answer_6": 0.5358974269813035
    },
    "query_6": {
      "answer_1": 0.5736335641388938,
      "answer_2": 0.6078120115164767,
      "answer_3": 0.6366153957324927,
      "answer_4": 0.6380707482992768,
      "answer_5": 0.575272127944802,
      "answer_6": 0.8638669643962095
    }
  }
}