{
  "entity": "Napoleon Bonaparte",
  "cosine_similarities": {
    "query_1": {
      "answer_1": 0.6871903204643087,
      "answer_2": 0.5462063714166677,
      "answer_3": 0.5480696556491318,
      "answer_4": 0.594904974877361,
      "answer_5": 0.5341832323518609,
      "answer_6": 0.4201740286378887
    },
    "query_2": {
      "answer_1": 0.5458815158956398,
      "answer_2": 0.7867521674268447,
      "answer_3": 0.5350134494569565,
      "answer_4": 0.5188096101527215,
      "answer_5": 0.5138022990697695,
      "answer_6": 0.34813402490972367
    },
    "query_3": {
      "answer_1": 0.5246131265278304,
      "answer_2": 0.5819723919918307,
      "answer_3": 0.7301213551563551,
      "answer_4": 0.46406614402871554,
      "answer_5": 0.46367217590746584,
      "answer_6": 0.37550762222808254
    },
    "query_4": {
      "answer_1": 0.6446895804804796,
      "answer_2": 0.5746706264698559,
      "answer_3": 0.5308934791645454,
      "answer_4": 0.7795788785053238,
      "answer_5": 0.5725387624723618,
      "answer_6": 0.4417737231621957
    },
    "query_5": {
      "answer_1": 0.5693328674085202,
      "answer_2": 0.5436198135003273,
      "answer_3": 0.5452334084502107,
      "answer_4": 0.5481243161993574,
      "answer_5": 0.8098502214970565,
      "answer_6": 0.38907798538672445
    },
    "query_6": {
      "answer_1": 0.6228895556230557,
      "answer_2": 0.43870095748979,
      "answer_3": 0.4787660358130697,
      "answer_4": 0.4872677208933361,
      "answer_5": 0.44722745656516943,
      "answer_6": 0.8306089653884997
    }
  }
}