{
  "entity": "Napoleon Bonaparte",
  "cosine_similarities": {
    "query_1": {
      "answer_1": 0.694855402483138,
      "answer_2": 0.5167474379282198,
      "answer_3": 0.5183488439048338,
      "answer_4": 0.4328798399918964,
      "answer_5": 0.5873603497236278,
      "answer_6": 0.5630438947910918
    },
    "query_2": {
      "answer_1": 0.5495982632258385,
      "answer_2": 0.7834159388685703,
      "answer_3": 0.567698281962274,
      "answer_4": 0.3877254004733225,
      "answer_5": 0.5216421468581935,
      "answer_6": 0.5113851981789971
    },
    "query_3": {
      "answer_1": 0.5012021234017701,
      "answer_2": 0.5899604440431125,
      "answer_3": 0.7536029386960343,
      "answer_4": 0.37397928780495215,
      "answer_5": 0.4465252323605613,
      "answer_6": 0.46157800463124654
    },
    "query_4": {
      "answer_1": 0.5420583855128059,
      "answer_2": 0.4135029634937859,
      "answer_3": 0.46055529736487644,
      "answer_4": 0.7983462240086876,
      "answer_5": 0.4619870306454563,
      "answer_6": 0.49282248679544594
    },
    "query_5": {
      "answer_1": 0.6874157470408002,
      "answer_2": 0.5715018120190777,
      "answer_3": 0.5998260344240183,
      "answer_4": 0.43876355229348407,
      "answer_5": 0.832045190288867,
      "answer_6": 0.6781846067480994
    },
    "query_6": {
      "answer_1": 0.6922581030310153,
      "answer_2": 0.5941099618123878,
      "answer_3": 0.5967475521934132,
      "answer_4": 0.460629612478279,
      "answer_5": 0.6880702256576235,
      "answer_6": 0.7940072782936173
    }
  }
}