{
  "entity": "Napoleon Bonaparte",
  "cosine_similarities": {
    "query_1": {
      "answer_1": 0.7049136918425103,
      "answer_2": 0.5142964206538284,
      "answer_3": 0.5646458522827741,
      "answer_4": 0.44967675431249854,
      "answer_5": 0.4358346054149496,
      "answer_6": 0.5962147038506043
    },
    "query_2": {
      "answer_1": 0.5514299111329533,
      "answer_2": 0.7912083685925801,
      "answer_3": 0.5233736737680856,
      "answer_4": 0.428844099791821,
      "answer_5": 0.3784358598967876,
      "answer_6": 0.5102495779616555
    },
    "query_3": {
      "answer_1": 0.5649445423436459,
      "answer_2": 0.528689371452367,
      "answer_3": 0.7680633463555852,
      "answer_4": 0.40100603005198376,
      "answer_5": 0.45562602017079973,
      "answer_6": 0.5208235301265581
    },
    "query_4": {
      "answer_1": 0.5307585932163905,
      "answer_2": 0.5242079783153928,
      "answer_3": 0.451779579007314,
      "answer_4": 0.7385507988904608,
      "answer_5": 0.35977207816898976,
      "answer_6": 0.502406892715728
    },
    "query_5": {
      "answer_1": 0.5738456679436077,
      "answer_2": 0.39218161986432654,
      "answer_3": 0.5369996109484186,
      "answer_4": 0.342332601527526,
      "answer_5": 0.8128598378489452,
      "answer_6": 0.5752939591827775
    },
    "query_6": {
      "answer_1": 0.6600477750479499,
      "answer_2": 0.5542709015709717,
      "answer_3": 0.5846983548275564,
      "answer_4": 0.5120712125147944,
      "answer_5": 0.4897083533579312,
      "answer_6": 0.8066968859749589
    }
  }
}