{
  "entity": "Napoleon Bonaparte",
  "cosine_similarities": {
    "query_1": {
      "answer_1": 0.7571446924205621,
      "answer_2": 0.46137835214922224,
      "answer_3": 0.4785007508743417,
      "answer_4": 0.35639706901049434,
      "answer_5": 0.3689557747733654,
      "answer_6": 0.44445063069959456
    },
    "query_2": {
      "answer_1": 0.5614821569384933,
      "answer_2": 0.8398795114278075,
      "answer_3": 0.46547896747890927,
      "answer_4": 0.32824310261342615,
      "answer_5": 0.3687600463154098,
      "answer_6": 0.532007099649371
    },
    "query_3": {
      "answer_1": 0.5787096388592913,
      "answer_2": 0.3714223696196587,
      "answer_3": 0.765282046600932,
      "answer_4": 0.32410393833907614,
      "answer_5": 0.30796579887816566,
      "answer_6": 0.2877652371459085
    },
    "query_4": {
      "answer_1": 0.39243741408693483,
      "answer_2": 0.3068707407866486,
      "answer_3": 0.34688614617406244,
      "answer_4": 0.7986537902996672,
      "answer_5": 0.4098096029024155,
      "answer_6": 0.29804735052382325
    },
    "query_5": {
      "answer_1": 0.38980442659488007,
      "answer_2": 0.28618408852829186,
      "answer_3": 0.2754861033369226,
      "answer_4": 0.34375116333047306,
      "answer_5": 0.8134562093642859,
      "answer_6": 0.4294041791132415
    },
    "query_6": {
      "answer_1": 0.5443017380497789,
      "answer_2": 0.47188841051522407,
      "answer_3": 0.347809911025117,
      "answer_4": 0.354041712364949,
      "answer_5": 0.4819226048071317,
      "answer_6": 0.8220059265659235
    }
  }
}