{
  "entity": "Abraham Lincoln",
  "scores": {
    "query_1": {
      "answer_1": 13.554173119255331,
      "answer_2": 6.658916909966386,
      "answer_3": 4.705727291243481,
      "answer_4": 4.970435037886456,
      "answer_5": 4.373269517115569,
      "answer_6": 5.018354972282665
    },
    "query_2": {
      "answer_1": 5.643490423235699,
      "answer_2": 9.240299938995035,
      "answer_3": 5.277122407909308,
      "answer_4": 5.312070638060837,
      "answer_5": 4.188702680469854,
      "answer_6": 4.024178029187209
    },
    "query_3": {
      "answer_1": 4.899774863766597,
      "answer_2": 4.532352091666477,
      "answer_3": 11.185755212149617,
      "answer_4": 5.776171435444965,
      "answer_5": 5.572033819855995,
      "answer_6": 4.549708715616232
    },
    "query_4": {
      "answer_1": 4.470301718175782,
      "answer_2": 3.0864159490479635,
      "answer_3": 3.3884263053110173,
      "answer_4": 10.192143007113078,
      "answer_5": 3.651643970761892,
      "answer_6": 7.5183781213995875
    },
    "query_5": {
      "answer_1": 3.130504040838663,
      "answer_2": 3.876724797638423,
      "answer_3": 4.3239860724150825,
      "answer_4": 4.451789388407518,
      "answer_5": 16.24225101812435,
      "answer_6": 4.498691813528981
    },
    "query_6": {
      "answer_1": 2.8218646848381055,
      "answer_2": 3.8917902528041326,
      "answer_3": 3.0376609250693742,
      "answer_4": 4.347951171054772,
      "answer_5": 2.795054138124948,
      "answer_6": 12.277916667825554
    }
  }
}