{
  "entity": "Abraham Lincoln",
  "scores": {
    "query_1": {
      "answer_1": 22.179105988089326,
      "answer_2": 3.96356274986425,
      "answer_3": 6.31066225509937,
      "answer_4": 4.445897524405862,
      "answer_5": 5.277760703665862,
      "answer_6": 4.683719680363294
    },
    "query_2": {
      "answer_1": 7.1184443804135675,
      "answer_2": 9.644353757904888,
      "answer_3": 6.887181044062139,
      "answer_4": 3.7990221650233504,
      "answer_5": 3.2452521942469876,
      "answer_6": 3.6924030238263392
    },
    "query_3": {
      "answer_1": 2.534691864315208,
      "answer_2": 2.4629963628283247,
      "answer_3": 14.705189896759748,
      "answer_4": 3.1044460048383615,
      "answer_5": 2.3088250084313606,
      "answer_6": 3.1526629763375515
    },
    "query_4": {
      "answer_1": 6.377658472473786,
      "answer_2": 5.817235496831852,
      "answer_3": 5.121860850632538,
      "answer_4": 11.196387847809671,
      "answer_5": 7.220107462424129,
      "answer_6": 6.534986663813124
    },
    "query_5": {
      "answer_1": 7.272843247308588,
      "answer_2": 7.235389210493353,
      "answer_3": 7.7336748937652455,
      "answer_4": 6.3794414354274815,
      "answer_5": 17.988999823831247,
      "answer_6": 6.271353500669878
    },
    "query_6": {
      "answer_1": 3.668840226404402,
      "answer_2": 4.040282301555639,
      "answer_3": 5.584032838869923,
      "answer_4": 3.5522492520154776,
      "answer_5": 3.9736298629736346,
      "answer_6": 13.47442668484822
    }
  }
}