{
  "entity": "Abraham Lincoln",
  "scores": {
    "query_1": {
      "answer_1": 12.942572855611063,
      "answer_2": 3.3559364336117286,
      "answer_3": 5.899935465112569,
      "answer_4": 3.1653372980836414,
      "answer_5": 6.10176417507868,
      "answer_6": 4.595137512186779
    },
    "query_2": {
      "answer_1": 4.809577254055055,
      "answer_2": 12.675517059210456,
      "answer_3": 3.9944048893498807,
      "answer_4": 3.166852101815281,
      "answer_5": 3.43565748250548,
      "answer_6": 3.4428884172674152
    },
    "query_3": {
      "answer_1": 4.258629380843086,
      "answer_2": 4.454927623722828,
      "answer_3": 12.601705006505739,
      "answer_4": 6.696651573030765,
      "answer_5": 3.702199044135602,
      "answer_6": 4.249393265051208
    },
    "query_4": {
      "answer_1": 2.6985016205994703,
      "answer_2": 7.590903060604144,
      "answer_3": 2.536614935783981,
      "answer_4": 7.709306672454381,
      "answer_5": 3.263811663950829,
      "answer_6": 4.905417881124163
    },
    "query_5": {
      "answer_1": 6.879695274272941,
      "answer_2": 5.930620847272414,
      "answer_3": 5.309998116250031,
      "answer_4": 3.8968645902695855,
      "answer_5": 13.1693407589492,
      "answer_6": 4.49762998227736
    },
    "query_6": {
      "answer_1": 5.213916197524637,
      "answer_2": 3.6233999600369025,
      "answer_3": 3.6239562043158946,
      "answer_4": 7.104631905647931,
      "answer_5": 6.185541867231851,
      "answer_6": 16.282089361821576
    }
  }
}