{
  "entity": "Abraham Lincoln",
  "scores": {
    "query_1": {
      "answer_1": 12.366749377217946,
      "answer_2": 4.565766244538716,
      "answer_3": 5.510284516072191,
      "answer_4": 5.103588933994267,
      "answer_5": 5.394433599730697,
      "answer_6": 4.393606368282834
    },
    "query_2": {
      "answer_1": 5.931480007536765,
      "answer_2": 14.57073963050878,
      "answer_3": 3.742620909209795,
      "answer_4": 5.057815519431376,
      "answer_5": 3.7801995334503276,
      "answer_6": 3.915166266159151
    },
    "query_3": {
      "answer_1": 6.9598522828572795,
      "answer_2": 8.06136503438126,
      "answer_3": 17.017580432185216,
      "answer_4": 8.142235747285268,
      "answer_5": 7.302045617872065,
      "answer_6": 6.80496182894562
    },
    "query_4": {
      "answer_1": 6.808141039914068,
      "answer_2": 6.3768004963452505,
      "answer_3": 6.234831571920146,
      "answer_4": 11.724128034865558,
      "answer_5": 7.155587137449253,
      "answer_6": 7.4264426880494545
    },
    "query_5": {
      "answer_1": 6.374705875141236,
      "answer_2": 5.903943817805288,
      "answer_3": 6.043762771380188,
      "answer_4": 6.021142434147572,
      "answer_5": 17.619197661002584,
      "answer_6": 5.433829913618157
    },
    "query_6": {
      "answer_1": 3.85321807789507,
      "answer_2": 3.532125636561587,
      "answer_3": 3.0503213126387774,
      "answer_4": 3.96365520867206,
      "answer_5": 3.363556132463268,
      "answer_6": 11.480547045478765
    }
  }
}