{
  "entity": "Abraham Lincoln",
  "scores": {
    "query_1": {
      "answer_1": 18.342975512551256,
      "answer_2": 3.9631019032792403,
      "answer_3": 4.340544511211762,
      "answer_4": 3.974227704094404,
      "answer_5": 3.2054154908600503,
      "answer_6": 4.610966721208272
    },
    "query_2": {
      "answer_1": 3.518489874089498,
      "answer_2": 9.905642299597847,
      "answer_3": 4.37996279828397,
      "answer_4": 3.806498509041411,
      "answer_5": 4.1809020540474435,
      "answer_6": 3.6293614493117263
    },
    "query_3": {
      "answer_1": 5.500565897527815,
      "answer_2": 5.658526894407806,
      "answer_3": 10.937706988608566,
      "answer_4": 5.346467316923134,
      "answer_5": 3.935252309848023,
      "answer_6": 4.030098017440578
    },
    "query_4": {
      "answer_1": 3.9516641316977483,
      "answer_2": 4.071122021094447,
      "answer_3": 2.9676500507323613,
      "answer_4": 5.991161872917946,
      "answer_5": 3.971351686683472,
      "answer_6": 5.978253328794377
    },
    "query_5": {
      "answer_1": 3.3029545819485193,
      "answer_2": 3.5836053693077363,
      "answer_3": 3.8528139026587764,
      "answer_4": 2.9485681149417595,
      "answer_5": 13.973542310528645,
      "answer_6": 3.0251417524282536
    },
    "query_6": {
      "answer_1": 3.0408317147607584,
      "answer_2": 3.0566718983359453,
      "answer_3": 2.9477883851990927,
      "answer_4": 4.244105402584777,
      "answer_5": 3.17871121679875,
      "answer_6": 10.306519799742691
    }
  }
}