{
  "entity": "Abraham Lincoln",
  "scores": {
    "query_1": {
      "answer_1": 15.335416946256968,
      "answer_2": 3.243201747729458,
      "answer_3": 5.310181738383882,
      "answer_4": 3.8251776086214666,
      "answer_5": 5.90388869003511,
      "answer_6": 2.9862323319905952
    },
    "query_2": {
      "answer_1": 5.6446018615895905,
      "answer_2": 12.042573922602017,
      "answer_3": 4.6301602002530275,
      "answer_4": 3.5113351203214775,
      "answer_5": 5.009054459041351,
      "answer_6": 2.8675621660754005
    },
    "query_3": {
      "answer_1": 4.273341388808333,
      "answer_2": 5.598136122418669,
      "answer_3": 17.702386783853925,
      "answer_4": 4.554510617730278,
      "answer_5": 4.718275357202293,
      "answer_6": 3.4200184807408505
    },
    "query_4": {
      "answer_1": 3.6108170594419913,
      "answer_2": 4.277852209032348,
      "answer_3": 3.928529158570414,
      "answer_4": 16.67580801489903,
      "answer_5": 7.280371034402526,
      "answer_6": 3.0956898601277514
    },
    "query_5": {
      "answer_1": 4.0491791474107615,
      "answer_2": 3.2681596556004022,
      "answer_3": 4.136352742281126,
      "answer_4": 3.9201900595201185,
      "answer_5": 16.784710251785096,
      "answer_6": 1.9411617290147947
    },
    "query_6": {
      "answer_1": 3.4515502022178812,
      "answer_2": 2.6056105276117094,
      "answer_3": 3.54481233688471,
      "answer_4": 5.083072299630655,
      "answer_5": 4.7070501496064185,
      "answer_6": 13.56046289706388
    }
  }
}