{
  "entity": "Abraham Lincoln",
  "scores": {
    "query_1": {
      "answer_1": 18.015800309860943,
      "answer_2": 4.3675248120543095,
      "answer_3": 7.832514461181169,
      "answer_4": 5.6116838473735875,
      "answer_5": 4.508979060819061,
      "answer_6": 4.161567906192991
    },
    "query_2": {
      "answer_1": 5.348641279010264,
      "answer_2": 13.817436227742414,
      "answer_3": 4.3960023406511475,
      "answer_4": 5.372060172092399,
      "answer_5": 4.298911282283296,
      "answer_6": 4.160993495422773
    },
    "query_3": {
      "answer_1": 7.531654951910289,
      "answer_2": 6.718732576414695,
      "answer_3": 24.93197921265888,
      "answer_4": 6.412156105266168,
      "answer_5": 5.368102368486629,
      "answer_6": 5.097098513060301
    },
    "query_4": {
      "answer_1": 6.068112408028215,
      "answer_2": 5.876291111297456,
      "answer_3": 6.106501817883997,
      "answer_4": 11.298274143631744,
      "answer_5": 7.286591674773168,
      "answer_6": 6.419727246372235
    },
    "query_5": {
      "answer_1": 6.64338746029149,
      "answer_2": 5.438032544720074,
      "answer_3": 5.859095854214748,
      "answer_4": 6.211677438329226,
      "answer_5": 26.047137131603613,
      "answer_6": 4.457101499235223
    },
    "query_6": {
      "answer_1": 5.039183966749173,
      "answer_2": 5.0306664704134265,
      "answer_3": 5.577469497037368,
      "answer_4": 7.032368571242773,
      "answer_5": 5.502156796480225,
      "answer_6": 17.968715049488715
    }
  }
}