{
  "entity": "Abraham Lincoln",
  "scores": {
    "query_1": {
      "answer_1": 16.486668985757902,
      "answer_2": 5.791901920250848,
      "answer_3": 5.156661737774696,
      "answer_4": 3.4024284120508637,
      "answer_5": 6.371666899778666,
      "answer_6": 4.3037681888063
    },
    "query_2": {
      "answer_1": 4.57700012657499,
      "answer_2": 12.328308869046335,
      "answer_3": 4.283876714909575,
      "answer_4": 4.351398417237928,
      "answer_5": 6.645364394115225,
      "answer_6": 4.790650158635396
    },
    "query_3": {
      "answer_1": 6.1781816150757,
      "answer_2": 7.134670647782734,
      "answer_3": 11.119254268874982,
      "answer_4": 5.368136171344339,
      "answer_5": 6.267297777789913,
      "answer_6": 6.5151583342661485
    },
    "query_4": {
      "answer_1": 4.403091763161633,
      "answer_2": 4.7666690870828585,
      "answer_3": 5.3551395020465495,
      "answer_4": 12.459002055627407,
      "answer_5": 6.297673959956513,
      "answer_6": 5.421785187100558
    },
    "query_5": {
      "answer_1": 5.92286006847859,
      "answer_2": 6.453456090877856,
      "answer_3": 5.245664213353944,
      "answer_4": 3.5212755937371303,
      "answer_5": 18.432228885628888,
      "answer_6": 5.768699302308681
    },
    "query_6": {
      "answer_1": 7.026880128378982,
      "answer_2": 5.452491190274013,
      "answer_3": 6.129553078297648,
      "answer_4": 9.323822242402663,
      "answer_5": 8.630807610087661,
      "answer_6": 19.69607066843284
    }
  }
}