{
  "entity": "Abraham Lincoln",
  "scores": {
    "query_1": {
      "answer_1": 19.7887312156575,
      "answer_2": 4.781105852067917,
      "answer_3": 4.962090293363385,
      "answer_4": 4.023577636684827,
      "answer_5": 4.033101827980346,
      "answer_6": 3.8590187578189368
    },
    "query_2": {
      "answer_1": 5.452782871698716,
      "answer_2": 15.22639944529614,
      "answer_3": 3.518405965104979,
      "answer_4": 3.192157267769731,
      "answer_5": 3.3914704399943263,
      "answer_6": 3.1558013915845984
    },
    "query_3": {
      "answer_1": 6.32668038837308,
      "answer_2": 6.015003509273456,
      "answer_3": 11.898313613279623,
      "answer_4": 6.633823691831518,
      "answer_5": 4.111010345235078,
      "answer_6": 4.717374950653937
    },
    "query_4": {
      "answer_1": 3.796804996039745,
      "answer_2": 4.818028823756378,
      "answer_3": 6.142804364523493,
      "answer_4": 11.869851002259741,
      "answer_5": 5.010593334407561,
      "answer_6": 4.686673183014585
    },
    "query_5": {
      "answer_1": 3.199834823423586,
      "answer_2": 3.769304707027415,
      "answer_3": 3.70651818573783,
      "answer_4": 3.4146273289526237,
      "answer_5": 18.8113198191183,
      "answer_6": 2.494822038613951
    },
    "query_6": {
      "answer_1": 4.414634100184118,
      "answer_2": 4.898003137837069,
      "answer_3": 5.336108573029085,
      "answer_4": 7.607697691221037,
      "answer_5": 4.485805739270368,
      "answer_6": 14.840251062447969
    }
  }
}