{
  "entity": "Abraham Lincoln",
  "scores": {
    "query_1": {
      "answer_1": 17.97566639821428,
      "answer_2": 7.175025183559112,
      "answer_3": 5.754093341208011,
      "answer_4": 4.638336147224611,
      "answer_5": 4.196950057870927,
      "answer_6": 4.258409024859148
    },
    "query_2": {
      "answer_1": 5.398746099187207,
      "answer_2": 16.48406739198581,
      "answer_3": 4.731335363681364,
      "answer_4": 3.5863489659139796,
      "answer_5": 2.970124972894199,
      "answer_6": 3.1590375560973816
    },
    "query_3": {
      "answer_1": 4.389407779297935,
      "answer_2": 4.050587407414504,
      "answer_3": 12.657498856296764,
      "answer_4": 2.7571067125742714,
      "answer_5": 2.135456970086707,
      "answer_6": 1.97517204672006
    },
    "query_4": {
      "answer_1": 7.613544623061363,
      "answer_2": 5.286114929348687,
      "answer_3": 5.100846833875386,
      "answer_4": 12.562739504170338,
      "answer_5": 5.572677387605323,
      "answer_6": 7.176976501723587
    },
    "query_5": {
      "answer_1": 5.073772967992151,
      "answer_2": 5.0133763277634635,
      "answer_3": 4.247233849808608,
      "answer_4": 5.529184452320563,
      "answer_5": 16.753526411683314,
      "answer_6": 4.78223281378777
    },
    "query_6": {
      "answer_1": 5.8307004711600525,
      "answer_2": 4.379697439528732,
      "answer_3": 4.2088689132639185,
      "answer_4": 5.569275948847514,
      "answer_5": 3.6997040983745855,
      "answer_6": 13.000339104915001
    }
  }
}