{
  "entity": "Abraham Lincoln",
  "scores": {
    "query_1": {
      "answer_1": 21.492964248496687,
      "answer_2": 4.2861621658676015,
      "answer_3": 5.000015951550187,
      "answer_4": 4.741241459318673,
      "answer_5": 4.132069584277762,
      "answer_6": 5.3593063928061415
    },
    "query_2": {
      "answer_1": 3.807930764865554,
      "answer_2": 13.506682982737312,
      "answer_3": 3.0326755318874956,
      "answer_4": 3.222398070102824,
      "answer_5": 3.0335298070331076,
      "answer_6": 3.5168798880548184
    },
    "query_3": {
      "answer_1": 7.552581024794926,
      "answer_2": 5.915018225499913,
      "answer_3": 19.779885185843796,
      "answer_4": 5.9647264890307525,
      "answer_5": 6.029586024161527,
      "answer_6": 7.445865360811716
    },
    "query_4": {
      "answer_1": 6.69581357863466,
      "answer_2": 8.041640629973422,
      "answer_3": 6.0898949312103445,
      "answer_4": 10.42308531545644,
      "answer_5": 8.266491008289826,
      "answer_6": 6.304899343768764
    },
    "query_5": {
      "answer_1": 5.478078860657357,
      "answer_2": 5.361190605255027,
      "answer_3": 4.861304658756036,
      "answer_4": 5.591460402659212,
      "answer_5": 22.81216915193056,
      "answer_6": 5.526020002487171
    },
    "query_6": {
      "answer_1": 7.127829159648346,
      "answer_2": 4.9919916110781255,
      "answer_3": 4.702908456406254,
      "answer_4": 4.6206610362435425,
      "answer_5": 4.83266623961342,
      "answer_6": 18.62524788114787
    }
  }
}