{
  "entity": "Abraham Lincoln",
  "scores": {
    "query_1": {
      "answer_1": 13.559814294434098,
      "answer_2": 4.636590280486047,
      "answer_3": 5.743047712540225,
      "answer_4": 3.761255276514422,
      "answer_5": 4.766777036513754,
      "answer_6": 4.499955773805659
    },
    "query_2": {
      "answer_1": 6.660653275870383,
      "answer_2": 14.92576540032472,
      "answer_3": 3.6808913023685035,
      "answer_4": 3.308052317330444,
      "answer_5": 3.526585629564896,
      "answer_6": 4.123415406837255
    },
    "query_3": {
      "answer_1": 8.184829075646928,
      "answer_2": 7.4368765588908,
      "answer_3": 15.907522251472212,
      "answer_4": 7.0931302649507835,
      "answer_5": 5.7207666389558405,
      "answer_6": 6.650604502849885
    },
    "query_4": {
      "answer_1": 6.760861509977319,
      "answer_2": 6.345916603418583,
      "answer_3": 7.798555302165739,
      "answer_4": 13.015626230970861,
      "answer_5": 8.425391181802352,
      "answer_6": 6.595053311201134
    },
    "query_5": {
      "answer_1": 6.686766349140752,
      "answer_2": 5.0906926356164455,
      "answer_3": 4.612618774249048,
      "answer_4": 5.091345896032831,
      "answer_5": 11.877555146631684,
      "answer_6": 7.142332637172947
    },
    "query_6": {
      "answer_1": 4.163328608207648,
      "answer_2": 4.482325461969421,
      "answer_3": 4.827106995615684,
      "answer_4": 3.8715493826912173,
      "answer_5": 3.1249863428929814,
      "answer_6": 14.472186282686659
    }
  }
}