{
  "entity": "Abraham Lincoln",
  "scores": {
    "query_1": {
      "answer_1": 13.739775995740114,
      "answer_2": 5.151222922378632,
      "answer_3": 4.171826186668312,
      "answer_4": 4.257543486733693,
      "answer_5": 8.513088495503034,
      "answer_6": 4.399284928532437
    },
    "query_2": {
      "answer_1": 4.424732373915068,
      "answer_2": 9.529818127054622,
      "answer_3": 5.144951206779055,
      "answer_4": 4.356267871811321,
      "answer_5": 5.12140163158817,
      "answer_6": 4.447487767904815
    },
    "query_3": {
      "answer_1": 6.063929214496793,
      "answer_2": 4.483052555344523,
      "answer_3": 9.190751523740083,
      "answer_4": 7.834227347302131,
      "answer_5": 4.556563751113204,
      "answer_6": 5.056220425545839
    },
    "query_4": {
      "answer_1": 5.812250995572148,
      "answer_2": 4.310559523270132,
      "answer_3": 3.5889885588223334,
      "answer_4": 10.53726522680459,
      "answer_5": 4.42668524403343,
      "answer_6": 5.247850379635447
    },
    "query_5": {
      "answer_1": 8.946421586527757,
      "answer_2": 6.0162418157260635,
      "answer_3": 7.071135118261795,
      "answer_4": 6.033698727797827,
      "answer_5": 12.545209264362931,
      "answer_6": 5.510292557129737
    },
    "query_6": {
      "answer_1": 5.02359525400407,
      "answer_2": 5.2175869467548655,
      "answer_3": 4.104934796415939,
      "answer_4": 5.317175758187815,
      "answer_5": 5.506028353564397,
      "answer_6": 15.718762120999868
    }
  }
}