{
  "entity": "Abraham Lincoln",
  "scores": {
    "query_1": {
      "answer_1": 14.79272605162381,
      "answer_2": 3.293086405564474,
      "answer_3": 4.905746877674198,
      "answer_4": 3.516599561748496,
      "answer_5": 3.6345002962870145,
      "answer_6": 4.437993662648855
    },
    "query_2": {
      "answer_1": 4.9716652274575415,
      "answer_2": 11.68984116811887,
      "answer_3": 4.8764271829011445,
      "answer_4": 3.602228632494537,
      "answer_5": 3.6896546523573366,
      "answer_6": 3.6956011126651203
    },
    "query_3": {
      "answer_1": 5.2762920844375785,
      "answer_2": 5.857522848596995,
      "answer_3": 13.50132278979862,
      "answer_4": 4.244454069545364,
      "answer_5": 4.314031391193983,
      "answer_6": 4.335665735503738
    },
    "query_4": {
      "answer_1": 3.3272663759844656,
      "answer_2": 3.573567705052899,
      "answer_3": 4.6861769602950725,
      "answer_4": 10.07055352170274,
      "answer_5": 4.064088244416169,
      "answer_6": 4.403983527932069
    },
    "query_5": {
      "answer_1": 5.256351559000492,
      "answer_2": 6.024955777094794,
      "answer_3": 4.632630944446683,
      "answer_4": 3.5881097704767204,
      "answer_5": 17.054437897776623,
      "answer_6": 3.7609351947448597
    },
    "query_6": {
      "answer_1": 4.034415409676371,
      "answer_2": 3.196249250523606,
      "answer_3": 2.5843011858865124,
      "answer_4": 2.4045895928687644,
      "answer_5": 2.13681894582288,
      "answer_6": 10.85297878291009
    }
  }
}