{
  "entity": "Abraham Lincoln",
  "scores": {
    "query_1": {
      "answer_1": 13.952523473821062,
      "answer_2": 5.674642492761481,
      "answer_3": 5.222378903052946,
      "answer_4": 3.653675845859768,
      "answer_5": 5.753169706840028,
      "answer_6": 3.4606708094421377
    },
    "query_2": {
      "answer_1": 5.184085534112044,
      "answer_2": 12.319250136018987,
      "answer_3": 5.85701912624121,
      "answer_4": 4.2197190600520775,
      "answer_5": 5.4457837847288015,
      "answer_6": 4.134946785388843
    },
    "query_3": {
      "answer_1": 6.149786850276091,
      "answer_2": 7.352419118634605,
      "answer_3": 12.816900680900536,
      "answer_4": 4.234963988465205,
      "answer_5": 5.4562989385406855,
      "answer_6": 6.006751018360479
    },
    "query_4": {
      "answer_1": 4.7100253997240005,
      "answer_2": 4.15167754352821,
      "answer_3": 4.562430441938212,
      "answer_4": 10.422575027322196,
      "answer_5": 6.950971709470814,
      "answer_6": 4.889135266900609
    },
    "query_5": {
      "answer_1": 5.692146172679543,
      "answer_2": 7.518349321701251,
      "answer_3": 3.7899453671448886,
      "answer_4": 2.807069088227726,
      "answer_5": 15.051634807060864,
      "answer_6": 2.6265324695157313
    },
    "query_6": {
      "answer_1": 6.346477120348872,
      "answer_2": 4.665494306613668,
      "answer_3": 3.990210887295767,
      "answer_4": 4.9195456594882145,
      "answer_5": 5.240638346173857,
      "answer_6": 18.941811572144374
    }
  }
}