{
  "entity": "Abraham Lincoln",
  "scores": {
    "query_1": {
      "answer_1": 12.22855347815544,
      "answer_2": 2.527196015979894,
      "answer_3": 3.3270667065692368,
      "answer_4": 3.396210961155605,
      "answer_5": 5.756584841097474,
      "answer_6": 3.2412148409031176
    },
    "query_2": {
      "answer_1": 5.860125588403816,
      "answer_2": 7.8277972578723825,
      "answer_3": 4.241336849880122,
      "answer_4": 4.2965848222252925,
      "answer_5": 3.1138983458217617,
      "answer_6": 3.1530111069766895
    },
    "query_3": {
      "answer_1": 3.723476147380938,
      "answer_2": 2.8335591379303655,
      "answer_3": 10.034039678975223,
      "answer_4": 3.588686960614427,
      "answer_5": 3.442675399847683,
      "answer_6": 3.6619370930608355
    },
    "query_4": {
      "answer_1": 3.5810786240513894,
      "answer_2": 2.6701223095666955,
      "answer_3": 3.1680703016925547,
      "answer_4": 14.156986102301376,
      "answer_5": 2.64090121207968,
      "answer_6": 2.903037492038189
    },
    "query_5": {
      "answer_1": 5.146321661646541,
      "answer_2": 5.840386195681738,
      "answer_3": 6.156938871293115,
      "answer_4": 4.181047707496106,
      "answer_5": 12.628646596596099,
      "answer_6": 3.877770375541955
    },
    "query_6": {
      "answer_1": 3.5183345992079986,
      "answer_2": 2.5426986018741378,
      "answer_3": 3.300249941067604,
      "answer_4": 7.839750642756242,
      "answer_5": 3.4214169905873617,
      "answer_6": 16.49154113495584
    }
  }
}