{
  "entity": "Abraham Lincoln",
  "scores": {
    "query_1": {
      "answer_1": 15.903575203229693,
      "answer_2": 4.478802047575554,
      "answer_3": 5.27686186613365,
      "answer_4": 4.597925279664373,
      "answer_5": 6.336237709636551,
      "answer_6": 6.2288474392268425
    },
    "query_2": {
      "answer_1": 3.7500005946683825,
      "answer_2": 12.556338544093157,
      "answer_3": 5.501558364773086,
      "answer_4": 4.784419405828625,
      "answer_5": 5.42946345246289,
      "answer_6": 4.623023949073637
    },
    "query_3": {
      "answer_1": 5.445377058887932,
      "answer_2": 4.573718128130461,
      "answer_3": 10.110151528867211,
      "answer_4": 8.409485920000908,
      "answer_5": 4.4366104048421855,
      "answer_6": 4.706470064366862
    },
    "query_4": {
      "answer_1": 4.347488625230184,
      "answer_2": 4.221083696482399,
      "answer_3": 4.856254740981532,
      "answer_4": 13.063066588698144,
      "answer_5": 5.289717707740396,
      "answer_6": 5.439795103426466
    },
    "query_5": {
      "answer_1": 8.996761934129019,
      "answer_2": 6.186422815937918,
      "answer_3": 6.055706490205078,
      "answer_4": 6.764716739764948,
      "answer_5": 15.435859419040785,
      "answer_6": 6.048295225768388
    },
    "query_6": {
      "answer_1": 4.982750872031837,
      "answer_2": 5.398384198423855,
      "answer_3": 4.407516100584936,
      "answer_4": 5.474441671956618,
      "answer_5": 5.067937219761942,
      "answer_6": 14.484894311496543
    }
  }
}