{
  "entity": "Abraham Lincoln",
  "scores": {
    "query_1": {
      "answer_1": 12.909625532514372,
      "answer_2": 4.500276107580159,
      "answer_3": 4.840504644696797,
      "answer_4": 5.405014092859249,
      "answer_5": 5.273153549567581,
      "answer_6": 4.285876165627463
    },
    "query_2": {
      "answer_1": 5.32878476616851,
      "answer_2": 13.19475692651169,
      "answer_3": 4.892880796218865,
      "answer_4": 5.827613498656838,
      "answer_5": 2.9521172824383632,
      "answer_6": 2.7743584769566243
    },
    "query_3": {
      "answer_1": 4.854871833542982,
      "answer_2": 5.405306764171428,
      "answer_3": 12.100924581378262,
      "answer_4": 5.415010806330039,
      "answer_5": 4.099201239681568,
      "answer_6": 4.034768574506082
    },
    "query_4": {
      "answer_1": 3.667038888367971,
      "answer_2": 4.160134508189393,
      "answer_3": 3.848659672192438,
      "answer_4": 12.256004602107197,
      "answer_5": 4.5635435438136405,
      "answer_6": 5.5293755470605115
    },
    "query_5": {
      "answer_1": 6.84763261873099,
      "answer_2": 4.320728559992377,
      "answer_3": 4.225376955424119,
      "answer_4": 5.57131738130009,
      "answer_5": 17.98942549749528,
      "answer_6": 4.714792325973486
    },
    "query_6": {
      "answer_1": 3.276386268225229,
      "answer_2": 4.0316456466724055,
      "answer_3": 3.228944387861871,
      "answer_4": 2.6142225563589134,
      "answer_5": 3.075366693447605,
      "answer_6": 14.981698720512581
    }
  }
}