{
  "entity": "Abraham Lincoln",
  "scores": {
    "query_1": {
      "answer_1": 11.551460772170731,
      "answer_2": 4.940516087176112,
      "answer_3": 4.504170998749193,
      "answer_4": 4.440856158736161,
      "answer_5": 5.937151425205146,
      "answer_6": 4.030999170729809
    },
    "query_2": {
      "answer_1": 4.5948491294221965,
      "answer_2": 11.45497048653852,
      "answer_3": 3.224421866947532,
      "answer_4": 2.667596120268462,
      "answer_5": 5.953679091258812,
      "answer_6": 2.658881634815138
    },
    "query_3": {
      "answer_1": 6.142601165327867,
      "answer_2": 6.452112546715468,
      "answer_3": 13.52817957499023,
      "answer_4": 5.702119239209561,
      "answer_5": 7.131051254082921,
      "answer_6": 6.642725275500532
    },
    "query_4": {
      "answer_1": 3.9443882017874876,
      "answer_2": 3.787943028060294,
      "answer_3": 4.251936165681428,
      "answer_4": 15.155540032734788,
      "answer_5": 4.646041238841379,
      "answer_6": 5.9143261023745595
    },
    "query_5": {
      "answer_1": 6.691459000836979,
      "answer_2": 4.590188623657179,
      "answer_3": 5.435765063155801,
      "answer_4": 4.722080496585794,
      "answer_5": 18.565536189036905,
      "answer_6": 4.051559096996904
    },
    "query_6": {
      "answer_1": 4.726039942759204,
      "answer_2": 5.760924138275691,
      "answer_3": 4.067394143350728,
      "answer_4": 5.4863754736488985,
      "answer_5": 4.0379430060519805,
      "answer_6": 18.51753083844858
    }
  }
}