{
  "entity": "Abraham Lincoln",
  "scores": {
    "query_1": {
      "answer_1": 14.490542184907403,
      "answer_2": 5.369531670266536,
      "answer_3": 3.6478113694697125,
      "answer_4": 3.1095895526217756,
      "answer_5": 4.78986225442044,
      "answer_6": 3.115612541697973
    },
    "query_2": {
      "answer_1": 5.882882659210071,
      "answer_2": 11.497197498189143,
      "answer_3": 2.4846043202340033,
      "answer_4": 2.1825833517192543,
      "answer_5": 3.9476837530171496,
      "answer_6": 2.2295935540128666
    },
    "query_3": {
      "answer_1": 5.029093222018543,
      "answer_2": 4.798854750347376,
      "answer_3": 10.701446611988638,
      "answer_4": 4.9300357314053995,
      "answer_5": 4.772731091455981,
      "answer_6": 4.059849113427192
    },
    "query_4": {
      "answer_1": 4.130073733762261,
      "answer_2": 3.5845380861107246,
      "answer_3": 3.9822299804715646,
      "answer_4": 12.82424775605782,
      "answer_5": 6.201239430156826,
      "answer_6": 4.324123530046574
    },
    "query_5": {
      "answer_1": 4.0697002253168915,
      "answer_2": 4.31630149024033,
      "answer_3": 4.849317071119591,
      "answer_4": 4.432458896260507,
      "answer_5": 18.525285680667675,
      "answer_6": 3.851203529632949
    },
    "query_6": {
      "answer_1": 4.2211219551218635,
      "answer_2": 4.1131520452263315,
      "answer_3": 3.7323506949859353,
      "answer_4": 5.299139793277971,
      "answer_5": 3.9220744565468793,
      "answer_6": 13.146005889977623
    }
  }
}