{
  "entity": "Abraham Lincoln",
  "scores": {
    "query_1": {
      "answer_1": 14.198612939038721,
      "answer_2": 4.347018944247465,
      "answer_3": 5.168653614147367,
      "answer_4": 4.50837714278111,
      "answer_5": 5.378606804034934,
      "answer_6": 6.639654318018374
    },
    "query_2": {
      "answer_1": 3.7229465842871576,
      "answer_2": 9.89428474612436,
      "answer_3": 2.960832788369505,
      "answer_4": 4.524465471598354,
      "answer_5": 4.109994028906912,
      "answer_6": 3.857581726582804
    },
    "query_3": {
      "answer_1": 7.2519805264027095,
      "answer_2": 5.954113869107643,
      "answer_3": 14.454915732667612,
      "answer_4": 6.546196845905226,
      "answer_5": 6.186094000708771,
      "answer_6": 8.238953964923784
    },
    "query_4": {
      "answer_1": 4.270042093939795,
      "answer_2": 4.746508068002709,
      "answer_3": 4.7804351870753905,
      "answer_4": 14.601415562979247,
      "answer_5": 4.7407189016586955,
      "answer_6": 5.075413875275587
    },
    "query_5": {
      "answer_1": 6.355050433400293,
      "answer_2": 5.7716494954536515,
      "answer_3": 5.188580143941722,
      "answer_4": 5.898061839975323,
      "answer_5": 19.745984793308466,
      "answer_6": 8.842086652002681
    },
    "query_6": {
      "answer_1": 3.610109123413708,
      "answer_2": 3.3284642828027304,
      "answer_3": 3.7366320964516055,
      "answer_4": 2.944853642169899,
      "answer_5": 3.4381348165213343,
      "answer_6": 11.80676780280246
    }
  }
}