{
  "entity": "Abraham Lincoln",
  "scores": {
    "query_1": {
      "answer_1": 15.10572590553482,
      "answer_2": 4.93733965769655,
      "answer_3": 6.185201946856088,
      "answer_4": 4.2760829481458975,
      "answer_5": 6.04130491874357,
      "answer_6": 4.808851263726226
    },
    "query_2": {
      "answer_1": 6.082706962476964,
      "answer_2": 12.560460543570834,
      "answer_3": 4.114518642427168,
      "answer_4": 3.0308676048189183,
      "answer_5": 3.4062864726604127,
      "answer_6": 2.886323289103109
    },
    "query_3": {
      "answer_1": 5.986333694931765,
      "answer_2": 4.421044341074852,
      "answer_3": 14.47174065437185,
      "answer_4": 4.2309088226258895,
      "answer_5": 5.829134831211099,
      "answer_6": 4.557839694754134
    },
    "query_4": {
      "answer_1": 5.630352787216944,
      "answer_2": 5.774728126976703,
      "answer_3": 5.212933699408071,
      "answer_4": 10.721346261677992,
      "answer_5": 6.252591650412876,
      "answer_6": 7.547417948981893
    },
    "query_5": {
      "answer_1": 6.182404411149986,
      "answer_2": 4.356707694109971,
      "answer_3": 5.857406452916492,
      "answer_4": 4.1625744887742595,
      "answer_5": 19.536274035917994,
      "answer_6": 5.453948668644141
    },
    "query_6": {
      "answer_1": 5.877927018201187,
      "answer_2": 5.013337122966742,
      "answer_3": 5.104629036898101,
      "answer_4": 4.451619569502649,
      "answer_5": 5.2204261826984695,
      "answer_6": 12.979151849483213
    }
  }
}