{
  "entity": "Abraham Lincoln",
  "scores": {
    "query_1": {
      "answer_1": 16.221749529038505,
      "answer_2": 3.8496042726941453,
      "answer_3": 4.591689141594458,
      "answer_4": 5.350261181546205,
      "answer_5": 4.156179738881303,
      "answer_6": 3.1779722892190896
    },
    "query_2": {
      "answer_1": 5.238841191052844,
      "answer_2": 14.57949918125916,
      "answer_3": 5.5345810372872535,
      "answer_4": 3.7933748616263694,
      "answer_5": 3.7667345625018345,
      "answer_6": 3.7671133914805757
    },
    "query_3": {
      "answer_1": 3.1926619210972844,
      "answer_2": 5.3621961232299595,
      "answer_3": 11.694175118001528,
      "answer_4": 2.8433509041794123,
      "answer_5": 5.034612935577414,
      "answer_6": 2.42925797637634
    },
    "query_4": {
      "answer_1": 3.020602111262598,
      "answer_2": 3.4309088990791814,
      "answer_3": 3.776755386176758,
      "answer_4": 10.4769268910407,
      "answer_5": 4.148375860205945,
      "answer_6": 3.871311829334956
    },
    "query_5": {
      "answer_1": 5.602471860217916,
      "answer_2": 4.823887292220372,
      "answer_3": 3.9416909146226806,
      "answer_4": 3.688912047314651,
      "answer_5": 18.53098873243412,
      "answer_6": 3.093075901930921
    },
    "query_6": {
      "answer_1": 5.820242245555411,
      "answer_2": 4.377875766401922,
      "answer_3": 4.374593612141279,
      "answer_4": 8.06075565634371,
      "answer_5": 4.719905336444588,
      "answer_6": 15.740760829991416
    }
  }
}