{
  "entity": "Abraham Lincoln",
  "scores": {
    "query_1": {
      "answer_1": 18.543611139007737,
      "answer_2": 3.054365743713315,
      "answer_3": 4.001452357397421,
      "answer_4": 3.1211832158839816,
      "answer_5": 3.4567925866248355,
      "answer_6": 3.2286562178004763
    },
    "query_2": {
      "answer_1": 4.838123728275386,
      "answer_2": 9.060432602199969,
      "answer_3": 2.8296015820792553,
      "answer_4": 2.6306480264331453,
      "answer_5": 2.4368403958460845,
      "answer_6": 2.6323533286248533
    },
    "query_3": {
      "answer_1": 3.117392535515814,
      "answer_2": 1.4268463734469605,
      "answer_3": 6.828526671143083,
      "answer_4": 1.3209364349584167,
      "answer_5": 2.039738647903236,
      "answer_6": 1.3300341277198053
    },
    "query_4": {
      "answer_1": 4.0136691281375505,
      "answer_2": 3.943215049322118,
      "answer_3": 3.8936952384036476,
      "answer_4": 10.8804985370624,
      "answer_5": 5.632593791520593,
      "answer_6": 5.2171716706187565
    },
    "query_5": {
      "answer_1": 4.054487211689692,
      "answer_2": 2.712653843183961,
      "answer_3": 2.611889398844246,
      "answer_4": 2.2855165163586464,
      "answer_5": 10.093342928661126,
      "answer_6": 2.8680458192433202
    },
    "query_6": {
      "answer_1": 3.7886753991652347,
      "answer_2": 3.7000220213799278,
      "answer_3": 3.5256748783385925,
      "answer_4": 4.325413834556534,
      "answer_5": 2.675530284633975,
      "answer_6": 19.57534382000433
    }
  }
}