{
  "entity": "Abraham Lincoln",
  "scores": {
    "query_1": {
      "answer_1": 15.452350349917623,
      "answer_2": 4.762839330003241,
      "answer_3": 4.549143829721771,
      "answer_4": 4.956262768776925,
      "answer_5": 6.029820196489843,
      "answer_6": 5.349038990813346
    },
    "query_2": {
      "answer_1": 4.592459392093804,
      "answer_2": 17.383019001270817,
      "answer_3": 5.200300543688064,
      "answer_4": 4.548184906628511,
      "answer_5": 5.3126718229817,
      "answer_6": 4.031929421150286
    },
    "query_3": {
      "answer_1": 5.023983381907876,
      "answer_2": 6.435018851467959,
      "answer_3": 13.906940734088069,
      "answer_4": 5.338455781008267,
      "answer_5": 4.888164669665678,
      "answer_6": 6.588212830377579
    },
    "query_4": {
      "answer_1": 3.661625472457475,
      "answer_2": 4.837855843207181,
      "answer_3": 5.682534766209074,
      "answer_4": 7.742020687269488,
      "answer_5": 6.569945655895926,
      "answer_6": 5.037578365415482
    },
    "query_5": {
      "answer_1": 7.189277529482943,
      "answer_2": 5.692155997685212,
      "answer_3": 5.272757077540835,
      "answer_4": 5.272609083023397,
      "answer_5": 16.12247227706589,
      "answer_6": 6.660284472949455
    },
    "query_6": {
      "answer_1": 4.347942247101713,
      "answer_2": 4.335119729814339,
      "answer_3": 3.546509676879939,
      "answer_4": 4.829029290477017,
      "answer_5": 6.650672501993571,
      "answer_6": 14.418038532422695
    }
  }
}