{
  "entity": "Abraham Lincoln",
  "scores": {
    "query_1": {
      "answer_1": 14.146570229839849,
      "answer_2": 2.760753786547132,
      "answer_3": 4.543181985040046,
      "answer_4": 3.6938627279257736,
      "answer_5": 2.890826898279673,
      "answer_6": 2.4984259847812487
    },
    "query_2": {
      "answer_1": 5.063414076284265,
      "answer_2": 11.150573291919004,
      "answer_3": 2.851827288131114,
      "answer_4": 3.615968489076344,
      "answer_5": 2.8941657004862913,
      "answer_6": 1.9720751698340073
    },
    "query_3": {
      "answer_1": 4.366627025633914,
      "answer_2": 2.3796533825524335,
      "answer_3": 10.884177972206743,
      "answer_4": 3.451967569202618,
      "answer_5": 2.40070776872171,
      "answer_6": 2.283818645415192
    },
    "query_4": {
      "answer_1": 2.4084730954143376,
      "answer_2": 2.1638213674905256,
      "answer_3": 4.818761615765167,
      "answer_4": 11.312758474909732,
      "answer_5": 3.3173103638417816,
      "answer_6": 4.123447174456285
    },
    "query_5": {
      "answer_1": 4.997114295226333,
      "answer_2": 3.4528583204671666,
      "answer_3": 4.554974008506064,
      "answer_4": 2.555499063513979,
      "answer_5": 13.667422719514324,
      "answer_6": 2.565180307164009
    },
    "query_6": {
      "answer_1": 3.503547376813862,
      "answer_2": 3.1250698341612484,
      "answer_3": 4.001557062542148,
      "answer_4": 7.195809375195415,
      "answer_5": 2.9578994944482675,
      "answer_6": 14.523446163620157
    }
  }
}