{
  "entity": "Abraham Lincoln",
  "scores": {
    "query_1": {
      "answer_1": 11.607646983553005,
      "answer_2": 3.641339187122181,
      "answer_3": 4.870845403957288,
      "answer_4": 3.1214516652617004,
      "answer_5": 5.4848380892511726,
      "answer_6": 4.618339283219024
    },
    "query_2": {
      "answer_1": 4.50047812757217,
      "answer_2": 11.525995289915993,
      "answer_3": 4.394919169580409,
      "answer_4": 4.351069728735965,
      "answer_5": 5.163115931517268,
      "answer_6": 5.078530916752177
    },
    "query_3": {
      "answer_1": 5.446601940994891,
      "answer_2": 5.162428757925234,
      "answer_3": 11.448415677753367,
      "answer_4": 4.628841111575037,
      "answer_5": 5.907590660476413,
      "answer_6": 6.668472428812122
    },
    "query_4": {
      "answer_1": 4.92787935517231,
      "answer_2": 4.867436241134318,
      "answer_3": 4.22665801372224,
      "answer_4": 11.134736370182722,
      "answer_5": 7.101594520677271,
      "answer_6": 4.743159882360494
    },
    "query_5": {
      "answer_1": 4.414320778644266,
      "answer_2": 4.985799644331217,
      "answer_3": 5.538772555797829,
      "answer_4": 4.192477793949399,
      "answer_5": 19.724924218929228,
      "answer_6": 7.631356243998641
    },
    "query_6": {
      "answer_1": 5.0669377574987315,
      "answer_2": 5.01622545313141,
      "answer_3": 6.331283839866224,
      "answer_4": 7.745457572459827,
      "answer_5": 6.094223605781629,
      "answer_6": 17.553180129187172
    }
  }
}