{
  "entity": "Abraham Lincoln",
  "scores": {
    "query_1": {
      "answer_1": 16.352803088772742,
      "answer_2": 4.769540588447256,
      "answer_3": 4.230688852841624,
      "answer_4": 3.3079577748496116,
      "answer_5": 4.8930370418447255,
      "answer_6": 4.645301795622052
    },
    "query_2": {
      "answer_1": 5.395365643704183,
      "answer_2": 15.783987440253844,
      "answer_3": 4.593360279130034,
      "answer_4": 4.40905936177665,
      "answer_5": 6.9465125534113765,
      "answer_6": 5.365048265131261
    },
    "query_3": {
      "answer_1": 6.933956010057248,
      "answer_2": 6.949896342911288,
      "answer_3": 12.47803203238366,
      "answer_4": 4.72917136308281,
      "answer_5": 6.744303021633051,
      "answer_6": 6.494562735697334
    },
    "query_4": {
      "answer_1": 5.196498205771277,
      "answer_2": 4.660209311779219,
      "answer_3": 5.084824452145084,
      "answer_4": 12.95808854662717,
      "answer_5": 7.0476184349618896,
      "answer_6": 5.519694199389189
    },
    "query_5": {
      "answer_1": 6.94775061795533,
      "answer_2": 6.311760255826166,
      "answer_3": 6.0858089627922185,
      "answer_4": 2.8760334865778074,
      "answer_5": 20.349526773466366,
      "answer_6": 5.955756771399474
    },
    "query_6": {
      "answer_1": 6.405603806570698,
      "answer_2": 5.758279154117372,
      "answer_3": 6.1423660321894955,
      "answer_4": 8.417590745834298,
      "answer_5": 8.0093213791874,
      "answer_6": 18.000240731222284
    }
  }
}