{
  "entity": "Abraham Lincoln",
  "scores": {
    "query_1": {
      "answer_1": 13.535142531453097,
      "answer_2": 4.729052635348098,
      "answer_3": 4.947098127124604,
      "answer_4": 5.253992046340754,
      "answer_5": 4.207351184788133,
      "answer_6": 5.85877847302827
    },
    "query_2": {
      "answer_1": 5.01199777216068,
      "answer_2": 14.476467588597018,
      "answer_3": 2.6879817833468076,
      "answer_4": 3.926666261669359,
      "answer_5": 2.705828822214555,
      "answer_6": 3.934519792039959
    },
    "query_3": {
      "answer_1": 4.082833218149616,
      "answer_2": 4.379934598291899,
      "answer_3": 14.552372129974898,
      "answer_4": 5.28794791311859,
      "answer_5": 4.268612533016199,
      "answer_6": 3.7545347873220014
    },
    "query_4": {
      "answer_1": 6.334440178347111,
      "answer_2": 5.951131492786041,
      "answer_3": 5.965329124173963,
      "answer_4": 11.332126272628232,
      "answer_5": 6.510995600432132,
      "answer_6": 7.3561053201560025
    },
    "query_5": {
      "answer_1": 5.835003484724064,
      "answer_2": 5.828295637110867,
      "answer_3": 7.242114990368785,
      "answer_4": 6.44336606089002,
      "answer_5": 15.451816230731394,
      "answer_6": 5.1177100548006
    },
    "query_6": {
      "answer_1": 6.79220511984038,
      "answer_2": 4.524185079425099,
      "answer_3": 5.085864949775195,
      "answer_4": 4.971956598136479,
      "answer_5": 5.791793827863108,
      "answer_6": 19.9759114048254
    }
  }
}