{
  "entity": "Abraham Lincoln",
  "scores": {
    "query_1": {
      "answer_1": 15.652769038953853,
      "answer_2": 5.950044370959488,
      "answer_3": 4.759325743695706,
      "answer_4": 5.484203583025702,
      "answer_5": 3.8125382899655516,
      "answer_6": 6.18002843213685
    },
    "query_2": {
      "answer_1": 4.049897352257617,
      "answer_2": 11.747059746552585,
      "answer_3": 5.224312147957243,
      "answer_4": 5.924954843666307,
      "answer_5": 4.728679417280717,
      "answer_6": 3.849983892177021
    },
    "query_3": {
      "answer_1": 5.88040993717651,
      "answer_2": 4.103552990846339,
      "answer_3": 11.410993359675587,
      "answer_4": 4.422670040326905,
      "answer_5": 3.7077912037523175,
      "answer_6": 4.479512905854142
    },
    "query_4": {
      "answer_1": 3.9110236810462182,
      "answer_2": 5.137058629145299,
      "answer_3": 3.662856536856968,
      "answer_4": 9.410967446315258,
      "answer_5": 3.7873209956500506,
      "answer_6": 6.269648757125259
    },
    "query_5": {
      "answer_1": 3.2179193935952908,
      "answer_2": 5.0866759892541165,
      "answer_3": 3.725647727930186,
      "answer_4": 6.177104440751814,
      "answer_5": 8.90112395548035,
      "answer_6": 3.032797067352277
    },
    "query_6": {
      "answer_1": 3.756331505615415,
      "answer_2": 2.96295606195245,
      "answer_3": 3.0883845534707706,
      "answer_4": 4.426099620464436,
      "answer_5": 3.0831713362617905,
      "answer_6": 15.993850186472425
    }
  }
}