{
  "entity": "Abraham Lincoln",
  "scores": {
    "query_1": {
      "answer_1": 14.883024211355817,
      "answer_2": 3.9692833575024937,
      "answer_3": 6.416448030098627,
      "answer_4": 3.7164349863197708,
      "answer_5": 5.404256413708093,
      "answer_6": 4.14000852972849
    },
    "query_2": {
      "answer_1": 5.831971756198792,
      "answer_2": 13.158670943258684,
      "answer_3": 4.335791370078143,
      "answer_4": 4.316574002640635,
      "answer_5": 5.508980566248726,
      "answer_6": 4.247219910884589
    },
    "query_3": {
      "answer_1": 7.4570135191462255,
      "answer_2": 6.351031782262429,
      "answer_3": 18.361279993536748,
      "answer_4": 4.748714090392234,
      "answer_5": 6.642998959559628,
      "answer_6": 7.035594405888405
    },
    "query_4": {
      "answer_1": 5.524131646433467,
      "answer_2": 5.874301822849337,
      "answer_3": 4.74878448149704,
      "answer_4": 12.562997488509724,
      "answer_5": 6.47229623972961,
      "answer_6": 5.7458591938574894
    },
    "query_5": {
      "answer_1": 4.038491686644729,
      "answer_2": 3.973320893361712,
      "answer_3": 5.145706093246741,
      "answer_4": 2.5597773874994694,
      "answer_5": 13.55991211478276,
      "answer_6": 3.9008125373773526
    },
    "query_6": {
      "answer_1": 4.116522274714919,
      "answer_2": 3.3893918902409426,
      "answer_3": 4.989775680419991,
      "answer_4": 3.6305634126633173,
      "answer_5": 4.528552287541386,
      "answer_6": 12.806793465632072
    }
  }
}