{
  "entity": "Abraham Lincoln",
  "scores": {
    "query_1": {
      "answer_1": 13.622471186230548,
      "answer_2": 3.6242371665699533,
      "answer_3": 4.2587342770502845,
      "answer_4": 4.018247067458113,
      "answer_5": 4.385022191086206,
      "answer_6": 5.058916764141491
    },
    "query_2": {
      "answer_1": 6.227209792408745,
      "answer_2": 11.100617935393466,
      "answer_3": 4.166915097196012,
      "answer_4": 2.449851273485276,
      "answer_5": 2.61375964409581,
      "answer_6": 2.546677775119158
    },
    "query_3": {
      "answer_1": 4.065604992952696,
      "answer_2": 3.7106235750989844,
      "answer_3": 12.215351190648303,
      "answer_4": 3.3691469295031085,
      "answer_5": 3.653295149162457,
      "answer_6": 3.2407024675523424
    },
    "query_4": {
      "answer_1": 3.489017855143966,
      "answer_2": 3.3256369247301167,
      "answer_3": 4.152156425539499,
      "answer_4": 10.102979871341452,
      "answer_5": 4.158109981551949,
      "answer_6": 6.488385742846459
    },
    "query_5": {
      "answer_1": 4.443952498226412,
      "answer_2": 3.9809809394701676,
      "answer_3": 4.051399522448208,
      "answer_4": 3.039498805500276,
      "answer_5": 17.667122987142477,
      "answer_6": 4.101785827252126
    },
    "query_6": {
      "answer_1": 3.799317492751268,
      "answer_2": 3.4554908338073087,
      "answer_3": 2.6511929822893148,
      "answer_4": 3.50206513264477,
      "answer_5": 2.7843555326757405,
      "answer_6": 15.171200474211707
    }
  }
}