{
  "entity": "Abraham Lincoln",
  "scores": {
    "query_1": {
      "answer_1": 11.839742340454682,
      "answer_2": 4.099484869512292,
      "answer_3": 5.513953448088147,
      "answer_4": 3.04804359519917,
      "answer_5": 5.188380591870671,
      "answer_6": 3.47782705612466
    },
    "query_2": {
      "answer_1": 6.480982856843378,
      "answer_2": 9.093604062117148,
      "answer_3": 3.6672422623921,
      "answer_4": 2.740653412600122,
      "answer_5": 4.354772337496731,
      "answer_6": 2.687381181302576
    },
    "query_3": {
      "answer_1": 3.1685694709237064,
      "answer_2": 2.901284870922103,
      "answer_3": 12.566888356962119,
      "answer_4": 4.376680846815873,
      "answer_5": 4.230939945369694,
      "answer_6": 2.7004942494321185
    },
    "query_4": {
      "answer_1": 5.351255114708879,
      "answer_2": 3.9825360772590743,
      "answer_3": 4.6362015657791105,
      "answer_4": 13.5029024179815,
      "answer_5": 6.757405069672121,
      "answer_6": 4.3407211269001955
    },
    "query_5": {
      "answer_1": 5.090491407686394,
      "answer_2": 5.234302948024594,
      "answer_3": 4.358785061773892,
      "answer_4": 4.47517973199934,
      "answer_5": 14.331743402415132,
      "answer_6": 3.6784422463440203
    },
    "query_6": {
      "answer_1": 3.7201344974783144,
      "answer_2": 2.9919083183813195,
      "answer_3": 2.8499429084548207,
      "answer_4": 4.255970640649439,
      "answer_5": 2.4853635042625783,
      "answer_6": 15.132504668246268
    }
  }
}