{
  "entity": "Abraham Lincoln",
  "scores": {
    "query_1": {
      "answer_1": 15.29327837598957,
      "answer_2": 4.520729423080984,
      "answer_3": 4.429275805030035,
      "answer_4": 3.797566909190563,
      "answer_5": 5.467475698732019,
      "answer_6": 5.120086639153601
    },
    "query_2": {
      "answer_1": 4.464306285996713,
      "answer_2": 11.389215868502651,
      "answer_3": 6.6136237051940014,
      "answer_4": 3.927262545079082,
      "answer_5": 4.107771409630423,
      "answer_6": 3.892655732393507
    },
    "query_3": {
      "answer_1": 4.53732260878763,
      "answer_2": 4.764960653247385,
      "answer_3": 11.548458441880824,
      "answer_4": 9.283372945255557,
      "answer_5": 4.743962183988147,
      "answer_6": 4.474553760687798
    },
    "query_4": {
      "answer_1": 4.739178891163597,
      "answer_2": 4.132402728099633,
      "answer_3": 3.6677212833445143,
      "answer_4": 16.409113506831886,
      "answer_5": 5.395659223663922,
      "answer_6": 3.7429494540462307
    },
    "query_5": {
      "answer_1": 7.073826853732111,
      "answer_2": 7.928488305918821,
      "answer_3": 6.292104405569805,
      "answer_4": 5.711652716482222,
      "answer_5": 14.008757510558498,
      "answer_6": 6.670063356147843
    },
    "query_6": {
      "answer_1": 5.809642372727952,
      "answer_2": 4.71449427575492,
      "answer_3": 3.8481306333841827,
      "answer_4": 6.66918091193379,
      "answer_5": 5.062442453467359,
      "answer_6": 15.171227789476532
    }
  }
}