{
  "entity": "Abraham Lincoln",
  "scores": {
    "query_1": {
      "answer_1": 14.96000933531135,
      "answer_2": 5.729026343711935,
      "answer_3": 7.243450537135498,
      "answer_4": 4.116999129705748,
      "answer_5": 6.077587001578403,
      "answer_6": 3.1348328636225
    },
    "query_2": {
      "answer_1": 5.304238415023251,
      "answer_2": 18.134615006928694,
      "answer_3": 4.361050447703471,
      "answer_4": 3.8899909224206013,
      "answer_5": 3.766700422185595,
      "answer_6": 3.8356914334159162
    },
    "query_3": {
      "answer_1": 6.485145654588651,
      "answer_2": 7.224412509274412,
      "answer_3": 15.609907831535914,
      "answer_4": 4.965680852839152,
      "answer_5": 6.15636701640687,
      "answer_6": 4.802643997767186
    },
    "query_4": {
      "answer_1": 3.7518717177679344,
      "answer_2": 3.2495064098324558,
      "answer_3": 4.87532228908689,
      "answer_4": 12.759269052438366,
      "answer_5": 5.372863454879068,
      "answer_6": 4.538467677615792
    },
    "query_5": {
      "answer_1": 4.8234618562341325,
      "answer_2": 6.039518157490755,
      "answer_3": 4.982730081988274,
      "answer_4": 3.828803967919619,
      "answer_5": 21.12944631388817,
      "answer_6": 3.658757886209762
    },
    "query_6": {
      "answer_1": 4.0025589989398345,
      "answer_2": 4.438285253033335,
      "answer_3": 4.754344039899807,
      "answer_4": 5.123665036937883,
      "answer_5": 4.1131766191593595,
      "answer_6": 11.52761606936145
    }
  }
}