{
  "entity": "Abraham Lincoln",
  "scores": {
    "query_1": {
      "answer_1": 14.457656184990434,
      "answer_2": 4.0368636202911805,
      "answer_3": 3.7832474105392104,
      "answer_4": 4.110618290274473,
      "answer_5": 4.288240701769958,
      "answer_6": 4.156306062023933
    },
    "query_2": {
      "answer_1": 5.199270414063413,
      "answer_2": 10.138733118559971,
      "answer_3": 3.3451283107370235,
      "answer_4": 3.6503891638717123,
      "answer_5": 4.131965121972629,
      "answer_6": 2.8366113126489028
    },
    "query_3": {
      "answer_1": 6.091905023843262,
      "answer_2": 5.7089402616684986,
      "answer_3": 16.616297161776753,
      "answer_4": 6.101317933372912,
      "answer_5": 5.139069576991044,
      "answer_6": 6.0577913169824
    },
    "query_4": {
      "answer_1": 5.875256470069563,
      "answer_2": 6.036820819753456,
      "answer_3": 6.167008185262848,
      "answer_4": 16.462412779614674,
      "answer_5": 6.475693436073347,
      "answer_6": 6.520366204784496
    },
    "query_5": {
      "answer_1": 4.92579195575954,
      "answer_2": 4.342427251304197,
      "answer_3": 5.530933202282194,
      "answer_4": 5.385799567620972,
      "answer_5": 23.053359245062023,
      "answer_6": 3.9734427926423446
    },
    "query_6": {
      "answer_1": 5.414283330077665,
      "answer_2": 4.8688600136009095,
      "answer_3": 4.864254757557734,
      "answer_4": 4.280962266489551,
      "answer_5": 4.287982684468497,
      "answer_6": 19.5745261618881
    }
  }
}