{
  "entity": "Napoleon Bonaparte",
  "scores": {
    "query_1": {
      "answer_1": 11.583709399534683,
      "answer_2": 3.411039646661038,
      "answer_3": 3.084395338137212,
      "answer_4": 2.5350243994825057,
      "answer_5": 4.149825074606349,
      "answer_6": 2.427110780179907
    },
    "query_2": {
      "answer_1": 3.5032251778317853,
      "answer_2": 13.387707152881534,
      "answer_3": 4.39530587488975,
      "answer_4": 2.6892612408015077,
      "answer_5": 2.58530412384671,
      "answer_6": 2.7750176098819925
    },
    "query_3": {
      "answer_1": 4.2798707676426595,
      "answer_2": 4.4950172325639155,
      "answer_3": 12.231189717270878,
      "answer_4": 4.743464940058728,
      "answer_5": 4.740953266448223,
      "answer_6": 4.166417989922252
    },
    "query_4": {
      "answer_1": 2.7034858378020736,
      "answer_2": 3.9200501196785096,
      "answer_3": 4.316635671878995,
      "answer_4": 10.162535066108715,
      "answer_5": 4.127556484114239,
      "answer_6": 3.925484841598012
    },
    "query_5": {
      "answer_1": 4.119375334055559,
      "answer_2": 3.242034718923179,
      "answer_3": 3.9481134934194375,
      "answer_4": 3.5515193007015946,
      "answer_5": 15.601342227355934,
      "answer_6": 4.619083609152907
    },
    "query_6": {
      "answer_1": 4.507916171315119,
      "answer_2": 5.42230481231576,
      "answer_3": 3.8739936319867763,
      "answer_4": 5.371872949508369,
      "answer_5": 4.991935121788491,
      "answer_6": 16.58439587377989
    }
  }
}