{
  "entity": "Napoleon Bonaparte",
  "scores": {
    "query_1": {
      "answer_1": 11.063274018373521,
      "answer_2": 2.0958242211338955,
      "answer_3": 2.7390877839192265,
      "answer_4": 1.844884437323139,
      "answer_5": 3.4374963036577624,
      "answer_6": 2.0514781903320394
    },
    "query_2": {
      "answer_1": 2.2936931926953923,
      "answer_2": 10.730111834117997,
      "answer_3": 3.5736308125993537,
      "answer_4": 2.9077765934936517,
      "answer_5": 2.8513316003434217,
      "answer_6": 2.176664548766943
    },
    "query_3": {
      "answer_1": 4.09212685510762,
      "answer_2": 3.823537678995625,
      "answer_3": 14.336549233323348,
      "answer_4": 3.925779871404492,
      "answer_5": 3.3544860848303246,
      "answer_6": 3.2313700790668864
    },
    "query_4": {
      "answer_1": 3.001555304572649,
      "answer_2": 3.27929492248595,
      "answer_3": 4.387063454667606,
      "answer_4": 11.685405895386651,
      "answer_5": 3.074391905329657,
      "answer_6": 4.795269103087
    },
    "query_5": {
      "answer_1": 2.3830052610924928,
      "answer_2": 2.5668798823439016,
      "answer_3": 2.598377287335308,
      "answer_4": 1.844884437323139,
      "answer_5": 18.31120438142771,
      "answer_6": 1.96788756615094
    },
    "query_6": {
      "answer_1": 3.744777549247482,
      "answer_2": 3.8189368650218976,
      "answer_3": 4.054896391297305,
      "answer_4": 6.969133596903701,
      "answer_5": 5.03741309545073,
      "answer_6": 19.58477382069236
    }
  }
}