{
  "entity": "Napoleon Bonaparte",
  "scores": {
    "query_1": {
      "answer_1": 12.011384406806974,
      "answer_2": 2.149187882834338,
      "answer_3": 2.9385888900017965,
      "answer_4": 1.9682801039353754,
      "answer_5": 3.7816727028757677,
      "answer_6": 2.237328739348411
    },
    "query_2": {
      "answer_1": 2.7232634823419017,
      "answer_2": 11.568172158853788,
      "answer_3": 3.969042410295256,
      "answer_4": 2.6245279226640514,
      "answer_5": 3.0648413694157344,
      "answer_6": 2.7186083775662695
    },
    "query_3": {
      "answer_1": 4.884031440749126,
      "answer_2": 7.136896015393695,
      "answer_3": 9.3478962754202,
      "answer_4": 5.314282268596327,
      "answer_5": 6.285817368114214,
      "answer_6": 7.920081621657094
    },
    "query_4": {
      "answer_1": 5.26491713855457,
      "answer_2": 5.377749609491696,
      "answer_3": 5.923082821403504,
      "answer_4": 9.989121529836188,
      "answer_5": 6.305981295665319,
      "answer_6": 4.610027854167031
    },
    "query_5": {
      "answer_1": 6.201533828642962,
      "answer_2": 4.564639184928756,
      "answer_3": 5.161406303117193,
      "answer_4": 5.389901821995301,
      "answer_5": 18.54981640589687,
      "answer_6": 4.823840483714598
    },
    "query_6": {
      "answer_1": 4.390303682831231,
      "answer_2": 5.322825502381635,
      "answer_3": 4.763466164443647,
      "answer_4": 4.92652211206347,
      "answer_5": 3.3787059055172812,
      "answer_6": 16.420716118315934
    }
  }
}