{
  "entity": "Napoleon Bonaparte",
  "scores": {
    "query_1": {
      "answer_1": 12.944522020192927,
      "answer_2": 2.4217697479811253,
      "answer_3": 2.9928785528001627,
      "answer_4": 2.967874395189046,
      "answer_5": 3.564067820594414,
      "answer_6": 2.419709641854106
    },
    "query_2": {
      "answer_1": 4.480872966212386,
      "answer_2": 12.088425879492101,
      "answer_3": 4.339613123310574,
      "answer_4": 3.6195931036849074,
      "answer_5": 3.1284165244454396,
      "answer_6": 3.587761310752356
    },
    "query_3": {
      "answer_1": 5.604360190365092,
      "answer_2": 6.127585202953428,
      "answer_3": 12.282924718569616,
      "answer_4": 5.575740044239492,
      "answer_5": 5.404224751769548,
      "answer_6": 5.737761980936714
    },
    "query_4": {
      "answer_1": 4.672162911208902,
      "answer_2": 4.653646045448144,
      "answer_3": 6.46214232955013,
      "answer_4": 10.274120169426148,
      "answer_5": 5.632628710240438,
      "answer_6": 4.82855384536438
    },
    "query_5": {
      "answer_1": 5.814432268315007,
      "answer_2": 4.09485492061408,
      "answer_3": 3.164005568334162,
      "answer_4": 3.10396137505792,
      "answer_5": 9.970003808306213,
      "answer_6": 3.499547335186522
    },
    "query_6": {
      "answer_1": 3.2764433718169315,
      "answer_2": 3.1891744680527934,
      "answer_3": 2.917493815125358,
      "answer_4": 4.212595048764384,
      "answer_5": 4.082424003455655,
      "answer_6": 12.319415504146075
    }
  }
}