{
  "entity": "Napoleon Bonaparte",
  "scores": {
    "query_1": {
      "answer_1": 8.896989636921152,
      "answer_2": 3.3585501387602226,
      "answer_3": 5.008210353560859,
      "answer_4": 3.8861285938426335,
      "answer_5": 4.584304852721082,
      "answer_6": 3.9053900937303405
    },
    "query_2": {
      "answer_1": 5.501886683114516,
      "answer_2": 8.016385713290248,
      "answer_3": 6.194646334718193,
      "answer_4": 3.7374512272966904,
      "answer_5": 5.127696033949291,
      "answer_6": 5.897713386898794
    },
    "query_3": {
      "answer_1": 5.738406560864152,
      "answer_2": 4.7886011188630135,
      "answer_3": 12.976526284747514,
      "answer_4": 6.267996287234851,
      "answer_5": 7.574283151415887,
      "answer_6": 5.672478951863978
    },
    "query_4": {
      "answer_1": 4.253979753697163,
      "answer_2": 5.745077182561425,
      "answer_3": 6.703404540201594,
      "answer_4": 10.948188441627135,
      "answer_5": 9.584428702604892,
      "answer_6": 5.999916609141571
    },
    "query_5": {
      "answer_1": 3.679796278482347,
      "answer_2": 2.8189205411298555,
      "answer_3": 5.0028562095537135,
      "answer_4": 4.684432601704043,
      "answer_5": 14.958988719059862,
      "answer_6": 4.480692924874528
    },
    "query_6": {
      "answer_1": 3.247507262023936,
      "answer_2": 3.653298464819088,
      "answer_3": 3.7017614775351437,
      "answer_4": 4.742988329672686,
      "answer_5": 3.2992854186958724,
      "answer_6": 15.913917973836327
    }
  }
}