{
  "entity": "Napoleon Bonaparte",
  "scores": {
    "query_1": {
      "answer_1": 11.823985029498086,
      "answer_2": 2.0813888277523507,
      "answer_3": 1.495405578519861,
      "answer_4": 1.48892507486334,
      "answer_5": 3.093241599162635,
      "answer_6": 2.2543818443319577
    },
    "query_2": {
      "answer_1": 2.18837700646658,
      "answer_2": 9.633966670883877,
      "answer_3": 3.300150070287165,
      "answer_4": 3.01967622610941,
      "answer_5": 2.197317499663354,
      "answer_6": 2.3078973894947525
    },
    "query_3": {
      "answer_1": 2.793856246566422,
      "answer_2": 4.514489495221154,
      "answer_3": 11.924662040409181,
      "answer_4": 5.032696742999813,
      "answer_5": 2.0835547621966706,
      "answer_6": 3.5965502228967177
    },
    "query_4": {
      "answer_1": 1.8401432179498176,
      "answer_2": 2.451615757384282,
      "answer_3": 3.3494931465531255,
      "answer_4": 8.804134406169817,
      "answer_5": 1.4414431010265987,
      "answer_6": 3.5220376421242747
    },
    "query_5": {
      "answer_1": 2.8377481995611396,
      "answer_2": 2.796008128864142,
      "answer_3": 4.4026052933117565,
      "answer_4": 2.891714609259767,
      "answer_5": 12.389326866859738,
      "answer_6": 1.8261235223088361
    },
    "query_6": {
      "answer_1": 1.3505156482121277,
      "answer_2": 1.8002460479135964,
      "answer_3": 1.8281371742137489,
      "answer_4": 2.241156666850406,
      "answer_5": 1.1247079470680932,
      "answer_6": 15.855442103760046
    }
  }
}