{
  "entity": "Napoleon Bonaparte",
  "scores": {
    "query_1": {
      "answer_1": 10.662771724282281,
      "answer_2": 2.0254576835292886,
      "answer_3": 2.0967927994916242,
      "answer_4": 1.7919836146837569,
      "answer_5": 2.882718572587388,
      "answer_6": 2.0584443141399955
    },
    "query_2": {
      "answer_1": 2.3167590375418095,
      "answer_2": 12.851979264548012,
      "answer_3": 2.7775571674701687,
      "answer_4": 2.4715399136766614,
      "answer_5": 1.7915969719221527,
      "answer_6": 2.2561115258711464
    },
    "query_3": {
      "answer_1": 4.869923213386704,
      "answer_2": 4.924453129769635,
      "answer_3": 13.229194693619771,
      "answer_4": 3.273569459295247,
      "answer_5": 3.8722031671190833,
      "answer_6": 4.243081743471267
    },
    "query_4": {
      "answer_1": 4.509148872191274,
      "answer_2": 5.052878562526361,
      "answer_3": 3.9168166724434657,
      "answer_4": 11.321634072964798,
      "answer_5": 4.705688844036481,
      "answer_6": 4.251415236441022
    },
    "query_5": {
      "answer_1": 4.3885078622958,
      "answer_2": 3.843572745451734,
      "answer_3": 3.8819087318180174,
      "answer_4": 4.793339976964539,
      "answer_5": 15.62634457691917,
      "answer_6": 4.1703813298301915
    },
    "query_6": {
      "answer_1": 3.5187306461279055,
      "answer_2": 4.0423845948045525,
      "answer_3": 3.608752888070431,
      "answer_4": 3.326854724822509,
      "answer_5": 2.9217695053241552,
      "answer_6": 10.731050695368246
    }
  }
}