{
  "entity": "Napoleon Bonaparte",
  "scores": {
    "query_1": {
      "answer_1": 10.466955879124592,
      "answer_2": 2.9035546405682804,
      "answer_3": 2.501288712962542,
      "answer_4": 2.365344406479587,
      "answer_5": 4.731764527315524,
      "answer_6": 2.8248042645510134
    },
    "query_2": {
      "answer_1": 4.528896620656014,
      "answer_2": 9.21307502575461,
      "answer_3": 4.367722624932308,
      "answer_4": 4.551800273968979,
      "answer_5": 3.4570723121501485,
      "answer_6": 3.7033214319353056
    },
    "query_3": {
      "answer_1": 5.682099681379694,
      "answer_2": 5.749395962044911,
      "answer_3": 14.767262918875684,
      "answer_4": 5.6183359848081285,
      "answer_5": 4.5530334192811655,
      "answer_6": 5.297184436905673
    },
    "query_4": {
      "answer_1": 5.1398028604525745,
      "answer_2": 6.6278349766039755,
      "answer_3": 6.233834957353593,
      "answer_4": 13.73121370578915,
      "answer_5": 5.2620235498398955,
      "answer_6": 4.65696333459631
    },
    "query_5": {
      "answer_1": 7.075746403563785,
      "answer_2": 5.817595942914266,
      "answer_3": 6.870089795169582,
      "answer_4": 5.8925293937183785,
      "answer_5": 20.54603937684762,
      "answer_6": 6.036352341188195
    },
    "query_6": {
      "answer_1": 5.283772679572271,
      "answer_2": 4.779182402535623,
      "answer_3": 4.780034996951542,
      "answer_4": 4.742885065176449,
      "answer_5": 3.9077435764600237,
      "answer_6": 15.737913058625232
    }
  }
}