{
  "entity": "Napoleon Bonaparte",
  "scores": {
    "query_1": {
      "answer_1": 13.648593323851085,
      "answer_2": 2.551481250117041,
      "answer_3": 2.5941154622621863,
      "answer_4": 2.4439592426604677,
      "answer_5": 5.034215063199646,
      "answer_6": 2.2306542687417767
    },
    "query_2": {
      "answer_1": 4.382316011837723,
      "answer_2": 10.831818627901008,
      "answer_3": 5.731938776429922,
      "answer_4": 2.38443690423526,
      "answer_5": 2.6263215346330533,
      "answer_6": 4.817338325649028
    },
    "query_3": {
      "answer_1": 5.6354757701539535,
      "answer_2": 5.468631367712231,
      "answer_3": 11.449302027170763,
      "answer_4": 4.7611812718711715,
      "answer_5": 6.3814756488227555,
      "answer_6": 5.685513385191073
    },
    "query_4": {
      "answer_1": 6.439033567193311,
      "answer_2": 6.458642127905252,
      "answer_3": 7.018306407906274,
      "answer_4": 15.03081005452413,
      "answer_5": 6.662104315463072,
      "answer_6": 8.619757715412005
    },
    "query_5": {
      "answer_1": 6.570616546721418,
      "answer_2": 4.461371568830551,
      "answer_3": 6.329342593939564,
      "answer_4": 5.102169226411551,
      "answer_5": 15.681919046230295,
      "answer_6": 3.7596257139547933
    },
    "query_6": {
      "answer_1": 4.410066323470373,
      "answer_2": 3.8962151230216957,
      "answer_3": 3.8534009457441205,
      "answer_4": 5.529909407203009,
      "answer_5": 5.310555803348587,
      "answer_6": 12.409754057828351
    }
  }
}