{
  "entity": "Napoleon Bonaparte",
  "scores": {
    "query_1": {
      "answer_1": 8.752358878892178,
      "answer_2": 2.3388751442472824,
      "answer_3": 1.5785820969466928,
      "answer_4": 3.2013771116635352,
      "answer_5": 2.949671543401954,
      "answer_6": 2.1630959274376544
    },
    "query_2": {
      "answer_1": 1.7550368339929925,
      "answer_2": 9.834233998156181,
      "answer_3": 1.6878475829397646,
      "answer_4": 2.2214329850034087,
      "answer_5": 1.854756026607036,
      "answer_6": 3.730727284175119
    },
    "query_3": {
      "answer_1": 3.6902665346900183,
      "answer_2": 3.5591391988234147,
      "answer_3": 9.89693372611596,
      "answer_4": 3.0712424406210705,
      "answer_5": 2.2311134769268683,
      "answer_6": 2.747345555677521
    },
    "query_4": {
      "answer_1": 4.381766080540818,
      "answer_2": 3.5200868637324123,
      "answer_3": 4.740311311127697,
      "answer_4": 8.159129073732585,
      "answer_5": 2.957544253982537,
      "answer_6": 4.357521557457153
    },
    "query_5": {
      "answer_1": 3.588572729959183,
      "answer_2": 2.8745465847779963,
      "answer_3": 2.1135919121848934,
      "answer_4": 2.931275976488968,
      "answer_5": 12.992982244323805,
      "answer_6": 2.684393656927606
    },
    "query_6": {
      "answer_1": 2.840461460563868,
      "answer_2": 2.530451519501118,
      "answer_3": 2.196410049410056,
      "answer_4": 3.547432746784271,
      "answer_5": 2.566382124997472,
      "answer_6": 11.501893662101095
    }
  }
}