{
  "entity": "Napoleon Bonaparte",
  "scores": {
    "query_1": {
      "answer_1": 10.752685750997443,
      "answer_2": 2.0932564276088534,
      "answer_3": 2.472952316900185,
      "answer_4": 1.906160565484163,
      "answer_5": 2.9779575471732884,
      "answer_6": 2.276867835599252
    },
    "query_2": {
      "answer_1": 3.3594118906158483,
      "answer_2": 10.216619325107425,
      "answer_3": 3.091371360712528,
      "answer_4": 3.5247763558545167,
      "answer_5": 2.6484337817607724,
      "answer_6": 2.871434296786072
    },
    "query_3": {
      "answer_1": 4.506935645055354,
      "answer_2": 5.496403263397383,
      "answer_3": 10.91768294562697,
      "answer_4": 6.36390677385768,
      "answer_5": 4.492904176770488,
      "answer_6": 5.5013082264512745
    },
    "query_4": {
      "answer_1": 5.590958595692771,
      "answer_2": 5.350245366170836,
      "answer_3": 7.214355172138285,
      "answer_4": 11.558717496070692,
      "answer_5": 4.914212891298671,
      "answer_6": 4.359682017424905
    },
    "query_5": {
      "answer_1": 3.254949461053436,
      "answer_2": 3.344709395255449,
      "answer_3": 3.6198485255237536,
      "answer_4": 4.3706956778296995,
      "answer_5": 14.667965072252453,
      "answer_6": 2.9320381882765263
    },
    "query_6": {
      "answer_1": 3.442380508841787,
      "answer_2": 4.025030460109729,
      "answer_3": 4.083952624226615,
      "answer_4": 4.865267915844523,
      "answer_5": 3.649476395196742,
      "answer_6": 11.255024942220613
    }
  }
}