{
  "entity": "Napoleon Bonaparte",
  "scores": {
    "query_1": {
      "answer_1": 12.859952097731394,
      "answer_2": 2.18636372551598,
      "answer_3": 2.159848395991869,
      "answer_4": 1.857794086555436,
      "answer_5": 4.229943658188992,
      "answer_6": 2.052866610776352
    },
    "query_2": {
      "answer_1": 4.044750089771428,
      "answer_2": 9.687417064711406,
      "answer_3": 3.225162537705044,
      "answer_4": 3.0497736332495173,
      "answer_5": 2.7424654504290156,
      "answer_6": 2.503046464500436
    },
    "query_3": {
      "answer_1": 4.980298262712839,
      "answer_2": 4.454756984706489,
      "answer_3": 10.478334508686924,
      "answer_4": 4.2880686550674385,
      "answer_5": 3.7594584716343764,
      "answer_6": 4.189249168154109
    },
    "query_4": {
      "answer_1": 4.125710866551242,
      "answer_2": 3.9805336998622884,
      "answer_3": 5.47942289493468,
      "answer_4": 8.950038031405423,
      "answer_5": 3.7095617699537144,
      "answer_6": 4.06800003023134
    },
    "query_5": {
      "answer_1": 5.715356231299499,
      "answer_2": 5.117938195470238,
      "answer_3": 4.465667513894391,
      "answer_4": 4.050854057378653,
      "answer_5": 16.889389200843567,
      "answer_6": 4.287819118143385
    },
    "query_6": {
      "answer_1": 4.7332990919997,
      "answer_2": 4.871854906833504,
      "answer_3": 4.911434261106667,
      "answer_4": 6.083392893971219,
      "answer_5": 6.523987125732949,
      "answer_6": 13.365743939990415
    }
  }
}