{
  "entity": "Napoleon Bonaparte",
  "scores": {
    "query_1": {
      "answer_1": 13.391318768441733,
      "answer_2": 2.455417114425319,
      "answer_3": 2.294218595280193,
      "answer_4": 1.8791949050337071,
      "answer_5": 2.8864932013781663,
      "answer_6": 1.9977012320751049
    },
    "query_2": {
      "answer_1": 3.1515287247023953,
      "answer_2": 12.819064739574836,
      "answer_3": 3.320154173806894,
      "answer_4": 2.8123554857466693,
      "answer_5": 3.3002464006276435,
      "answer_6": 3.4591947957265687
    },
    "query_3": {
      "answer_1": 4.613413241421947,
      "answer_2": 3.9345789878614617,
      "answer_3": 8.443827166615424,
      "answer_4": 4.69043789230221,
      "answer_5": 4.445844835432102,
      "answer_6": 4.6933954727036165
    },
    "query_4": {
      "answer_1": 4.303022727236947,
      "answer_2": 4.151248734694942,
      "answer_3": 5.20780282531498,
      "answer_4": 10.432492044888047,
      "answer_5": 5.812128109752388,
      "answer_6": 4.056353385018604
    },
    "query_5": {
      "answer_1": 2.515294858330737,
      "answer_2": 2.727158217227395,
      "answer_3": 3.8240550097319446,
      "answer_4": 2.2500550033544955,
      "answer_5": 16.201215702080088,
      "answer_6": 2.8903341956736495
    },
    "query_6": {
      "answer_1": 3.939518956608148,
      "answer_2": 4.995312877313712,
      "answer_3": 3.7106746358718,
      "answer_4": 8.113938501229287,
      "answer_5": 3.172254481298676,
      "answer_6": 11.990059837318581
    }
  }
}