{
  "entity": "Napoleon Bonaparte",
  "scores": {
    "query_1": {
      "answer_1": 12.69283603979566,
      "answer_2": 3.3772709598163346,
      "answer_3": 3.237510890573877,
      "answer_4": 2.2264842681974284,
      "answer_5": 5.104209615133592,
      "answer_6": 2.7568363683505046
    },
    "query_2": {
      "answer_1": 5.489418785686516,
      "answer_2": 9.695923040608374,
      "answer_3": 5.120830840895165,
      "answer_4": 3.1333130922095656,
      "answer_5": 3.46579247583223,
      "answer_6": 3.024807144288249
    },
    "query_3": {
      "answer_1": 4.375058944650901,
      "answer_2": 5.071352503365049,
      "answer_3": 11.841076287807544,
      "answer_4": 3.9362532803743875,
      "answer_5": 4.993761811059515,
      "answer_6": 3.712444041546327
    },
    "query_4": {
      "answer_1": 3.1940905238663033,
      "answer_2": 3.2661336021224114,
      "answer_3": 3.4759063513368993,
      "answer_4": 14.555588090797782,
      "answer_5": 2.7326018045881058,
      "answer_6": 3.058914657590465
    },
    "query_5": {
      "answer_1": 5.3792553216752035,
      "answer_2": 5.680899889457632,
      "answer_3": 4.9137976586297745,
      "answer_4": 3.785170130092748,
      "answer_5": 20.868803431013077,
      "answer_6": 4.768795963727379
    },
    "query_6": {
      "answer_1": 5.453187047930816,
      "answer_2": 5.331586594811298,
      "answer_3": 6.099965399995715,
      "answer_4": 6.0134016954830285,
      "answer_5": 6.594716094285159,
      "answer_6": 11.94855692443804
    }
  }
}