{
  "entity": "Napoleon Bonaparte",
  "scores": {
    "query_1": {
      "answer_1": 11.271424543198888,
      "answer_2": 3.470800616638741,
      "answer_3": 2.650144135639226,
      "answer_4": 2.2812131311166084,
      "answer_5": 4.353779392950349,
      "answer_6": 3.0610944393816113
    },
    "query_2": {
      "answer_1": 3.5183456572091467,
      "answer_2": 12.952507609581629,
      "answer_3": 4.193279395024732,
      "answer_4": 2.8289891839058416,
      "answer_5": 3.288839587359967,
      "answer_6": 3.5994642487256807
    },
    "query_3": {
      "answer_1": 4.856828729041587,
      "answer_2": 4.830730401889891,
      "answer_3": 9.140147070996294,
      "answer_4": 4.962868921146605,
      "answer_5": 4.23708286096642,
      "answer_6": 4.706747492821548
    },
    "query_4": {
      "answer_1": 4.200228721946017,
      "answer_2": 4.690822890459914,
      "answer_3": 5.764097774160837,
      "answer_4": 8.520920684460462,
      "answer_5": 4.782352861998864,
      "answer_6": 7.001313251305866
    },
    "query_5": {
      "answer_1": 3.7302277883716437,
      "answer_2": 5.091279025439393,
      "answer_3": 3.7254358240094687,
      "answer_4": 2.976911411919202,
      "answer_5": 17.37817368112163,
      "answer_6": 4.712716346431634
    },
    "query_6": {
      "answer_1": 4.56331520180066,
      "answer_2": 5.749842449865257,
      "answer_3": 4.706549730947152,
      "answer_4": 6.23247243653602,
      "answer_5": 6.674486600286872,
      "answer_6": 21.489434520329745
    }
  }
}