{
  "entity": "Napoleon Bonaparte",
  "scores": {
    "query_1": {
      "answer_1": 13.070418662039497,
      "answer_2": 2.857366730150291,
      "answer_3": 2.1979277965177895,
      "answer_4": 2.583586158217507,
      "answer_5": 2.232983319910029,
      "answer_6": 3.3737705562845837
    },
    "query_2": {
      "answer_1": 3.3810447478941112,
      "answer_2": 10.15275069336879,
      "answer_3": 4.109567940293707,
      "answer_4": 2.8002171513004392,
      "answer_5": 4.048479103000389,
      "answer_6": 3.1061981856364103
    },
    "query_3": {
      "answer_1": 6.877181945886983,
      "answer_2": 6.100570187787335,
      "answer_3": 12.729131508997382,
      "answer_4": 4.8374186220955115,
      "answer_5": 4.983302563742742,
      "answer_6": 5.3191550120782605
    },
    "query_4": {
      "answer_1": 6.243176523721293,
      "answer_2": 5.232588235202247,
      "answer_3": 8.088708960308178,
      "answer_4": 10.167702203054132,
      "answer_5": 6.915921131807984,
      "answer_6": 4.88676591550831
    },
    "query_5": {
      "answer_1": 4.1734689867704144,
      "answer_2": 4.1073173279256014,
      "answer_3": 3.9694650820901156,
      "answer_4": 3.263591358399043,
      "answer_5": 10.915854621629776,
      "answer_6": 5.015064405412844
    },
    "query_6": {
      "answer_1": 4.191052808729003,
      "answer_2": 4.318993958398102,
      "answer_3": 4.2123528498710865,
      "answer_4": 5.798506984373055,
      "answer_5": 3.6852989882887095,
      "answer_6": 6.340923206771147
    }
  }
}