{
  "entity": "Napoleon Bonaparte",
  "scores": {
    "query_1": {
      "answer_1": 10.600342221517364,
      "answer_2": 2.4027120163777975,
      "answer_3": 2.3177095624980284,
      "answer_4": 3.824592139628182,
      "answer_5": 3.8053013352324574,
      "answer_6": 3.7991081895973102
    },
    "query_2": {
      "answer_1": 3.809732858313097,
      "answer_2": 9.6662794277024,
      "answer_3": 3.6470401847661305,
      "answer_4": 3.5457218827321144,
      "answer_5": 3.036580666670609,
      "answer_6": 5.644349353328766
    },
    "query_3": {
      "answer_1": 6.979313989743791,
      "answer_2": 6.899681120924511,
      "answer_3": 13.235438960951079,
      "answer_4": 7.345210646212372,
      "answer_5": 5.9951992838691375,
      "answer_6": 5.872381403591793
    },
    "query_4": {
      "answer_1": 4.905719323119445,
      "answer_2": 4.580716506795902,
      "answer_3": 4.986146657029324,
      "answer_4": 13.718961030211858,
      "answer_5": 5.538211736091302,
      "answer_6": 7.227769345678391
    },
    "query_5": {
      "answer_1": 4.9936123462910285,
      "answer_2": 4.283951098806262,
      "answer_3": 3.4327533303946667,
      "answer_4": 3.5667823475913574,
      "answer_5": 17.02612920538355,
      "answer_6": 5.2014141850282805
    },
    "query_6": {
      "answer_1": 4.41047877394492,
      "answer_2": 4.050742423055854,
      "answer_3": 4.988164449605152,
      "answer_4": 5.335404487281106,
      "answer_5": 4.144232327295092,
      "answer_6": 18.624087667854432
    }
  }
}