{
  "entity": "Napoleon Bonaparte",
  "scores": {
    "query_1": {
      "answer_1": 9.428551107406607,
      "answer_2": 2.279384927625656,
      "answer_3": 3.370247054808768,
      "answer_4": 2.142986220751356,
      "answer_5": 3.895570624285548,
      "answer_6": 3.5165165523836484
    },
    "query_2": {
      "answer_1": 3.0034494621878896,
      "answer_2": 10.419026538876938,
      "answer_3": 3.8024200435578672,
      "answer_4": 2.42997996632205,
      "answer_5": 1.9040539761862951,
      "answer_6": 2.3671514160955436
    },
    "query_3": {
      "answer_1": 5.481112394993011,
      "answer_2": 5.149804508621552,
      "answer_3": 15.574943691678454,
      "answer_4": 5.166881951693326,
      "answer_5": 4.634122924384133,
      "answer_6": 5.3652267651846195
    },
    "query_4": {
      "answer_1": 4.350821629873762,
      "answer_2": 4.444164562498977,
      "answer_3": 5.084754939193507,
      "answer_4": 13.105216430289339,
      "answer_5": 5.202662974116412,
      "answer_6": 5.430635516877505
    },
    "query_5": {
      "answer_1": 4.228432014659642,
      "answer_2": 3.6943693601988454,
      "answer_3": 3.3800160846366216,
      "answer_4": 2.9756406774739688,
      "answer_5": 14.778139959709266,
      "answer_6": 4.962743322862111
    },
    "query_6": {
      "answer_1": 4.08057616600928,
      "answer_2": 3.2408944695181874,
      "answer_3": 2.764384495261848,
      "answer_4": 4.1992595830611785,
      "answer_5": 2.6061174099279127,
      "answer_6": 12.138304014882575
    }
  }
}