{
  "entity": "Napoleon Bonaparte",
  "scores": {
    "query_1": {
      "answer_1": 9.37600823954445,
      "answer_2": 2.7902783404338205,
      "answer_3": 1.8523618377328281,
      "answer_4": 1.865646227058272,
      "answer_5": 3.3291530480407383,
      "answer_6": 1.59977451265995
    },
    "query_2": {
      "answer_1": 3.6370203943894346,
      "answer_2": 9.011002775811251,
      "answer_3": 4.122320249648296,
      "answer_4": 2.9918192744835626,
      "answer_5": 4.091982232661295,
      "answer_6": 2.5350404833351767
    },
    "query_3": {
      "answer_1": 4.100288302678608,
      "answer_2": 3.528624603635342,
      "answer_3": 10.836366448375461,
      "answer_4": 2.9656739211287153,
      "answer_5": 5.534143616927496,
      "answer_6": 2.2575410518582233
    },
    "query_4": {
      "answer_1": 3.8794575465126093,
      "answer_2": 4.920713112168637,
      "answer_3": 6.728700594199023,
      "answer_4": 13.901721129326912,
      "answer_5": 5.341952276582378,
      "answer_6": 5.273729213951116
    },
    "query_5": {
      "answer_1": 1.9533369736562443,
      "answer_2": 2.2214903991085553,
      "answer_3": 2.510593240527845,
      "answer_4": 1.7939638120186903,
      "answer_5": 13.297734829102692,
      "answer_6": 1.0621513919351062
    },
    "query_6": {
      "answer_1": 4.434438547744816,
      "answer_2": 4.151025479224944,
      "answer_3": 5.322216335337249,
      "answer_4": 7.231086445098488,
      "answer_5": 3.7759554784300358,
      "answer_6": 16.44079874821146
    }
  }
}