{
  "entity": "Napoleon Bonaparte",
  "scores": {
    "query_1": {
      "answer_1": 9.11116213506413,
      "answer_2": 2.0467627204606544,
      "answer_3": 2.0828744545798226,
      "answer_4": 1.869827679391018,
      "answer_5": 3.5709502370372226,
      "answer_6": 2.1271172296899743
    },
    "query_2": {
      "answer_1": 2.9019142704081937,
      "answer_2": 12.978708482695236,
      "answer_3": 2.2379326175651713,
      "answer_4": 2.1884252900514367,
      "answer_5": 2.6740809953958804,
      "answer_6": 2.3882197660028606
    },
    "query_3": {
      "answer_1": 4.05869333607,
      "answer_2": 6.557610464789726,
      "answer_3": 12.865269985004074,
      "answer_4": 5.237139509635094,
      "answer_5": 3.512182323352878,
      "answer_6": 4.3069972001427645
    },
    "query_4": {
      "answer_1": 4.702326520011702,
      "answer_2": 4.53807619041431,
      "answer_3": 5.71539763719597,
      "answer_4": 10.813457729175889,
      "answer_5": 4.359968318187327,
      "answer_6": 4.098386412480421
    },
    "query_5": {
      "answer_1": 5.578255295611043,
      "answer_2": 4.276219601094814,
      "answer_3": 4.067459117080233,
      "answer_4": 4.466109942005135,
      "answer_5": 14.423258250787697,
      "answer_6": 4.972005515116009
    },
    "query_6": {
      "answer_1": 3.4606612976990077,
      "answer_2": 4.228425503663823,
      "answer_3": 3.518177019812588,
      "answer_4": 6.541121097483618,
      "answer_5": 3.5027972415959328,
      "answer_6": 14.546026505472376
    }
  }
}