{
  "entity": "Napoleon Bonaparte",
  "scores": {
    "query_1": {
      "answer_1": 13.798329894290756,
      "answer_2": 2.2797115835260686,
      "answer_3": 2.8428332814503667,
      "answer_4": 2.8317667238370188,
      "answer_5": 5.648622437755283,
      "answer_6": 2.77742245098886
    },
    "query_2": {
      "answer_1": 4.558758086920206,
      "answer_2": 9.83767605844353,
      "answer_3": 5.233051173306868,
      "answer_4": 3.091623230660712,
      "answer_5": 4.56604839123213,
      "answer_6": 4.645383666089499
    },
    "query_3": {
      "answer_1": 5.783963948538089,
      "answer_2": 5.891914866382531,
      "answer_3": 11.520342729452093,
      "answer_4": 4.610691545007017,
      "answer_5": 5.444412724889334,
      "answer_6": 6.341349730813207
    },
    "query_4": {
      "answer_1": 6.630845708302948,
      "answer_2": 5.930672733586817,
      "answer_3": 6.0361263147867685,
      "answer_4": 14.047596635460303,
      "answer_5": 5.3274022409394775,
      "answer_6": 5.872022153001564
    },
    "query_5": {
      "answer_1": 6.663245558109741,
      "answer_2": 6.072765655356901,
      "answer_3": 6.2966485676324675,
      "answer_4": 5.992276865779621,
      "answer_5": 16.256115557028277,
      "answer_6": 8.543760197356615
    },
    "query_6": {
      "answer_1": 5.472927306381809,
      "answer_2": 5.35713339115832,
      "answer_3": 4.683981302090282,
      "answer_4": 6.498966030315167,
      "answer_5": 5.05810163726048,
      "answer_6": 16.23907421453551
    }
  }
}