{
  "entity": "Napoleon Bonaparte",
  "scores": {
    "query_1": {
      "answer_1": 10.277293153733515,
      "answer_2": 4.176831412287554,
      "answer_3": 3.417466780016928,
      "answer_4": 3.0147207578070163,
      "answer_5": 3.5417664952202514,
      "answer_6": 3.7819325232240373
    },
    "query_2": {
      "answer_1": 6.092797816499712,
      "answer_2": 7.59751601563426,
      "answer_3": 3.991457322528621,
      "answer_4": 3.271257558196678,
      "answer_5": 6.096205857159317,
      "answer_6": 5.081613548989573
    },
    "query_3": {
      "answer_1": 4.319675186590534,
      "answer_2": 4.574290938353447,
      "answer_3": 11.599727701533727,
      "answer_4": 4.875512957514742,
      "answer_5": 6.37718307423519,
      "answer_6": 4.5525631763485315
    },
    "query_4": {
      "answer_1": 4.462250442626433,
      "answer_2": 5.2498655220108335,
      "answer_3": 4.779690969062525,
      "answer_4": 15.648880187927936,
      "answer_5": 5.628714110861326,
      "answer_6": 6.631392394538977
    },
    "query_5": {
      "answer_1": 2.4516699704927873,
      "answer_2": 2.603761453113941,
      "answer_3": 3.820753503290299,
      "answer_4": 2.9604807821993857,
      "answer_5": 10.821650378311665,
      "answer_6": 4.357257514015501
    },
    "query_6": {
      "answer_1": 3.079063930279959,
      "answer_2": 2.951234633465397,
      "answer_3": 3.544934635166331,
      "answer_4": 3.8643439262749317,
      "answer_5": 3.608103549143104,
      "answer_6": 14.218284648972606
    }
  }
}