{
  "entity": "Napoleon Bonaparte",
  "scores": {
    "query_1": {
      "answer_1": 11.031684266194791,
      "answer_2": 2.6685354916669444,
      "answer_3": 3.0170432957948283,
      "answer_4": 3.690915416233481,
      "answer_5": 5.1806380142913495,
      "answer_6": 2.959055555265678
    },
    "query_2": {
      "answer_1": 4.302820946836674,
      "answer_2": 12.16912426952748,
      "answer_3": 4.431243937382182,
      "answer_4": 4.15641693655883,
      "answer_5": 3.587235979561172,
      "answer_6": 3.0888161063734016
    },
    "query_3": {
      "answer_1": 5.981096565022931,
      "answer_2": 5.805380563398277,
      "answer_3": 15.114976495975922,
      "answer_4": 8.855464260462167,
      "answer_5": 9.033329672309154,
      "answer_6": 5.7463017561227385
    },
    "query_4": {
      "answer_1": 5.0080190111917675,
      "answer_2": 4.56890708632379,
      "answer_3": 5.719475454546178,
      "answer_4": 13.259349830283263,
      "answer_5": 4.255581205352759,
      "answer_6": 6.581793027186863
    },
    "query_5": {
      "answer_1": 3.12538841917677,
      "answer_2": 3.6078620655908673,
      "answer_3": 3.0684815402551577,
      "answer_4": 2.91123463664733,
      "answer_5": 12.47363318131522,
      "answer_6": 2.7796912502716014
    },
    "query_6": {
      "answer_1": 5.232279762180258,
      "answer_2": 5.200346048585689,
      "answer_3": 5.305843712229061,
      "answer_4": 6.829866693724254,
      "answer_5": 4.786701172305515,
      "answer_6": 14.320341521328444
    }
  }
}