{
  "entity": "Napoleon Bonaparte",
  "scores": {
    "query_1": {
      "answer_1": 8.10465927226138,
      "answer_2": 1.8754516136066732,
      "answer_3": 1.4990295833724046,
      "answer_4": 1.9567783631718296,
      "answer_5": 1.8651898843947596,
      "answer_6": 1.9452724436575695
    },
    "query_2": {
      "answer_1": 3.486682455333081,
      "answer_2": 8.56485840413031,
      "answer_3": 2.579566277380912,
      "answer_4": 2.2263411011075793,
      "answer_5": 1.7334409823883712,
      "answer_6": 1.7824182554302137
    },
    "query_3": {
      "answer_1": 4.414850928830908,
      "answer_2": 3.5044661611561256,
      "answer_3": 11.228298630150816,
      "answer_4": 2.7182279369070126,
      "answer_5": 3.5757603986202198,
      "answer_6": 2.6477543261273224
    },
    "query_4": {
      "answer_1": 3.3544620820915063,
      "answer_2": 3.1378529634540846,
      "answer_3": 3.70843831831547,
      "answer_4": 10.18091290920666,
      "answer_5": 2.7143632132269193,
      "answer_6": 2.6828532202664555
    },
    "query_5": {
      "answer_1": 3.415428433395845,
      "answer_2": 2.303696034299028,
      "answer_3": 1.9678196057474495,
      "answer_4": 2.9877906748427616,
      "answer_5": 9.474245748963638,
      "answer_6": 2.313420539225629
    },
    "query_6": {
      "answer_1": 4.00842498428829,
      "answer_2": 3.2313510717169383,
      "answer_3": 2.6258144594510378,
      "answer_4": 3.503667239249764,
      "answer_5": 2.513740499139158,
      "answer_6": 4.032526188363313
    }
  }
}