{
  "entity": "Napoleon Bonaparte",
  "scores": {
    "query_1": {
      "answer_1": 12.65213081116137,
      "answer_2": 2.0174561784950655,
      "answer_3": 2.0017192376423405,
      "answer_4": 1.5949512690721188,
      "answer_5": 3.1457229633537143,
      "answer_6": 1.911825811015403
    },
    "query_2": {
      "answer_1": 3.947327995568696,
      "answer_2": 9.391581343644072,
      "answer_3": 3.035713653872067,
      "answer_4": 2.150184459882547,
      "answer_5": 1.7926933348473817,
      "answer_6": 3.4210382344732797
    },
    "query_3": {
      "answer_1": 3.6461081167081733,
      "answer_2": 3.509519326556172,
      "answer_3": 9.083181933011847,
      "answer_4": 3.8942156735055606,
      "answer_5": 3.0501077903443097,
      "answer_6": 2.9746400766942447
    },
    "query_4": {
      "answer_1": 2.6930676524785824,
      "answer_2": 3.173515189622505,
      "answer_3": 3.6621255985747534,
      "answer_4": 12.203535382538785,
      "answer_5": 3.277390059303803,
      "answer_6": 3.7013497628581358
    },
    "query_5": {
      "answer_1": 3.1214892902646216,
      "answer_2": 2.9368745449652724,
      "answer_3": 3.23036686772026,
      "answer_4": 2.4560921409354157,
      "answer_5": 16.308346965563334,
      "answer_6": 2.9128155505607802
    },
    "query_6": {
      "answer_1": 2.616349082591831,
      "answer_2": 3.4290629362552343,
      "answer_3": 4.173825538218014,
      "answer_4": 3.7957295446336428,
      "answer_5": 2.148892110024675,
      "answer_6": 12.664510963740724
    }
  }
}