{
  "entity": "Napoleon Bonaparte",
  "scores": {
    "query_1": {
      "answer_1": 6.607991763794961,
      "answer_2": 1.9216076507740163,
      "answer_3": 2.37165681713774,
      "answer_4": 1.3308629402306806,
      "answer_5": 2.2259546717472776,
      "answer_6": 1.9205605851764247
    },
    "query_2": {
      "answer_1": 1.9928889251586432,
      "answer_2": 10.299271201070551,
      "answer_3": 3.125912829141928,
      "answer_4": 2.8539307039106516,
      "answer_5": 1.505543913425056,
      "answer_6": 1.9205605851764247
    },
    "query_3": {
      "answer_1": 5.101678681633064,
      "answer_2": 3.415823724860704,
      "answer_3": 8.964796511707114,
      "answer_4": 3.954855507755804,
      "answer_5": 2.166195574804308,
      "answer_6": 4.29691008903257
    },
    "query_4": {
      "answer_1": 2.457246978003108,
      "answer_2": 2.457506885020368,
      "answer_3": 3.6063864479169734,
      "answer_4": 9.342886684591697,
      "answer_5": 4.500419359099384,
      "answer_6": 3.7426853742163466
    },
    "query_5": {
      "answer_1": 2.6115809364934024,
      "answer_2": 3.636078916312439,
      "answer_3": 2.798063723608747,
      "answer_4": 2.364205716522039,
      "answer_5": 11.224074214962107,
      "answer_6": 2.3511140742063072
    },
    "query_6": {
      "answer_1": 2.285608232836087,
      "answer_2": 2.7130040274507996,
      "answer_3": 2.470214618075566,
      "answer_4": 2.2847249209284812,
      "answer_5": 3.517152165060301,
      "answer_6": 10.638771644152037
    }
  }
}