{
  "entity": "Napoleon Bonaparte",
  "scores": {
    "query_1": {
      "answer_1": 10.753717471777163,
      "answer_2": 2.714585218795074,
      "answer_3": 2.718292801276068,
      "answer_4": 1.912526281550161,
      "answer_5": 2.750136716613474,
      "answer_6": 1.962009364638436
    },
    "query_2": {
      "answer_1": 3.5086001418190715,
      "answer_2": 10.272782486724802,
      "answer_3": 3.391027904965768,
      "answer_4": 2.355635183620357,
      "answer_5": 3.4167928670099883,
      "answer_6": 3.357846905980932
    },
    "query_3": {
      "answer_1": 5.176966517328741,
      "answer_2": 5.239196690982009,
      "answer_3": 10.302643704438074,
      "answer_4": 5.5465736937703705,
      "answer_5": 6.100628805520115,
      "answer_6": 4.835427808955966
    },
    "query_4": {
      "answer_1": 5.248934144026379,
      "answer_2": 4.169552157253791,
      "answer_3": 7.143529149452825,
      "answer_4": 8.684388130353831,
      "answer_5": 5.370515078934057,
      "answer_6": 4.7683414361072165
    },
    "query_5": {
      "answer_1": 3.8732902979417494,
      "answer_2": 3.9419221929480446,
      "answer_3": 4.4315539857135064,
      "answer_4": 3.403993824625921,
      "answer_5": 13.304886088955133,
      "answer_6": 3.3150771079213897
    },
    "query_6": {
      "answer_1": 4.493803006389506,
      "answer_2": 3.0293552182108634,
      "answer_3": 3.6067406748165154,
      "answer_4": 3.067662416683658,
      "answer_5": 2.562335931974658,
      "answer_6": 11.169677755745669
    }
  }
}