{
  "entity": "Napoleon Bonaparte",
  "scores": {
    "query_1": {
      "answer_1": 11.885994307600726,
      "answer_2": 2.527836791793056,
      "answer_3": 2.3639059601051073,
      "answer_4": 3.001165478560706,
      "answer_5": 4.291923988424151,
      "answer_6": 5.490832929585891
    },
    "query_2": {
      "answer_1": 3.0516575902228165,
      "answer_2": 13.960159468515425,
      "answer_3": 4.442295164745243,
      "answer_4": 2.5845568505752956,
      "answer_5": 6.049421900035381,
      "answer_6": 4.254703856699023
    },
    "query_3": {
      "answer_1": 5.10837376666488,
      "answer_2": 5.020351495818776,
      "answer_3": 11.443874200594461,
      "answer_4": 5.3728033783714615,
      "answer_5": 6.457912859234729,
      "answer_6": 7.599252399325136
    },
    "query_4": {
      "answer_1": 5.498986047760783,
      "answer_2": 5.917923291595813,
      "answer_3": 5.461611711596745,
      "answer_4": 18.075647858522963,
      "answer_5": 6.205526562155733,
      "answer_6": 12.106451192166963
    },
    "query_5": {
      "answer_1": 4.164323239218764,
      "answer_2": 3.8505509602027184,
      "answer_3": 3.5811181614182477,
      "answer_4": 3.226925273786288,
      "answer_5": 18.515665588069844,
      "answer_6": 5.621095767323029
    },
    "query_6": {
      "answer_1": 2.8138922467659784,
      "answer_2": 4.373176912789927,
      "answer_3": 2.9406472507451236,
      "answer_4": 4.653874213944866,
      "answer_5": 2.905769632783073,
      "answer_6": 11.756762809867492
    }
  }
}