{
  "entity": "Napoleon Bonaparte",
  "scores": {
    "query_1": {
      "answer_1": 13.57207983821819,
      "answer_2": 2.243275892409997,
      "answer_3": 2.3797089287151545,
      "answer_4": 2.301292595014402,
      "answer_5": 3.535455365575241,
      "answer_6": 3.6422054723143864
    },
    "query_2": {
      "answer_1": 4.373977637663905,
      "answer_2": 13.977467358214492,
      "answer_3": 4.1964877288711655,
      "answer_4": 2.7274520689779185,
      "answer_5": 4.2146873575383434,
      "answer_6": 2.5888256568047368
    },
    "query_3": {
      "answer_1": 5.299536098561694,
      "answer_2": 4.707163892945658,
      "answer_3": 12.17102305759331,
      "answer_4": 5.1990052418740005,
      "answer_5": 4.2122179909096396,
      "answer_6": 5.145345371338438
    },
    "query_4": {
      "answer_1": 3.31980254769714,
      "answer_2": 4.174186635699431,
      "answer_3": 5.13018759341616,
      "answer_4": 9.206538236070172,
      "answer_5": 4.4919977439399235,
      "answer_6": 4.814307918619908
    },
    "query_5": {
      "answer_1": 3.683425967380272,
      "answer_2": 4.729436707567503,
      "answer_3": 3.644679784702486,
      "answer_4": 4.385573806065256,
      "answer_5": 16.30974538664764,
      "answer_6": 3.600465831907427
    },
    "query_6": {
      "answer_1": 4.364929215401681,
      "answer_2": 6.082273651359058,
      "answer_3": 4.285878396867602,
      "answer_4": 4.988581748730435,
      "answer_5": 4.939568775862294,
      "answer_6": 13.78534311730807
    }
  }
}