{
  "entity": "Napoleon Bonaparte",
  "scores": {
    "query_1": {
      "answer_1": 10.267379531369063,
      "answer_2": 3.0569048027831727,
      "answer_3": 2.0975433843025426,
      "answer_4": 1.860064446947312,
      "answer_5": 4.189242967337402,
      "answer_6": 2.195944678030353
    },
    "query_2": {
      "answer_1": 4.348594864681468,
      "answer_2": 11.148882581763509,
      "answer_3": 4.946218078039487,
      "answer_4": 2.2908075143338533,
      "answer_5": 2.679989743973866,
      "answer_6": 3.649463666797172
    },
    "query_3": {
      "answer_1": 4.42532195575778,
      "answer_2": 6.996161212283663,
      "answer_3": 12.0735438511706,
      "answer_4": 4.923460483948247,
      "answer_5": 5.471599206009024,
      "answer_6": 4.9355633129286955
    },
    "query_4": {
      "answer_1": 4.391802733589113,
      "answer_2": 4.981282581052235,
      "answer_3": 5.292671671957752,
      "answer_4": 12.175805698044961,
      "answer_5": 8.915101737121807,
      "answer_6": 5.7346875668659525
    },
    "query_5": {
      "answer_1": 4.756319303177165,
      "answer_2": 3.9107202193344874,
      "answer_3": 3.188021815252005,
      "answer_4": 2.917875502388823,
      "answer_5": 14.289533331325009,
      "answer_6": 6.22322145782259
    },
    "query_6": {
      "answer_1": 3.611809914337342,
      "answer_2": 3.3323972334638254,
      "answer_3": 3.102037666599995,
      "answer_4": 2.0477380485974033,
      "answer_5": 4.013579971339994,
      "answer_6": 12.262125148637256
    }
  }
}