{
  "entity": "Napoleon Bonaparte",
  "scores": {
    "query_1": {
      "answer_1": 12.43651879461877,
      "answer_2": 2.1131602444629096,
      "answer_3": 3.0686960669679806,
      "answer_4": 2.2834242891794982,
      "answer_5": 5.242801050635304,
      "answer_6": 2.3572651167139647
    },
    "query_2": {
      "answer_1": 4.83141788303943,
      "answer_2": 10.823042620191647,
      "answer_3": 2.9685858307326805,
      "answer_4": 2.8655233589832596,
      "answer_5": 2.3079772285515734,
      "answer_6": 2.748202145249087
    },
    "query_3": {
      "answer_1": 5.859113401829666,
      "answer_2": 5.466396553238714,
      "answer_3": 9.781804408843854,
      "answer_4": 8.92873742941987,
      "answer_5": 4.231405564017586,
      "answer_6": 5.383632030423258
    },
    "query_4": {
      "answer_1": 6.557554720059786,
      "answer_2": 5.0215683682075385,
      "answer_3": 7.19743531906104,
      "answer_4": 9.771469855160424,
      "answer_5": 5.148431635002192,
      "answer_6": 6.182792458496387
    },
    "query_5": {
      "answer_1": 6.286193765418106,
      "answer_2": 5.944791915788573,
      "answer_3": 6.242984019027621,
      "answer_4": 4.957160650333631,
      "answer_5": 17.548795656150393,
      "answer_6": 5.923969582845949
    },
    "query_6": {
      "answer_1": 4.007038099526736,
      "answer_2": 4.2983557506325445,
      "answer_3": 4.4709280087399215,
      "answer_4": 5.823534232243119,
      "answer_5": 5.39247711810766,
      "answer_6": 16.894258832541766
    }
  }
}