{
  "entity": "Napoleon Bonaparte",
  "scores": {
    "query_1": {
      "answer_1": 10.825706464828512,
      "answer_2": 2.028705465722286,
      "answer_3": 2.5071317482841393,
      "answer_4": 1.810034064285879,
      "answer_5": 3.082227308820058,
      "answer_6": 3.3383900211704156
    },
    "query_2": {
      "answer_1": 2.276504910598108,
      "answer_2": 11.88356285754961,
      "answer_3": 3.195863155784336,
      "answer_4": 3.1596624999036242,
      "answer_5": 2.0209182873396734,
      "answer_6": 2.3170826005761054
    },
    "query_3": {
      "answer_1": 4.416988494758953,
      "answer_2": 4.21899585928364,
      "answer_3": 11.329669916968506,
      "answer_4": 3.5991633155886884,
      "answer_5": 3.1409995160506927,
      "answer_6": 4.549074564423718
    },
    "query_4": {
      "answer_1": 4.169321599072298,
      "answer_2": 3.2058110974366567,
      "answer_3": 5.884209598138934,
      "answer_4": 7.520417315148494,
      "answer_5": 3.1810073982509546,
      "answer_6": 4.778949346340048
    },
    "query_5": {
      "answer_1": 3.3492883837498364,
      "answer_2": 2.7883807251306347,
      "answer_3": 2.6715347445742412,
      "answer_4": 2.2645410743364387,
      "answer_5": 12.659155758642841,
      "answer_6": 4.372147707599589
    },
    "query_6": {
      "answer_1": 2.6012431006154655,
      "answer_2": 3.3245962434002516,
      "answer_3": 3.186704479190827,
      "answer_4": 3.5641715726202,
      "answer_5": 2.754498030163189,
      "answer_6": 13.396727527006348
    }
  }
}