{
  "entity": "Winston Churchill",
  "scores": {
    "query_1": {
      "answer_1": 6.576771073297027,
      "answer_2": 2.66641801037967,
      "answer_3": 1.5470967001844904,
      "answer_4": 1.8953943312034238,
      "answer_5": 2.1601684218983292,
      "answer_6": 3.543695578738314
    },
    "query_2": {
      "answer_1": 7.561166634315048,
      "answer_2": 9.855488456647159,
      "answer_3": 2.7490410974374466,
      "answer_4": 3.2774305086983206,
      "answer_5": 3.379146925086094,
      "answer_6": 2.775620374676732
    },
    "query_3": {
      "answer_1": 4.050673762402697,
      "answer_2": 2.0981283399592137,
      "answer_3": 6.140140702893846,
      "answer_4": 2.793283424560153,
      "answer_5": 2.225998516300592,
      "answer_6": 4.102578884733604
    },
    "query_4": {
      "answer_1": 6.043753409159576,
      "answer_2": 3.136971455713512,
      "answer_3": 4.55893781704452,
      "answer_4": 8.338229868662271,
      "answer_5": 4.458537055028349,
      "answer_6": 4.783384992648443
    },
    "query_5": {
      "answer_1": 3.9609018944894547,
      "answer_2": 5.912796709649122,
      "answer_3": 3.7125706767786864,
      "answer_4": 3.5043124101439718,
      "answer_5": 12.295370743389661,
      "answer_6": 4.398812393400969
    },
    "query_6": {
      "answer_1": 3.0106831171066926,
      "answer_2": 3.7919846518703677,
      "answer_3": 2.3689751126257876,
      "answer_4": 2.739483064197056,
      "answer_5": 2.349314841239218,
      "answer_6": 13.244515615520886
    }
  }
}