{
  "entity": "Winston Churchill",
  "scores": {
    "query_1": {
      "answer_1": 9.953722898081347,
      "answer_2": 3.282060672308961,
      "answer_3": 3.5835705996418685,
      "answer_4": 2.2824094317695374,
      "answer_5": 3.9330899909656836,
      "answer_6": 4.14832365296916
    },
    "query_2": {
      "answer_1": 6.580087720926895,
      "answer_2": 10.355114789365068,
      "answer_3": 4.227287235790308,
      "answer_4": 4.140847979086406,
      "answer_5": 4.786860702199593,
      "answer_6": 3.814157229919316
    },
    "query_3": {
      "answer_1": 5.603963334639382,
      "answer_2": 6.224676159998242,
      "answer_3": 10.14459096650705,
      "answer_4": 4.427828365119234,
      "answer_5": 4.2403358960368855,
      "answer_6": 5.959456002363543
    },
    "query_4": {
      "answer_1": 7.239748049221031,
      "answer_2": 8.631723185515702,
      "answer_3": 9.967975625570256,
      "answer_4": 11.697833247360833,
      "answer_5": 7.758915233696971,
      "answer_6": 7.292616755501663
    },
    "query_5": {
      "answer_1": 5.584104207019735,
      "answer_2": 3.9213529073734845,
      "answer_3": 5.405613828647192,
      "answer_4": 4.388997589168655,
      "answer_5": 16.141542059601434,
      "answer_6": 5.43014885324176
    },
    "query_6": {
      "answer_1": 4.613455662914255,
      "answer_2": 3.9586506253311913,
      "answer_3": 3.915095482289689,
      "answer_4": 3.6984143091863673,
      "answer_5": 3.841398419491917,
      "answer_6": 16.720608481666112
    }
  }
}