{
  "entity": "Winston Churchill",
  "scores": {
    "query_1": {
      "answer_1": 9.228222139686432,
      "answer_2": 2.7995668744957856,
      "answer_3": 2.1375119888627343,
      "answer_4": 2.3083240874333844,
      "answer_5": 2.365128251844482,
      "answer_6": 2.7201795607723627
    },
    "query_2": {
      "answer_1": 6.294531307607924,
      "answer_2": 10.133414291192722,
      "answer_3": 4.23113697130584,
      "answer_4": 3.5874662809828393,
      "answer_5": 4.024160518853303,
      "answer_6": 4.45038594125659
    },
    "query_3": {
      "answer_1": 4.232442425164742,
      "answer_2": 3.5023704777340257,
      "answer_3": 9.407615916330835,
      "answer_4": 4.072712027874221,
      "answer_5": 3.2024547310770544,
      "answer_6": 4.429887021403064
    },
    "query_4": {
      "answer_1": 3.1640998719479847,
      "answer_2": 5.139501345775098,
      "answer_3": 3.918897896600216,
      "answer_4": 9.316088260610496,
      "answer_5": 3.4757689419137163,
      "answer_6": 3.20338460717039
    },
    "query_5": {
      "answer_1": 3.7867381842061807,
      "answer_2": 5.436018559210272,
      "answer_3": 3.3462336053771082,
      "answer_4": 5.07428580214475,
      "answer_5": 14.98771526245808,
      "answer_6": 3.2633803272071207
    },
    "query_6": {
      "answer_1": 2.732015485896611,
      "answer_2": 2.747737130940648,
      "answer_3": 2.600614658458016,
      "answer_4": 2.416934977775988,
      "answer_5": 3.6806027062761593,
      "answer_6": 17.17202260040056
    }
  }
}