{
  "entity": "Winston Churchill",
  "scores": {
    "query_1": {
      "answer_1": 5.580821446509506,
      "answer_2": 2.416289658029967,
      "answer_3": 4.001092162604334,
      "answer_4": 2.984462150221355,
      "answer_5": 2.2580994604832174,
      "answer_6": 3.545164193120835
    },
    "query_2": {
      "answer_1": 3.6051168305864447,
      "answer_2": 8.459064634126348,
      "answer_3": 5.237427509220982,
      "answer_4": 2.8644884521271394,
      "answer_5": 2.66386452634561,
      "answer_6": 4.324398522870018
    },
    "query_3": {
      "answer_1": 3.5024548299276783,
      "answer_2": 3.1457092667696958,
      "answer_3": 8.325609557901753,
      "answer_4": 3.28890235281076,
      "answer_5": 2.4371083313810384,
      "answer_6": 3.811030996059872
    },
    "query_4": {
      "answer_1": 3.224162540777545,
      "answer_2": 4.5402460550746895,
      "answer_3": 4.097839770075811,
      "answer_4": 13.838971024607899,
      "answer_5": 3.9956082715641785,
      "answer_6": 3.7873849069065764
    },
    "query_5": {
      "answer_1": 2.986899223003959,
      "answer_2": 3.993066579473911,
      "answer_3": 4.374228802068396,
      "answer_4": 3.569493061522394,
      "answer_5": 9.623723073580308,
      "answer_6": 3.534992736379844
    },
    "query_6": {
      "answer_1": 3.2398715841224046,
      "answer_2": 2.9357628052344515,
      "answer_3": 3.4122320200364338,
      "answer_4": 3.4473264921610465,
      "answer_5": 2.300401742006375,
      "answer_6": 9.14585592856266
    }
  }
}