{
  "entity": "Winston Churchill",
  "scores": {
    "query_1": {
      "answer_1": 8.135152155318995,
      "answer_2": 3.0444533359078845,
      "answer_3": 2.8781399929904663,
      "answer_4": 2.131001589284337,
      "answer_5": 3.548338300454859,
      "answer_6": 3.033063348841194
    },
    "query_2": {
      "answer_1": 6.5701484866562065,
      "answer_2": 10.57846185828954,
      "answer_3": 4.693345671133882,
      "answer_4": 3.768061907114799,
      "answer_5": 3.74653760309024,
      "answer_6": 4.433669091060792
    },
    "query_3": {
      "answer_1": 4.190422056248583,
      "answer_2": 3.497853396520111,
      "answer_3": 11.236578239634955,
      "answer_4": 4.771029116717686,
      "answer_5": 4.707313634094298,
      "answer_6": 4.5676441751088595
    },
    "query_4": {
      "answer_1": 4.964134776746148,
      "answer_2": 4.811027346480346,
      "answer_3": 5.209252295572559,
      "answer_4": 9.352632322762123,
      "answer_5": 6.41593237458996,
      "answer_6": 4.47978170797622
    },
    "query_5": {
      "answer_1": 5.205816782634704,
      "answer_2": 5.103341652644621,
      "answer_3": 4.606554748651944,
      "answer_4": 4.012432279507022,
      "answer_5": 13.943240404465609,
      "answer_6": 3.8394167878466687
    },
    "query_6": {
      "answer_1": 5.3125645052725075,
      "answer_2": 4.678245845793492,
      "answer_3": 4.447938716410799,
      "answer_4": 4.525315521164457,
      "answer_5": 4.975940267369726,
      "answer_6": 18.019302154635902
    }
  }
}