{
  "entity": "Winston Churchill",
  "scores": {
    "query_1": {
      "answer_1": 13.937077321927353,
      "answer_2": 3.3846028751338673,
      "answer_3": 4.353857689062579,
      "answer_4": 2.764729141652307,
      "answer_5": 6.301346203893599,
      "answer_6": 4.262241272518241
    },
    "query_2": {
      "answer_1": 6.020896383175939,
      "answer_2": 9.757646454693141,
      "answer_3": 4.425331386113155,
      "answer_4": 3.9659053775204516,
      "answer_5": 4.324507689966947,
      "answer_6": 4.0997629866525775
    },
    "query_3": {
      "answer_1": 5.800504113712045,
      "answer_2": 6.417457868065798,
      "answer_3": 15.062574390455516,
      "answer_4": 5.51091453390846,
      "answer_5": 7.354637099344718,
      "answer_6": 5.160193434371535
    },
    "query_4": {
      "answer_1": 4.958860705020855,
      "answer_2": 6.9795554354467955,
      "answer_3": 7.307684969136058,
      "answer_4": 10.205602710735166,
      "answer_5": 8.702530078456594,
      "answer_6": 6.163657373941265
    },
    "query_5": {
      "answer_1": 6.149009787831042,
      "answer_2": 4.151421519254111,
      "answer_3": 4.5516365450369225,
      "answer_4": 4.915297628279193,
      "answer_5": 17.215604449893213,
      "answer_6": 6.0997434092137075
    },
    "query_6": {
      "answer_1": 4.067191944928251,
      "answer_2": 4.453303392439459,
      "answer_3": 4.0850284361342,
      "answer_4": 3.656028243737792,
      "answer_5": 6.11332556166439,
      "answer_6": 14.425164106381253
    }
  }
}