{
  "entity": "Winston Churchill",
  "scores": {
    "query_1": {
      "answer_1": 4.983328642365299,
      "answer_2": 4.6533770258499825,
      "answer_3": 6.5448823445721676,
      "answer_4": 2.6594277559422146,
      "answer_5": 2.971153112872204,
      "answer_6": 2.572732395374122
    },
    "query_2": {
      "answer_1": 5.44655482933268,
      "answer_2": 13.216745088828922,
      "answer_3": 3.3930665267444233,
      "answer_4": 2.463175089209068,
      "answer_5": 2.9156188233952074,
      "answer_6": 3.1497747063543367
    },
    "query_3": {
      "answer_1": 2.683338211154877,
      "answer_2": 4.822707661392918,
      "answer_3": 11.791251694348352,
      "answer_4": 3.4743645882001695,
      "answer_5": 2.955580101620698,
      "answer_6": 2.3288327639380415
    },
    "query_4": {
      "answer_1": 2.692502944209663,
      "answer_2": 3.011760865989139,
      "answer_3": 5.18638374533938,
      "answer_4": 8.36156573133776,
      "answer_5": 3.3962643676416135,
      "answer_6": 3.5220731361580673
    },
    "query_5": {
      "answer_1": 4.512020315227259,
      "answer_2": 4.356783867039656,
      "answer_3": 5.280114378500338,
      "answer_4": 5.2158874329386435,
      "answer_5": 11.602618811390952,
      "answer_6": 3.5379808586619688
    },
    "query_6": {
      "answer_1": 4.869443773114285,
      "answer_2": 4.3803723193859145,
      "answer_3": 3.3031589486497404,
      "answer_4": 4.157020528112945,
      "answer_5": 3.4981857047959637,
      "answer_6": 10.43312839843919
    }
  }
}