{
  "entity": "Winston Churchill",
  "scores": {
    "query_1": {
      "answer_1": 9.826412615294217,
      "answer_2": 3.1709376334548565,
      "answer_3": 5.083093329200985,
      "answer_4": 1.8576656215774245,
      "answer_5": 3.1538815928424713,
      "answer_6": 4.142699900574683
    },
    "query_2": {
      "answer_1": 6.594745039346561,
      "answer_2": 10.482127424970997,
      "answer_3": 4.318134134769597,
      "answer_4": 2.2786361827074924,
      "answer_5": 3.004583685862479,
      "answer_6": 2.8345815958118776
    },
    "query_3": {
      "answer_1": 5.250598054363697,
      "answer_2": 4.7547627612378625,
      "answer_3": 15.998327044279556,
      "answer_4": 3.4221670457976114,
      "answer_5": 5.6613240138517105,
      "answer_6": 5.258689075843759
    },
    "query_4": {
      "answer_1": 5.112192932180175,
      "answer_2": 4.730854095371394,
      "answer_3": 4.514830881282523,
      "answer_4": 8.59300459232287,
      "answer_5": 6.51117182409644,
      "answer_6": 4.715186157502242
    },
    "query_5": {
      "answer_1": 3.293111329818368,
      "answer_2": 4.115402872084117,
      "answer_3": 3.0909744250957876,
      "answer_4": 2.569149834769123,
      "answer_5": 13.76766528491727,
      "answer_6": 5.712661039874001
    },
    "query_6": {
      "answer_1": 3.2402772115880594,
      "answer_2": 2.8604269515317404,
      "answer_3": 3.3634554874379723,
      "answer_4": 2.5315791695091825,
      "answer_5": 2.5228299720137968,
      "answer_6": 19.299458570575915
    }
  }
}