{
  "entity": "Winston Churchill",
  "scores": {
    "query_1": {
      "answer_1": 7.239153953727935,
      "answer_2": 4.581670892186468,
      "answer_3": 2.003797216180695,
      "answer_4": 2.190863722680022,
      "answer_5": 4.007899999236375,
      "answer_6": 2.748476232928601
    },
    "query_2": {
      "answer_1": 6.911558538315659,
      "answer_2": 8.824295438409186,
      "answer_3": 5.274927296590911,
      "answer_4": 3.7800930553117627,
      "answer_5": 4.012609237740839,
      "answer_6": 3.989170218807582
    },
    "query_3": {
      "answer_1": 4.057447570418306,
      "answer_2": 3.1585731203317233,
      "answer_3": 10.023055170607451,
      "answer_4": 3.145867198240388,
      "answer_5": 3.8576666010032037,
      "answer_6": 4.915430327247514
    },
    "query_4": {
      "answer_1": 2.874368134722426,
      "answer_2": 2.6689759610897283,
      "answer_3": 2.8931214106988743,
      "answer_4": 8.589790096098719,
      "answer_5": 4.555306288144384,
      "answer_6": 3.2144872039276926
    },
    "query_5": {
      "answer_1": 4.638677991808072,
      "answer_2": 3.844483900279311,
      "answer_3": 3.972128688509411,
      "answer_4": 3.3407665061258953,
      "answer_5": 13.370880956242502,
      "answer_6": 3.0607580201252844
    },
    "query_6": {
      "answer_1": 3.6930006809147207,
      "answer_2": 3.5516039704677347,
      "answer_3": 3.6150629221582466,
      "answer_4": 2.270472483214047,
      "answer_5": 5.016239665578103,
      "answer_6": 16.86262013974006
    }
  }
}