{
  "entity": "Winston Churchill",
  "scores": {
    "query_1": {
      "answer_1": 8.670437698386245,
      "answer_2": 2.9331301213114003,
      "answer_3": 4.3066125273631854,
      "answer_4": 2.188491731516968,
      "answer_5": 2.619683257589302,
      "answer_6": 5.758499262340263
    },
    "query_2": {
      "answer_1": 6.4969700438797435,
      "answer_2": 8.63144895282708,
      "answer_3": 5.045220059054176,
      "answer_4": 4.223563968755324,
      "answer_5": 4.199306322866508,
      "answer_6": 3.736140138183961
    },
    "query_3": {
      "answer_1": 4.629606215405393,
      "answer_2": 3.8790793596519753,
      "answer_3": 9.201920541400648,
      "answer_4": 4.172722948943308,
      "answer_5": 3.65192251229738,
      "answer_6": 3.036841458653852
    },
    "query_4": {
      "answer_1": 5.60688146318809,
      "answer_2": 5.47244005405942,
      "answer_3": 7.546863809972588,
      "answer_4": 9.45107721568051,
      "answer_5": 5.250640837021599,
      "answer_6": 9.459520274180111
    },
    "query_5": {
      "answer_1": 4.153629751886341,
      "answer_2": 4.549159204989614,
      "answer_3": 5.188068886348593,
      "answer_4": 4.150170947406685,
      "answer_5": 13.51869373655162,
      "answer_6": 7.0057417671134
    },
    "query_6": {
      "answer_1": 6.132602085388471,
      "answer_2": 4.897942912613865,
      "answer_3": 3.7816347807532704,
      "answer_4": 3.573718271593385,
      "answer_5": 3.956296463225376,
      "answer_6": 16.736512350787578
    }
  }
}