{
  "entity": "Winston Churchill",
  "scores": {
    "query_1": {
      "answer_1": 8.629278580710796,
      "answer_2": 3.8524711251756165,
      "answer_3": 4.630540765370567,
      "answer_4": 3.6697101751277033,
      "answer_5": 4.835455821519214,
      "answer_6": 3.9263892008227574
    },
    "query_2": {
      "answer_1": 5.9754966357684305,
      "answer_2": 16.243947834572737,
      "answer_3": 4.161133353273999,
      "answer_4": 3.7543165936796847,
      "answer_5": 3.417003845612126,
      "answer_6": 4.699988990327773
    },
    "query_3": {
      "answer_1": 6.832303904955034,
      "answer_2": 5.642801905510985,
      "answer_3": 11.382388533713534,
      "answer_4": 6.403804987101711,
      "answer_5": 6.832701162297004,
      "answer_6": 4.724219774045748
    },
    "query_4": {
      "answer_1": 4.731582486473833,
      "answer_2": 5.186018950311347,
      "answer_3": 6.071669122419516,
      "answer_4": 11.245895540936827,
      "answer_5": 6.700115620582515,
      "answer_6": 5.499412151869817
    },
    "query_5": {
      "answer_1": 6.5149118312923395,
      "answer_2": 4.501309794183774,
      "answer_3": 4.247457982727236,
      "answer_4": 4.425025335349351,
      "answer_5": 14.033537633879602,
      "answer_6": 4.3729393167811015
    },
    "query_6": {
      "answer_1": 4.064085755507076,
      "answer_2": 4.318097228265219,
      "answer_3": 3.7199103872234804,
      "answer_4": 4.324705416373271,
      "answer_5": 3.1833831599774003,
      "answer_6": 18.79977851842529
    }
  }
}