{
  "entity": "Winston Churchill",
  "scores": {
    "query_1": {
      "answer_1": 8.422422015483559,
      "answer_2": 5.126860210754107,
      "answer_3": 3.592204248131923,
      "answer_4": 3.5673224697746915,
      "answer_5": 5.651709140011322,
      "answer_6": 5.238457305328821
    },
    "query_2": {
      "answer_1": 5.322867978985375,
      "answer_2": 17.59285868041598,
      "answer_3": 4.253588075337255,
      "answer_4": 4.023206354519978,
      "answer_5": 3.462232270477373,
      "answer_6": 5.201028950574316
    },
    "query_3": {
      "answer_1": 6.860627286797,
      "answer_2": 6.471657235793033,
      "answer_3": 9.874746951124784,
      "answer_4": 6.815899864933473,
      "answer_5": 5.7549335402453545,
      "answer_6": 7.232815983533007
    },
    "query_4": {
      "answer_1": 5.350832950505973,
      "answer_2": 5.583989425186207,
      "answer_3": 5.738490988042054,
      "answer_4": 11.980274524380905,
      "answer_5": 5.488698442827636,
      "answer_6": 8.039268703377223
    },
    "query_5": {
      "answer_1": 4.975083262920574,
      "answer_2": 5.843187956398269,
      "answer_3": 3.9855492810217648,
      "answer_4": 4.241347027586137,
      "answer_5": 15.236253160835389,
      "answer_6": 5.077147177163204
    },
    "query_6": {
      "answer_1": 4.498711608632723,
      "answer_2": 4.459133330378705,
      "answer_3": 3.3159418507743337,
      "answer_4": 3.4233093659046556,
      "answer_5": 3.2717643455211904,
      "answer_6": 18.63820461350689
    }
  }
}