{
  "entity": "Winston Churchill",
  "scores": {
    "query_1": {
      "answer_1": 9.786291553762561,
      "answer_2": 2.6473215230600244,
      "answer_3": 2.1716639614122752,
      "answer_4": 2.3496546425355453,
      "answer_5": 2.759528013839817,
      "answer_6": 3.355883458458282
    },
    "query_2": {
      "answer_1": 5.613053550939116,
      "answer_2": 7.820822644115838,
      "answer_3": 3.879993922047278,
      "answer_4": 5.235059069537326,
      "answer_5": 4.5973976312750695,
      "answer_6": 3.9854887880480288
    },
    "query_3": {
      "answer_1": 3.993782999402914,
      "answer_2": 3.7989915200919295,
      "answer_3": 8.140072459622992,
      "answer_4": 3.6711886797621593,
      "answer_5": 5.353702137581147,
      "answer_6": 4.257827107642154
    },
    "query_4": {
      "answer_1": 3.1900359670585976,
      "answer_2": 4.617557012580982,
      "answer_3": 3.000107671346096,
      "answer_4": 7.546263412740204,
      "answer_5": 3.4626885162253482,
      "answer_6": 3.5800062067568046
    },
    "query_5": {
      "answer_1": 3.9022358738641016,
      "answer_2": 4.541790152910588,
      "answer_3": 3.2752955892389335,
      "answer_4": 3.4535920885041196,
      "answer_5": 12.580447059764607,
      "answer_6": 3.51052872339971
    },
    "query_6": {
      "answer_1": 3.773714620470398,
      "answer_2": 3.563260294363051,
      "answer_3": 3.0353632319032546,
      "answer_4": 2.8040469656318825,
      "answer_5": 3.276920932076735,
      "answer_6": 17.6604303506832
    }
  }
}