{
  "entity": "Winston Churchill",
  "scores": {
    "query_1": {
      "answer_1": 5.825868601181074,
      "answer_2": 4.171148290263992,
      "answer_3": 2.8799599056387564,
      "answer_4": 1.9426291090716303,
      "answer_5": 3.219822644404358,
      "answer_6": 2.787006417795766
    },
    "query_2": {
      "answer_1": 7.025121661991649,
      "answer_2": 7.226630372074707,
      "answer_3": 5.270902100456487,
      "answer_4": 2.7495178824799185,
      "answer_5": 3.9525017923963115,
      "answer_6": 3.5017434383131305
    },
    "query_3": {
      "answer_1": 4.579781310427272,
      "answer_2": 4.312233399710948,
      "answer_3": 9.810863216546204,
      "answer_4": 2.6393773538098424,
      "answer_5": 3.2198226444043585,
      "answer_6": 3.0057542754487616
    },
    "query_4": {
      "answer_1": 3.3109421820330045,
      "answer_2": 3.86124650690559,
      "answer_3": 4.7659852706983,
      "answer_4": 11.739273111912313,
      "answer_5": 6.199367249493785,
      "answer_6": 4.8122821751304246
    },
    "query_5": {
      "answer_1": 3.207468261761414,
      "answer_2": 3.2363368459406257,
      "answer_3": 3.64511295076196,
      "answer_4": 2.4588533246677606,
      "answer_5": 14.627409508800831,
      "answer_6": 3.0536265038011923
    },
    "query_6": {
      "answer_1": 6.392512234228645,
      "answer_2": 5.970163792726995,
      "answer_3": 5.853193951854056,
      "answer_4": 4.41623776366438,
      "answer_5": 5.350553978321246,
      "answer_6": 15.239788194932045
    }
  }
}