{
  "entity": "Winston Churchill",
  "scores": {
    "query_1": {
      "answer_1": 10.160821791600025,
      "answer_2": 2.6236133645751196,
      "answer_3": 4.74983288566866,
      "answer_4": 2.3548196453287664,
      "answer_5": 2.5326898035248138,
      "answer_6": 3.036746996197229
    },
    "query_2": {
      "answer_1": 3.1248771912665463,
      "answer_2": 15.393166488588053,
      "answer_3": 2.419800539392297,
      "answer_4": 4.676587076776549,
      "answer_5": 2.6918140314408845,
      "answer_6": 2.9345440653483923
    },
    "query_3": {
      "answer_1": 2.7291425560570763,
      "answer_2": 3.325081185618238,
      "answer_3": 9.574765483872635,
      "answer_4": 2.4122729031308787,
      "answer_5": 2.8692830515516508,
      "answer_6": 3.4182456659499727
    },
    "query_4": {
      "answer_1": 4.88183612029153,
      "answer_2": 3.5112938029635687,
      "answer_3": 3.5870132391065326,
      "answer_4": 8.877702623651501,
      "answer_5": 4.750631415986408,
      "answer_6": 3.7591676732354258
    },
    "query_5": {
      "answer_1": 3.7735288554666524,
      "answer_2": 2.871547577770488,
      "answer_3": 3.1299657290690974,
      "answer_4": 3.5091195509730033,
      "answer_5": 13.547420341744235,
      "answer_6": 5.182171774496428
    },
    "query_6": {
      "answer_1": 2.418054400741497,
      "answer_2": 3.179362625112588,
      "answer_3": 2.122669218653646,
      "answer_4": 2.2604848289852773,
      "answer_5": 2.8461862934124644,
      "answer_6": 12.904419402185345
    }
  }
}