{
  "entity": "Winston Churchill",
  "scores": {
    "query_1": {
      "answer_1": 10.630363627872784,
      "answer_2": 2.812098759033873,
      "answer_3": 2.404155852204849,
      "answer_4": 2.3052931940782537,
      "answer_5": 3.140545053827893,
      "answer_6": 4.484874585510825
    },
    "query_2": {
      "answer_1": 7.107456385814787,
      "answer_2": 9.646920631701922,
      "answer_3": 4.209749068436405,
      "answer_4": 4.545220930925978,
      "answer_5": 4.646636465058265,
      "answer_6": 4.889554129927925
    },
    "query_3": {
      "answer_1": 4.746187363875121,
      "answer_2": 4.445130386677177,
      "answer_3": 11.823486851968164,
      "answer_4": 3.521536152878314,
      "answer_5": 4.587705623491377,
      "answer_6": 4.354894749886378
    },
    "query_4": {
      "answer_1": 5.607965545921721,
      "answer_2": 5.5740280802318445,
      "answer_3": 5.712046749589943,
      "answer_4": 9.631154007641484,
      "answer_5": 6.567717418762154,
      "answer_6": 5.778444740610554
    },
    "query_5": {
      "answer_1": 5.070188018928709,
      "answer_2": 5.396922774072429,
      "answer_3": 4.868186535728174,
      "answer_4": 5.7998416082284105,
      "answer_5": 12.844733382623382,
      "answer_6": 6.418800414566182
    },
    "query_6": {
      "answer_1": 4.458641522783637,
      "answer_2": 3.757324151100512,
      "answer_3": 3.3795146541269028,
      "answer_4": 3.2633110407379853,
      "answer_5": 3.922048780017832,
      "answer_6": 21.840316546410083
    }
  }
}