{
  "entity": "Winston Churchill",
  "scores": {
    "query_1": {
      "answer_1": 7.983897297609679,
      "answer_2": 3.102566509737716,
      "answer_3": 1.9789642792452584,
      "answer_4": 1.7097966798194977,
      "answer_5": 2.518937501770242,
      "answer_6": 4.511192618647383
    },
    "query_2": {
      "answer_1": 7.429317821426522,
      "answer_2": 10.45409850060123,
      "answer_3": 2.853950849660236,
      "answer_4": 3.0130562350142394,
      "answer_5": 3.4594522878623146,
      "answer_6": 4.02723293204468
    },
    "query_3": {
      "answer_1": 4.176815707011569,
      "answer_2": 2.932949928844989,
      "answer_3": 11.87105682918547,
      "answer_4": 3.2162319983783068,
      "answer_5": 3.537444392793782,
      "answer_6": 3.0125768784230957
    },
    "query_4": {
      "answer_1": 5.669042357626854,
      "answer_2": 5.071743967932152,
      "answer_3": 4.53629766602907,
      "answer_4": 8.904785892283318,
      "answer_5": 5.344676929866053,
      "answer_6": 4.1734209202298835
    },
    "query_5": {
      "answer_1": 4.443950883321208,
      "answer_2": 4.271794419170799,
      "answer_3": 4.154639885171581,
      "answer_4": 3.9786178351474533,
      "answer_5": 15.584937704602426,
      "answer_6": 7.4871398809291545
    },
    "query_6": {
      "answer_1": 2.800884371062614,
      "answer_2": 4.17466021142309,
      "answer_3": 2.7573323910917713,
      "answer_4": 2.3165133197148338,
      "answer_5": 3.2404847325584005,
      "answer_6": 15.38036033078245
    }
  }
}