{
  "entity": "Winston Churchill",
  "scores": {
    "query_1": {
      "answer_1": 11.195081338570875,
      "answer_2": 3.97055619199036,
      "answer_3": 4.233267468691885,
      "answer_4": 3.5134326362326895,
      "answer_5": 6.287275003010455,
      "answer_6": 3.8862992403283183
    },
    "query_2": {
      "answer_1": 4.8599745662423155,
      "answer_2": 11.666607599417583,
      "answer_3": 4.197749831819989,
      "answer_4": 4.0453508673237595,
      "answer_5": 4.124914065702106,
      "answer_6": 4.024930408754869
    },
    "query_3": {
      "answer_1": 4.56232244794217,
      "answer_2": 4.27537399182011,
      "answer_3": 11.215206859427255,
      "answer_4": 4.339720559017096,
      "answer_5": 4.913285530837424,
      "answer_6": 4.1185566073409925
    },
    "query_4": {
      "answer_1": 6.942513441944466,
      "answer_2": 6.18397140690107,
      "answer_3": 8.573903940126076,
      "answer_4": 11.992718844373261,
      "answer_5": 7.84942750035319,
      "answer_6": 5.686495687888361
    },
    "query_5": {
      "answer_1": 5.44631592066319,
      "answer_2": 4.672345888599062,
      "answer_3": 4.6610772012354005,
      "answer_4": 4.8469563306220484,
      "answer_5": 12.105618933560978,
      "answer_6": 4.141592597358598
    },
    "query_6": {
      "answer_1": 4.733649476430099,
      "answer_2": 3.935139457386379,
      "answer_3": 4.655168401942297,
      "answer_4": 4.146907446717069,
      "answer_5": 4.283164269600936,
      "answer_6": 19.051650518921456
    }
  }
}