{
  "entity": "Winston Churchill",
  "scores": {
    "query_1": {
      "answer_1": 7.872390206181201,
      "answer_2": 3.1596153273162195,
      "answer_3": 4.187637924445276,
      "answer_4": 2.7312197321241456,
      "answer_5": 5.975831981720922,
      "answer_6": 3.4091563374007077
    },
    "query_2": {
      "answer_1": 6.64065007596217,
      "answer_2": 12.789239215589978,
      "answer_3": 3.7868651051997033,
      "answer_4": 3.917176419709282,
      "answer_5": 3.977085205625007,
      "answer_6": 5.146991124157094
    },
    "query_3": {
      "answer_1": 5.219024899802762,
      "answer_2": 5.235458328084206,
      "answer_3": 12.553122700675369,
      "answer_4": 3.7510879829823094,
      "answer_5": 5.249571485208199,
      "answer_6": 3.3810424428577823
    },
    "query_4": {
      "answer_1": 5.0631365251719,
      "answer_2": 4.848319807386369,
      "answer_3": 5.745850865645089,
      "answer_4": 6.553554087359492,
      "answer_5": 5.4628360138818275,
      "answer_6": 5.007827040134072
    },
    "query_5": {
      "answer_1": 6.0601976846072185,
      "answer_2": 4.736022749818455,
      "answer_3": 4.230346285661763,
      "answer_4": 3.8172438389723076,
      "answer_5": 16.958819297371203,
      "answer_6": 3.837816729664277
    },
    "query_6": {
      "answer_1": 4.10171415388859,
      "answer_2": 3.7649970859356796,
      "answer_3": 3.281593487861906,
      "answer_4": 3.143941275265273,
      "answer_5": 4.265496344498006,
      "answer_6": 17.49154065965159
    }
  }
}