{
  "entity": "Winston Churchill",
  "scores": {
    "query_1": {
      "answer_1": 7.361678575290774,
      "answer_2": 2.2710648884496454,
      "answer_3": 3.0254197681888124,
      "answer_4": 2.3047068485078297,
      "answer_5": 2.0678857758806974,
      "answer_6": 2.292364585326082
    },
    "query_2": {
      "answer_1": 4.7375624515971335,
      "answer_2": 8.915294543393161,
      "answer_3": 4.636802067467356,
      "answer_4": 3.8318673033968698,
      "answer_5": 3.1643810014485925,
      "answer_6": 3.4807519166788525
    },
    "query_3": {
      "answer_1": 4.8073728808115135,
      "answer_2": 2.948238726439924,
      "answer_3": 7.260770678758438,
      "answer_4": 3.748638764938261,
      "answer_5": 2.3968734389358612,
      "answer_6": 2.968647830278611
    },
    "query_4": {
      "answer_1": 5.602802297378399,
      "answer_2": 4.869789983927978,
      "answer_3": 4.012035528833929,
      "answer_4": 10.489946441537805,
      "answer_5": 5.494518855528279,
      "answer_6": 4.265735375145992
    },
    "query_5": {
      "answer_1": 4.104007400792411,
      "answer_2": 3.4716156911397698,
      "answer_3": 4.138849092208398,
      "answer_4": 4.213080863213517,
      "answer_5": 16.95709516735628,
      "answer_6": 4.489859340084302
    },
    "query_6": {
      "answer_1": 4.3950958600946874,
      "answer_2": 5.268340582641697,
      "answer_3": 3.9881973389989938,
      "answer_4": 4.786228470958991,
      "answer_5": 4.73975960332076,
      "answer_6": 14.364406338592188
    }
  }
}