{
  "entity": "Winston Churchill",
  "scores": {
    "query_1": {
      "answer_1": 9.903905113875075,
      "answer_2": 4.461002435477366,
      "answer_3": 6.2224274313821635,
      "answer_4": 3.487741968330904,
      "answer_5": 3.940013448756418,
      "answer_6": 4.019485929803277
    },
    "query_2": {
      "answer_1": 5.320648830413713,
      "answer_2": 16.394673977056172,
      "answer_3": 3.9604573725921592,
      "answer_4": 3.485009947225699,
      "answer_5": 3.173538634661039,
      "answer_6": 3.339153762210495
    },
    "query_3": {
      "answer_1": 6.3139719212119845,
      "answer_2": 4.742953130840824,
      "answer_3": 11.697652239890274,
      "answer_4": 5.756263611603879,
      "answer_5": 5.979354272947404,
      "answer_6": 5.36494850919033
    },
    "query_4": {
      "answer_1": 4.907543060552093,
      "answer_2": 4.393131393633146,
      "answer_3": 5.210033335675561,
      "answer_4": 12.868321206023362,
      "answer_5": 6.523263266559648,
      "answer_6": 7.566732730253244
    },
    "query_5": {
      "answer_1": 4.441565776080024,
      "answer_2": 4.155452444449338,
      "answer_3": 4.116808817397599,
      "answer_4": 3.0130637909834634,
      "answer_5": 12.583626784552465,
      "answer_6": 4.019485929803277
    },
    "query_6": {
      "answer_1": 4.313486423347511,
      "answer_2": 5.233892166523187,
      "answer_3": 4.256752049573207,
      "answer_4": 5.228763768079778,
      "answer_5": 5.538262640269404,
      "answer_6": 11.367857030619396
    }
  }
}