{
  "entity": "Winston Churchill",
  "scores": {
    "query_1": {
      "answer_1": 11.675330338126185,
      "answer_2": 3.8401966193630304,
      "answer_3": 2.446787876271806,
      "answer_4": 2.4392105621777223,
      "answer_5": 3.88536555176657,
      "answer_6": 4.409792837488059
    },
    "query_2": {
      "answer_1": 8.019173780363865,
      "answer_2": 10.816506264845213,
      "answer_3": 3.750009565495291,
      "answer_4": 4.187995925861421,
      "answer_5": 4.2886440477789876,
      "answer_6": 3.9534361618565512
    },
    "query_3": {
      "answer_1": 4.817646101977631,
      "answer_2": 3.6767651607938276,
      "answer_3": 12.475350759329256,
      "answer_4": 3.6920880939711362,
      "answer_5": 4.2399741275653655,
      "answer_6": 3.510336544394678
    },
    "query_4": {
      "answer_1": 4.973769139707995,
      "answer_2": 4.894709092032929,
      "answer_3": 3.943207498357259,
      "answer_4": 8.567386452001006,
      "answer_5": 4.12686133658495,
      "answer_6": 4.436923937522135
    },
    "query_5": {
      "answer_1": 6.656075118771591,
      "answer_2": 4.630484407692629,
      "answer_3": 4.071610159749377,
      "answer_4": 5.498214852076624,
      "answer_5": 13.056181175979987,
      "answer_6": 5.60461799932961
    },
    "query_6": {
      "answer_1": 5.620115610500218,
      "answer_2": 4.377743680005452,
      "answer_3": 3.6272469005912944,
      "answer_4": 3.99008086602191,
      "answer_5": 4.4024023783426,
      "answer_6": 14.166432677473923
    }
  }
}