{
  "entity": "Winston Churchill",
  "scores": {
    "query_1": {
      "answer_1": 10.430665932238183,
      "answer_2": 5.159074544532591,
      "answer_3": 4.913929361669867,
      "answer_4": 2.89201602296645,
      "answer_5": 4.277125402952076,
      "answer_6": 5.597535270507067
    },
    "query_2": {
      "answer_1": 7.804593850021901,
      "answer_2": 9.850386116229306,
      "answer_3": 3.9063551080297403,
      "answer_4": 4.131092667843494,
      "answer_5": 3.350081931937668,
      "answer_6": 3.8112547436005886
    },
    "query_3": {
      "answer_1": 4.459657099450822,
      "answer_2": 4.001611217338935,
      "answer_3": 9.168825011963047,
      "answer_4": 3.7590112336836903,
      "answer_5": 4.638328949953123,
      "answer_6": 3.958236707540644
    },
    "query_4": {
      "answer_1": 3.508052971497533,
      "answer_2": 3.425561546136567,
      "answer_3": 3.534308776249426,
      "answer_4": 8.708577936465007,
      "answer_5": 4.069088733819471,
      "answer_6": 5.465589173793887
    },
    "query_5": {
      "answer_1": 5.147385581461028,
      "answer_2": 4.82540609809573,
      "answer_3": 5.685855039726404,
      "answer_4": 4.445662378173767,
      "answer_5": 14.994831089938204,
      "answer_6": 7.543313837349984
    },
    "query_6": {
      "answer_1": 4.611346050216175,
      "answer_2": 5.482589194174717,
      "answer_3": 4.488288823012834,
      "answer_4": 4.3449361492189915,
      "answer_5": 4.013926797132216,
      "answer_6": 19.786210970726067
    }
  }
}