{
  "entity": "Winston Churchill",
  "scores": {
    "query_1": {
      "answer_1": 5.698077714785603,
      "answer_2": 3.5702475653997605,
      "answer_3": 2.969247960789721,
      "answer_4": 2.127307105906395,
      "answer_5": 3.568468461611532,
      "answer_6": 3.702843361833624
    },
    "query_2": {
      "answer_1": 5.352800414096228,
      "answer_2": 15.306701301461484,
      "answer_3": 3.4175915339936815,
      "answer_4": 3.1174149183288677,
      "answer_5": 3.362266067387855,
      "answer_6": 3.5836041875269706
    },
    "query_3": {
      "answer_1": 5.9290202968402435,
      "answer_2": 4.140203405027746,
      "answer_3": 9.903726725820036,
      "answer_4": 3.307136108501033,
      "answer_5": 4.764165761555969,
      "answer_6": 3.833096718594272
    },
    "query_4": {
      "answer_1": 6.260452428886411,
      "answer_2": 6.117047674633507,
      "answer_3": 7.776356363319995,
      "answer_4": 9.882092569127858,
      "answer_5": 6.898616409273199,
      "answer_6": 7.0699050709113465
    },
    "query_5": {
      "answer_1": 4.202177076018483,
      "answer_2": 3.38886949902952,
      "answer_3": 3.8229335018382242,
      "answer_4": 4.492521137833737,
      "answer_5": 12.945759014765805,
      "answer_6": 6.058469789967768
    },
    "query_6": {
      "answer_1": 3.7948401303111208,
      "answer_2": 3.676938816157505,
      "answer_3": 3.6987725863990226,
      "answer_4": 3.2341870707397664,
      "answer_5": 4.038800980303188,
      "answer_6": 11.942571550591426
    }
  }
}