{
  "entity": "Winston Churchill",
  "scores": {
    "query_1": {
      "answer_1": 5.45781666505332,
      "answer_2": 3.191427838337466,
      "answer_3": 3.8957212889861177,
      "answer_4": 2.6649157291615153,
      "answer_5": 3.5132628656744633,
      "answer_6": 2.6951562694171
    },
    "query_2": {
      "answer_1": 8.52547685966044,
      "answer_2": 11.059548710923362,
      "answer_3": 3.6535607000198853,
      "answer_4": 3.0669891695817526,
      "answer_5": 3.63282885853926,
      "answer_6": 3.5901739884662605
    },
    "query_3": {
      "answer_1": 4.881794930969278,
      "answer_2": 4.336141679923451,
      "answer_3": 11.230176654489776,
      "answer_4": 3.8376273963754413,
      "answer_5": 4.550182778526506,
      "answer_6": 4.330975243897644
    },
    "query_4": {
      "answer_1": 6.197625339166758,
      "answer_2": 6.014371792559633,
      "answer_3": 8.555718471005731,
      "answer_4": 13.742900977390564,
      "answer_5": 7.93225567404187,
      "answer_6": 5.209079863232863
    },
    "query_5": {
      "answer_1": 3.988110023105687,
      "answer_2": 3.369323174451525,
      "answer_3": 4.578184261003575,
      "answer_4": 5.721993708163061,
      "answer_5": 14.56913161305395,
      "answer_6": 3.520000495393872
    },
    "query_6": {
      "answer_1": 4.316192444989407,
      "answer_2": 3.6981146044439974,
      "answer_3": 4.502972968605162,
      "answer_4": 3.8169512014079943,
      "answer_5": 3.35032850334572,
      "answer_6": 14.269118258429863
    }
  }
}