{
  "entity": "Winston Churchill",
  "scores": {
    "query_1": {
      "answer_1": 9.326315156539641,
      "answer_2": 3.6213766627206474,
      "answer_3": 3.002811088204545,
      "answer_4": 2.465127859225927,
      "answer_5": 4.2360212211911605,
      "answer_6": 5.005387801321912
    },
    "query_2": {
      "answer_1": 8.30175852201676,
      "answer_2": 13.129068743379532,
      "answer_3": 3.7793235252790134,
      "answer_4": 4.3608063315379475,
      "answer_5": 3.7676241387426046,
      "answer_6": 3.7684512566559416
    },
    "query_3": {
      "answer_1": 5.893234244319546,
      "answer_2": 5.565959847577287,
      "answer_3": 13.28372677034194,
      "answer_4": 5.902984750807058,
      "answer_5": 5.4577304128378845,
      "answer_6": 4.790150202513601
    },
    "query_4": {
      "answer_1": 6.1464480102514685,
      "answer_2": 6.661646364364362,
      "answer_3": 5.813882324237426,
      "answer_4": 7.878332443560109,
      "answer_5": 5.684384373696189,
      "answer_6": 5.572312100668458
    },
    "query_5": {
      "answer_1": 4.7798621698620245,
      "answer_2": 4.405932861272773,
      "answer_3": 4.433555105201201,
      "answer_4": 3.67901466665298,
      "answer_5": 11.967543440689106,
      "answer_6": 5.21329928561827
    },
    "query_6": {
      "answer_1": 4.742672419057901,
      "answer_2": 6.006317250264677,
      "answer_3": 4.058511083415186,
      "answer_4": 3.7885227689902026,
      "answer_5": 4.146975861750144,
      "answer_6": 15.728338994336587
    }
  }
}