{
  "entity": "Winston Churchill",
  "scores": {
    "query_1": {
      "answer_1": 10.12267796169866,
      "answer_2": 3.600351141506173,
      "answer_3": 3.911539724903623,
      "answer_4": 3.861625638712764,
      "answer_5": 7.640928199125174,
      "answer_6": 3.893388268354154
    },
    "query_2": {
      "answer_1": 5.225327325296318,
      "answer_2": 16.736542129957293,
      "answer_3": 4.5431360087935895,
      "answer_4": 3.844862393113758,
      "answer_5": 4.139688691506714,
      "answer_6": 3.599366503527583
    },
    "query_3": {
      "answer_1": 7.783864014744965,
      "answer_2": 6.856030035323444,
      "answer_3": 11.379848061872924,
      "answer_4": 7.589756368385618,
      "answer_5": 7.282629499177769,
      "answer_6": 5.229473937318214
    },
    "query_4": {
      "answer_1": 4.75341462636575,
      "answer_2": 5.356804063017503,
      "answer_3": 5.0133602823506775,
      "answer_4": 9.90356607768633,
      "answer_5": 6.942853515625149,
      "answer_6": 5.261625224687566
    },
    "query_5": {
      "answer_1": 4.103247523431803,
      "answer_2": 4.380250603342011,
      "answer_3": 4.363998889888082,
      "answer_4": 3.4098102610337215,
      "answer_5": 15.82021435566009,
      "answer_6": 3.51058794170653
    },
    "query_6": {
      "answer_1": 6.427712934728894,
      "answer_2": 4.32682090872475,
      "answer_3": 4.596114664567113,
      "answer_4": 5.474057511537914,
      "answer_5": 6.505778447132277,
      "answer_6": 11.450228829951012
    }
  }
}