{
  "entity": "Winston Churchill",
  "scores": {
    "query_1": {
      "answer_1": 9.083845959602325,
      "answer_2": 2.5261043821166917,
      "answer_3": 2.9493890140946424,
      "answer_4": 2.3874703895991853,
      "answer_5": 3.9819073581142836,
      "answer_6": 3.106522482920843
    },
    "query_2": {
      "answer_1": 7.214748450834246,
      "answer_2": 10.774113830577226,
      "answer_3": 3.7534064267078704,
      "answer_4": 4.15128235239158,
      "answer_5": 4.1994704529685745,
      "answer_6": 4.072054879584324
    },
    "query_3": {
      "answer_1": 4.516646268664779,
      "answer_2": 3.246178641448628,
      "answer_3": 10.184063451689909,
      "answer_4": 4.634997193997955,
      "answer_5": 4.757371039677093,
      "answer_6": 3.604310018040418
    },
    "query_4": {
      "answer_1": 6.033460472024321,
      "answer_2": 5.747383094922845,
      "answer_3": 5.668779087456794,
      "answer_4": 9.665041439759586,
      "answer_5": 7.184766294009326,
      "answer_6": 5.288959729114098
    },
    "query_5": {
      "answer_1": 5.092245081129842,
      "answer_2": 6.434506792039101,
      "answer_3": 4.650759654028946,
      "answer_4": 5.032541541106489,
      "answer_5": 15.362221127165963,
      "answer_6": 6.331760430441407
    },
    "query_6": {
      "answer_1": 3.99533663862221,
      "answer_2": 3.7573373819768165,
      "answer_3": 3.3200766559533923,
      "answer_4": 3.5395802180606255,
      "answer_5": 5.478676185245827,
      "answer_6": 18.762947197950908
    }
  }
}