{
  "entity": "Winston Churchill",
  "scores": {
    "query_1": {
      "answer_1": 10.006521219738488,
      "answer_2": 2.8277790821768742,
      "answer_3": 2.924721954296346,
      "answer_4": 2.3460700910370944,
      "answer_5": 2.832812411248638,
      "answer_6": 3.101481951688443
    },
    "query_2": {
      "answer_1": 7.619470634037356,
      "answer_2": 12.13415469408745,
      "answer_3": 3.617606227850289,
      "answer_4": 4.0977460086591755,
      "answer_5": 3.8748053706797343,
      "answer_6": 3.891602954627089
    },
    "query_3": {
      "answer_1": 3.1643045933266816,
      "answer_2": 4.425330996553786,
      "answer_3": 9.21875362008603,
      "answer_4": 3.4704036141698364,
      "answer_5": 4.40784937812969,
      "answer_6": 3.5351902471959313
    },
    "query_4": {
      "answer_1": 4.668934317469498,
      "answer_2": 5.730458898112657,
      "answer_3": 5.170696636276854,
      "answer_4": 7.9193897467931755,
      "answer_5": 7.201273181770213,
      "answer_6": 5.318312018126271
    },
    "query_5": {
      "answer_1": 4.255497295577462,
      "answer_2": 4.570636622938925,
      "answer_3": 4.816315014975265,
      "answer_4": 4.655818049470069,
      "answer_5": 12.87078310460016,
      "answer_6": 6.208997756010804
    },
    "query_6": {
      "answer_1": 4.286720626660713,
      "answer_2": 3.8855825753299715,
      "answer_3": 3.2401999430981054,
      "answer_4": 2.9404325591316907,
      "answer_5": 3.2227018896656996,
      "answer_6": 18.0501448809281
    }
  }
}