{
  "entity": "Winston Churchill",
  "scores": {
    "query_1": {
      "answer_1": 12.51813436904296,
      "answer_2": 4.756785555129212,
      "answer_3": 6.529259404782375,
      "answer_4": 3.390952207604609,
      "answer_5": 5.787921977334024,
      "answer_6": 4.877859019256049
    },
    "query_2": {
      "answer_1": 6.227804296601293,
      "answer_2": 9.635880659374916,
      "answer_3": 3.8370573280846183,
      "answer_4": 4.306324211965312,
      "answer_5": 4.00927732948494,
      "answer_6": 3.801390444896866
    },
    "query_3": {
      "answer_1": 5.384862681171721,
      "answer_2": 4.763243734231059,
      "answer_3": 11.065667274884179,
      "answer_4": 3.857617394626382,
      "answer_5": 5.340495184731933,
      "answer_6": 4.131779061292226
    },
    "query_4": {
      "answer_1": 5.793102417609812,
      "answer_2": 6.470356996073333,
      "answer_3": 6.27756650280282,
      "answer_4": 9.798274589815303,
      "answer_5": 6.437904586635052,
      "answer_6": 6.256763051869261
    },
    "query_5": {
      "answer_1": 6.14178200623643,
      "answer_2": 4.49177371436076,
      "answer_3": 5.854576368691222,
      "answer_4": 2.985229164516076,
      "answer_5": 16.780355241446138,
      "answer_6": 4.610648383623823
    },
    "query_6": {
      "answer_1": 4.602293382412753,
      "answer_2": 4.0052386225152565,
      "answer_3": 3.9206785196481495,
      "answer_4": 3.4983916692989405,
      "answer_5": 4.597031781413848,
      "answer_6": 19.451881653342962
    }
  }
}