{
  "entity": "Winston Churchill",
  "scores": {
    "query_1": {
      "answer_1": 9.574958249317634,
      "answer_2": 3.6043590673072914,
      "answer_3": 3.638271364820187,
      "answer_4": 3.0623127173804976,
      "answer_5": 3.5144140266875326,
      "answer_6": 3.1040038334570825
    },
    "query_2": {
      "answer_1": 6.618272414231292,
      "answer_2": 10.274676836179557,
      "answer_3": 5.018875094421242,
      "answer_4": 3.3340926201998373,
      "answer_5": 3.1455685269327898,
      "answer_6": 3.5366568886939196
    },
    "query_3": {
      "answer_1": 4.288807149884121,
      "answer_2": 4.316936495864843,
      "answer_3": 7.825046792469291,
      "answer_4": 4.593710416110161,
      "answer_5": 5.5793359525589326,
      "answer_6": 3.629881298471458
    },
    "query_4": {
      "answer_1": 4.262942086160906,
      "answer_2": 4.395091048256938,
      "answer_3": 3.9486573713997775,
      "answer_4": 12.962806825289087,
      "answer_5": 6.796235890581701,
      "answer_6": 4.05332216744246
    },
    "query_5": {
      "answer_1": 3.4019927991242715,
      "answer_2": 3.184579396461701,
      "answer_3": 3.873071054947271,
      "answer_4": 3.477571110442468,
      "answer_5": 12.34290537719601,
      "answer_6": 3.2502745455105946
    },
    "query_6": {
      "answer_1": 4.584118178794993,
      "answer_2": 4.5657751093968475,
      "answer_3": 4.359497171601064,
      "answer_4": 3.6766044940875315,
      "answer_5": 3.3242597105298035,
      "answer_6": 16.11381068713331
    }
  }
}